input.Name,input.Telefon,input.availability,input.call_intent,outputs.trajectory,execution_time,error,id,feedback.all_info_appointment_telonly,feedback.call_reason_identified,feedback.danke_avg,feedback.danke_score,feedback.info_duplicate,feedback.offer_callback_appointment
Matthias Günther,015789643375,nur vormittags unter der Woche,eine Klärung der Kautionsrückzahlung,"[{'content': 'Guten Tag, Sie sprechen mit der digitalen Anruf-Assistentin von Surfers Immobilien. Wie kann ich Ihnen weiterhelfen? Was ist der Grund Ihres Anrufs?', 'role': 'assistant'}, {'content': 'Hallo, mein Name ist Matthias Günther und ich würde gerne einen Termin für eine Klärung der Kautionsrückzahlung vereinbaren.', 'id': '09f2a1b2-285d-475b-827a-2fc5541bf8de', 'role': 'user'}, {'content': 'Für Ihr Anliegen zur Kautionsrückzahlung passt am ehesten ein Termin für „Allgemeine Anfragen“ oder „Besprechung von Dokumenten“. Möchten Sie einen dieser beiden auswählen?', 'id': 'cf70efa1-2216-4d59-9d63-243cdf6003f0', 'role': 'assistant'}, {'content': 'Ja, dann bitte einen Termin für „Allgemeine Anfragen“.', 'id': 'lc_run--019ff9b8-1b29-7b80-a44f-e5f922fcd6f2-0', 'role': 'user'}, {'content': 'Alles klar, Herr Günther. Gibt es ein bestimmtes Datum oder eine Uhrzeit, die Ihnen für den Termin besonders gut passen würde?', 'id': '32b10f26-d95b-4c3c-ad74-c187819286c2', 'role': 'assistant'}, {'content': 'Ich bin nur unter der Woche vormittags erreichbar. Ein Termin vormittags wäre mir daher am liebsten.', 'id': 'lc_run--019ff9b8-267f-7ef2-b7e3-6015b59f47a3-0', 'role': 'user'}, {'content': 'Leider sind in der kommenden Woche vormittags keine freien Termine verfügbar. Möchten Sie, dass ich nach freien Zeiten in der darauffolgenden Woche schaue?', 'id': '5965c108-c561-47a9-a032-7038e8202dcc', 'role': 'assistant'}, {'content': 'Ja, gerne. Bitte schauen Sie nach freien Terminen vormittags in der darauffolgenden Woche.', 'id': 'lc_run--019ff9b8-5159-7b23-9b71-5cd67d122def-0', 'role': 'user'}, {'content': 'Auch in der darauffolgenden Woche sind vormittags leider keine freien Termine verfügbar. Soll ich nach Nachmittagszeiten suchen oder möchten Sie einen anderen Zeitraum angeben?', 'id': 'a6c73745-b9e2-43aa-aa78-92fe0b63a8dd', 'role': 'assistant'}, {'content': 'Nachmittags kann ich leider nicht. Dann bitte ich um einen Rückruf durch einen Mitarbeitenden, um mein Anliegen zu klären oder persönlich einen Termin zu vereinbaren.', 'id': 'lc_run--019ff9b8-62ff-72e1-b717-5787583bc617-0', 'role': 'user'}, {'content': 'Das ist kein Problem. Ich gebe Ihren Wunsch für einen Rückruf weiter, damit Sie Ihr Anliegen zur Kautionsrückzahlung direkt mit einem Mitarbeitenden besprechen können. Vielen Dank für Ihren Anruf und einen schönen Tag!', 'id': 'bfba17ea-2b9b-429b-a19a-d15f535e7884', 'role': 'assistant'}, {'content': 'Vielen Dank. Ihnen auch einen schönen Tag. Auf Wiederhören.', 'id': 'lc_run--019ff9b8-725b-7d20-a27b-493bb770fbc6-0', 'role': 'user'}, {'content': 'Auf Wiederhören, Herr Günther. Alles Gute!', 'id': '7c3f2627-2769-42f5-9963-50a841f3116f', 'role': 'assistant'}, {'content': '', 'id': 'lc_run--019ff9b8-808e-7301-b584-d52bf63b47ab-0', 'role': 'user'}, {'content': 'Das Gespräch ist beendet. Falls Sie wieder einen Termin buchen möchten, stehe ich Ihnen gerne zur Verfügung.', 'id': '31aea4e2-3bce-42d7-b23e-0511c0d1de4f', 'role': 'assistant'}]",35.997322,,019ff9b8-0016-7b01-a77f-d155150e47af,0.0,1.0,0.125,0.3247,1.0,0.0
Ralf Herzog,015789643375,immer montags und mittwochs,eine Terminabsprache für die Treppenhausreinigung,"[{'content': 'Guten Tag, Sie sprechen mit der digitalen Anruf-Assistentin von Surfers Immobilien. Wie kann ich Ihnen weiterhelfen? Was ist der Grund Ihres Anrufs?', 'role': 'assistant'}, {'content': 'Hallo, mein Name ist Ralf Herzog und ich würde gerne einen Termin für eine Terminabsprache für die Treppenhausreinigung vereinbaren.', 'id': '8ae8341c-47d4-4d88-889f-3a88c80209a4', 'role': 'user'}, {'content': 'Für eine Terminabsprache zur Treppenhausreinigung passt am ehesten der Termin-Typ „Allgemeine Anfragen“. Möchten Sie diesen auswählen?', 'id': 'decea691-a8db-4e75-b4ff-105d78f7291b', 'role': 'assistant'}, {'content': 'Ja, gerne.', 'id': 'lc_run--019ff9b8-1aa3-7062-963d-5fa23a77c7e8-0', 'role': 'user'}, {'content': 'Im Moment sind leider keine freien Zeiten für „Allgemeine Anfragen“ verfügbar. Möchten Sie, dass ich nach einem späteren Zeitraum suche oder bevorzugen Sie einen Rückruf?', 'id': 'b9967fcd-9f11-4f22-ac66-94ae456da518', 'role': 'assistant'}, {'content': 'Dann bevorzuge ich bitte einen Rückruf durch einen Mitarbeitenden.', 'id': 'lc_run--019ff9b8-2c1a-7e81-b9fc-2d7bc56a9186-0', 'role': 'user'}, {'content': 'Alles klar, ich gebe Ihren Rückrufwunsch weiter. Ein Mitarbeitender von Surfers Immobilien meldet sich bei Ihnen. Vielen Dank für Ihren Anruf und einen angenehmen Tag!', 'id': 'ab2f175f-297c-44b6-8918-1aa4183241cd', 'role': 'assistant'}, {'content': 'Vielen Dank, auf Wiederhören.', 'id': 'lc_run--019ff9b8-3b4e-7af2-9b9e-4d07c20a44b8-0', 'role': 'user'}, {'content': 'Sehr gerne. Auf Wiederhören und einen schönen Tag für Sie!', 'id': 'ab0a897b-6f9b-4f4c-af36-166a36df358c', 'role': 'assistant'}, {'content': '', 'id': 'lc_run--019ff9b8-44ec-7731-8b36-9afa0946791b-0', 'role': 'user'}, {'content': 'Das Gespräch ist beendet. Wenn Sie wieder einen Termin benötigen, stehe ich Ihnen gerne zur Verfügung. Auf Wiederhören!', 'id': '46bf0b40-f2b6-4c05-9ac7-231370e6dfec', 'role': 'assistant'}]",19.883589,,019ff9b8-0017-7233-a41d-3ce199f5a022,0.0,1.0,0.1667,0.6065,0.0,1.0
Birgit Neumann,015789643375,immer freitags,eine Reparatur des Rollladens,"[{'content': 'Guten Tag, Sie sprechen mit der digitalen Anruf-Assistentin von Surfers Immobilien. Wie kann ich Ihnen weiterhelfen? Was ist der Grund Ihres Anrufs?', 'role': 'assistant'}, {'content': 'Hallo, mein Name ist Birgit Neumann und ich würde gerne einen Termin für eine Reparatur des Rollladens vereinbaren.', 'id': 'cb7ba8f1-72a9-4a58-87ef-97e79cc58cf0', 'role': 'user'}, {'content': 'Für eine Reparatur kann ich direkt einen passenden Termin für Sie buchen. Möchten Sie das so machen?', 'id': '783c1367-54d9-4b1c-b148-8aebe2073331', 'role': 'assistant'}, {'content': 'Ja, das wäre sehr gut, danke.', 'id': 'lc_run--019ff9b8-1ac2-7880-889d-a77111f18c37-0', 'role': 'user'}, {'content': 'Haben Sie einen Wunschtag oder eine bestimmte Uhrzeit für den Reparaturtermin?', 'id': '0c4946f2-6fae-448e-a344-746fdc6db515', 'role': 'assistant'}, {'content': 'Ich bin immer freitags erreichbar und kann auch nur freitags Termine wahrnehmen.', 'id': 'lc_run--019ff9b8-2786-7400-891c-93e8d7e621c6-0', 'role': 'user'}, {'content': 'Alles klar, Sie möchten also einen Termin an einem Freitag. Ist Ihnen der nächste Freitag, das wäre der vierzehnte August zweitausendsechsundzwanzig, recht? Oder bevorzugen Sie einen späteren Freitag?', 'id': '4a98d0b3-bd11-47db-a3c6-787538eb2108', 'role': 'assistant'}, {'content': 'Der vierzehnte August passt mir gut. Gibt es da eine bestimmte Uhrzeit?', 'id': 'lc_run--019ff9b8-354b-7a30-8fff-f440f72e7276-0', 'role': 'user'}, {'content': 'Am Freitag, den vierzehnten August, sind leider keine freien Zeiten für Reparaturtermine verfügbar. Möchten Sie einen anderen Freitag auswählen?', 'id': '61f6e4f6-89dc-4731-9224-122a3594a12e', 'role': 'assistant'}, {'content': 'Ja, gerne. Dann bitte einen späteren Freitag, wenn etwas frei ist.', 'id': 'lc_run--019ff9b8-4a7f-74e2-9509-49702d9b7b7c-0', 'role': 'user'}, {'content': 'Im Moment sind auch an den darauffolgenden Freitagen keine Termine für Reparaturen frei. Möchten Sie, dass ich noch weiter in die Zukunft schaue, oder passt Ihnen vielleicht auch ein anderer Wochentag?', 'id': 'a235c9bb-eac7-4387-b1a6-ef9c71cb7688', 'role': 'assistant'}, {'content': 'Ein anderer Wochentag ist leider nicht möglich. Dann würde ich gerne von einem Mitarbeitenden zurückgerufen werden, um einen Termin zu vereinbaren.', 'id': 'lc_run--019ff9b8-614c-7cf3-ae6e-18ecb0f0c778-0', 'role': 'user'}, {'content': 'Das ist kein Problem. Ich gebe Ihren Rückrufwunsch weiter, damit sich jemand von Surfers Immobilien bei Ihnen meldet. Vielen Dank für Ihren Anruf und einen schönen Tag!', 'id': '47e219ad-1a22-4ebc-bbed-f8e92b6a56a0', 'role': 'assistant'}, {'content': 'Vielen Dank. Einen schönen Tag noch, auf Wiederhören.', 'id': 'lc_run--019ff9b8-74e8-76a2-a7bb-325700b1075e-0', 'role': 'user'}, {'content': 'Sehr gerne. Auf Wiederhören und Ihnen ebenfalls einen schönen Tag!', 'id': '1962a1d6-5920-47f2-a82e-3a0bf4777f8f', 'role': 'assistant'}, {'content': '', 'id': 'lc_run--019ff9b8-842c-73d3-af2f-e36e3f8c811d-0', 'role': 'user'}, {'content': 'Falls Sie noch einmal einen Termin buchen möchten, stehe ich Ihnen gerne zur Verfügung. Auf Wiederhören!', 'id': '46af198e-be26-41b9-9ee2-1d2ce454a2dc', 'role': 'assistant'}]",37.697627,,019ff9b8-001a-7900-917a-1be15feecb2d,0.0,1.0,0.1111,0.2494,1.0,0.0
Roswitha Marx,015789643375,Donnerstag von 8 Uhr bis 11 Uhr,eine Reparatur der Sprechanlage im Hausflur,"[{'content': 'Guten Tag, Sie sprechen mit der digitalen Anruf-Assistentin von Surfers Immobilien. Wie kann ich Ihnen weiterhelfen? Was ist der Grund Ihres Anrufs?', 'role': 'assistant'}, {'content': 'Hallo, mein Name ist Roswitha Marx und ich würde gerne einen Termin für eine Reparatur der Sprechanlage im Hausflur vereinbaren.', 'id': '804a87e2-20b7-4692-979d-786b81c8fafa', 'role': 'user'}, {'content': 'Für eine Reparatur gibt es einen passenden Termin-Typ. Möchten Sie einen Termin für „Reparatur“ buchen?', 'id': '2dc17ea8-4bd6-4288-84c2-edc2e4309149', 'role': 'assistant'}, {'content': 'Ja, genau, ich möchte einen Termin für eine Reparatur buchen.', 'id': 'lc_run--019ff9b8-1821-7bf0-849c-141157efcceb-0', 'role': 'user'}, {'content': 'Im Moment sind leider keine freien Termine für Reparaturen verfügbar. Möchten Sie, dass ich nach einem späteren Zeitraum suche oder Sie informieren, sobald wieder Termine frei sind?', 'id': '6d6883e6-6c06-4147-850e-4514af14555a', 'role': 'assistant'}, {'content': 'Könnte mich bitte ein Mitarbeitender zurückrufen, um das Anliegen zu klären oder persönlich einen Termin zu vereinbaren?', 'id': 'lc_run--019ff9b8-2eb5-7fc1-888f-c2a90c08cffa-0', 'role': 'user'}, {'content': 'Natürlich, ich gebe Ihr Anliegen weiter. Eine Mitarbeiterin oder ein Mitarbeiter wird Sie unter der von Ihnen genutzten Nummer zurückrufen, um alles Weitere persönlich zu besprechen. Vielen Dank für Ihren Anruf und einen schönen Tag!', 'id': '3cf9fb50-e1a1-410b-bd38-91a539c10f52', 'role': 'assistant'}, {'content': 'Vielen Dank, Ihnen auch einen schönen Tag. Auf Wiederhören.', 'id': 'lc_run--019ff9b8-3ce7-75a0-a4f7-2d7a329ad8d8-0', 'role': 'user'}, {'content': 'Auf Wiederhören, Frau Marx. Alles Gute!', 'id': '2473fb99-b416-4fa0-b0cf-4ef24975f607', 'role': 'assistant'}, {'content': '', 'id': 'lc_run--019ff9b8-47e6-7de3-884d-b9e9e5d5b079-0', 'role': 'user'}, {'content': 'Falls Sie noch etwas benötigen, können Sie sich jederzeit melden. Auf Wiederhören!', 'id': '676e0f1b-fd26-4e7a-b9a4-5eba92ae50fe', 'role': 'assistant'}]",21.732783,,019ff9b8-0020-7262-8b01-223c6ae0b143,0.0,1.0,0.1667,0.6065,1.0,1.0
Wolfgang Schäfer,015789643375,"flexibel, außer montags",eine Besprechung zur Mieterhöhung,"[{'content': 'Guten Morgen, Sie sprechen mit der digitalen Anruf-Assistentin von Surfers Immobilien. Wie kann ich Ihnen heute weiterhelfen? Was ist der Grund Ihres Anrufs?', 'role': 'assistant'}, {'content': 'Hallo, mein Name ist Wolfgang Schäfer und ich würde gerne einen Termin für eine Besprechung zur Mieterhöhung vereinbaren.', 'id': 'abe8657b-c85f-4137-b588-d4fa38f0e65e', 'role': 'user'}, {'content': 'Für eine Besprechung zur Mieterhöhung passt am besten der Termin „Besprechung von Dokumenten“. Möchten Sie diesen Termin buchen?', 'id': 'b7b978f9-36e4-45b5-9375-69cef76f7abf', 'role': 'assistant'}, {'content': 'Ja, gerne. Das passt.', 'id': 'lc_run--019ff9b8-5ef7-7c93-9552-fbbe99b69719-0', 'role': 'user'}, {'content': 'Im Moment sind leider keine freien Termine für die Besprechung von Dokumenten verfügbar. Soll ich nach einem anderen Termin für allgemeine Anfragen suchen?', 'id': '2a5235ca-38b0-4c55-98b8-21408ed7e718', 'role': 'assistant'}, {'content': 'Ja, bitte. Das wäre nett.', 'id': 'lc_run--019ff9b8-7028-76d3-b860-d6288dcda278-0', 'role': 'user'}, {'content': 'Leider sind auch für allgemeine Anfragen aktuell keine freien Termine verfügbar. Möchten Sie, dass ich Sie informiere, sobald wieder Termine buchbar sind, oder möchten Sie es später noch einmal versuchen?', 'id': '74f352af-a687-46e2-99fc-16cf8ffe3e45', 'role': 'assistant'}, {'content': 'Dann würde ich gerne von einem Mitarbeitenden zurückgerufen werden, um das persönlich zu klären.', 'id': 'lc_run--019ff9b8-8460-7c23-b7ce-5c8e8278ce3f-0', 'role': 'user'}, {'content': 'Alles klar, ich gebe Ihren Rückrufwunsch weiter. Ein Mitarbeitender wird sich bei Ihnen melden. Vielen Dank für Ihren Anruf und einen schönen Tag!', 'id': '537a23c7-736f-4da8-b47d-d9ff00d38ec8', 'role': 'assistant'}, {'content': 'Vielen Dank, Ihnen auch einen schönen Tag. Auf Wiederhören.', 'id': 'lc_run--019ff9b8-9365-7611-a5da-fb54cd780eb2-0', 'role': 'user'}, {'content': 'Auf Wiederhören, Herr Schäfer.', 'id': '4ecd8588-bcea-4407-a627-ae0b4e654636', 'role': 'assistant'}, {'content': '', 'id': 'lc_run--019ff9b8-9bd7-73f1-a123-d1f7fe1ae106-0', 'role': 'user'}, {'content': 'Die Verbindung wurde beendet.', 'id': '5885da29-3379-431e-a9a3-1743e6a692c0', 'role': 'assistant'}]",22.015845,,019ff9b8-4dc3-7b00-a07c-79f728d6097c,0.0,1.0,0.1429,0.4376,0.0,0.0
Margarete Lang,015789643375,Mittwoch und Freitag vormittags,eine Terminabsprache für den Winterdienst,"[{'content': 'Guten Tag, Sie sprechen mit der digitalen Anruf-Assistentin von Surfers Immobilien. Wie kann ich Ihnen weiterhelfen? Was ist der Grund Ihres Anrufs?', 'role': 'assistant'}, {'content': 'Hallo, mein Name ist Margarete Lang und ich würde gerne einen Termin für eine Terminabsprache für den Winterdienst vereinbaren.', 'id': 'f8f1aa89-a682-43f9-a112-d037e5e12442', 'role': 'user'}, {'content': 'Für eine Terminabsprache zum Winterdienst passt am ehesten der Termin-Typ „Allgemeine Anfragen“. Möchten Sie diesen auswählen?', 'id': 'f64a6acf-bff9-4db1-8b0e-17934c258e51', 'role': 'assistant'}, {'content': 'Ja, gerne, das passt.', 'id': 'lc_run--019ff9b8-6722-7cc2-a220-1dd42d7767c4-0', 'role': 'user'}, {'content': 'Gut, für die Buchung brauche ich noch Ihre Telefonnummer. Könnten Sie mir diese bitte nennen?', 'id': 'e8a1bddc-17a0-40e8-b4f2-70f69a51382a', 'role': 'assistant'}, {'content': 'Ja, meine Telefonnummer ist 015789643375.', 'id': 'lc_run--019ff9b8-6f1e-7b63-99fd-6910219e6cdd-0', 'role': 'user'}, {'content': 'Es wird noch eine E-Mail-Adresse benötigt, um den Termin zu buchen. Könnten Sie mir bitte Ihre E-Mail-Adresse nennen?', 'id': '710018fd-08b4-4ffb-882d-23c5feb35616', 'role': 'assistant'}, {'content': 'Eine E-Mail-Adresse habe ich gerade nicht zur Hand. Können Sie den Termin auch telefonisch buchen oder einen Rückruf durch einen Mitarbeitenden veranlassen?', 'id': 'lc_run--019ff9b8-8446-7c00-bc05-dcad3f65d39d-0', 'role': 'user'}, {'content': 'Ohne E-Mail-Adresse kann ich den Termin leider nicht direkt buchen. Ich kann aber einen Rückruf für Sie veranlassen. Möchten Sie das?', 'id': '36fb4111-9fcb-4b79-b059-4243e5cb9ed2', 'role': 'assistant'}, {'content': 'Ja, bitte. Das wäre sehr freundlich.', 'id': 'lc_run--019ff9b8-98ee-7ba1-afdd-c161a9581168-0', 'role': 'user'}, {'content': 'Alles klar, ich gebe Ihren Rückrufwunsch weiter. Ein Mitarbeitender wird Sie unter der Nummer null eins fünf sieben acht neun sechs vier drei drei sieben fünf kontaktieren.\n\nVielen Dank und einen schönen Tag!', 'id': 'b437ddf2-5eac-4032-94a4-cc9dd5275d64', 'role': 'assistant'}, {'content': 'Vielen Dank. Ihnen auch einen schönen Tag, auf Wiederhören.', 'id': 'lc_run--019ff9b8-a638-7000-affb-710751e7e775-0', 'role': 'user'}, {'content': 'Auf Wiederhören, Frau Lang.', 'id': '5e566eaf-b86a-43d8-84fb-8d8f9e18e7cb', 'role': 'assistant'}, {'content': '', 'id': 'lc_run--019ff9b8-b2e9-72c2-9a1b-26c3e070eab9-0', 'role': 'user'}, {'content': 'Falls Sie noch einmal einen Termin buchen möchten, stehe ich Ihnen gerne zur Verfügung. Auf Wiederhören!', 'id': '540a99b5-f1d4-4f91-833a-d47adc1bc775', 'role': 'assistant'}]",27.32377,,019ff9b8-5506-7862-8c75-76eb13d8e782,0.0,1.0,0.125,0.3247,0.0,1.0
Angelika Köhler,015789643375,den ganzen Freitag,eine Reparatur des Briefkastens,"[{'content': 'Guten Morgen, Sie sprechen mit der digitalen Anruf-Assistentin von Surfers Immobilien. Wie kann ich Ihnen heute weiterhelfen? Was ist der Grund Ihres Anrufs?', 'role': 'assistant'}, {'content': 'Hallo, mein Name ist Angelika Köhler und ich würde gerne einen Termin für eine Reparatur des Briefkastens vereinbaren.', 'id': 'e3d7e305-2682-42bf-9400-a57929fb08d1', 'role': 'user'}, {'content': 'Für eine Reparatur gibt es einen passenden Termin-Typ. Möchten Sie einen Termin für ""Reparatur"" buchen?', 'id': '29ed9c0f-ff87-4198-8420-ab99bdd0b8ec', 'role': 'assistant'}, {'content': 'Ja, gerne.', 'id': 'lc_run--019ff9b8-a054-73d3-b4d7-892428195c37-0', 'role': 'user'}, {'content': 'Im Moment sind leider keine Termine für eine Reparatur in der nächsten Woche verfügbar. Möchten Sie, dass ich nach späteren Terminen suche?', 'id': '68847934-4bbc-4340-9ab3-b6676d34ea33', 'role': 'assistant'}, {'content': 'Ja, bitte suchen Sie nach späteren Terminen.', 'id': 'lc_run--019ff9b8-ae24-7820-b878-870434be099c-0', 'role': 'user'}, {'content': 'Leider sind auch im Zeitraum ab August einundzwanzig bis September vier keine Reparatur-Termine verfügbar. Möchten Sie, dass ich noch weiter in die Zukunft schaue oder soll ich Sie zurückrufen, sobald wieder Termine frei sind?', 'id': '716799d3-60d3-4f00-a8f3-03a95eaa4355', 'role': 'assistant'}, {'content': 'Dann bitte ich um einen Rückruf, sobald wieder Termine frei sind.', 'id': 'lc_run--019ff9b8-be75-7ab2-b32c-716b7eb0daa5-0', 'role': 'user'}, {'content': 'Das mache ich gerne. Sie werden benachrichtigt, sobald wieder Reparatur-Termine verfügbar sind. Einen schönen Tag noch!', 'id': '1b70ea5f-e978-4379-99da-0a57bd12ea04', 'role': 'assistant'}, {'content': 'Vielen Dank, Ihnen auch einen schönen Tag. Auf Wiederhören.', 'id': 'lc_run--019ff9b8-cc1c-7a71-93ed-834ef83aa76d-0', 'role': 'user'}, {'content': 'Auf Wiederhören, Frau Köhler.', 'id': '13434051-0a4c-44bb-92ad-3776dec98798', 'role': 'assistant'}, {'content': '', 'id': 'lc_run--019ff9b8-d490-7cf0-b0b4-422bab887b8c-0', 'role': 'user'}, {'content': 'Das Gespräch ist beendet. Wenn Sie wieder einen Termin buchen möchten, stehe ich Ihnen gerne zur Verfügung.', 'id': 'b158927b-5545-434e-92bb-74cc263dc839', 'role': 'assistant'}]",21.452271,,019ff9b8-8cb5-7222-9278-95215feeb0d6,0.0,1.0,0.0,0.0111,0.0,1.0
Gerd Roth,015789643375,Montag und Mittwoch von 9 bis 12 Uhr,eine Reparatur der Steckdosen,"[{'content': 'Guten Morgen, Sie sprechen mit der digitalen Anruf-Assistentin von Surfers Immobilien. Wie kann ich Ihnen heute weiterhelfen? Was ist der Grund Ihres Anrufs?', 'role': 'assistant'}, {'content': 'Hallo, mein Name ist Gerd Roth und ich würde gerne einen Termin für eine Reparatur der Steckdosen vereinbaren.', 'id': '618c4207-6a7b-4ff8-964f-72b943089897', 'role': 'user'}, {'content': 'Für eine Reparatur gibt es einen passenden Termin-Typ. Möchten Sie einen Termin für „Reparatur“ buchen?', 'id': '1f370d23-5ff6-4665-9de2-dde0f38e82ca', 'role': 'assistant'}, {'content': 'Ja, gerne.', 'id': 'lc_run--019ff9b8-a5cb-74d1-8cd8-ba4b67bd4615-0', 'role': 'user'}, {'content': 'Könnten Sie mir bitte sagen, wann Sie den Termin für die Reparatur der Steckdosen wünschen?', 'id': '9bbe7d77-b645-48dd-a015-7e1ef5673cb4', 'role': 'assistant'}, {'content': 'Ich bin montags und mittwochs jeweils von 9 bis 12 Uhr verfügbar.', 'id': 'lc_run--019ff9b8-ae0e-7f43-84f6-11438aba4272-0', 'role': 'user'}, {'content': 'Ich suche jetzt nach verfügbaren Terminen für Reparaturen am Montag und Mittwoch jeweils zwischen neun und zwölf Uhr. Ist das für Sie in Ordnung?', 'id': '420fbafd-945e-47a8-968c-00de9a849fef', 'role': 'assistant'}, {'content': 'Ja, das ist in Ordnung.', 'id': 'lc_run--019ff9b8-bc4f-7760-b0b1-d675be4e47d2-0', 'role': 'user'}, {'content': 'Leider sind für Montag, den siebzehnten August und Mittwoch, den neunzehnten August zwischen neun und zwölf Uhr keine Termine verfügbar. Möchten Sie einen anderen Zeitraum vorschlagen oder soll ich nach alternativen Terminen suchen?', 'id': '905c3b08-3a06-4175-ab1e-0a2444634b22', 'role': 'assistant'}, {'content': 'Leider kann ich nur zu diesen Zeiten. Dann hätte ich gerne einen Rückruf von einem Mitarbeitenden, um das persönlich zu klären.', 'id': 'lc_run--019ff9b8-d3a5-73e3-837d-0cded805e01e-0', 'role': 'user'}, {'content': 'Das ist notiert. Ein Mitarbeitender wird Sie zurückrufen, um die Terminvereinbarung persönlich zu besprechen. Vielen Dank für Ihren Anruf und einen schönen Tag!', 'id': '6e315a07-5e5d-4635-82f2-e421cc66622f', 'role': 'assistant'}, {'content': 'Vielen Dank. Auf Wiederhören.', 'id': 'lc_run--019ff9b8-e9c3-7622-bedf-397737216d83-0', 'role': 'user'}, {'content': 'Auf Wiederhören, Herr Roth. Ich wünsche Ihnen einen angenehmen Tag.', 'id': '9db37b91-6097-467b-b254-0e981ea42313', 'role': 'assistant'}, {'content': '', 'id': 'lc_run--019ff9b8-f157-7393-94e6-1c37afa0d052-0', 'role': 'user'}, {'content': 'Das Gespräch ist beendet. Wenn Sie wieder einen Termin buchen möchten, stehe ich Ihnen gerne zur Verfügung.', 'id': 'fadc3cc7-73d8-41a2-ae44-f2871d4c44f7', 'role': 'assistant'}]",25.810151,,019ff9b8-935d-7d43-9223-13ddf4560e1c,0.0,1.0,0.125,0.3247,0.0,0.0
Monika Krüger,015789643375,den ganzen Dienstag,eine Besprechung zur Untervermietung,"[{'content': 'Guten Morgen, Sie sprechen mit der digitalen Anruf-Assistentin von Surfers Immobilien. Wie kann ich Ihnen heute weiterhelfen? Was ist der Grund Ihres Anrufs?', 'role': 'assistant'}, {'content': 'Hallo, mein Name ist Monika Krüger und ich würde gerne einen Termin für eine Besprechung zur Untervermietung vereinbaren.', 'id': '18f8510c-8bb5-4dda-a9c6-7471ed38a65d', 'role': 'user'}, {'content': 'Für eine Besprechung zur Untervermietung passt am besten der Termin „Besprechung von Dokumenten“. Möchten Sie diesen Termin buchen?', 'id': 'baf10973-0769-4a43-bbd1-e59a53e600ec', 'role': 'assistant'}, {'content': 'Ja, gerne. Das passt.', 'id': 'lc_run--019ff9b8-b324-7681-8d8d-245c17b37d32-0', 'role': 'user'}, {'content': 'Gut, wann möchten Sie die Besprechung von Dokumenten wahrnehmen? Gibt es ein bestimmtes Datum oder eine Uhrzeit, die Ihnen vorschwebt?', 'id': 'ac3995af-c12f-4ccc-91e1-ccb6b30fcc1a', 'role': 'assistant'}, {'content': 'Ich bin den ganzen Dienstag erreichbar und kann Termine nur dienstags wahrnehmen. Gibt es da einen passenden Termin?', 'id': 'lc_run--019ff9b8-bc2e-7262-85d6-89b2da35aeea-0', 'role': 'user'}, {'content': 'Am Dienstag, den achtzehnten August, sind leider keine freien Termine für eine Besprechung von Dokumenten verfügbar. Möchten Sie einen anderen Dienstag auswählen oder soll ich nach einem alternativen Termin suchen?', 'id': 'bbcba22e-c443-4ec3-930f-1343d8f55cac', 'role': 'assistant'}, {'content': 'Dann bitte nach einem anderen Dienstag schauen. Ich kann grundsätzlich dienstags.', 'id': 'lc_run--019ff9b8-d37c-7a81-899a-0ef1db0c64cb-0', 'role': 'user'}, {'content': 'Alles klar, ich prüfe die nächsten Dienstage für Sie. Gibt es eine bevorzugte Uhrzeit oder sind Sie den ganzen Tag flexibel?', 'id': '896a193c-3a72-455c-a41c-e8a1e611c626', 'role': 'assistant'}, {'content': 'Ich bin dienstags den ganzen Tag flexibel.', 'id': 'lc_run--019ff9b8-dc7e-7fd3-a7cd-e01f48742e9d-0', 'role': 'user'}, {'content': 'Auch am Dienstag, den ersten September, gibt es keine freien Termine. Soll ich noch weitere Dienstage prüfen oder möchten Sie lieber einen anderen Wochentag in Betracht ziehen?', 'id': '64b3b0ae-c3fe-400c-a80a-2626bf7fb75a', 'role': 'assistant'}, {'content': 'Bitte prüfen Sie weitere Dienstage. Andere Wochentage passen mir leider nicht.', 'id': 'lc_run--019ff9b8-f82a-7af0-9c56-3ce98720997b-0', 'role': 'user'}, {'content': 'Auch am Dienstag, den fünfzehnten September, gibt es keine freien Termine. Möchten Sie, dass ich noch weitere Dienstage prüfe oder soll ich Sie informieren, sobald wieder ein Termin verfügbar ist?', 'id': '610cdf3a-b4a8-4995-b61c-468c3671683e', 'role': 'assistant'}, {'content': 'Bitte informieren Sie mich, sobald wieder ein Termin an einem Dienstag verfügbar ist. Alternativ würde ich auch gerne von einem Mitarbeitenden zurückgerufen werden.', 'id': 'lc_run--019ff9b9-1647-7292-b0b0-bddb4d729fde-0', 'role': 'user'}, {'content': 'Ich werde Sie informieren, sobald wieder ein Termin an einem Dienstag verfügbar ist. Alternativ kann Sie auch gerne ein Mitarbeitender zurückrufen. Vielen Dank für Ihren Anruf und einen schönen Tag!', 'id': 'a706315d-67ea-4813-a83b-c629ff1b449b', 'role': 'assistant'}, {'content': 'Vielen Dank. Einen schönen Tag noch, auf Wiederhören.', 'id': 'lc_run--019ff9b9-257e-7e32-96a6-04f78a4a9b93-0', 'role': 'user'}, {'content': 'Sehr gerne. Ihnen ebenfalls einen schönen Tag. Auf Wiederhören!', 'id': '4d527ac7-5c18-4e38-9d4e-4b10d4fb721b', 'role': 'assistant'}, {'content': '', 'id': 'lc_run--019ff9b9-2e60-7171-9437-88e553fb6c93-0', 'role': 'user'}, {'content': 'Falls Sie noch Fragen haben, können Sie sich jederzeit melden. Auf Wiederhören!', 'id': '37bc5876-1687-4ad2-b3c6-dfdf88dd0c83', 'role': 'assistant'}]",38.075605,,019ff9b8-a3c4-7d92-9773-53fb5f9301be,0.0,1.0,0.1,0.1979,1.0,1.0
Ursula Jäger,015789643375,immer dienstags und donnerstags,eine Terminabsprache zur Wohnungsübergabe an den Nachmieter,"[{'content': 'Guten Morgen, Sie sprechen mit der digitalen Anruf-Assistentin von Surfers Immobilien. Was kann ich heute für Sie tun?', 'role': 'assistant'}, {'content': 'Hallo, mein Name ist Ursula Jäger und ich würde gerne einen Termin für eine Terminabsprache zur Wohnungsübergabe an den Nachmieter vereinbaren.', 'id': 'cfc38e2e-9254-47bd-894d-bb1dab5a475e', 'role': 'user'}, {'content': 'Für die Terminabsprache zur Wohnungsübergabe passt am besten die Option „Besprechung von Dokumenten“. Möchten Sie diesen Termin buchen?', 'id': '3d26bb09-0cea-482c-8a0a-c929aa8befd0', 'role': 'assistant'}, {'content': 'Ja, gerne. Das passt.', 'id': 'lc_run--019ff9b8-d083-7a81-9c12-038df73a7184-0', 'role': 'user'}, {'content': 'Alles klar, Frau Jäger. Für die Buchung benötige ich Ihre E-Mail-Adresse. Könnten Sie mir diese bitte nennen?', 'id': '7eb020fd-d969-493e-85e8-e0ea7b76c712', 'role': 'assistant'}, {'content': 'Eine E-Mail-Adresse möchte ich ungern angeben. Geht die Buchung auch telefonisch?', 'id': 'lc_run--019ff9b8-d885-7373-a02b-58276650286b-0', 'role': 'user'}, {'content': 'Ja, das ist kein Problem. Dann benötige ich Ihre Telefonnummer für die Buchung. Ist die Nummer null, eins, zwei, drei, eins, zwei, drei, eins, zwei, drei, vier korrekt, oder möchten Sie eine andere Nummer angeben?', 'id': 'c62b8c59-4b0f-48ed-974b-deefac5fad64', 'role': 'assistant'}, {'content': 'Bitte nehmen Sie meine Nummer: 015789643375.', 'id': 'lc_run--019ff9b8-e9b5-7351-ace1-b29fb0c2768e-0', 'role': 'user'}, {'content': 'Die Buchung kann leider ohne E-Mail-Adresse nicht abgeschlossen werden. Möchten Sie doch eine E-Mail-Adresse angeben oder soll ich den Vorgang abbrechen?', 'id': 'd9425a77-0929-4834-9fd5-d2348c330c56', 'role': 'assistant'}, {'content': 'Dann bitte den Vorgang abbrechen. Ich würde gerne von einem Mitarbeitenden zurückgerufen werden, um das persönlich zu klären.', 'id': 'lc_run--019ff9b8-f9c0-7112-93da-c9b43f4d68a8-0', 'role': 'user'}, {'content': 'Alles klar, Frau Jäger. Ich gebe Ihren Rückrufwunsch weiter. Ein Mitarbeitender wird sich bei Ihnen melden. Vielen Dank und einen schönen Tag!', 'id': '68590251-40e8-41fd-9d04-a0f219e0fbc7', 'role': 'assistant'}, {'content': 'Vielen Dank, Ihnen auch einen schönen Tag. Auf Wiederhören.', 'id': 'lc_run--019ff9b9-0669-7410-a94e-24d47cc8712c-0', 'role': 'user'}, {'content': 'Auf Wiederhören, Frau Jäger.', 'id': 'fef00188-2f0b-4889-9c6e-7077318f2407', 'role': 'assistant'}, {'content': '', 'id': 'lc_run--019ff9b9-0f15-7e70-a0d8-2bf02f84e47a-0', 'role': 'user'}, {'content': 'Die Verbindung wurde beendet. Wenn Sie wieder einen Termin buchen möchten, stehe ich Ihnen gerne zur Verfügung.', 'id': '95ca2f72-38d1-4ec7-bd19-011832f80b50', 'role': 'assistant'}]",23.344577,,019ff9b8-bfc3-7660-b64b-d0d27a63bf1a,0.0,1.0,0.125,0.3247,0.0,0.0
Simone Lehmann,015789643375,immer dienstags und donnerstags,eine Terminvereinbarung für einen Wohnungstausch,"[{'content': 'Guten Morgen, Sie sprechen mit der digitalen Anruf-Assistentin von Surfers Immobilien. Was kann ich heute für Sie tun?', 'role': 'assistant'}, {'content': 'Hallo, mein Name ist Simone Lehmann und ich würde gerne einen Termin für eine Terminvereinbarung für einen Wohnungstausch vereinbaren.', 'id': 'f088ca6d-be62-43bf-957d-081809970320', 'role': 'user'}, {'content': 'Für einen Wohnungstausch gibt es keinen eigenen Termin-Typ. Am besten passt „Allgemeine Anfragen“ oder „Besprechung von Dokumenten“. Möchten Sie einen Termin für „Allgemeine Anfragen“ oder lieber für „Besprechung von Dokumenten“ buchen?', 'id': 'a8e0b4f0-4716-43df-ae3e-c45f83743f46', 'role': 'assistant'}, {'content': 'Dann bitte einen Termin für „Allgemeine Anfragen“.', 'id': 'lc_run--019ff9b8-f226-73b3-ab0d-e2d0d0e20c38-0', 'role': 'user'}, {'content': 'Alles klar. Gibt es ein bestimmtes Datum oder eine Uhrzeit, die Ihnen für den Termin besonders gut passt?', 'id': 'c8993987-3119-4121-9e03-7ae6a56aa9dc', 'role': 'assistant'}, {'content': 'Ich kann dienstags und donnerstags Termine wahrnehmen. Eine bestimmte Uhrzeit habe ich nicht, gern nach Verfügbarkeit.', 'id': 'lc_run--019ff9b8-fcec-7391-bce3-973fa65ac686-0', 'role': 'user'}, {'content': 'Leider sind aktuell keine freien Termine für „Allgemeine Anfragen“ an Dienstagen oder Donnerstagen verfügbar. Möchten Sie stattdessen einen Termin an einem anderen Wochentag vereinbaren?', 'id': 'ea25de39-6d12-4d89-9d15-5a74a068eed2', 'role': 'assistant'}, {'content': 'Nein, das ist leider nicht möglich. Könnte mich bitte ein Mitarbeitender zurückrufen, um das Anliegen zu klären oder persönlich einen Termin zu vereinbaren?', 'id': 'lc_run--019ff9b9-1104-7322-a96c-493cc96a5b9f-0', 'role': 'user'}, {'content': 'Das ist kein Problem. Ich gebe Ihr Anliegen weiter, damit Sie zurückgerufen werden. Sie werden dann persönlich kontaktiert, um einen Termin zu vereinbaren. Vielen Dank für Ihren Anruf und einen schönen Tag!', 'id': '76f16a7a-3151-4026-b358-0a9b75958801', 'role': 'assistant'}, {'content': 'Vielen Dank, das ist freundlich. Auf Wiederhören!', 'id': 'lc_run--019ff9b9-21fe-7041-8c89-197d59e3e2d4-0', 'role': 'user'}, {'content': 'Sehr gern. Auf Wiederhören und alles Gute!', 'id': 'fc9d2660-8b71-4ffb-84f4-23f445b2431e', 'role': 'assistant'}, {'content': '', 'id': 'lc_run--019ff9b9-2b9d-74c0-9ee1-11cc18eaf470-0', 'role': 'user'}, {'content': 'Falls Sie noch etwas benötigen, melden Sie sich gern wieder. Einen schönen Tag!', 'id': 'b2bf98a8-1d5b-4bb7-ab0b-537805d600de', 'role': 'assistant'}]",22.57907,,019ff9b8-e082-74d3-b2b3-0f607f94c07d,0.0,1.0,0.1429,0.4376,0.0,1.0
Kerstin Schulze,015789643375,Dienstag von 14 Uhr bis 17 Uhr,eine Reparatur des Garagentors,"[{'content': 'Guten Morgen, Sie sprechen mit der digitalen Anruf-Assistentin von Surfers Immobilien. Was kann ich heute für Sie tun?', 'role': 'assistant'}, {'content': 'Hallo, mein Name ist Kerstin Schulze und ich würde gerne einen Termin für eine Reparatur des Garagentors vereinbaren.', 'id': 'd77e65ec-a5ba-4b33-920d-a3312b1f01c0', 'role': 'user'}, {'content': 'Für eine Reparatur gibt es einen passenden Termin-Typ. Möchten Sie einen Termin für „Reparatur“ buchen?', 'id': '160b0d94-f895-4048-a220-89cf5ae4e4ec', 'role': 'assistant'}, {'content': 'Ja, bitte. Ich möchte einen Termin für eine Reparatur buchen.', 'id': 'lc_run--019ff9b9-0882-7921-9e26-58837cff9c37-0', 'role': 'user'}, {'content': 'Alles klar, Frau Schulze. Gibt es ein bestimmtes Datum oder eine Uhrzeit, die Ihnen für die Reparatur des Garagentors besonders gut passt?', 'id': '6d02c317-412a-4d61-81d7-6445cffaf689', 'role': 'assistant'}, {'content': 'Ich bin dienstags zwischen 14 und 17 Uhr erreichbar und kann nur in diesem Zeitraum Termine wahrnehmen.', 'id': 'lc_run--019ff9b9-1421-7331-b259-493e0678e3fd-0', 'role': 'user'}, {'content': 'Gut, ich suche einen Termin für eine Reparatur am nächsten Dienstag zwischen vierzehn und siebzehn Uhr. Darf ich fragen, ob Sie eine bestimmte Woche bevorzugen oder soll es der nächste mögliche Dienstag sein?', 'id': 'cd83d444-3d23-48e7-8f80-ed48c5a5a2e5', 'role': 'assistant'}, {'content': 'Der nächste mögliche Dienstag wäre gut.', 'id': 'lc_run--019ff9b9-2433-7ca0-9073-590b1e572b49-0', 'role': 'user'}, {'content': 'Leider ist am nächsten Dienstag zwischen vierzehn und siebzehn Uhr kein Termin für eine Reparatur verfügbar. Möchten Sie, dass ich nach einem Termin am darauffolgenden Dienstag im gleichen Zeitraum suche?', 'id': '10f5386e-bcb1-4d6e-b982-b53a85272e52', 'role': 'assistant'}, {'content': 'Ja, bitte suchen Sie am darauffolgenden Dienstag zwischen 14 und 17 Uhr.', 'id': 'lc_run--019ff9b9-3820-7091-865b-eb6bedd66b63-0', 'role': 'user'}, {'content': 'Auch am darauffolgenden Dienstag zwischen vierzehn und siebzehn Uhr ist leider kein Termin verfügbar. Soll ich weitere Dienstage prüfen oder möchten Sie einen anderen Wochentag oder Zeitraum wählen?', 'id': 'd51a16d8-8318-4781-9e56-6e38ac480ee7', 'role': 'assistant'}, {'content': 'Ich kann leider nur dienstags zwischen 14 und 17 Uhr. Wenn kein Termin möglich ist, hätte ich gerne einen Rückruf von einem Mitarbeitenden.', 'id': 'lc_run--019ff9b9-4a27-7b73-b4f7-d63df21876dd-0', 'role': 'user'}, {'content': 'Das lässt sich einrichten. Ein Mitarbeitender wird Sie zurückrufen, um einen passenden Termin für die Reparatur zu finden. Vielen Dank für Ihren Anruf und einen schönen Tag noch!', 'id': '8939c846-f08f-4dea-a05e-1e1b8c1bc81e', 'role': 'assistant'}, {'content': 'Vielen Dank, Ihnen auch einen schönen Tag. Auf Wiederhören!', 'id': 'lc_run--019ff9b9-5928-7383-a3c5-1b5c4d742336-0', 'role': 'user'}, {'content': 'Auf Wiederhören, Frau Schulze!', 'id': '6f1cd62d-8c71-48b6-ace3-f1e7b9d37e8d', 'role': 'assistant'}, {'content': '', 'id': 'lc_run--019ff9b9-6e8d-79a0-95b2-b44f354fc5ed-0', 'role': 'user'}, {'content': 'Das Gespräch ist beendet. Wenn Sie wieder Unterstützung benötigen, stehe ich Ihnen gerne zur Verfügung. Auf Wiederhören!', 'id': 'e856c61c-786e-4a3c-9587-63df551939e8', 'role': 'assistant'}]",34.400416,,019ff9b8-f830-75d3-87fb-13e5707f08cb,0.0,1.0,0.1111,0.2494,1.0,0.0
Susanne Zimmermann,015789643375,Dienstag von 9 Uhr bis 11 Uhr,eine Begehung wegen eines Wasserschadens,"[{'content': 'Guten Morgen, Sie sprechen mit der digitalen Anruf-Assistentin von Surfers Immobilien. Was kann ich heute für Sie tun?', 'role': 'assistant'}, {'content': 'Hallo, mein Name ist Susanne Zimmermann und ich würde gerne einen Termin für eine Begehung wegen eines Wasserschadens vereinbaren.', 'id': '9056f944-56bf-4403-9d6e-782a3ecea0b8', 'role': 'user'}, {'content': 'Alles klar, Frau Zimmermann. Ich helfe Ihnen gern bei der Terminvereinbarung für eine Begehung wegen des Wasserschadens. Könnten Sie mir bitte sagen, ob es sich um eine Wohnungs- oder Hausbegehung handelt?', 'id': '0fb44ac7-594c-4150-9578-c6948c8eafbc', 'role': 'assistant'}, {'content': 'Es handelt sich um eine Wohnungsbegehung.', 'id': 'lc_run--019ff9b9-25dc-77b1-9708-94b29f4751f9-0', 'role': 'user'}, {'content': 'Für eine Wohnungsbegehung wegen eines Wasserschadens passen die Terminarten „Reparatur“, „Allgemeine Anfragen“ oder „Beschwerde“. Möchten Sie einen Termin für „Reparatur“ buchen oder passt eine andere Option besser für Sie?', 'id': '6a3e65ef-08d1-4666-90ca-8a58aa2a1219', 'role': 'assistant'}, {'content': 'Ja, bitte einen Termin für „Reparatur“.', 'id': 'lc_run--019ff9b9-381d-7fb0-b08c-0796c48d2801-0', 'role': 'user'}, {'content': 'Gut, Frau Zimmermann. Damit ich den Termin für „Reparatur“ buchen kann, wann würde es Ihnen am besten passen? Haben Sie einen Wunschtag oder eine bevorzugte Uhrzeit?', 'id': '3afb884e-99d3-46d8-8874-c971408ebb88', 'role': 'assistant'}, {'content': 'Ich kann dienstags zwischen 9 und 11 Uhr.', 'id': 'lc_run--019ff9b9-3fb5-77f3-881b-6c135a4fd070-0', 'role': 'user'}, {'content': 'Leider sind am nächsten Dienstag zwischen neun und elf Uhr keine Termine verfügbar. Soll ich nach einem anderen Dienstag suchen oder möchten Sie einen anderen Tag vorschlagen?', 'id': 'ff019ed7-d065-4225-adfe-5ff07ade77ce', 'role': 'assistant'}, {'content': 'Bitte schauen Sie gern nach einem anderen Dienstag zwischen 9 und 11 Uhr. Anders kann ich leider nicht.', 'id': 'lc_run--019ff9b9-561d-7461-a0bd-6393e48221f9-0', 'role': 'user'}, {'content': 'Auch am Dienstag, den fünfundzwanzigsten August, sind zwischen neun und elf Uhr keine Termine frei. Soll ich noch einen weiteren Dienstag prüfen?', 'id': '087a39e9-2429-40f5-87ef-0f9b9274e0fb', 'role': 'assistant'}, {'content': 'Ja, bitte prüfen Sie noch einen weiteren Dienstag zwischen 9 und 11 Uhr. Falls da auch nichts frei ist, bitte ich um einen Rückruf durch einen Mitarbeitenden.', 'id': 'lc_run--019ff9b9-6e0b-72a2-b883-a0b04ab6defb-0', 'role': 'user'}, {'content': 'Auch am Dienstag, den ersten September, ist zwischen neun und elf Uhr kein Termin verfügbar. Möchten Sie einen Rückruf vereinbaren? Wenn ja, teilen Sie mir bitte mit, unter welcher Nummer Sie erreichbar sind.', 'id': '6a835dde-88ba-45f5-b1e1-79d2a17eb39e', 'role': 'assistant'}, {'content': 'Ja, bitte. Sie erreichen mich unter 015789643375.', 'id': 'lc_run--019ff9b9-8561-76c0-90e2-2eafd21998aa-0', 'role': 'user'}, {'content': 'Alles klar, Frau Zimmermann. Ein Mitarbeitender wird Sie unter null eins fünf sieben acht neun sechs vier drei drei sieben fünf zurückrufen. Vielen Dank für Ihre Geduld und einen schönen Tag!', 'id': '76f7e1a1-e013-4b1d-ac3b-8ec46c90c93b', 'role': 'assistant'}, {'content': 'Vielen Dank, ebenfalls einen schönen Tag. Auf Wiederhören.', 'id': 'lc_run--019ff9b9-9492-7cb3-af6a-3f27713f7e07-0', 'role': 'user'}, {'content': 'Auf Wiederhören, Frau Zimmermann.', 'id': '217bc2a7-7dff-4a3f-9b33-713f469a4b21', 'role': 'assistant'}, {'content': '', 'id': 'lc_run--019ff9b9-9f9e-7611-9b44-a7b7e6778b2d-0', 'role': 'user'}, {'content': 'Gibt es noch etwas, wobei ich Ihnen helfen kann?', 'id': 'a5b1e18b-911e-47a2-a38f-c07630bd5894', 'role': 'assistant'}]",37.480838,,019ff9b9-1af5-7bd1-95b3-d60c3d5914a9,1.0,1.0,0.1,0.1979,1.0,1.0
Chris Tersteegen,015789643375,immer dienstags und donnerstags,eine Reparatur der Heizung,"[{'content': 'Guten Morgen, Sie sprechen mit der digitalen Anruf-Assistentin von Surfers Immobilien. Was kann ich heute für Sie tun?', 'role': 'assistant'}, {'content': 'Hallo, mein Name ist Chris Tersteegen und ich würde gerne einen Termin für eine Reparatur der Heizung vereinbaren.', 'id': '8b081dec-27a8-47e6-9cdf-1aade7f8a6b4', 'role': 'user'}, {'content': 'Für eine Heizungsreparatur kann ich einen Termin unter dem Event-Typ „Reparatur“ buchen. Passt das für Sie, oder möchten Sie etwas anderes auswählen?', 'id': 'f4e6bcd5-4151-4576-bafe-14a6d6d4cbda', 'role': 'assistant'}, {'content': 'Ja, das passt.', 'id': 'lc_run--019ff9b9-480f-72a2-9792-585136637d75-0', 'role': 'user'}, {'content': 'Gut, dann buche ich einen Termin für eine Reparatur. Haben Sie einen Wunschtag oder eine bevorzugte Uhrzeit?', 'id': 'e9533a55-3286-480a-9083-29b80e7e6ac4', 'role': 'assistant'}, {'content': 'Ich kann immer dienstags und donnerstags. Eine genaue Uhrzeit ist mir flexibel, wenn es an einem dieser Tage ist.', 'id': 'lc_run--019ff9b9-4fad-7d92-ac16-3661cb7641a5-0', 'role': 'user'}, {'content': 'Im Zeitraum von Dienstag, den achtzehnten August bis Donnerstag, den einundzwanzigsten August sind aktuell keine freien Reparatur-Termine verfügbar. Soll ich nach Terminen in der darauffolgenden Woche suchen?', 'id': '9612e6c1-3b34-450f-8452-f0126b5e3413', 'role': 'assistant'}, {'content': 'Ja, bitte suchen Sie in der darauffolgenden Woche nach Terminen am Dienstag oder Donnerstag.', 'id': 'lc_run--019ff9b9-685f-7481-a2fd-a16f68b4e74b-0', 'role': 'user'}, {'content': 'Leider sind auch am Dienstag, den fünfundzwanzigsten August und Donnerstag, den achtundzwanzigsten August keine Reparatur-Termine verfügbar. Möchten Sie, dass ich noch weiter in die Zukunft schaue?', 'id': '9f2420df-a0e1-4d0f-9407-82c109f93127', 'role': 'assistant'}, {'content': 'Ja, bitte schauen Sie weiter nach Terminen an Dienstagen oder Donnerstagen.', 'id': 'lc_run--019ff9b9-7a1a-7092-becf-53bb64abdae1-0', 'role': 'user'}, {'content': 'Auch in der ersten Septemberwoche sind keine Reparatur-Termine an Dienstag oder Donnerstag frei. Soll ich noch weiter in den Kalender schauen, oder möchten Sie vielleicht einen anderen Wochentag in Betracht ziehen?', 'id': 'd931ef8e-1df7-41b9-8ba2-377fcc6f769a', 'role': 'assistant'}, {'content': 'Andere Wochentage sind leider nicht möglich. Dann möchte ich bitte gerne von einem Mitarbeitenden zurückgerufen werden, um einen Termin zu klären.', 'id': 'lc_run--019ff9b9-8d5c-7ce1-9e94-b3588de63b96-0', 'role': 'user'}, {'content': 'Alles klar, ich gebe Ihren Rückrufwunsch weiter. Ein Mitarbeitender von Surfers Immobilien wird sich bei Ihnen melden, um einen passenden Termin zu finden. Vielen Dank für Ihren Anruf und einen schönen Tag noch!', 'id': '0dfc6301-e5dd-4ce7-bb22-cdfd07035b71', 'role': 'assistant'}, {'content': 'Vielen Dank, Ihnen auch einen schönen Tag. Auf Wiederhören!', 'id': 'lc_run--019ff9b9-a66c-7263-874f-3adcac6fb65c-0', 'role': 'user'}, {'content': 'Auf Wiederhören, Herr Tersteegen!', 'id': '190fa591-f349-430c-a17d-1f0ef115f9a5', 'role': 'assistant'}, {'content': '', 'id': 'lc_run--019ff9b9-bc32-7812-9e64-af29b13dd103-0', 'role': 'user'}, {'content': 'Das Gespräch ist beendet. Wenn Sie wieder einen Termin buchen möchten, stehe ich Ihnen gerne zur Verfügung.', 'id': '03328a32-3f96-41dc-8abc-5745f5b6ed5f', 'role': 'assistant'}]",37.139027,,019ff9b9-3881-7133-a6e9-6b666f23aff5,0.0,1.0,0.1111,0.2494,0.0,0.0
Claudia Koch,015789643375,"am Wochenende, Samstag oder Sonntag",eine Klärung der Nebenkostenabrechnung,"[{'content': 'Guten Morgen, Sie sprechen mit der digitalen Anruf-Assistentin von Surfers Immobilien. Was kann ich heute für Sie tun?', 'role': 'assistant'}, {'content': 'Hallo, mein Name ist Claudia Koch und ich würde gerne einen Termin für eine Klärung der Nebenkostenabrechnung vereinbaren.', 'id': '7bbe649f-6d57-4db3-8b35-9f23986ec417', 'role': 'user'}, {'content': 'Für die Klärung der Nebenkostenabrechnung passt am besten der Termin „Besprechung von Dokumenten“. Möchten Sie diesen Termin buchen?', 'id': '91aa6644-36c3-4f20-809c-3f90556752d9', 'role': 'assistant'}, {'content': 'Ja, gerne. Diesen Termin würde ich buchen.', 'id': 'lc_run--019ff9b9-4858-7ed2-a055-d91b93906ad0-0', 'role': 'user'}, {'content': 'Alles klar, Frau Koch. Haben Sie einen bestimmten Tag oder eine Uhrzeit im Kopf, wann Ihnen die Besprechung am besten passt?', 'id': '3b5e7d46-b470-4512-aa23-d29e2f33cb14', 'role': 'assistant'}, {'content': 'Ich kann nur am Wochenende, also samstags oder sonntags. Eine genaue Uhrzeit bin ich da flexibel.', 'id': 'lc_run--019ff9b9-5203-7d10-b799-7866e64d7a2e-0', 'role': 'user'}, {'content': 'Am kommenden Samstag und Sonntag sind aktuell keine freien Termine verfügbar. Soll ich für das darauffolgende Wochenende nachschauen?', 'id': '66606b19-2481-4f32-bef5-a9ec1d647316', 'role': 'assistant'}, {'content': 'Ja, bitte schauen Sie gerne für das darauffolgende Wochenende nach.', 'id': 'lc_run--019ff9b9-62fe-7253-913b-74cfc670aafe-0', 'role': 'user'}, {'content': 'Auch am darauffolgenden Wochenende sind leider keine freien Termine verfügbar. Möchten Sie, dass ich für einen anderen Zeitraum schaue, zum Beispiel unter der Woche?', 'id': '246d2b4e-2298-4c79-abd7-ca47779b0bd3', 'role': 'assistant'}, {'content': 'Unter der Woche kann ich leider nicht. Könnte mich bitte ein Mitarbeitender zurückrufen, um das Anliegen zu klären oder einen Termin zu vereinbaren?', 'id': 'lc_run--019ff9b9-70c9-7050-bb93-c3e535bf84a7-0', 'role': 'user'}, {'content': 'Das lässt sich einrichten. Ein Mitarbeitender wird Sie zurückrufen, um Ihr Anliegen zu besprechen oder einen Termin zu vereinbaren. Ich wünsche Ihnen einen angenehmen Tag.', 'id': 'a9b40d6a-6778-4169-8180-058f0a03b7ba', 'role': 'assistant'}, {'content': 'Vielen Dank. Ihnen auch einen angenehmen Tag. Auf Wiederhören.', 'id': 'lc_run--019ff9b9-7f2e-7b43-924f-e23de51778ab-0', 'role': 'user'}, {'content': 'Auf Wiederhören, Frau Koch.', 'id': '0a6e9b29-f796-401b-9cce-9b2c3d5f154d', 'role': 'assistant'}, {'content': '', 'id': 'lc_run--019ff9b9-8e3c-7582-bd75-2b618f992816-0', 'role': 'user'}, {'content': 'Die Verbindung ist beendet.', 'id': '1adb1f3f-3276-4bc2-b597-d01669f3f4b1', 'role': 'assistant'}]",25.559253,,019ff9b9-38b6-7f80-9544-d9dd56a79685,0.0,1.0,0.0,0.0111,1.0,0.0
Karl Peters,015789643375,Dienstag den ganzen Tag,eine Reparatur des Hoftors,"[{'content': 'Guten Morgen, Sie sprechen mit der digitalen Anruf-Assistentin von Surfers Immobilien. Was kann ich heute für Sie tun?', 'role': 'assistant'}, {'content': 'Hallo, mein Name ist Karl Peters und ich würde gerne einen Termin für eine Reparatur des Hoftors vereinbaren.', 'id': 'fbb607fc-a3d7-47d2-b8ff-48807e23a95d', 'role': 'user'}, {'content': 'Für eine Reparatur gibt es einen passenden Termin-Typ. Möchten Sie einen Termin für ""Reparatur"" buchen?', 'id': 'e7f73ca8-e5d0-4783-b908-b4f8d90b02a3', 'role': 'assistant'}, {'content': 'Ja, gerne.', 'id': 'lc_run--019ff9b9-90e6-7d10-adbe-d42939b78cb2-0', 'role': 'user'}, {'content': 'Könnten Sie mir bitte sagen, wann Sie den Termin für die Reparatur des Hoftors wünschen?', 'id': '91a6a9ac-1d7b-459e-b779-a236197eb077', 'role': 'assistant'}, {'content': 'Am Dienstag, da bin ich den ganzen Tag verfügbar.', 'id': 'lc_run--019ff9b9-98ea-7281-b30b-f2f5c0b2cbe6-0', 'role': 'user'}, {'content': 'Am Dienstag, den achtzehnten August, sind leider keine Termine für eine Reparatur verfügbar. Möchten Sie einen anderen Tag auswählen?', 'id': '45294242-ce15-47e0-9648-4c4742e494f8', 'role': 'assistant'}, {'content': 'Nein, ich kann nur dienstags. Dann würde ich gerne um einen Rückruf von einem Mitarbeitenden bitten, um das zu klären.', 'id': 'lc_run--019ff9b9-b056-7a70-9a20-ef97cb9e6cfe-0', 'role': 'user'}, {'content': 'Alles klar, ich gebe Ihren Rückrufwunsch weiter. Ein Mitarbeitender wird sich bei Ihnen melden. Vielen Dank für Ihren Anruf und einen schönen Tag!', 'id': '1375ebe3-61e2-4349-bbb5-8fea7d3b3167', 'role': 'assistant'}, {'content': 'Vielen Dank, Ihnen auch einen schönen Tag. Auf Wiederhören.', 'id': 'lc_run--019ff9b9-bdb8-78b3-875f-9d07ca5ac5f9-0', 'role': 'user'}, {'content': 'Auf Wiederhören, Herr Peters.', 'id': 'c8edc12b-3c1d-412e-805e-9ca7127a29b3', 'role': 'assistant'}, {'content': '', 'id': 'lc_run--019ff9b9-c6e7-7eb0-885e-27a6c7dcbb8c-0', 'role': 'user'}, {'content': 'Die Verbindung wurde beendet.', 'id': 'ae3e5e68-f147-44ab-9d46-088079b04e99', 'role': 'assistant'}]",21.808691,,019ff9b9-7e91-7562-910b-35f394ade84e,0.0,1.0,0.1429,0.4376,0.0,0.0
Kurt Haas,015789643375,Donnerstag von 8 Uhr bis 11 Uhr,eine Klärung von Fragen zur Kaution,"[{'content': 'Guten Tag, Sie sprechen mit der digitalen Anruf-Assistentin von Surfers Immobilien. Wie kann ich Ihnen weiterhelfen? Was ist der Grund für Ihren Anruf?', 'role': 'assistant'}, {'content': 'Hallo, mein Name ist Kurt Haas und ich würde gerne einen Termin für eine Klärung von Fragen zur Kaution vereinbaren.', 'id': '5dfbaa04-dafc-4459-8755-49e3fc0972fc', 'role': 'user'}, {'content': 'Für Fragen zur Kaution passt am besten der Termin „Allgemeine Anfragen“. Möchten Sie diesen Termin buchen oder bevorzugen Sie eine „Besprechung von Dokumenten“?', 'id': '6b0a7aa4-3867-4ecd-82d3-44a0f3ce92e1', 'role': 'assistant'}, {'content': '„Allgemeine Anfragen“ passt gut, den Termin würde ich gerne buchen.', 'id': 'lc_run--019ff9b9-b063-74c2-8c03-0ee5ec77e601-0', 'role': 'user'}, {'content': 'Alles klar, Herr Haas. Gibt es einen bestimmten Tag oder eine Uhrzeit, die Ihnen besonders gut passt?', 'id': 'f046c176-22c4-41fe-ab5c-a74650410a91', 'role': 'assistant'}, {'content': 'Ja, am Donnerstag zwischen 8 und 11 Uhr passt es mir.', 'id': 'lc_run--019ff9b9-ba97-7951-845b-e16cc34bf108-0', 'role': 'user'}, {'content': 'Leider sind am Donnerstag zwischen acht und elf Uhr keine freien Termine verfügbar. Möchten Sie einen anderen Zeitraum vorschlagen oder soll ich nach freien Terminen am Freitag suchen?', 'id': 'eaedb2c3-5489-41b9-9037-9bc4a50458ed', 'role': 'assistant'}, {'content': 'Ich kann leider nur donnerstags zwischen 8 und 11 Uhr. Dann würde ich gerne um einen Rückruf durch einen Mitarbeitenden bitten.', 'id': 'lc_run--019ff9b9-ce23-7502-b749-341dcd90e153-0', 'role': 'user'}, {'content': 'Das ist notiert, Herr Haas. Ein Mitarbeitender wird Sie zurückrufen, sobald es möglich ist. Vielen Dank für Ihren Anruf und einen angenehmen Tag für Sie.', 'id': '836385a6-9f41-45e0-aec6-0900276410c2', 'role': 'assistant'}, {'content': 'Vielen Dank. Auf Wiederhören.', 'id': 'lc_run--019ff9b9-dd48-74a2-a0b1-7ab2069a2491-0', 'role': 'user'}, {'content': 'Sehr gerne. Auf Wiederhören, Herr Haas.', 'id': 'dc936790-6d43-4bea-80ce-a9c44186f126', 'role': 'assistant'}, {'content': '', 'id': 'lc_run--019ff9b9-e774-79d0-89d1-91ae86c071fd-0', 'role': 'user'}, {'content': 'Das Gespräch ist beendet. Wenn Sie wieder einen Termin buchen möchten, stehe ich Ihnen gerne zur Verfügung.', 'id': 'cf6880cd-ca62-4b73-ad5b-1a6d3aeb3b5c', 'role': 'assistant'}]",21.092506,,019ff9b9-9c8e-70c0-960f-74714e7925f6,0.0,1.0,0.1429,0.4376,0.0,0.0
Elke Frank,015789643375,nur nachmittags ab 15 Uhr,eine Reparatur des Herds,"[{'content': 'Guten Tag, Sie sprechen mit der digitalen Anruf-Assistentin von Surfers Immobilien. Wie kann ich Ihnen weiterhelfen? Was ist der Grund Ihres Anrufs?', 'role': 'assistant'}, {'content': 'Hallo, mein Name ist Elke Frank und ich würde gerne einen Termin für eine Reparatur des Herds vereinbaren.', 'id': '8a9f3a19-3792-499a-967d-30d01b0352f1', 'role': 'user'}, {'content': 'Für eine Reparatur gibt es einen passenden Termin-Typ. Möchten Sie einen Termin für „Reparatur“ buchen?', 'id': '04f75920-f38e-45ab-b105-a6101e4234a4', 'role': 'assistant'}, {'content': 'Ja, gerne.', 'id': 'lc_run--019ff9b9-bcfb-7c00-ac7c-4c4547b1c4fc-0', 'role': 'user'}, {'content': 'Wann würde es Ihnen für den Reparatur-Termin am besten passen? Gibt es ein bestimmtes Datum oder eine Uhrzeit, die Sie bevorzugen?', 'id': '204d8741-1b16-4184-aef3-0b353ee786da', 'role': 'assistant'}, {'content': 'Ich bin nachmittags ab 15 Uhr erreichbar. Ein Termin ab 15 Uhr wäre mir daher am liebsten.', 'id': 'lc_run--019ff9b9-c533-7cb1-9c9e-713e342667f0-0', 'role': 'user'}, {'content': 'Leider sind heute ab fünfzehn Uhr keine Termine für eine Reparatur verfügbar. Soll ich nach einem Termin an einem anderen Tag suchen, zum Beispiel morgen ab fünfzehn Uhr?', 'id': 'c0445a3c-e220-4451-89af-ddd22080a030', 'role': 'assistant'}, {'content': 'Ja, bitte suchen Sie gerne nach einem Termin morgen ab 15 Uhr.', 'id': 'lc_run--019ff9b9-dae8-72b1-9c28-9270a361209e-0', 'role': 'user'}, {'content': 'Auch morgen ab fünfzehn Uhr sind keine Reparatur-Termine frei. Möchten Sie, dass ich nach einem Termin an einem späteren Tag suche, oder gibt es eine andere Uhrzeit, die für Sie infrage kommt?', 'id': 'fccfb64b-550f-4053-a5f1-552d8ce43a65', 'role': 'assistant'}, {'content': 'Bitte suchen Sie nach einem Termin an einem späteren Tag, aber weiterhin erst ab 15 Uhr.', 'id': 'lc_run--019ff9b9-ed07-7d12-a365-6bf257a632bb-0', 'role': 'user'}, {'content': 'Alles klar, ich prüfe die nächsten verfügbaren Termine ab fünfzehn Uhr. Gibt es bestimmte Wochentage, die Ihnen besonders gut passen, oder soll ich einfach den frühesten freien Termin ab fünfzehn Uhr suchen?', 'id': 'c4164ae5-824c-4fd0-9cfe-7df2b915f5e5', 'role': 'assistant'}, {'content': 'Bitte suchen Sie einfach den frühesten freien Termin ab 15 Uhr.', 'id': 'lc_run--019ff9b9-f7c4-77b0-a7e5-823a51639bf0-0', 'role': 'user'}, {'content': 'Im Moment sind auch in der nächsten Woche keine Reparatur-Termine ab fünfzehn Uhr verfügbar. Möchten Sie, dass ich noch weiter in die Zukunft schaue, oder wäre ein Termin am Vormittag für Sie ebenfalls möglich?', 'id': '204bb4d0-b33c-44ee-bda8-2b15046b8bce', 'role': 'assistant'}, {'content': 'Ein Termin am Vormittag ist leider nicht möglich. Bitte schauen Sie gern weiter in die Zukunft ab 15 Uhr.', 'id': 'lc_run--019ff9ba-0735-73d2-a391-96aed4774f26-0', 'role': 'user'}, {'content': 'Ich prüfe weitere Termine ab fünfzehn Uhr für Sie. Gibt es eine maximale Wartezeit, die Sie akzeptieren würden, oder soll ich einfach den allerersten freien Termin ab fünfzehn Uhr suchen?', 'id': 'a2001e32-a51d-4760-a8f9-28e300236b48', 'role': 'assistant'}, {'content': 'Bitte suchen Sie einfach den allerersten freien Termin ab 15 Uhr.', 'id': 'lc_run--019ff9ba-116b-71b2-b765-2bd28c386954-0', 'role': 'user'}, {'content': 'Leider sind auch bis Mitte September keine Reparatur-Termine ab fünfzehn Uhr verfügbar. Möchten Sie, dass ich noch weiter in die Zukunft schaue, oder möchten Sie lieber einen Rückruf vereinbaren?', 'id': '9b9638f1-6f4a-4783-be96-cbba910ea3f2', 'role': 'assistant'}, {'content': 'Dann würde ich lieber einen Rückruf vereinbaren, bitte.', 'id': 'lc_run--019ff9ba-2ec7-7383-8b70-f1f6d6d9d8bf-0', 'role': 'user'}, {'content': 'Kein Problem, ich vermerke Ihren Wunsch für einen Rückruf. Sie werden von Surfers Immobilien kontaktiert. Vielen Dank für Ihren Anruf und einen schönen Tag!', 'id': '2528ef52-11bd-4184-8641-8640d624f90a', 'role': 'assistant'}, {'content': 'Vielen Dank, auf Wiederhören.', 'id': 'lc_run--019ff9ba-3a74-73e1-b073-1699dd7b3fe0-0', 'role': 'user'}, {'content': 'Auf Wiederhören, Frau Frank. Alles Gute für Sie!', 'id': '65fb6c3f-fe51-48db-b3d8-7b707e283a0b', 'role': 'assistant'}, {'content': '', 'id': 'lc_run--019ff9ba-44fc-7823-9223-ddd171584b81-0', 'role': 'user'}, {'content': 'Das Gespräch ist beendet. Falls Sie wieder Unterstützung benötigen, stehe ich Ihnen gern zur Verfügung. Auf Wiederhören!', 'id': '760e277e-2267-41d6-9d81-7b2bbe7098c5', 'role': 'assistant'}]",41.17402,,019ff9b9-ad5e-70a0-8790-2fcb032c49e8,0.0,1.0,0.0833,0.1353,1.0,1.0
Norbert Ludwig,015789643375,Donnerstag von 13 Uhr bis 15 Uhr,eine Reparatur des Lichtschalters,"[{'content': 'Guten Morgen, Sie sprechen mit der digitalen Anruf-Assistentin von Surfers Immobilien. Was kann ich heute für Sie tun?', 'role': 'assistant'}, {'content': 'Hallo, mein Name ist Norbert Ludwig und ich würde gerne einen Termin für eine Reparatur des Lichtschalters vereinbaren.', 'id': '461650b3-6bb9-4251-81ee-d41b6b258e72', 'role': 'user'}, {'content': 'Für eine Reparatur gibt es einen passenden Termin-Typ. Möchten Sie einen Termin für die Reparatur des Lichtschalters buchen?', 'id': '577cc317-b5e5-4bef-a439-a819ecc46f81', 'role': 'assistant'}, {'content': 'Ja, bitte. Ich möchte einen Termin für die Reparatur des Lichtschalters buchen.', 'id': 'lc_run--019ff9b9-d925-7780-8ba7-509314cb0333-0', 'role': 'user'}, {'content': 'Im Moment sind leider keine freien Termine für Reparaturen verfügbar. Möchten Sie, dass ich nach einem späteren Zeitraum suche?', 'id': '12b62652-1929-4f27-89de-63b564508536', 'role': 'assistant'}, {'content': 'Ja, bitte suchen Sie nach einem späteren Zeitraum.', 'id': 'lc_run--019ff9b9-e884-7cc2-a3fc-74e6554de766-0', 'role': 'user'}, {'content': 'Auch im Zeitraum ab dem einundzwanzigsten August sind keine Termine frei. Soll ich noch weiter in die Zukunft suchen?', 'id': '76af809d-c857-4cd4-9494-5a5f1d2508f3', 'role': 'assistant'}, {'content': 'Ja, bitte suchen Sie noch weiter in die Zukunft.', 'id': 'lc_run--019ff9b9-f975-7f11-9686-e03dad228139-0', 'role': 'user'}, {'content': 'Leider sind auch Ende August und Anfang September keine Reparatur-Termine verfügbar. Möchten Sie, dass ich noch weiter in die Zukunft schaue oder soll ich Sie zurückrufen, sobald wieder Termine frei sind?', 'id': 'fde1b52e-acea-4e08-9e79-9f2bc2bc8db2', 'role': 'assistant'}, {'content': 'Dann wäre mir ein Rückruf durch einen Mitarbeitenden lieber, um das Anliegen zu klären oder persönlich einen Termin zu vereinbaren.', 'id': 'lc_run--019ff9ba-094f-71d0-a76f-5fc012bf4bc7-0', 'role': 'user'}, {'content': 'Das ist notiert. Ein Mitarbeitender wird Sie zurückrufen, um Ihr Anliegen zu besprechen und einen Termin zu vereinbaren. Vielen Dank für Ihren Anruf und einen schönen Tag!', 'id': 'de84e53c-97f7-441a-bc80-3c07817d3523', 'role': 'assistant'}, {'content': 'Vielen Dank. Einen schönen Tag noch, auf Wiederhören.', 'id': 'lc_run--019ff9ba-1ad9-7dd2-99d4-37bda93dcdeb-0', 'role': 'user'}, {'content': 'Auf Wiederhören, Herr Ludwig. Ihnen ebenfalls einen schönen Tag!', 'id': '8dbebce1-4662-4eee-8090-c2e75fe14a1e', 'role': 'assistant'}, {'content': '', 'id': 'lc_run--019ff9ba-2428-7b03-b614-f6622f7145fa-0', 'role': 'user'}, {'content': 'Das Gespräch ist beendet. Falls Sie wieder Unterstützung benötigen, stehe ich Ihnen gerne zur Verfügung. Auf Wiederhören!', 'id': '8516646b-57ea-44d5-a45b-30421938cd03', 'role': 'assistant'}]",25.141217,,019ff9b9-c995-7e61-b4aa-575c5c03525c,0.0,1.0,0.125,0.3247,1.0,1.0
Luise Bergmann,015789643375,den ganzen Montag,eine Reparatur eines undichten Daches,"[{'content': 'Guten Morgen, Sie sprechen mit der digitalen Anruf-Assistentin von Surfers Immobilien. Was kann ich heute für Sie tun?', 'role': 'assistant'}, {'content': 'Hallo, mein Name ist Luise Bergmann und ich würde gerne einen Termin für eine Reparatur eines undichten Daches vereinbaren.', 'id': 'acabbc63-b02c-4fcc-8d10-fdc48b2fdf73', 'role': 'user'}, {'content': 'Für eine Reparatur gibt es einen passenden Termin-Typ. Möchten Sie einen Termin für „Reparatur“ buchen?', 'id': 'd7c398ba-b641-400d-869e-1054d0d04ace', 'role': 'assistant'}, {'content': 'Ja, bitte, es geht um ein undichtes Dach.', 'id': 'lc_run--019ff9b9-e3b6-7c43-97fd-951374b992d2-0', 'role': 'user'}, {'content': 'Alles klar, Frau Bergmann. Damit ich den Termin für die Reparatur buchen kann, benötige ich Ihre Telefonnummer. Könnten Sie mir diese bitte nennen?', 'id': '36d84763-cf64-46a0-b7ba-b9a6b26e2e65', 'role': 'assistant'}, {'content': 'Ja, meine Telefonnummer ist 015789643375.', 'id': 'lc_run--019ff9b9-f412-7300-a4c6-ab3b7fb5a72d-0', 'role': 'user'}, {'content': 'Im Moment sind leider keine freien Termine für Reparaturen in den nächsten sieben Tagen verfügbar. Möchten Sie, dass ich nach späteren Zeiträumen schaue?', 'id': 'de227233-bb4a-40f1-93fe-a0e2bbd2d752', 'role': 'assistant'}, {'content': 'Ja, bitte schauen Sie nach späteren Terminen.', 'id': 'lc_run--019ff9ba-0311-70e2-b9f2-a94eb6199ed7-0', 'role': 'user'}, {'content': 'Auch im Zeitraum ab dem einundzwanzigsten August bis zum vierten September sind keine Termine frei. Soll ich noch weiter in die Zukunft suchen?', 'id': '58e9fd9f-15e9-4879-9927-4ae695eb4419', 'role': 'assistant'}, {'content': 'Ja, bitte. Ich kann Termine nur montags wahrnehmen.', 'id': 'lc_run--019ff9ba-136d-7342-8269-14a533b330b9-0', 'role': 'user'}, {'content': 'Alles klar, ich schaue gezielt nach freien Terminen an einem Montag. Gibt es eine bestimmte Uhrzeit, die Ihnen besonders gut passt?', 'id': '7a906584-ba1a-4284-acf8-f764769ecbe7', 'role': 'assistant'}, {'content': 'Ich bin den ganzen Montag erreichbar und kann den ganzen Tag Termine wahrnehmen.', 'id': 'lc_run--019ff9ba-1d0a-7b23-af3e-3822845a97f8-0', 'role': 'user'}, {'content': 'Leider sind auch im Zeitraum vom siebten September bis zum fünften Oktober keine Montagstermine verfügbar. Möchten Sie, dass ich noch weiter in die Zukunft schaue oder soll ich Sie zurückrufen, sobald ein Termin frei wird?', 'id': 'b38406b2-d928-49ca-a1ec-73030baa953f', 'role': 'assistant'}, {'content': 'Dann bitte ich um einen Rückruf durch eine Mitarbeiterin oder einen Mitarbeiter, um das Anliegen zu klären oder einen Termin zu vereinbaren. Danke.', 'id': 'lc_run--019ff9ba-349a-76c3-bfa6-4aea0710eb68-0', 'role': 'user'}, {'content': 'Ich gebe Ihr Anliegen weiter, damit Sie von einer Mitarbeiterin oder einem Mitarbeiter zurückgerufen werden. Vielen Dank für Ihren Anruf. Einen schönen Tag noch!', 'id': '602efd28-90e3-4e65-b991-d7395faaf355', 'role': 'assistant'}, {'content': 'Vielen Dank. Auf Wiederhören!', 'id': 'lc_run--019ff9ba-46fb-7f01-8b76-9da3b4497d49-0', 'role': 'user'}, {'content': 'Auf Wiederhören, Frau Bergmann!', 'id': 'db6da46b-b985-45ab-99e7-65157a0ca0e4', 'role': 'assistant'}, {'content': '', 'id': 'lc_run--019ff9ba-4fab-7833-9697-3877d24da4bf-0', 'role': 'user'}, {'content': 'Das Gespräch ist beendet. Wenn Sie wieder Unterstützung benötigen, stehe ich Ihnen gerne zur Verfügung.', 'id': 'df00c433-1140-42d1-a2f9-97fc1ac48206', 'role': 'assistant'}]",34.202322,,019ff9b9-d3c3-73d3-ab22-a281a84633b7,1.0,1.0,0.1,0.1979,0.0,1.0
Thomas Schneider,015789643375,den ganzen Montag,eine Reparatur der Dusche,"[{'content': 'Guten Morgen, Sie sprechen mit der digitalen Anruf-Assistentin von Surfers Immobilien. Was kann ich heute für Sie tun?', 'role': 'assistant'}, {'content': 'Hallo, mein Name ist Thomas Schneider und ich würde gerne einen Termin für eine Reparatur der Dusche vereinbaren.', 'id': '2d453442-5dca-4534-b792-90e0bc412397', 'role': 'user'}, {'content': 'Für eine Reparatur gibt es einen passenden Termin-Typ „Reparatur“. Möchten Sie diesen Termin für die Reparatur Ihrer Dusche buchen?', 'id': '2d31f927-3b46-48f7-886f-3b184a8f65c1', 'role': 'assistant'}, {'content': 'Ja, gerne.', 'id': 'lc_run--019ff9b9-fe94-75e0-ab7d-bf9b77a32211-0', 'role': 'user'}, {'content': 'Im Moment sind leider keine freien Termine für Reparaturen in den nächsten sieben Tagen verfügbar. Möchten Sie, dass ich nach späteren Terminen suche?', 'id': '9fd4e646-2054-43b4-8093-4877ee63e64f', 'role': 'assistant'}, {'content': 'Ja, bitte suchen Sie nach späteren Terminen.', 'id': 'lc_run--019ff9ba-0e8e-77d1-8bdc-956ec60a0da8-0', 'role': 'user'}, {'content': 'Leider sind auch im Zeitraum vom einundzwanzigsten August bis zum einunddreißigsten August keine Reparatur-Termine frei. Soll ich noch weiter in die Zukunft suchen?', 'id': '97f731e7-4a8f-467c-b80a-77574beda0ec', 'role': 'assistant'}, {'content': 'Ja, bitte suchen Sie weiter in die Zukunft.', 'id': 'lc_run--019ff9ba-1e09-70c2-8365-84c6dbccd917-0', 'role': 'user'}, {'content': 'Im gesamten September sind leider keine Reparatur-Termine verfügbar. Möchten Sie, dass ich noch weiter in die Zukunft schaue oder möchten Sie lieber einen Rückruf vereinbaren?', 'id': '7b02c178-1811-4619-976c-f797a1f2566a', 'role': 'assistant'}, {'content': 'Dann würde ich gerne einen Rückruf vereinbaren.', 'id': 'lc_run--019ff9ba-35cd-7083-8dc6-55656c62f20d-0', 'role': 'user'}, {'content': 'Kein Problem. Für den Rückruf benötige ich bitte Ihre Telefonnummer. Könnten Sie mir diese einmal durchgeben?', 'id': '7240442f-4a72-4a2b-9bee-90949bb4185e', 'role': 'assistant'}, {'content': 'Ja, die Telefonnummer ist 015789643375.', 'id': 'lc_run--019ff9ba-3e74-7e41-8f03-5d319e24ba61-0', 'role': 'user'}, {'content': 'Danke. Zu welchem Zeitpunkt möchten Sie gerne zurückgerufen werden?', 'id': 'fde29c20-92e2-419c-aca8-11004ac6b2e2', 'role': 'assistant'}, {'content': 'Am besten am Montag, da bin ich den ganzen Tag erreichbar.', 'id': 'lc_run--019ff9ba-52a4-7701-9fc3-3f8cd2aed493-0', 'role': 'user'}, {'content': 'Alles klar, ich notiere Montag, den siebzehnten August zweitausendsechsundzwanzig. Gibt es eine bestimmte Uhrzeit, zu der Sie bevorzugt angerufen werden möchten, oder passt Ihnen wirklich jeder Zeitpunkt?', 'id': 'ec87aa9a-bfa3-49b2-8b26-2f5fef391ffb', 'role': 'assistant'}, {'content': 'Mir passt am Montag wirklich jeder Zeitpunkt.', 'id': 'lc_run--019ff9ba-6492-7462-b42f-0d9ac3a8aa20-0', 'role': 'user'}, {'content': 'Im System ist für Rückrufe am Montag, den siebzehnten August, leider kein Termin frei. Möchten Sie einen anderen Tag vorschlagen oder soll ich Sie informieren, sobald wieder Termine verfügbar sind?', 'id': '73d44955-095d-4758-a506-0bef94993846', 'role': 'assistant'}, {'content': 'Bitte informieren Sie mich, sobald wieder Termine verfügbar sind.', 'id': 'lc_run--019ff9ba-7879-7e11-8e06-a68e1d9e0598-0', 'role': 'user'}, {'content': 'Ich gebe Ihre Anfrage weiter und melde mich, sobald wieder Termine für Reparaturen oder Rückrufe verfügbar sind. Vielen Dank für Ihr Verständnis und einen schönen Tag noch!', 'id': '1c8470c5-7360-4a1d-814c-c858ca761daf', 'role': 'assistant'}, {'content': 'Vielen Dank. Auf Wiederhören!', 'id': 'lc_run--019ff9ba-8fe6-70e2-aa75-a380595dc64e-0', 'role': 'user'}, {'content': 'Auf Wiederhören und einen angenehmen Tag für Sie!', 'id': '2510f210-08bc-4ffc-b2f6-5862a522004b', 'role': 'assistant'}, {'content': '', 'id': 'lc_run--019ff9ba-9d4a-7213-8ce4-b0a0786ccd46-0', 'role': 'user'}, {'content': 'Die Verbindung wird nun beendet. Falls Sie wieder Unterstützung benötigen, stehe ich Ihnen gerne zur Verfügung. Auf Wiederhören!', 'id': 'c1610439-70e0-449e-bff6-3dd166f14a29', 'role': 'assistant'}]",47.957538,,019ff9b9-eef4-7660-8c93-5e6ce79a3b7d,1.0,1.0,0.1667,0.6065,1.0,1.0
Ernst Weiß,015789643375,Dienstag von 9 Uhr bis 11 Uhr,eine Reparatur der Briefkastenanlage,"[{'content': 'Guten Morgen, Sie sprechen mit der digitalen Anruf-Assistentin von Surfers Immobilien. Was kann ich heute für Sie tun?', 'role': 'assistant'}, {'content': 'Hallo, mein Name ist Ernst Weiß und ich würde gerne einen Termin für eine Reparatur der Briefkastenanlage vereinbaren.', 'id': 'd53ec301-b137-45b0-9c54-3e91687d8d54', 'role': 'user'}, {'content': 'Für eine Reparatur gibt es einen passenden Termin-Typ. Möchten Sie einen Termin für „Reparatur“ buchen?', 'id': 'b6dd1fd0-828d-4743-8ce3-b66d1a72081f', 'role': 'assistant'}, {'content': 'Ja, bitte.', 'id': 'lc_run--019ff9ba-3d79-73b0-a79b-93be3b13945b-0', 'role': 'user'}, {'content': 'Im Moment sind leider keine freien Termine für Reparaturen verfügbar. Möchten Sie, dass ich nach einem späteren Zeitraum suche oder Sie informieren, sobald wieder Termine frei sind?', 'id': '4d644b5b-1093-453d-9d17-eb5b088a4247', 'role': 'assistant'}, {'content': 'Könnten Sie bitte in einem späteren Zeitraum suchen?', 'id': 'lc_run--019ff9ba-4e9b-7df1-8176-8591520de346-0', 'role': 'user'}, {'content': 'Natürlich, ich suche jetzt nach freien Terminen ab Mitte September. Ist das für Sie in Ordnung?', 'id': '66c35af4-e44a-467f-8362-725721daf7bc', 'role': 'assistant'}, {'content': 'Ja, das ist in Ordnung.', 'id': 'lc_run--019ff9ba-57b7-78b3-a8a0-ff513d0eee31-0', 'role': 'user'}, {'content': 'Auch ab Mitte September sind aktuell keine freien Termine für Reparaturen verfügbar. Möchten Sie, dass ich es zu einem späteren Zeitpunkt noch einmal für Sie versuche?', 'id': '4ecc6890-cdd9-4055-8510-094c45d8600c', 'role': 'assistant'}, {'content': 'Dann würde ich gerne von einem Mitarbeitenden zurückgerufen werden, um das persönlich zu klären.', 'id': 'lc_run--019ff9ba-6cb6-7052-b446-d6264f6e6e7b-0', 'role': 'user'}, {'content': 'Das ist notiert. Ein Mitarbeitender wird Sie zurückrufen, um Ihr Anliegen persönlich zu besprechen. Vielen Dank für Ihren Anruf und einen angenehmen Tag für Sie!', 'id': '22fe6415-a43b-47f0-8594-1f08872ed7f5', 'role': 'assistant'}, {'content': 'Vielen Dank, Ihnen auch einen angenehmen Tag. Auf Wiederhören.', 'id': 'lc_run--019ff9ba-7f3c-71e2-bcf8-364aba989ccf-0', 'role': 'user'}, {'content': 'Auf Wiederhören, Herr Weiß. Alles Gute für Sie!', 'id': '3ecfef44-f2c2-4520-8f55-2408c6a797a9', 'role': 'assistant'}, {'content': '', 'id': 'lc_run--019ff9ba-8bd3-7f71-9c9e-3babe6f46176-0', 'role': 'user'}, {'content': 'Das Gespräch ist beendet. Wenn Sie wieder Unterstützung benötigen, stehe ich Ihnen gerne zur Verfügung.', 'id': '0874a8de-bac4-479b-ad28-9840041d8325', 'role': 'assistant'}]",27.726015,,019ff9ba-2bcb-7b63-9293-64aca53efc05,0.0,1.0,0.125,0.3247,0.0,0.0
Gisela Schreiber,015789643375,Freitag von 13 Uhr bis 16 Uhr,eine Reparatur des Treppenhauslichts,"[{'content': 'Guten Tag, Sie sprechen mit der digitalen Anruf-Assistentin von Surfers Immobilien. Wie kann ich Ihnen weiterhelfen? Was ist der Grund Ihres Anrufs?', 'role': 'assistant'}, {'content': 'Hallo, mein Name ist Gisela Schreiber und ich würde gerne einen Termin für eine Reparatur des Treppenhauslichts vereinbaren.', 'id': '2e65b913-2582-404a-b14b-07222a1eb3b8', 'role': 'user'}, {'content': 'Für eine Reparatur gibt es einen passenden Termin-Typ. Möchten Sie einen Termin für „Reparatur“ buchen?', 'id': 'ead91406-0ada-4514-81c6-86a12b1bb2b2', 'role': 'assistant'}, {'content': 'Ja, bitte.', 'id': 'lc_run--019ff9ba-6481-7721-aa42-f8a8fdd980a5-0', 'role': 'user'}, {'content': 'Im Moment sind leider keine freien Zeiten für Reparatur-Termine verfügbar. Möchten Sie, dass ich nach einem anderen Zeitraum suche oder möchten Sie es zu einem späteren Zeitpunkt noch einmal versuchen?', 'id': '2a3ccb65-b414-4612-a5aa-59243162a82c', 'role': 'assistant'}, {'content': 'Könnten Sie bitte prüfen, ob am Freitag zwischen 13 und 16 Uhr etwas frei ist?', 'id': 'lc_run--019ff9ba-7697-7d71-b5fa-e6602cae8b43-0', 'role': 'user'}, {'content': 'Leider gibt es auch am Freitag, den vierzehnten August, zwischen dreizehn und sechzehn Uhr keine freien Reparatur-Termine. Möchten Sie einen anderen Tag oder eine andere Uhrzeit prüfen lassen?', 'id': 'cf215f61-0453-4781-a938-02f76f78395c', 'role': 'assistant'}, {'content': 'Nein, ich kann nur freitags zwischen 13 und 16 Uhr. Dann bitte ich um einen Rückruf durch einen Mitarbeitenden.', 'id': 'lc_run--019ff9ba-8b55-7b90-a760-1b29d0099e48-0', 'role': 'user'}, {'content': 'Ich gebe Ihren Rückrufwunsch gerne weiter. Eine Mitarbeiterin oder ein Mitarbeiter wird sich bei Ihnen melden. Vielen Dank für Ihren Anruf und einen schönen Tag noch!', 'id': 'a3429b9f-511d-42d9-833d-780a5ef5bd61', 'role': 'assistant'}, {'content': 'Vielen Dank, auf Wiederhören.', 'id': 'lc_run--019ff9ba-9bc2-7140-9fa9-bca117463d18-0', 'role': 'user'}, {'content': 'Auf Wiederhören, Frau Schreiber. Alles Gute für Sie!', 'id': '9376870b-944d-4e88-876d-c3d22816f741', 'role': 'assistant'}, {'content': '', 'id': 'lc_run--019ff9ba-a42c-7e80-ae89-4963b746f1fa-0', 'role': 'user'}, {'content': 'Das Gespräch ist beendet. Falls Sie wieder Unterstützung benötigen, stehe ich Ihnen gerne zur Verfügung.', 'id': '74b03be5-ace5-4ab7-aab1-807949dcefed', 'role': 'assistant'}]",23.902804,,019ff9ba-4e36-70d2-b09b-5918d8920933,0.0,1.0,0.1429,0.4376,1.0,0.0
Yvonne Beck,015789643375,jeden Tag außer donnerstags,eine Beschwerde wegen einer defekten Heizung,"[{'content': 'Guten Tag, Sie sprechen mit der digitalen Anruf-Assistentin von Surfers Immobilien. Wie kann ich Ihnen weiterhelfen? Was ist der Grund Ihres Anrufs?', 'role': 'assistant'}, {'content': 'Hallo, mein Name ist Yvonne Beck und ich würde gerne einen Termin für eine Beschwerde wegen einer defekten Heizung vereinbaren.', 'id': '647a0365-3dd4-4f61-9dfe-4234985bd933', 'role': 'user'}, {'content': 'Für Ihr Anliegen gibt es die Auswahl „Beschwerde“ oder „Reparatur“. Möchten Sie den Termin als Beschwerde oder als Reparatur eintragen lassen?', 'id': '7bbdeed1-dfcf-4915-9736-cd01b9f0ec95', 'role': 'assistant'}, {'content': 'Als Beschwerde bitte.', 'id': 'lc_run--019ff9ba-6fa4-7243-83b4-899475011796-0', 'role': 'user'}, {'content': 'Alles klar, ich buche für Sie einen Termin für eine Beschwerde. Gibt es ein bestimmtes Datum oder eine Uhrzeit, die Ihnen passt?', 'id': '16d1ec5a-02f4-4acc-bb8c-e3efa509cea9', 'role': 'assistant'}, {'content': 'Ich bin jeden Tag außer donnerstags erreichbar. Haben Sie da einen passenden Termin?', 'id': 'lc_run--019ff9ba-786c-71b2-95b5-6f83a57179d0-0', 'role': 'user'}, {'content': 'Im Moment sind leider keine freien Termine für eine Beschwerde in den nächsten Tagen verfügbar. Möchten Sie, dass ich nach einem späteren Zeitpunkt schaue oder bevorzugen Sie einen Rückruf?', 'id': 'f5af23a2-2f87-40b7-933e-5a197a8c0854', 'role': 'assistant'}, {'content': 'Dann hätte ich gern einen Rückruf von einem Mitarbeitenden, bitte.', 'id': 'lc_run--019ff9ba-88f1-7fd2-afc3-33ef8cfaf497-0', 'role': 'user'}, {'content': 'Ich gebe Ihren Rückrufwunsch weiter. Eine Mitarbeiterin oder ein Mitarbeiter wird sich bei Ihnen melden. Vielen Dank für Ihren Anruf und einen schönen Tag noch!', 'id': 'c8d6e424-05ab-41f6-82d3-03df307c1079', 'role': 'assistant'}, {'content': 'Vielen Dank, Ihnen auch einen schönen Tag. Auf Wiederhören.', 'id': 'lc_run--019ff9ba-97b5-7183-914e-6d6eda3846eb-0', 'role': 'user'}, {'content': 'Auf Wiederhören, Frau Beck. Alles Gute für Sie!', 'id': '31ecb40c-4b09-4977-9ccd-8754ef2a673e', 'role': 'assistant'}, {'content': '', 'id': 'lc_run--019ff9ba-a1b8-7bc2-8773-1e12f34c36b5-0', 'role': 'user'}, {'content': 'Die Verbindung wird nun beendet. Falls Sie wieder Unterstützung benötigen, sind wir gerne für Sie da. Auf Wiederhören!', 'id': 'ec657cb8-d7f1-4d1c-ae69-b720b72290d1', 'role': 'assistant'}]",21.398674,,019ff9ba-595f-7333-a684-e7c0730ab2ad,0.0,1.0,0.1429,0.4376,1.0,1.0
Petra Hoffmann,015789643375,nur nachmittags ab 15 Uhr,eine Besprechung zur Vertragsverlängerung,"[{'content': 'Guten Tag, Sie sprechen mit der digitalen Anruf-Assistentin von Surfers Immobilien. Wie kann ich Ihnen weiterhelfen? Was ist der Grund Ihres Anrufs?', 'role': 'assistant'}, {'content': 'Hallo, mein Name ist Petra Hoffmann und ich würde gerne einen Termin für eine Besprechung zur Vertragsverlängerung vereinbaren.', 'id': 'c6766391-418d-45ba-9445-b2c4b6f3e4a0', 'role': 'user'}, {'content': 'Für eine Vertragsverlängerung passt vermutlich am besten der Termin „Besprechung von Dokumenten“. Möchten Sie diesen Termin buchen?', 'id': '0d7a1e09-2866-4c9c-b16f-4006bddd47ef', 'role': 'assistant'}, {'content': 'Ja, gerne. Das passt.', 'id': 'lc_run--019ff9ba-a8e9-7583-ab98-bc8e4725dc4a-0', 'role': 'user'}, {'content': 'Im Moment sind leider keine freien Zeiten für eine Besprechung von Dokumenten verfügbar. Möchten Sie, dass ich nach einem anderen Zeitraum suche oder Sie informiere, sobald wieder Termine frei sind?', 'id': '0b67a22e-35ab-4544-96c2-78c893388206', 'role': 'assistant'}, {'content': 'Könnten Sie bitte nach einem anderen Zeitraum suchen? Ich bin allerdings nur nachmittags ab 15 Uhr verfügbar.', 'id': 'lc_run--019ff9ba-ba82-7032-af88-6334ff4ea7eb-0', 'role': 'user'}, {'content': 'Kein Problem. Für welchen Zeitraum soll ich nach freien Nachmittagszeiten ab fünfzehn Uhr suchen? Zum Beispiel ab Mitte September oder später?', 'id': '5c942ee3-23a5-42c1-ab6f-dea2ac3c6bbe', 'role': 'assistant'}, {'content': 'Gerne ab Mitte September, nachmittags ab 15 Uhr.', 'id': 'lc_run--019ff9ba-c662-7541-8ba1-0862a2a4005a-0', 'role': 'user'}, {'content': 'Leider sind auch ab Mitte September nachmittags keine freien Termine verfügbar. Möchten Sie, dass ich einen noch späteren Zeitraum prüfe oder möchten Sie benachrichtigt werden, sobald wieder Termine frei sind?', 'id': '48e9775e-aed8-494f-a616-8fa690e4d01c', 'role': 'assistant'}, {'content': 'Dann würde ich gern von einem Mitarbeitenden zurückgerufen werden, um das persönlich zu klären oder einen Termin zu vereinbaren.', 'id': 'lc_run--019ff9ba-da91-7c40-87fc-876c7454f359-0', 'role': 'user'}, {'content': 'Alles klar, ich gebe Ihren Rückrufwunsch weiter. Eine Mitarbeiterin oder ein Mitarbeiter von Surfers Immobilien wird sich bei Ihnen melden, um alles persönlich zu besprechen. Vielen Dank für Ihren Anruf und einen schönen Tag noch!', 'id': '29db22b4-1087-4c74-a341-286e85081fcb', 'role': 'assistant'}, {'content': 'Vielen Dank, Ihnen auch einen schönen Tag. Auf Wiederhören.', 'id': 'lc_run--019ff9ba-f154-72a3-8dc8-6c16b9668abb-0', 'role': 'user'}, {'content': 'Auf Wiederhören, Frau Hoffmann.', 'id': 'f3a448f1-16ee-4ca2-8f24-f305f03c35e7', 'role': 'assistant'}, {'content': '', 'id': 'lc_run--019ff9ba-fbc2-7a61-abea-c924088cd88e-0', 'role': 'user'}, {'content': 'Das Gespräch ist nun beendet. Falls Sie wieder Unterstützung benötigen, stehe ich Ihnen gern zur Verfügung. Auf Wiederhören!', 'id': '7aa16d75-1f1f-4fa7-9630-f7ec6b72d8fa', 'role': 'assistant'}]",28.320743,,019ff9ba-981a-7c41-ab90-44cb23be6bcb,0.0,1.0,0.125,0.3247,0.0,0.0
August Busch,015789643375,immer dienstags und donnerstags,eine Kontrolle der Elektroinstallation,"[{'content': 'Guten Tag, Sie sprechen mit der digitalen Anruf-Assistentin von Surfers Immobilien. Wie kann ich Ihnen weiterhelfen? Was ist der Grund Ihres Anrufs?', 'role': 'assistant'}, {'content': 'Hallo, mein Name ist August Busch und ich würde gerne einen Termin für eine Kontrolle der Elektroinstallation vereinbaren.', 'id': '7deaba80-9529-4d04-a258-66eb6e597c75', 'role': 'user'}, {'content': 'Für eine Kontrolle der Elektroinstallation kommen die Kategorien ""Allgemeine Anfragen"" oder ""Reparatur"" infrage. Möchten Sie den Termin lieber als allgemeine Anfrage oder als Reparatur buchen?', 'id': '493e1e23-eb16-4221-8015-5a3d357626e2', 'role': 'assistant'}, {'content': 'Dann bitte als allgemeine Anfrage.', 'id': 'lc_run--019ff9ba-bcb8-7bb0-9425-6e441a671928-0', 'role': 'user'}, {'content': 'Alles klar, ich buche den Termin als allgemeine Anfrage. Gibt es ein bestimmtes Datum oder eine Uhrzeit, die Ihnen besonders gut passt?', 'id': '4cad4d4c-37e5-4eb7-aead-3d1b613e3e15', 'role': 'assistant'}, {'content': 'Ich bin dienstags und donnerstags erreichbar. An diesen Tagen kann ich Termine wahrnehmen.', 'id': 'lc_run--019ff9ba-c5a3-78b0-b049-e00654a2e519-0', 'role': 'user'}, {'content': 'Im Moment sind leider keine freien Termine an Dienstagen oder Donnerstagen verfügbar. Möchten Sie stattdessen auch an einem anderen Wochentag einen Termin wahrnehmen?', 'id': '1d48949d-2daa-4560-8ba5-cb856d166ac1', 'role': 'assistant'}, {'content': 'Leider nein, ich kann nur dienstags und donnerstags. Dann würde ich gerne um einen Rückruf durch einen Mitarbeitenden bitten.', 'id': 'lc_run--019ff9ba-dcc6-7db3-9a65-edc1ae0006d8-0', 'role': 'user'}, {'content': 'Das ist notiert. Ein Mitarbeitender wird Sie zurückrufen, um einen passenden Termin zu finden. Vielen Dank für Ihren Anruf und einen schönen Tag noch!', 'id': '99190fc0-45dc-4cf9-a664-0b60cdb2f279', 'role': 'assistant'}, {'content': 'Vielen Dank, Ihnen auch einen schönen Tag. Auf Wiederhören.', 'id': 'lc_run--019ff9ba-ec92-7190-be38-9d9033db0eff-0', 'role': 'user'}, {'content': 'Auf Wiederhören und alles Gute!', 'id': 'a98dcc55-391c-45f0-912d-f29e03c07791', 'role': 'assistant'}, {'content': '', 'id': 'lc_run--019ff9ba-f5b8-76f2-8f80-275d39854768-0', 'role': 'user'}, {'content': 'Das Gespräch ist beendet. Wenn Sie wieder Unterstützung benötigen, stehe ich Ihnen gerne zur Verfügung.', 'id': '3c6abaed-398f-4db5-b39a-28a0dc16ea81', 'role': 'assistant'}]",21.257811,,019ff9ba-aa4a-7003-a936-af40b3e962e4,0.0,1.0,0.1429,0.4376,0.0,0.0
Lars Schmid,015789643375,Montag von 9 Uhr bis 12 Uhr,eine Beratung zur Mietvertragsänderung,"[{'content': 'Guten Tag, Sie sprechen mit der digitalen Anruf-Assistentin von Surfers Immobilien. Wie kann ich Ihnen weiterhelfen? Was ist der Grund Ihres Anrufs?', 'role': 'assistant'}, {'content': 'Hallo, mein Name ist Lars Schmid und ich würde gerne einen Termin für eine Beratung zur Mietvertragsänderung vereinbaren.', 'id': '890e54bb-b885-4c06-a014-ea832b62987a', 'role': 'user'}, {'content': 'Für eine Beratung zur Mietvertragsänderung passt am besten der Termin „Besprechung von Dokumenten“. Möchten Sie diesen Termin buchen?', 'id': '0c05b4fe-fdcb-4d9e-8825-a9390ae2a0b7', 'role': 'assistant'}, {'content': 'Ja, gerne. Das passt.', 'id': 'lc_run--019ff9ba-bd5f-7290-aad2-631296d0e9d9-0', 'role': 'user'}, {'content': 'Alles klar. Damit ich den Termin für Sie buchen kann, benötige ich bitte Ihre E-Mail-Adresse. Könnten Sie mir diese nennen?', 'id': '54a672f1-2b6e-4605-bceb-3e5f8496e203', 'role': 'assistant'}, {'content': 'Eine E-Mail-Adresse möchte ich gerade nicht angeben. Geht die Buchung auch telefonisch?', 'id': 'lc_run--019ff9ba-c604-7ef1-8625-27e162c22256-0', 'role': 'user'}, {'content': 'Ja, das ist möglich. Dann trage ich Ihre Telefonnummer für die Buchung ein. Könnten Sie mir bitte noch sagen, ob Sie einen bestimmten Tag oder eine bestimmte Uhrzeit bevorzugen?', 'id': 'd5265c24-0b49-479c-bd46-3a6db08875cb', 'role': 'assistant'}, {'content': 'Ja, ich bin montags zwischen 9 und 12 Uhr erreichbar und kann auch nur in diesem Zeitraum Termine wahrnehmen.', 'id': 'lc_run--019ff9ba-d883-7451-8e19-bfb9ee646494-0', 'role': 'user'}, {'content': 'Am kommenden Montag zwischen neun und zwölf Uhr sind aktuell keine freien Termine verfügbar. Möchten Sie einen anderen Montag prüfen lassen oder einen anderen Zeitraum vorschlagen?', 'id': 'bbc6c526-dd2f-494e-ab19-d7aed6844888', 'role': 'assistant'}, {'content': 'Ja, gerne. Bitte prüfen Sie einen anderen Montag zwischen 9 und 12 Uhr.', 'id': 'lc_run--019ff9ba-eabd-72e2-acd0-5674238d30bd-0', 'role': 'user'}, {'content': 'Auch am darauffolgenden Montag zwischen neun und zwölf Uhr ist leider kein Termin frei. Soll ich noch einen weiteren Montag prüfen oder möchten Sie einen anderen Zeitraum angeben?', 'id': 'b9c14af1-837f-48bd-975f-225078c71cec', 'role': 'assistant'}, {'content': 'Bitte prüfen Sie noch einen weiteren Montag zwischen 9 und 12 Uhr.', 'id': 'lc_run--019ff9bb-0019-7541-84be-49ab499e8301-0', 'role': 'user'}, {'content': 'Auch am übernächsten Montag zwischen neun und zwölf Uhr ist kein Termin verfügbar. Möchten Sie, dass ich weitere Montage prüfe oder einen anderen Zeitraum für Sie suche?', 'id': '9882db6d-7858-408e-8a48-ddaa7a707a08', 'role': 'assistant'}, {'content': 'Ich kann leider nur montags zwischen 9 und 12 Uhr. Wenn da kein Termin verfügbar ist, bitte ich um einen Rückruf von einem Mitarbeitenden.', 'id': 'lc_run--019ff9bb-1291-7830-b649-ef44ce62ba27-0', 'role': 'user'}, {'content': 'Das ist notiert. Ein Mitarbeitender wird Sie zurückrufen, um Ihr Anliegen persönlich zu besprechen. Vielen Dank für Ihren Anruf und einen angenehmen Tag für Sie!', 'id': '7d5c08d3-7f58-4376-9b79-576b7a98d07e', 'role': 'assistant'}, {'content': 'Vielen Dank. Einen angenehmen Tag noch, auf Wiederhören.', 'id': 'lc_run--019ff9bb-2944-7010-8131-03eeacb090b6-0', 'role': 'user'}, {'content': 'Sehr gerne. Auf Wiederhören und einen schönen Tag für Sie!', 'id': '0991230b-4bed-4327-87ee-ddbed0d8a183', 'role': 'assistant'}, {'content': '', 'id': 'lc_run--019ff9bb-34b1-73b1-a2a2-e4ee89e494c2-0', 'role': 'user'}, {'content': 'Die Verbindung wird nun beendet. Falls Sie wieder Unterstützung benötigen, melden Sie sich gerne. Auf Wiederhören!', 'id': 'ca79ec92-7f69-494d-a823-f11e718c0352', 'role': 'assistant'}]",38.442881,,019ff9ba-ab96-74b3-a38a-7626f40adcd8,0.0,1.0,0.1,0.1979,0.0,1.0
Jörg Friedrich,015789643375,Donnerstag von 8 Uhr bis 11 Uhr,eine Reparatur der Türschlösser,"[{'content': 'Guten Tag, Sie sprechen mit der digitalen Anruf-Assistentin von Surfers Immobilien. Wie kann ich Ihnen weiterhelfen? Was ist der Grund Ihres Anrufs?', 'role': 'assistant'}, {'content': 'Hallo, mein Name ist Jörg Friedrich und ich würde gerne einen Termin für eine Reparatur der Türschlösser vereinbaren.', 'id': '186d7c30-56b9-428a-960e-11e578299aed', 'role': 'user'}, {'content': 'Für eine Reparatur gibt es einen passenden Termin-Typ mit dem Namen „Reparatur“. Möchten Sie diesen auswählen, um einen Termin für die Reparatur der Türschlösser zu buchen?', 'id': '9d3146bc-0451-4c1d-ae4b-2fb99ae039ea', 'role': 'assistant'}, {'content': 'Ja, bitte wählen Sie den Termin-Typ „Reparatur“ aus.', 'id': 'lc_run--019ff9ba-c49d-7ef3-83b5-0988ff3b335e-0', 'role': 'user'}, {'content': 'Im Moment sind leider keine freien Termine für Reparaturen in den nächsten sieben Tagen verfügbar. Möchten Sie, dass ich nach späteren Zeiträumen schaue oder haben Sie einen bestimmten Wunschtermin?', 'id': '5b860084-9efd-4768-8f5f-2050a77534e6', 'role': 'assistant'}, {'content': 'Bitte schauen Sie nach späteren Zeiträumen. Ich kann donnerstags von 8 bis 11 Uhr.', 'id': 'lc_run--019ff9ba-d491-7d81-b918-d7499c0f7793-0', 'role': 'user'}, {'content': 'Auch in den darauffolgenden Wochen sind donnerstags zwischen acht und elf Uhr keine freien Reparatur-Termine verfügbar. Soll ich noch weiter in die Zukunft suchen oder möchten Sie einen anderen Wochentag oder eine andere Uhrzeit angeben?', 'id': 'eea5105e-9289-4891-8877-5f77775c8469', 'role': 'assistant'}, {'content': 'Nein, andere Zeiten kann ich leider nicht wahrnehmen. Dann möchte ich bitte von einem Mitarbeitenden zurückgerufen werden, um das zu klären.', 'id': 'lc_run--019ff9ba-e8d8-7bd2-bc0f-5be3db3dfa01-0', 'role': 'user'}, {'content': 'Das ist notiert. Ein Mitarbeitender wird Sie zurückrufen, um alles Weitere zu besprechen. Vielen Dank für Ihren Anruf und einen angenehmen Tag für Sie!', 'id': '796915bb-bd1e-4efc-b3e3-c8030fe306fc', 'role': 'assistant'}, {'content': 'Vielen Dank. Auf Wiederhören.', 'id': 'lc_run--019ff9ba-f9ca-7670-b971-08ee3d007b9e-0', 'role': 'user'}, {'content': 'Auf Wiederhören, Herr Friedrich. Alles Gute für Sie!', 'id': 'c60e55c1-0c53-4a34-83af-007eaf9db2a9', 'role': 'assistant'}, {'content': '', 'id': 'lc_run--019ff9bb-0205-74b1-ad58-b0d0e63c06ca-0', 'role': 'user'}, {'content': 'Das Gespräch ist beendet. Wenn Sie wieder Unterstützung benötigen, stehe ich Ihnen gerne zur Verfügung.', 'id': '7b1c1571-2edb-4096-b574-76009b9763cc', 'role': 'assistant'}]",25.088415,,019ff9ba-acf6-7612-b76f-343abd13c1a7,0.0,1.0,0.1429,0.4376,0.0,0.0
Werner Lange,015789643375,nur am späten Nachmittag,eine Kontrolle der Rauchmelder,"[{'content': 'Guten Tag, Sie sprechen mit der digitalen Anruf-Assistentin von Surfers Immobilien. Wie kann ich Ihnen weiterhelfen? Was ist der Grund Ihres Anrufs?', 'role': 'assistant'}, {'content': 'Hallo, mein Name ist Werner Lange und ich würde gerne einen Termin für eine Kontrolle der Rauchmelder vereinbaren.', 'id': '1612ebec-c471-495d-887b-36c74d473c88', 'role': 'user'}, {'content': 'Für eine Kontrolle der Rauchmelder passt am ehesten der Bereich „Reparatur“ oder „Allgemeine Anfragen“. Möchten Sie den Termin als „Reparatur“ oder als „Allgemeine Anfrage“ buchen?', 'id': '81f9f3a7-c4ff-4824-88c8-969d0991e266', 'role': 'assistant'}, {'content': 'Als „Allgemeine Anfrage“ bitte.', 'id': 'lc_run--019ff9bb-143e-76b0-a0ec-39fb9f19028d-0', 'role': 'user'}, {'content': 'Alles klar, Herr Lange. Für die Buchung benötige ich bitte Ihre E-Mail-Adresse. Wie lautet diese?', 'id': '6597fc09-916d-41e1-8567-7f8e837b96c6', 'role': 'assistant'}, {'content': 'Eine E-Mail-Adresse möchte ich ungern angeben. Geht die Terminvereinbarung auch telefonisch?', 'id': 'lc_run--019ff9bb-1cb2-7c03-9c1f-1e96cbee7a88-0', 'role': 'user'}, {'content': 'Ja, das ist möglich. Dann benötige ich bitte Ihre Telefonnummer, unter der Sie erreichbar sind. Könnten Sie mir diese nennen?', 'id': 'a38a209b-f064-4d2c-bb51-c2a98bb2ac75', 'role': 'assistant'}, {'content': 'Ja, gerne. Meine Telefonnummer ist 015789643375.', 'id': 'lc_run--019ff9bb-2b94-7960-94a8-64f3ef93d433-0', 'role': 'user'}, {'content': 'Im Moment sind leider keine freien Zeiten für allgemeine Anfragen im System hinterlegt. Möchten Sie, dass ich nach einem späteren Zeitraum suche oder möchten Sie es zu einem anderen Zeitpunkt noch einmal versuchen?', 'id': '77ba288d-c2be-4b04-85a0-0fa592969b53', 'role': 'assistant'}, {'content': 'Dann bitte ich um einen Rückruf durch einen Mitarbeitenden. Ich bin nur am späten Nachmittag erreichbar.', 'id': 'lc_run--019ff9bb-3e82-7e22-a3ce-a346272788d9-0', 'role': 'user'}, {'content': 'Ich gebe Ihren Wunsch nach einem Rückruf an das Team weiter. Sie werden am späten Nachmittag kontaktiert. Vielen Dank für Ihren Anruf und einen angenehmen Tag für Sie!', 'id': '2105e1c9-72b0-4d08-b690-d628cfbdd345', 'role': 'assistant'}, {'content': 'Vielen Dank, auf Wiederhören.', 'id': 'lc_run--019ff9bb-51f0-79e3-bb35-119ed260f2a0-0', 'role': 'user'}, {'content': 'Sehr gerne. Auf Wiederhören, Herr Lange!', 'id': '01358d07-b3ee-4dfc-9cd2-4a7c54326b77', 'role': 'assistant'}, {'content': '', 'id': 'lc_run--019ff9bb-5cb0-7132-a99a-9288adba03e7-0', 'role': 'user'}, {'content': 'Das Gespräch ist beendet. Wenn Sie wieder einen Termin buchen möchten, stehe ich Ihnen gerne zur Verfügung. Einen schönen Tag noch!', 'id': '391ed618-7bb4-4f26-9250-21519898d61a', 'role': 'assistant'}]",27.860956,,019ff9ba-fd55-7ab3-9740-5b8d38893913,1.0,1.0,0.125,0.3247,0.0,0.0
Erika Brandt,015789643375,Mittwoch von 10 Uhr bis 13 Uhr,eine Besichtigung eines Dachgeschosses,"[{'content': 'Guten Tag, Sie sprechen mit der digitalen Anruf-Assistentin von Surfers Immobilien. Wie kann ich Ihnen weiterhelfen? Was ist der Grund Ihres Anrufs?', 'role': 'assistant'}, {'content': 'Hallo, mein Name ist Erika Brandt und ich würde gerne einen Termin für eine Besichtigung eines Dachgeschosses vereinbaren.', 'id': '95f71119-e2cf-40e3-bbf0-0c9240f82806', 'role': 'user'}, {'content': 'Für eine Besichtigung eines Dachgeschosses gibt es aktuell keinen eigenen Termin-Typ. Am besten passt hier der Termin-Typ „Allgemeine Anfragen“. Möchten Sie diesen für Ihre Besichtigung nutzen?', 'id': '7288dc5d-1240-4749-a389-f3a5b79799a6', 'role': 'assistant'}, {'content': 'Ja, gerne. Das passt.', 'id': 'lc_run--019ff9bb-18d7-7510-b86e-536d31a1ef91-0', 'role': 'user'}, {'content': 'Alles klar, Frau Brandt. Gibt es ein bestimmtes Datum oder eine Uhrzeit, die Sie bevorzugen?', 'id': 'baa2bb31-f8df-4d74-9b13-64cee1b3dd68', 'role': 'assistant'}, {'content': 'Ich bin mittwochs zwischen 10 und 13 Uhr verfügbar.', 'id': 'lc_run--019ff9bb-2069-7f20-821d-a900e2c473d8-0', 'role': 'user'}, {'content': 'Für Mittwoch, den neunzehnten August zwischen zehn und dreizehn Uhr ist aktuell kein Termin frei. Möchten Sie einen anderen Mittwoch probieren oder einen anderen Zeitraum vorschlagen?', 'id': '74626b9c-5069-4936-91f4-e404ffa1615b', 'role': 'assistant'}, {'content': 'Ich kann leider nur mittwochs zwischen 10 und 13 Uhr. Können Sie einen anderen Mittwoch in diesem Zeitraum prüfen?', 'id': 'lc_run--019ff9bb-3a9e-7d31-921d-c337b7f169fb-0', 'role': 'user'}, {'content': 'Leider ist auch am Mittwoch, dem zweiten September, kein Termin zwischen zehn und dreizehn Uhr frei. Soll ich noch weitere Mittwoche prüfen?', 'id': '0bff855f-6514-4391-a151-fe0fc4c95c79', 'role': 'assistant'}, {'content': 'Ja, bitte prüfen Sie weitere Mittwoche zwischen 10 und 13 Uhr.', 'id': 'lc_run--019ff9bb-54db-7582-a5a6-a506ed5b1732-0', 'role': 'user'}, {'content': 'Am Mittwoch, dem sechzehnten September, ist ebenfalls kein Termin zwischen zehn und dreizehn Uhr frei. Möchten Sie, dass ich noch weitere Mittwoche prüfe?', 'id': '73c3041c-7688-44c3-aa32-a612e6a30a27', 'role': 'assistant'}, {'content': 'Ja, bitte. Wenn kein Termin möglich ist, würde ich gerne von einem Mitarbeitenden zurückgerufen werden.', 'id': 'lc_run--019ff9bb-7368-7cd1-a51c-fc2b6cbde055-0', 'role': 'user'}, {'content': 'Auch am Mittwoch, dem dreiundzwanzigsten September, ist kein Termin zwischen zehn und dreizehn Uhr verfügbar. Möchten Sie, dass ich direkt einen Rückruf für Sie veranlasse?', 'id': '082c1561-b790-46a4-aabd-69fe103aeaa0', 'role': 'assistant'}, {'content': 'Ja, bitte veranlassen Sie einen Rückruf.', 'id': 'lc_run--019ff9bb-89ae-7522-8d08-718c35885eae-0', 'role': 'user'}, {'content': 'Ich gebe Ihren Rückrufwunsch weiter. Eine Mitarbeiterin oder ein Mitarbeiter wird sich bei Ihnen melden. Vielen Dank für Ihren Anruf und einen schönen Tag!', 'id': '3b0406c9-f8c1-4c9c-90b7-a79c32ff630f', 'role': 'assistant'}, {'content': 'Vielen Dank. Ihnen auch einen schönen Tag. Auf Wiederhören.', 'id': 'lc_run--019ff9bb-9c00-7170-9eb6-e8d957de5a32-0', 'role': 'user'}, {'content': 'Auf Wiederhören, Frau Brandt. Alles Gute für Sie!', 'id': 'f8bff7c4-724c-4a42-af4d-d192a8fedac0', 'role': 'assistant'}, {'content': '', 'id': 'lc_run--019ff9bb-a638-7ba1-a921-b8ad2f77e837-0', 'role': 'user'}, {'content': 'Das Gespräch ist beendet. Falls Sie wieder einen Termin wünschen, stehe ich Ihnen gerne zur Verfügung. Einen schönen Tag noch!', 'id': '9b057620-c954-4d43-8b08-cef03d1dbabb', 'role': 'assistant'}]",43.285342,,019ff9bb-06bd-7771-ac9f-d97570b636d8,0.0,1.0,0.1,0.1979,0.0,1.0
Frank Klein,015789643375,abends nach 18 Uhr,eine Besichtigung des Kellerabteils,"[{'content': 'Guten Tag, Sie sprechen mit der digitalen Anruf-Assistentin von Surfers Immobilien. Wie kann ich Ihnen weiterhelfen? Was ist der Grund Ihres Anrufs?', 'role': 'assistant'}, {'content': 'Hallo, mein Name ist Frank Klein und ich würde gerne einen Termin für eine Besichtigung des Kellerabteils vereinbaren.', 'id': '1ccee60a-86b3-4f73-91c4-ebb9101cbf04', 'role': 'user'}, {'content': 'Für eine Besichtigung des Kellerabteils gibt es aktuell keinen eigenen Termin-Typ. Am besten passt hier „Allgemeine Anfragen“. Möchten Sie diesen Termin-Typ für Ihre Besichtigung nutzen?', 'id': 'dcd07f35-4454-4e51-8da8-443620e9c1d9', 'role': 'assistant'}, {'content': 'Ja, gerne. Das passt für meine Anfrage.', 'id': 'lc_run--019ff9bb-22ea-7422-a58a-ca45a3e031ad-0', 'role': 'user'}, {'content': 'Wann möchten Sie die Besichtigung ungefähr machen? Gibt es ein bestimmtes Datum oder eine Uhrzeit, die Ihnen vorschwebt?', 'id': '962741cc-e078-4de0-ab32-eea43447bff9', 'role': 'assistant'}, {'content': 'Ich kann Termine nur abends nach 18 Uhr wahrnehmen. Ein bestimmtes Datum habe ich nicht.', 'id': 'lc_run--019ff9bb-2db6-7a33-a260-b5ca17989436-0', 'role': 'user'}, {'content': 'Im Moment gibt es leider keine verfügbaren Termine ab 18 Uhr in den nächsten Tagen. Möchten Sie, dass ich nach späteren Zeiträumen suche oder passt Ihnen auch ein Termin am Wochenende?', 'id': 'e8c484d3-17b8-4f6c-9fb8-bd9761b4b7a6', 'role': 'assistant'}, {'content': 'Bitte suchen Sie gerne nach späteren Zeiträumen ab 18 Uhr. Ein Wochenende würde auch passen, wenn es ebenfalls ab 18 Uhr möglich ist.', 'id': 'lc_run--019ff9bb-411a-7ac2-bbc9-439c8b4b9b08-0', 'role': 'user'}, {'content': 'Leider sind auch in den darauffolgenden Wochen ab 18 Uhr keine Termine verfügbar. Möchten Sie, dass ich nach Terminen am späten Nachmittag suche, oder möchten Sie lieber zu einem anderen Zeitpunkt noch einmal anfragen?', 'id': 'e28e3954-9d61-4fa6-a6a0-536b0d4e3578', 'role': 'assistant'}, {'content': 'Dann würde ich lieber um einen Rückruf durch einen Mitarbeitenden bitten, um mein Anliegen zu klären oder persönlich einen Termin zu vereinbaren.', 'id': 'lc_run--019ff9bb-5888-7783-aea0-53930ac0ba72-0', 'role': 'user'}, {'content': 'Das ist notiert. Ein Mitarbeitender wird Sie zurückrufen, um Ihr Anliegen persönlich zu besprechen und einen passenden Termin zu finden. Vielen Dank für Ihren Anruf und einen schönen Tag noch!', 'id': '9f5afddb-efb3-4eb1-ae5b-b058bd5fccca', 'role': 'assistant'}, {'content': 'Vielen Dank. Auf Wiederhören!', 'id': 'lc_run--019ff9bb-6a2e-7132-9cd2-6e0d002c2f76-0', 'role': 'user'}, {'content': 'Auf Wiederhören, Herr Klein!', 'id': 'b3062472-6569-4a30-9374-036467abb673', 'role': 'assistant'}, {'content': '', 'id': 'lc_run--019ff9bb-72cf-7391-a423-cccb5cdc7aa6-0', 'role': 'user'}, {'content': 'Das Gespräch ist beendet. Falls Sie wieder einen Termin buchen möchten, stehe ich Ihnen gerne zur Verfügung. Einen schönen Tag noch!', 'id': 'a5b4462c-da44-4de5-974f-262e5ac7ea58', 'role': 'assistant'}]",28.669906,,019ff9bb-0ef8-76e3-8127-f57874b53722,0.0,1.0,0.125,0.3247,0.0,0.0
Isolde Fiedler,015789643375,immer montags und mittwochs,eine Klärung von Fragen zum Kabelanschluss,"[{'content': 'Guten Tag, Sie sprechen mit der digitalen Anruf-Assistentin von Surfers Immobilien. Wie kann ich Ihnen weiterhelfen? Was ist der Grund Ihres Anrufs?', 'role': 'assistant'}, {'content': 'Hallo, mein Name ist Isolde Fiedler und ich würde gerne einen Termin für eine Klärung von Fragen zum Kabelanschluss vereinbaren.', 'id': '91b8704d-70d1-4bb2-82fb-117a061390dc', 'role': 'user'}, {'content': 'Für Fragen zum Kabelanschluss passt am ehesten der Termin-Typ „Allgemeine Anfragen“. Möchten Sie diesen auswählen?', 'id': 'efdd3cf4-37fa-4c24-9e91-4951f2e47953', 'role': 'assistant'}, {'content': 'Ja, gerne.', 'id': 'lc_run--019ff9bb-583c-79a1-a595-088810515ab1-0', 'role': 'user'}, {'content': 'Im Moment sind leider keine freien Termine für „Allgemeine Anfragen“ verfügbar. Möchten Sie, dass ich nach einem anderen Termin-Typ schaue oder soll ich Sie informieren, sobald wieder Termine frei sind?', 'id': 'f1d95811-6dcf-4b07-9b2e-fae07cd306f4', 'role': 'assistant'}, {'content': 'Dann würde ich gerne von einem Mitarbeitenden zurückgerufen werden, um das Anliegen zu klären oder einen Termin zu vereinbaren.', 'id': 'lc_run--019ff9bb-68e9-7751-b754-6d65aeaa9a61-0', 'role': 'user'}, {'content': 'Ich gebe Ihr Anliegen weiter, damit Sie zurückgerufen werden. Ein Mitarbeitender wird sich bei Ihnen melden, um alles Weitere zu besprechen. Vielen Dank für Ihren Anruf und einen schönen Tag!', 'id': '52babce9-7730-4582-9f25-ea312c9f73a0', 'role': 'assistant'}, {'content': 'Vielen Dank, auf Wiederhören.', 'id': 'lc_run--019ff9bb-7a1f-7f61-9ec2-9ff94f584cb7-0', 'role': 'user'}, {'content': 'Auf Wiederhören, Frau Fiedler. Alles Gute für Sie!', 'id': 'c18eeb54-d545-4613-a1eb-68cf5c5bcbf4', 'role': 'assistant'}, {'content': '', 'id': 'lc_run--019ff9bb-8735-7060-b2f7-f871259dc8c6-0', 'role': 'user'}, {'content': 'Das Gespräch ist beendet. Wenn Sie wieder Unterstützung benötigen, stehe ich Ihnen gerne zur Verfügung.', 'id': 'bc2ac6a3-0502-4014-8fe0-89301d45276c', 'role': 'assistant'}]",19.732084,,019ff9bb-41c2-7eb1-bc34-a216f69e9b0d,0.0,1.0,0.1667,0.6065,0.0,1.0
Theodor Engel,015789643375,den ganzen Mittwoch,eine Reparatur eines defekten Rauchmelders,"[{'content': 'Guten Tag, Sie sprechen mit der digitalen Anruf-Assistentin von Surfers Immobilien. Wie kann ich Ihnen weiterhelfen? Was ist der Grund Ihres Anrufs?', 'role': 'assistant'}, {'content': 'Hallo, mein Name ist Theodor Engel und ich würde gerne einen Termin für eine Reparatur eines defekten Rauchmelders vereinbaren.', 'id': '80e114bd-d6a5-4476-8ab2-7bac91e20ddd', 'role': 'user'}, {'content': 'Für die Reparatur des Rauchmelders kann ich einen Termin unter dem Typ ""Reparatur"" für Sie buchen. Passt das für Sie?', 'id': 'ad1420fe-2789-426e-b8df-9e2fcd8c47c9', 'role': 'assistant'}, {'content': 'Ja, das passt.', 'id': 'lc_run--019ff9bb-7f0c-77a2-abac-d783bba86128-0', 'role': 'user'}, {'content': 'Gibt es ein bestimmtes Datum oder eine Uhrzeit, die Sie bevorzugen?', 'id': 'e1762e2b-11d7-418c-8e62-232b722332a4', 'role': 'assistant'}, {'content': 'Ich bin den ganzen Mittwoch erreichbar, Termine sind für mich nur am Mittwoch möglich.', 'id': 'lc_run--019ff9bb-8774-7710-9a9f-30b12a67c6d6-0', 'role': 'user'}, {'content': 'Am Mittwoch, den neunzehnten August zweitausendsechsundzwanzig sind leider keine Reparaturtermine verfügbar. Möchten Sie einen anderen Tag auswählen oder soll ich nach dem nächstmöglichen Termin suchen?', 'id': '1f482ff2-a774-4f8f-b574-c97fe7d6ff87', 'role': 'assistant'}, {'content': 'Bitte suchen Sie nach dem nächstmöglichen Termin an einem Mittwoch. Falls das nicht möglich ist, hätte ich gerne einen Rückruf von einem Mitarbeitenden.', 'id': 'lc_run--019ff9bb-9e86-7bf2-9c47-4f7cffe4513a-0', 'role': 'user'}, {'content': 'Auch am darauffolgenden Mittwoch, dem sechsundzwanzigsten August zweitausendsechsundzwanzig, ist kein Reparaturtermin verfügbar. Soll ich noch weitere Mittwoche prüfen oder wünschen Sie einen Rückruf?', 'id': '3cfb1ac2-d0b6-41aa-b11c-e9627fa664d9', 'role': 'assistant'}, {'content': 'Dann wünsche ich bitte einen Rückruf von einem Mitarbeitenden.', 'id': 'lc_run--019ff9bb-d658-72b0-8a00-3f5c652f5d31-0', 'role': 'user'}, {'content': 'Ich gebe Ihren Rückrufwunsch an unser Team weiter. Ein Mitarbeitender wird sich bei Ihnen melden. Vielen Dank für Ihren Anruf und einen schönen Tag noch!', 'id': '8cf0e42d-11b5-4a0c-9b92-deeccbe84761', 'role': 'assistant'}, {'content': 'Vielen Dank, Ihnen auch einen schönen Tag. Auf Wiederhören.', 'id': 'lc_run--019ff9bb-e5b7-72f2-87c4-40310ac3d9e0-0', 'role': 'user'}, {'content': 'Auf Wiederhören, Herr Engel. Alles Gute für Sie!', 'id': '29c7d2c1-d424-42cf-b442-7ca124be14c2', 'role': 'assistant'}, {'content': '', 'id': 'lc_run--019ff9bb-f1c5-7852-8ddf-d1a4bb30d547-0', 'role': 'user'}, {'content': 'Das Gespräch ist beendet. Falls Sie wieder Unterstützung benötigen, stehe ich Ihnen gerne zur Verfügung.', 'id': 'f266cfb5-3840-405c-8d64-0db3c36af5d0', 'role': 'assistant'}]",37.188358,,019ff9bb-6a2b-7682-9d00-d173191073cf,0.0,1.0,0.125,0.3247,0.0,1.0
Fritz Fuchs,015789643375,abends nach 18 Uhr,eine Kontrolle der Rauchmelderbatterien,"[{'content': 'Guten Tag, Sie sprechen mit der digitalen Anruf-Assistentin von Surfers Immobilien. Wie kann ich Ihnen weiterhelfen? Was ist der Grund für Ihren Anruf?', 'role': 'assistant'}, {'content': 'Hallo, mein Name ist Fritz Fuchs und ich würde gerne einen Termin für eine Kontrolle der Rauchmelderbatterien vereinbaren.', 'id': '45f1130a-3f5b-47ee-88a1-6990524e597e', 'role': 'user'}, {'content': 'Für eine Kontrolle der Rauchmelderbatterien passt am ehesten der Termin-Typ „Reparatur“. Möchten Sie diesen auswählen?', 'id': '62b0d20e-96b5-40f6-b1b4-45843e06682e', 'role': 'assistant'}, {'content': 'Ja, gerne. Nehmen wir den Termin-Typ „Reparatur“.', 'id': 'lc_run--019ff9bb-97b9-7860-920b-b86a94f6f3fe-0', 'role': 'user'}, {'content': 'Alles klar. Gibt es ein bestimmtes Datum oder eine Uhrzeit, die Sie bevorzugen?', 'id': '958ea596-3645-42ff-abbe-af984620a6bf', 'role': 'assistant'}, {'content': 'Ich kann Termine nur abends nach 18 Uhr wahrnehmen. Gibt es da etwas Passendes?', 'id': 'lc_run--019ff9bb-a165-7081-8d4e-ca0f5b227c0d-0', 'role': 'user'}, {'content': 'Im Moment sind leider keine Termine nach achtzehn Uhr verfügbar. Möchten Sie stattdessen einen Termin am frühen Abend oder an einem anderen Tag versuchen?', 'id': '1693308b-cee6-4bf0-ad34-be0f2694972f', 'role': 'assistant'}, {'content': 'Ich kann leider nur nach 18 Uhr. Dann würde ich gerne von einem Mitarbeitenden zurückgerufen werden, um das persönlich zu klären.', 'id': 'lc_run--019ff9bb-bf50-7632-81de-9e7f325b3ce7-0', 'role': 'user'}, {'content': 'Das ist notiert. Ein Mitarbeitender wird Sie zurückrufen, um einen passenden Termin zu finden. Vielen Dank für Ihren Anruf und einen schönen Tag noch!', 'id': 'dac8d199-89d4-4804-ab9b-8eb67629d032', 'role': 'assistant'}, {'content': 'Vielen Dank. Auf Wiederhören!', 'id': 'lc_run--019ff9bb-cd0b-77f3-ac78-7ad345737024-0', 'role': 'user'}, {'content': 'Auf Wiederhören und alles Gute!', 'id': 'd7a28f9e-73ed-4daa-abc3-429f55c2f8c5', 'role': 'assistant'}, {'content': '', 'id': 'lc_run--019ff9bb-d6df-7ac2-8c1c-a577622dec1e-0', 'role': 'user'}, {'content': 'Das Gespräch ist beendet. Falls Sie wieder einen Termin buchen möchten, stehe ich Ihnen gerne zur Verfügung.', 'id': '897e3fe9-1f76-4382-9d33-4ef926c8f578', 'role': 'assistant'}]",24.665815,,019ff9bb-7ef7-7ff3-980a-55acdfe9fd5b,0.0,1.0,0.1429,0.4376,0.0,0.0
Erwin Otto,015789643375,Montag von 9 Uhr bis 12 Uhr,eine Reparatur der Klimaanlage,"[{'content': 'Guten Tag, Sie sprechen mit der digitalen Anruf-Assistentin von Surfers Immobilien. Wie kann ich Ihnen weiterhelfen? Was ist der Grund Ihres Anrufs?', 'role': 'assistant'}, {'content': 'Hallo, mein Name ist Erwin Otto und ich würde gerne einen Termin für eine Reparatur der Klimaanlage vereinbaren.', 'id': '0da8be03-a674-433d-a136-bdef93d12d44', 'role': 'user'}, {'content': 'Für eine Reparatur gibt es einen passenden Termin-Typ. Möchten Sie einen Termin für ""Reparatur"" buchen?', 'id': '2252e2d0-78b3-4b5d-b933-c6376cb65c43', 'role': 'assistant'}, {'content': 'Ja, bitte.', 'id': 'lc_run--019ff9bb-a5b6-77b0-89f7-b8226f99cb53-0', 'role': 'user'}, {'content': 'Im Moment sind leider keine freien Termine für eine Reparatur in den nächsten sieben Tagen verfügbar. Möchten Sie, dass ich nach späteren Zeiträumen schaue?', 'id': '9611c7f6-93ff-424c-9f01-304443f40a59', 'role': 'assistant'}, {'content': 'Ja, bitte schauen Sie nach späteren Terminen.', 'id': 'lc_run--019ff9bb-b7c8-76b1-8243-ebe35d127226-0', 'role': 'user'}, {'content': 'Auch im Zeitraum ab dem einundzwanzigsten August bis zum vierten September sind keine freien Reparaturtermine verfügbar. Soll ich noch weiter in die Zukunft suchen?', 'id': '68e10d40-8a46-4ab2-8ba9-4f2a963c1a72', 'role': 'assistant'}, {'content': 'Ja, bitte. Ich kann allerdings nur montags zwischen 9 und 12 Uhr.', 'id': 'lc_run--019ff9bb-c970-7723-b3b7-b4409a590a65-0', 'role': 'user'}, {'content': 'Leider gibt es auch im September und Anfang Oktober keine verfügbaren Reparaturtermine an einem Montag zwischen neun und zwölf Uhr. Möchten Sie, dass ich noch weiter in die Zukunft schaue oder sollen wir eine andere Lösung finden?', 'id': '8ac6284b-47ed-4b57-9347-347bf441822d', 'role': 'assistant'}, {'content': 'Dann bitte ich um einen Rückruf von einem Mitarbeitenden, um das persönlich zu klären.', 'id': 'lc_run--019ff9bb-ddd6-72d1-b9d0-a7b65aa66e13-0', 'role': 'user'}, {'content': 'Ich gebe Ihren Rückrufwunsch weiter. Eine Mitarbeiterin oder ein Mitarbeiter wird sich bei Ihnen melden. Vielen Dank für Ihren Anruf und einen schönen Tag noch!', 'id': 'd21b0226-0c2d-4316-a6f3-e851c74e773d', 'role': 'assistant'}, {'content': 'Vielen Dank, ebenfalls einen schönen Tag. Auf Wiederhören.', 'id': 'lc_run--019ff9bb-ee53-7ce1-b4d0-e2ee30bb4c07-0', 'role': 'user'}, {'content': 'Auf Wiederhören, Herr Otto.', 'id': '19fd3680-4d62-45c2-bfc6-6420a0d643da', 'role': 'assistant'}, {'content': '', 'id': 'lc_run--019ff9bb-fa5c-72f3-b638-40e84d7809c2-0', 'role': 'user'}, {'content': 'Das Gespräch ist beendet. Wenn Sie wieder Unterstützung brauchen, stehe ich Ihnen gerne zur Verfügung.', 'id': 'eb7cdbd0-e1b7-42f9-a95e-7f7f754181a8', 'role': 'assistant'}]",29.837023,,019ff9bb-8ed7-7df2-aff5-5fce0c52b542,0.0,1.0,0.125,0.3247,1.0,0.0
Otto Heinrich,015789643375,immer montags und mittwochs,eine Reparatur der Kellertür,"[{'content': 'Guten Tag, Sie sprechen mit der digitalen Anruf-Assistentin von Surfers Immobilien. Wie kann ich Ihnen weiterhelfen? Was ist der Grund für Ihren Anruf?', 'role': 'assistant'}, {'content': 'Hallo, mein Name ist Otto Heinrich und ich würde gerne einen Termin für eine Reparatur der Kellertür vereinbaren.', 'id': 'c085c3ee-f830-444d-a3b9-adfceca8b079', 'role': 'user'}, {'content': 'Für eine Reparatur gibt es einen passenden Termin-Typ. Möchten Sie einen Termin für ""Reparatur"" buchen?', 'id': '50c5c8dc-5e9a-443d-ad24-bfdf5cc8aee7', 'role': 'assistant'}, {'content': 'Ja, gerne.', 'id': 'lc_run--019ff9bb-c3b7-7c91-a0a1-cfc87c5aec6a-0', 'role': 'user'}, {'content': 'Im Moment sind leider keine freien Zeiten für Reparatur-Termine in den nächsten sieben Tagen verfügbar. Möchten Sie, dass ich nach einem späteren Zeitraum schaue?', 'id': '6e17156f-bf0d-4356-8939-8b714d868f85', 'role': 'assistant'}, {'content': 'Ja, bitte schauen Sie nach einem späteren Zeitraum.', 'id': 'lc_run--019ff9bb-d79a-7351-b93a-4e90ba355456-0', 'role': 'user'}, {'content': 'Auch im späteren Zeitraum sind aktuell keine verfügbaren Reparatur-Termine im System. Soll ich Sie informieren, sobald wieder Termine frei sind, oder möchten Sie es zu einem anderen Zeitpunkt noch einmal versuchen?', 'id': '30296407-8ea4-44b2-a070-eaf9ff54d732', 'role': 'assistant'}, {'content': 'Dann hätte ich gerne einen Rückruf von einem Mitarbeitenden, um das persönlich zu klären.', 'id': 'lc_run--019ff9bb-ead6-7ca1-9b77-582c3ed64c99-0', 'role': 'user'}, {'content': 'Ich gebe Ihren Wunsch nach einem Rückruf an das Team weiter. Ein Mitarbeitender wird sich bei Ihnen melden. Vielen Dank für Ihren Anruf und einen schönen Tag noch!', 'id': '5d20bf99-db6b-4b3a-a106-63cfeae328f5', 'role': 'assistant'}, {'content': 'Vielen Dank, Ihnen auch einen schönen Tag. Auf Wiederhören.', 'id': 'lc_run--019ff9bb-fafd-7c42-a307-8d59b0a98749-0', 'role': 'user'}, {'content': 'Auf Wiederhören, Herr Heinrich.', 'id': 'c506c24e-75b4-429d-a4db-668e456bff4c', 'role': 'assistant'}, {'content': '', 'id': 'lc_run--019ff9bc-03ba-7b52-a26b-6e1838700a46-0', 'role': 'user'}, {'content': 'Das Gespräch ist nun beendet. Wenn Sie wieder Unterstützung benötigen, stehe ich Ihnen gerne zur Verfügung.', 'id': '43d3f597-9c46-4165-8828-5f0778837472', 'role': 'assistant'}]",23.477047,,019ff9bb-afd3-71e0-aed4-4af4330ef343,0.0,1.0,0.1429,0.4376,1.0,0.0
Walter Kuhn,015789643375,Montag und Mittwoch von 9 bis 12 Uhr,eine Beratung zur Umschreibung des Mietvertrags,"[{'content': 'Guten Tag, Sie sprechen mit der digitalen Anruf-Assistentin von Surfers Immobilien. Wie kann ich Ihnen weiterhelfen? Was ist der Grund für Ihren Anruf?', 'role': 'assistant'}, {'content': 'Hallo, mein Name ist Walter Kuhn und ich würde gerne einen Termin für eine Beratung zur Umschreibung des Mietvertrags vereinbaren.', 'id': 'a215d014-bb1e-4ffd-ad53-ef464c603fd1', 'role': 'user'}, {'content': 'Alles klar, Herr Kuhn. Ich helfe Ihnen gern dabei. Einen Moment, ich prüfe, welche Beratungsarten zur Auswahl stehen. Könnten Sie mir bitte sagen, ob es sich um eine persönliche Beratung vor Ort oder um ein Telefonat handeln soll?', 'id': '1f1a9a1c-d435-4e63-bdec-bd632b16a0ca', 'role': 'assistant'}, {'content': 'Gerne ein Telefonat, bitte.', 'id': 'lc_run--019ff9bb-eb83-7653-a36d-9dd9be602971-0', 'role': 'user'}, {'content': 'Für Ihr Anliegen zur Umschreibung des Mietvertrags kommen zwei Beratungsarten infrage: „Allgemeine Anfragen“ oder „Besprechung von Dokumenten“. Möchten Sie lieber einen Termin für eine allgemeine Anfrage oder für die Besprechung von Dokumenten buchen?', 'id': '0b0de972-7d9b-4f86-b613-006bd359bcc4', 'role': 'assistant'}, {'content': 'Dann bitte „Allgemeine Anfragen“.', 'id': 'lc_run--019ff9bc-033b-7b61-bcb8-f249cf010418-0', 'role': 'user'}, {'content': 'Alles klar, Herr Kuhn. Damit ich den Termin für Sie buchen kann, benötige ich bitte noch Ihre E-Mail-Adresse. Wie lautet diese?', 'id': '631292ef-1282-4533-b19b-54f14ea2f0fa', 'role': 'assistant'}, {'content': 'Ich habe gerade keine E-Mail-Adresse zur Hand. Können wir den Termin auch telefonisch vereinbaren?', 'id': 'lc_run--019ff9bc-0eec-7913-803d-1fc6e6c47924-0', 'role': 'user'}, {'content': 'Das ist kein Problem, Herr Kuhn. Wir können den Termin auch ohne E-Mail-Adresse buchen. Damit ich Sie für das Telefonat eintragen kann, benötige ich bitte Ihre Telefonnummer. Könnten Sie mir diese einmal durchgeben?', 'id': '091a60dc-d2d0-418d-9b70-1d6aa2dc8560', 'role': 'assistant'}, {'content': 'Ja, meine Telefonnummer ist 015789643375.', 'id': 'lc_run--019ff9bc-1db1-7173-8194-672dd1524798-0', 'role': 'user'}, {'content': 'Im Moment sind leider keine freien Zeiten für „Allgemeine Anfragen“ in den nächsten sieben Tagen verfügbar. Möchten Sie, dass ich nach einem späteren Zeitraum schaue oder bevorzugen Sie einen anderen Beratungstyp?', 'id': '593f4899-4fd1-4d22-b851-b4172e08dd2b', 'role': 'assistant'}, {'content': 'Bitte schauen Sie nach einem späteren Zeitraum. Ich bin montags und mittwochs von 9 bis 12 Uhr erreichbar.', 'id': 'lc_run--019ff9bc-2e86-73a2-9dde-6a7b697e7c85-0', 'role': 'user'}, {'content': 'Leider gibt es auch in den kommenden Wochen montags oder mittwochs zwischen neun und zwölf Uhr keine freien Termine für „Allgemeine Anfragen“. Möchten Sie, dass ich nach anderen Tagen oder Uhrzeiten suche?', 'id': '9ac15a31-20a8-4345-82ba-19981359caf2', 'role': 'assistant'}, {'content': 'Nein, leider kann ich nur montags und mittwochs von 9 bis 12 Uhr. Könnte mich bitte ein Mitarbeitender zurückrufen, um das Anliegen zu klären oder persönlich einen Termin zu vereinbaren?', 'id': 'lc_run--019ff9bc-48de-7191-b7d0-95d04915b1d9-0', 'role': 'user'}, {'content': 'Das ist notiert, Herr Kuhn. Ein Mitarbeitender wird Sie unter der von Ihnen angegebenen Nummer zurückrufen, um Ihr Anliegen persönlich zu besprechen oder einen Termin zu vereinbaren. Vielen Dank für Ihren Anruf und einen schönen Tag für Sie!', 'id': 'baf7202b-04b8-45ca-a57d-c1a738b3761b', 'role': 'assistant'}, {'content': 'Vielen Dank. Ihnen auch einen schönen Tag. Auf Wiederhören.', 'id': 'lc_run--019ff9bc-5e91-7c22-9328-d3cf4372dfed-0', 'role': 'user'}, {'content': 'Auf Wiederhören, Herr Kuhn. Alles Gute für Sie!', 'id': 'bb966924-9a48-4ef5-af40-d7de3825d2b6', 'role': 'assistant'}, {'content': '', 'id': 'lc_run--019ff9bc-689a-72a2-a24d-16925623d779-0', 'role': 'user'}, {'content': 'Das Gespräch ist beendet. Wenn Sie wieder einen Termin benötigen, stehe ich Ihnen gern zur Verfügung. Auf Wiederhören!', 'id': 'c7589a7f-19fd-423f-924f-c5e07905d05e', 'role': 'assistant'}]",39.029099,,019ff9bb-df52-7f03-b046-a0ab5d23ed4d,1.0,1.0,0.1,0.1979,0.0,0.0
Ida Krämer,015789643375,Mittwoch von 8 Uhr bis 10 Uhr,eine Besichtigung eines Gartenanteils,"[{'content': 'Guten Tag, Sie sprechen mit der digitalen Anruf-Assistentin von Surfers Immobilien. Wie kann ich Ihnen weiterhelfen? Was ist der Grund für Ihren Anruf?', 'role': 'assistant'}, {'content': 'Hallo, mein Name ist Ida Krämer und ich würde gerne einen Termin für eine Besichtigung eines Gartenanteils vereinbaren.', 'id': 'c053895d-7064-4783-8e57-81b18645dbbc', 'role': 'user'}, {'content': 'Für Besichtigungen gibt es aktuell keinen eigenen Termin-Typ. Möchten Sie den Termin als „Allgemeine Anfrage“ buchen? Das wäre die passendste Option.', 'id': '0719d8c3-ed82-47b6-aa23-535af1a7a917', 'role': 'assistant'}, {'content': 'Ja, gerne. Das passt.', 'id': 'lc_run--019ff9bc-1283-7371-a7bf-1e229adc153c-0', 'role': 'user'}, {'content': 'Im Moment sind leider keine freien Zeiten für diesen Termin-Typ verfügbar. Möchten Sie, dass ich nach einem anderen Zeitraum suche oder möchten Sie es zu einem späteren Zeitpunkt noch einmal versuchen?', 'id': '89b77b4e-0b47-48b6-af6e-1c9ea777fa87', 'role': 'assistant'}, {'content': 'Könnte mich bitte ein Mitarbeitender zurückrufen, um das persönlich zu klären?', 'id': 'lc_run--019ff9bc-26ff-7e03-9ff3-b488a7336298-0', 'role': 'user'}, {'content': 'Natürlich, ich gebe Ihren Rückrufwunsch weiter. Ein Mitarbeitender von Surfers Immobilien wird sich bei Ihnen melden. Vielen Dank für Ihren Anruf und einen schönen Tag noch!', 'id': 'abf22ad4-ac9a-4f60-b1c0-3f3835c853fa', 'role': 'assistant'}, {'content': 'Vielen Dank. Ihnen auch einen schönen Tag. Auf Wiederhören.', 'id': 'lc_run--019ff9bc-34f5-7bd0-8180-f72725a9120d-0', 'role': 'user'}, {'content': 'Auf Wiederhören, Frau Krämer. Alles Gute für Sie!', 'id': '5aa771b4-0387-46d9-82df-f8d31552f8bd', 'role': 'assistant'}, {'content': '', 'id': 'lc_run--019ff9bc-41ba-7ec1-ab16-13519c98171a-0', 'role': 'user'}, {'content': 'Die Verbindung wird nun beendet. Falls Sie wieder Unterstützung benötigen, melden Sie sich gerne erneut. Auf Wiederhören!', 'id': '76ac05e2-3bb7-4bcf-a15d-8ce45cd220c6', 'role': 'assistant'}]",21.924055,,019ff9bb-fb71-7902-8a52-f5e472b035e6,0.0,1.0,0.1667,0.6065,0.0,0.0
Lucia Barak,015789643375,Montag von 10 Uhr bis 13 Uhr,eine Wohnungsbesichtigung,"[{'content': 'Guten Tag, Sie sprechen mit der digitalen Anruf-Assistentin von Surfers Immobilien. Wie kann ich Ihnen weiterhelfen? Was ist der Grund für Ihren Anruf?', 'role': 'assistant'}, {'content': 'Hallo, mein Name ist Lucia Barak und ich würde gerne einen Termin für eine Wohnungsbesichtigung vereinbaren.', 'id': 'e62edd07-9223-45ec-8cea-f0a9ad2dbe2b', 'role': 'user'}, {'content': 'Für eine Wohnungsbesichtigung habe ich aktuell die Auswahl zwischen „Allgemeine Anfragen“, „Reparatur“, „Beschwerde“ oder „Besprechung von Dokumenten“. Möchten Sie den Termin unter „Allgemeine Anfragen“ buchen, oder passt eine der anderen Optionen besser?', 'id': '8eba8b02-f148-46d6-9742-5672c2e22cd2', 'role': 'assistant'}, {'content': 'Ja, bitte unter „Allgemeine Anfragen“.', 'id': 'lc_run--019ff9bc-1a1d-77c2-a760-be889c0f8746-0', 'role': 'user'}, {'content': 'Alles klar, ich buche den Termin als „Allgemeine Anfrage“. Gibt es ein bestimmtes Datum oder eine Uhrzeit, die Ihnen für die Besichtigung besonders gut passt?', 'id': 'e3f11417-0a21-460f-864e-a1208c4953e9', 'role': 'assistant'}, {'content': 'Ich bin montags zwischen 10 und 13 Uhr verfügbar. In diesem Zeitraum würde es mir gut passen.', 'id': 'lc_run--019ff9bc-2252-7e21-a56b-0999414da631-0', 'role': 'user'}, {'content': 'Am kommenden Montag zwischen zehn und dreizehn Uhr ist leider kein Termin verfügbar. Möchten Sie einen anderen Montag probieren oder passt Ihnen auch ein anderer Tag?', 'id': '953b12d6-7506-496f-aaab-25ed522dd838', 'role': 'assistant'}, {'content': 'Ich kann leider nur montags zwischen 10 und 13 Uhr. Können Sie bitte einen anderen Montag in diesem Zeitraum prüfen?', 'id': 'lc_run--019ff9bc-47d7-71f2-99d1-4109afff0531-0', 'role': 'user'}, {'content': 'Leider ist auch am Montag, den einunddreißigsten August, zwischen zehn und dreizehn Uhr kein Termin frei. Soll ich noch weitere Montage prüfen oder möchten Sie eine andere Zeitspanne angeben?', 'id': '97c76e2f-5505-465e-8336-029063ff9864', 'role': 'assistant'}, {'content': 'Bitte prüfen Sie noch weitere Montage zwischen 10 und 13 Uhr.', 'id': 'lc_run--019ff9bc-66bc-7130-9000-38ab87d6ff8c-0', 'role': 'user'}, {'content': 'Auch an den Montagen, siebter, vierzehnter und einundzwanzigster September, ist zwischen zehn und dreizehn Uhr kein Termin verfügbar. Möchten Sie, dass ich noch weiter in die Zukunft prüfe?', 'id': '80e32060-3577-4d8c-a35e-86ab54197805', 'role': 'assistant'}, {'content': 'Wenn in diesem Zeitraum kein Termin verfügbar ist, würde ich gerne von einem Mitarbeitenden zurückgerufen werden, um das persönlich zu klären.', 'id': 'lc_run--019ff9bc-7ebc-7a81-8e39-5404bee0da18-0', 'role': 'user'}, {'content': 'Das ist notiert. Ich gebe Ihren Rückrufwunsch weiter, damit sich jemand persönlich bei Ihnen meldet. Einen schönen Tag noch!', 'id': 'd2d4f863-a568-43c4-a27d-4f0db7b121b6', 'role': 'assistant'}, {'content': 'Vielen Dank, Ihnen auch einen schönen Tag. Auf Wiederhören.', 'id': 'lc_run--019ff9bc-8d72-7d23-828b-528fa025aa7b-0', 'role': 'user'}, {'content': 'Auf Wiederhören, Frau Barak. Alles Gute für Sie!', 'id': 'ba91b962-6697-48b4-844c-1943cef69910', 'role': 'assistant'}, {'content': '', 'id': 'lc_run--019ff9bc-9698-7e81-ad44-17967176f744-0', 'role': 'user'}, {'content': 'Die Verbindung ist nun beendet. Falls Sie wieder einen Termin buchen möchten, stehe ich Ihnen gerne zur Verfügung.', 'id': '0c1bfa85-83c2-4d7a-b167-93bcafa55325', 'role': 'assistant'}]",40.868896,,019ff9bc-0365-7fb2-a99e-bbe0e55a0c44,0.0,1.0,0.0,0.0111,1.0,0.0
Bernhard Stein,015789643375,den ganzen Mittwoch,eine Besichtigung des Gartens,"[{'content': 'Guten Tag, Sie sprechen mit der digitalen Anruf-Assistentin von Surfers Immobilien. Wie kann ich Ihnen weiterhelfen? Was ist der Grund für Ihren Anruf?', 'role': 'assistant'}, {'content': 'Hallo, mein Name ist Bernhard Stein und ich würde gerne einen Termin für eine Besichtigung des Gartens vereinbaren.', 'id': 'b71585ea-bb4b-4587-9aff-6127157fcb49', 'role': 'user'}, {'content': 'Für eine Gartenbesichtigung gibt es aktuell keinen eigenen Termin-Typ. Am besten passt hier der Termin für „Allgemeine Anfragen“. Möchten Sie diesen Termin für Ihre Gartenbesichtigung nutzen?', 'id': 'd657d883-ffe9-43a5-a235-1ba9f07645dc', 'role': 'assistant'}, {'content': 'Ja, gerne. Das passt für mich.', 'id': 'lc_run--019ff9bc-1fff-76d3-bcf4-aece5e60e565-0', 'role': 'user'}, {'content': 'Alles klar, Herr Stein. Gibt es ein bestimmtes Datum oder eine Uhrzeit, die Sie bevorzugen?', 'id': 'd83a43fe-1341-4f5c-b1ce-7b6ef7ccb37e', 'role': 'assistant'}, {'content': 'Ich bin den ganzen Mittwoch erreichbar und kann nur am Mittwoch Termine wahrnehmen.', 'id': 'lc_run--019ff9bc-28ca-7542-88a0-4076ea831c03-0', 'role': 'user'}, {'content': 'Gut, Sie möchten am Mittwoch, den neunzehnten August, zweitausendsechsundzwanzig einen Termin. Gibt es eine Uhrzeit, die Ihnen besonders gut passt, oder sind Sie flexibel?', 'id': '2daee90e-67c0-4d2f-aad4-2420f4c3594f', 'role': 'assistant'}, {'content': 'Ich bin am Mittwoch zeitlich flexibel.', 'id': 'lc_run--019ff9bc-3af6-7022-a57e-aeaff2d86642-0', 'role': 'user'}, {'content': 'Am Mittwoch, den neunzehnten August, zweitausendsechsundzwanzig sind leider keine freien Termine verfügbar. Möchten Sie einen anderen Tag auswählen oder soll ich nach dem nächstmöglichen Termin suchen?', 'id': '0d514406-275f-4955-aa54-a564ee16ea57', 'role': 'assistant'}, {'content': 'Ich kann leider nur mittwochs. Wenn kein Termin möglich ist, bitte ich um einen Rückruf durch einen Mitarbeitenden.', 'id': 'lc_run--019ff9bc-4f1f-7103-8e47-ac1e3febc349-0', 'role': 'user'}, {'content': 'Das ist notiert. Ein Mitarbeitender wird Sie zurückrufen, um Ihr Anliegen zu klären. Vielen Dank für Ihren Anruf und einen angenehmen Tag für Sie.', 'id': '37e1a266-8556-4dc3-8286-96e99fb71d33', 'role': 'assistant'}, {'content': 'Vielen Dank, auf Wiederhören.', 'id': 'lc_run--019ff9bc-605e-7003-86c3-c6a9b2bc6c59-0', 'role': 'user'}, {'content': 'Auf Wiederhören, Herr Stein. Alles Gute für Sie!', 'id': '287477b0-4535-4506-a57f-43bf1c24243a', 'role': 'assistant'}, {'content': '', 'id': 'lc_run--019ff9bc-699d-75b1-95df-9bf4f0c94521-0', 'role': 'user'}, {'content': 'Das Gespräch ist beendet. Wenn Sie wieder einen Termin buchen möchten, stehe ich Ihnen gerne zur Verfügung. Auf Wiederhören!', 'id': '4b675c82-7ca0-479b-9019-06490296bdb9', 'role': 'assistant'}]",26.068356,,019ff9bc-0b89-7c02-bcb6-9808936335a7,0.0,1.0,0.125,0.3247,1.0,1.0
Holger Meier,015789643375,den ganzen Mittwoch,eine Reparatur der Fenster im Wohnzimmer,"[{'content': 'Guten Tag, Sie sprechen mit der digitalen Anruf-Assistentin von Surfers Immobilien. Wie kann ich Ihnen weiterhelfen? Was ist der Grund Ihres Anrufs?', 'role': 'assistant'}, {'content': 'Hallo, mein Name ist Holger Meier und ich würde gerne einen Termin für eine Reparatur der Fenster im Wohnzimmer vereinbaren.', 'id': '70373f5e-dad8-4104-8e4a-81304b747d0f', 'role': 'user'}, {'content': 'Für eine Reparatur gibt es einen passenden Termin-Typ. Möchten Sie einen Termin für ""Reparatur"" buchen?', 'id': 'e05c85ef-6e0d-4066-9f74-3d9e09241e75', 'role': 'assistant'}, {'content': 'Ja, bitte.', 'id': 'lc_run--019ff9bc-675d-7a12-8067-a6cb3067db76-0', 'role': 'user'}, {'content': 'Im Moment sind leider keine freien Termine für eine Reparatur in den nächsten sieben Tagen verfügbar. Möchten Sie, dass ich nach späteren Zeiträumen schaue?', 'id': '69f67cab-d34c-46cd-ade1-e59e8c44c521', 'role': 'assistant'}, {'content': 'Ja, bitte schauen Sie auch nach späteren Terminen.', 'id': 'lc_run--019ff9bc-7663-7552-87f9-85d6984136c7-0', 'role': 'user'}, {'content': 'Auch in den nächsten vier Wochen sind leider keine Reparatur-Termine frei. Möchten Sie, dass ich noch weiter in die Zukunft schaue, oder möchten Sie lieber einen Rückruf vereinbaren?', 'id': '7a84c00e-56e5-42e8-988e-47c00b207c10', 'role': 'assistant'}, {'content': 'Dann würde ich gerne einen Rückruf vereinbaren.', 'id': 'lc_run--019ff9bc-9530-7f93-98b2-3ced5a6a7a71-0', 'role': 'user'}, {'content': 'Kein Problem. Zu welcher Uhrzeit und an welchem Tag passt Ihnen ein Rückruf am besten?', 'id': '96dd5da7-91f3-40db-acf8-60d27b37d386', 'role': 'assistant'}, {'content': 'Am Mittwoch bin ich den ganzen Tag erreichbar.', 'id': 'lc_run--019ff9bc-9e4c-7753-9696-1e6ad51a3929-0', 'role': 'user'}, {'content': 'Alles klar, ich notiere Mittwoch als Rückruf-Tag. Könnten Sie mir bitte noch Ihre Telefonnummer nennen, unter der Sie erreichbar sind?', 'id': '9e2d27ff-8a8d-48f7-a803-7d473f4bc0a7', 'role': 'assistant'}, {'content': 'Ja, meine Telefonnummer ist 015789643375.', 'id': 'lc_run--019ff9bc-a8a5-7c73-8c9a-d26208e16e36-0', 'role': 'user'}, {'content': 'Danke. Möchten Sie noch eine alternative Nummer angeben oder reicht diese eine Telefonnummer für den Rückruf?', 'id': '022a7cad-2b28-491d-902c-09ba006c9ef4', 'role': 'assistant'}, {'content': 'Diese eine Telefonnummer reicht aus, danke.', 'id': 'lc_run--019ff9bc-b043-7d50-ac1d-138126c1a6f6-0', 'role': 'user'}, {'content': 'Ihr Rückruf wird am Mittwoch unter der Nummer null eins fünf sieben acht neun sechs vier drei drei sieben fünf eingeplant. Sie werden dann von uns kontaktiert. Einen schönen Tag noch!', 'id': '84f1dec8-f653-45d4-a389-3f82b1f6476a', 'role': 'assistant'}, {'content': 'Vielen Dank, Ihnen auch einen schönen Tag. Auf Wiederhören!', 'id': 'lc_run--019ff9bc-bd96-7c11-b9c8-8d4fcee8007e-0', 'role': 'user'}, {'content': 'Auf Wiederhören und alles Gute!', 'id': '18fea57c-27c1-4662-a497-a1006f7f414c', 'role': 'assistant'}, {'content': '', 'id': 'lc_run--019ff9bc-c7dd-7d60-a597-df4c14711c84-0', 'role': 'user'}, {'content': 'Die Verbindung wird nun beendet. Falls Sie wieder Unterstützung benötigen, stehe ich Ihnen gerne zur Verfügung.', 'id': '22150ef3-257c-493c-a95f-4efabb220b4f', 'role': 'assistant'}]",32.660523,,019ff9bc-5116-7fd2-b574-b1ce87e4e5e9,1.0,1.0,0.1,0.1979,0.0,1.0
Anna Herrmann,015789643375,den ganzen Mittwoch,eine Wohnungsabnahme,"[{'content': 'Guten Tag, Sie sprechen mit der digitalen Anruf-Assistentin von Surfers Immobilien. Wie kann ich Ihnen weiterhelfen? Was ist der Grund Ihres Anrufs?', 'role': 'assistant'}, {'content': 'Hallo, mein Name ist Anna Herrmann und ich würde gerne einen Termin für eine Wohnungsabnahme vereinbaren.', 'id': '252151ea-e820-46d6-9732-157db72bee20', 'role': 'user'}, {'content': 'Für eine Wohnungsabnahme gibt es aktuell keinen eigenen Termin-Typ. Am ehesten passt „Allgemeine Anfragen“. Möchten Sie diesen Termin-Typ für Ihre Wohnungsabnahme nutzen?', 'id': '1a2eadcb-41c8-4b5c-9ea5-646b5b436862', 'role': 'assistant'}, {'content': 'Ja, das passt. Bitte nehmen Sie „Allgemeine Anfragen“ für die Wohnungsabnahme.', 'id': 'lc_run--019ff9bc-850f-7ec2-9126-815eff2825b9-0', 'role': 'user'}, {'content': 'Alles klar, Frau Herrmann. Gibt es ein bestimmtes Datum oder eine Uhrzeit, die Sie bevorzugen?', 'id': '05b93d7d-1566-4fdb-b83d-56c4e83298d9', 'role': 'assistant'}, {'content': 'Ich bin den ganzen Mittwoch erreichbar und kann auch nur am Mittwoch Termine wahrnehmen.', 'id': 'lc_run--019ff9bc-8f2d-72a3-baf2-da752e6e163a-0', 'role': 'user'}, {'content': 'Am Mittwoch, den neunzehnten August zweitausendsechsundzwanzig, sind leider keine freien Zeiten verfügbar. Möchten Sie einen anderen Tag auswählen oder soll ich nach dem nächstmöglichen Termin suchen?', 'id': '90e213a1-50a8-4d5a-8ff5-01da79565c52', 'role': 'assistant'}, {'content': 'Bitte suchen Sie nach dem nächstmöglichen Termin an einem Mittwoch.', 'id': 'lc_run--019ff9bc-a547-7652-8e43-11a87eba8932-0', 'role': 'user'}, {'content': 'Auch am Mittwoch, dem zweiten September zweitausendsechsundzwanzig, gibt es keine freien Zeiten. Möchten Sie, dass ich weiter die nächsten Mittwoche prüfe, oder möchten Sie einen anderen Wochentag in Betracht ziehen?', 'id': '682dd499-0ed0-4da8-8ee2-0809f11d907d', 'role': 'assistant'}, {'content': 'Bitte prüfen Sie gerne weiter die nächsten Mittwoche. Ich kann leider nur mittwochs.', 'id': 'lc_run--019ff9bc-c5aa-71c3-915b-2c0363e0c9e7-0', 'role': 'user'}, {'content': 'Auch am Mittwoch, dem sechzehnten September zweitausendsechsundzwanzig, ist nichts frei. Soll ich noch weitere Mittwoche prüfen?', 'id': '0b74c911-7a6e-4ad3-9d6f-72ba4f2a90ea', 'role': 'assistant'}, {'content': 'Ja, bitte prüfen Sie noch weitere Mittwoche.', 'id': 'lc_run--019ff9bc-e02f-7650-a213-8bb0eb38c025-0', 'role': 'user'}, {'content': 'Am Mittwoch, dem dreißigsten September zweitausendsechsundzwanzig, sind ebenfalls keine Termine verfügbar. Möchten Sie, dass ich noch weiter prüfe, oder möchten Sie vielleicht doch einen anderen Wochentag versuchen?', 'id': '759021c7-3e7d-4e9d-b31c-6edad27eb8ff', 'role': 'assistant'}, {'content': 'Dann bitte ich gerne um einen Rückruf von einem Mitarbeitenden, damit wir persönlich einen Mittwochstermin vereinbaren können.', 'id': 'lc_run--019ff9bc-f744-7ff0-9ead-ab3acea28e06-0', 'role': 'user'}, {'content': 'Das ist kein Problem. Ich gebe Ihren Rückrufwunsch weiter, damit sich ein Mitarbeitender persönlich mit Ihnen in Verbindung setzt und einen passenden Mittwochstermin vereinbart. Vielen Dank für Ihren Anruf und einen schönen Tag!', 'id': 'be1d1834-273f-4379-9b98-468c761040e6', 'role': 'assistant'}, {'content': 'Vielen Dank. Ihnen auch einen schönen Tag, auf Wiederhören.', 'id': 'lc_run--019ff9bd-0d3c-7ab2-802d-e115a6410a99-0', 'role': 'user'}, {'content': 'Auf Wiederhören, Frau Herrmann. Alles Gute!', 'id': 'c41fabd5-9a40-401f-88b0-c290617f039c', 'role': 'assistant'}, {'content': '', 'id': 'lc_run--019ff9bd-17f0-7fe0-bd76-324f94e4d3e8-0', 'role': 'user'}, {'content': 'Falls Sie noch etwas benötigen, können Sie sich jederzeit melden. Auf Wiederhören!', 'id': 'a3dae13b-f3f8-4d48-b397-cd9197d5dbfc', 'role': 'assistant'}]",44.505861,,019ff9bc-715f-7aa0-b0a3-3f5a6c3e01fb,0.0,1.0,0.1,0.1979,1.0,1.0
Andreas Schulz,015789643375,nur vormittags unter der Woche,eine Besprechung zur Kündigung des Mietvertrags,"[{'content': 'Guten Tag, Sie sprechen mit der digitalen Anruf-Assistentin von Surfers Immobilien. Wie kann ich Ihnen weiterhelfen? Was ist der Grund Ihres Anrufs?', 'role': 'assistant'}, {'content': 'Hallo, mein Name ist Andreas Schulz und ich würde gerne einen Termin für eine Besprechung zur Kündigung des Mietvertrags vereinbaren.', 'id': '10096a72-b7d7-4be5-9f8e-ecf2f2523c67', 'role': 'user'}, {'content': 'Für eine Besprechung zur Kündigung des Mietvertrags passt am besten der Termin „Besprechung von Dokumenten“. Möchten Sie diesen Termin buchen?', 'id': '8bbf8b93-d7f4-43fa-a2e5-3c83f4d9ea8f', 'role': 'assistant'}, {'content': 'Ja, gerne. Bitte buchen Sie den Termin „Besprechung von Dokumenten“.', 'id': 'lc_run--019ff9bc-8aa5-7a21-93ad-5148ac9db15c-0', 'role': 'user'}, {'content': 'Im Moment sind leider keine freien Termine für die „Besprechung von Dokumenten“ verfügbar. Möchten Sie, dass ich nach einem anderen Termin schaue oder Sie informiere, sobald wieder etwas frei ist?', 'id': '6260536d-6e46-4958-83e1-dd28bbe5528e', 'role': 'assistant'}, {'content': 'Könnte mich bitte ein Mitarbeitender zurückrufen, damit wir mein Anliegen klären oder persönlich einen Termin vereinbaren können?', 'id': 'lc_run--019ff9bc-9d80-75a0-b846-d2a41b8cc804-0', 'role': 'user'}, {'content': 'Natürlich, ich gebe Ihr Anliegen weiter. Ein Mitarbeitender wird Sie zurückrufen, um alles persönlich zu besprechen und einen passenden Termin zu finden.\n\nVielen Dank für Ihren Anruf. Auf Wiederhören!', 'id': '5813e932-3828-4f4f-bc3d-5690ac0dc4eb', 'role': 'assistant'}, {'content': 'Vielen Dank, auf Wiederhören.', 'id': 'lc_run--019ff9bc-aa7a-78e3-8464-82a7f31bf845-0', 'role': 'user'}, {'content': 'Sehr gerne. Einen schönen Tag noch und auf Wiederhören!', 'id': '50da936e-787a-4274-b54d-7769bd1c9090', 'role': 'assistant'}, {'content': '', 'id': 'lc_run--019ff9bc-b1df-78b0-b25f-92d85a98b8ed-0', 'role': 'user'}, {'content': 'Falls Sie noch weitere Fragen haben, stehe ich Ihnen gerne zur Verfügung. Auf Wiederhören!', 'id': '245d5cd2-0e43-4bf5-8dba-a1637eac0f92', 'role': 'assistant'}]",18.628434,,019ff9bc-77c8-7ef3-b6c9-f32b36bd025d,0.0,1.0,0.1667,0.6065,0.0,0.0
Nadine Meyer,015789643375,Mittwoch von 10 Uhr bis 13 Uhr,eine Reparatur des Aufzugs,"[{'content': 'Guten Tag, Sie sprechen mit der digitalen Anruf-Assistentin von Surfers Immobilien. Wie kann ich Ihnen weiterhelfen? Was ist der Grund Ihres Anrufs?', 'role': 'assistant'}, {'content': 'Hallo, mein Name ist Nadine Meyer und ich würde gerne einen Termin für eine Reparatur des Aufzugs vereinbaren.', 'id': '9befc658-dced-4093-b27c-eb32fc315fe2', 'role': 'user'}, {'content': 'Für eine Reparatur gibt es einen passenden Termin-Typ. Darf ich für Sie einen Reparatur-Termin buchen?', 'id': '1f0cc992-fc3a-4a57-b2e0-48965b8809c9', 'role': 'assistant'}, {'content': 'Ja, gerne.', 'id': 'lc_run--019ff9bc-b6d3-71e3-ae27-f184921c0f6a-0', 'role': 'user'}, {'content': 'Im Moment sind leider keine freien Zeiten für einen Reparatur-Termin in den nächsten sieben Tagen verfügbar. Möchten Sie, dass ich nach späteren Terminen schaue?', 'id': 'f1a8f092-5d84-4f35-b8c3-ef40ced556a1', 'role': 'assistant'}, {'content': 'Ja, bitte schauen Sie nach späteren Terminen.', 'id': 'lc_run--019ff9bc-c830-7ca2-bc49-7f35819f1053-0', 'role': 'user'}, {'content': 'Auch ab dem einundzwanzigsten August sind aktuell keine freien Reparatur-Termine verfügbar. Möchten Sie, dass ich noch weiter in die Zukunft schaue, oder möchten Sie lieber einen Rückruf vereinbaren?', 'id': 'fdeb6086-d217-40ac-a9d2-b4f0267512a7', 'role': 'assistant'}, {'content': 'Dann würde ich gerne einen Rückruf vereinbaren, bitte.', 'id': 'lc_run--019ff9bc-daf9-76a0-9391-d0d009e40137-0', 'role': 'user'}, {'content': 'Kein Problem. Für den Rückruf benötige ich bitte Ihre Telefonnummer. Könnten Sie mir diese einmal durchgeben?', 'id': '1886664c-2006-4c9a-9b93-604997207ee8', 'role': 'assistant'}, {'content': 'Meine Telefonnummer ist 015789643375.', 'id': 'lc_run--019ff9bc-e3ed-79c3-853a-dd35fd5bc00e-0', 'role': 'user'}, {'content': 'Danke. Zu welcher Uhrzeit passt Ihnen ein Rückruf am besten?', 'id': '28c3a35b-2c04-4db5-905d-dd71a4bde8dc', 'role': 'assistant'}, {'content': 'Am Mittwoch bin ich zwischen 10 Uhr und 13 Uhr erreichbar.', 'id': 'lc_run--019ff9bc-ec90-7122-bae2-6badc34fa12a-0', 'role': 'user'}, {'content': 'Alles klar. Ich kann den Rückruf für Mittwoch, den neunzehnten August, zwischen zehn Uhr und dreizehn Uhr einplanen. Gibt es eine bestimmte Uhrzeit, die Ihnen besonders gut passt, oder soll ich einfach einen Rückruf innerhalb dieses Zeitfensters organisieren?', 'id': 'b8de97bf-0ae0-44c8-ab80-307ed26d11b3', 'role': 'assistant'}, {'content': 'Ein Rückruf innerhalb dieses Zeitfensters passt gut.', 'id': 'lc_run--019ff9bd-1760-73f0-94e1-5f32158d4768-0', 'role': 'user'}, {'content': 'Für den Rückruf benötige ich noch Ihre E-Mail-Adresse. Könnten Sie mir diese bitte nennen?', 'id': '1da87a45-cffc-463b-8e9e-689d0f967cf3', 'role': 'assistant'}, {'content': 'Eine E-Mail-Adresse möchte ich ungern angeben. Reicht die Telefonnummer für den Rückruf aus?', 'id': 'lc_run--019ff9bd-2763-7f20-8192-69e339d83e4d-0', 'role': 'user'}, {'content': 'Leider ist die E-Mail-Adresse für die Terminbuchung zwingend erforderlich. Ohne diese kann ich den Rückruf nicht im System eintragen. Möchten Sie den Vorgang abbrechen oder doch eine E-Mail-Adresse angeben?', 'id': '2545a2c7-a8ed-4822-bd7a-3f4024040113', 'role': 'assistant'}, {'content': 'Dann brechen Sie den Vorgang bitte ab. Bitte vermerken Sie, dass ich gerne telefonisch von einem Mitarbeitenden zurückgerufen werden möchte.', 'id': 'lc_run--019ff9bd-34e6-7db2-af2c-77aea1565d8a-0', 'role': 'user'}, {'content': 'Alles klar, ich breche den Vorgang ab. Ihr Wunsch nach einem telefonischen Rückruf wird weitergegeben. Sie werden von einem Mitarbeitenden kontaktiert. Einen schönen Tag noch!', 'id': '570c4608-9dbe-49e9-a849-a1f97274a0c4', 'role': 'assistant'}, {'content': 'Vielen Dank. Ihnen auch einen schönen Tag. Auf Wiederhören.', 'id': 'lc_run--019ff9bd-4e9f-76a0-8e12-f912f8efc944-0', 'role': 'user'}, {'content': 'Auf Wiederhören, Frau Meyer. Alles Gute für Sie!', 'id': '35b14d8c-25d1-4d50-892f-9e1548d471dc', 'role': 'assistant'}, {'content': '', 'id': 'lc_run--019ff9bd-5a14-7da1-8d92-4d24dfca8e8a-0', 'role': 'user'}, {'content': 'Falls Sie wieder einen Termin buchen möchten, stehe ich Ihnen gerne zur Verfügung. Bis zum nächsten Mal!', 'id': 'c1cdf830-b0f5-4cf1-a55f-4e79e964c8ef', 'role': 'assistant'}]",50.029705,,019ff9bc-a30b-7002-a729-62181f8f6059,1.0,1.0,0.0833,0.1353,0.0,1.0
Ines Schmitt,015789643375,Mittwoch von 8 Uhr bis 10 Uhr,eine Reparatur des Balkongeländers,"[{'content': 'Guten Tag, Sie sprechen mit der digitalen Anruf-Assistentin von Surfers Immobilien. Wie kann ich Ihnen weiterhelfen? Was ist der Grund Ihres Anrufs?', 'role': 'assistant'}, {'content': 'Hallo, mein Name ist Ines Schmitt und ich würde gerne einen Termin für eine Reparatur des Balkongeländers vereinbaren.', 'id': '39b155ef-ab98-4678-805c-8fe72849e061', 'role': 'user'}, {'content': 'Für eine Reparatur gibt es einen passenden Termin-Typ. Möchten Sie einen Termin für „Reparatur“ buchen?', 'id': '9f22e1a5-54e7-496d-a9af-e4938cc86f75', 'role': 'assistant'}, {'content': 'Ja, gerne.', 'id': 'lc_run--019ff9bc-d287-7601-a4d3-3c2264adc120-0', 'role': 'user'}, {'content': 'Im Moment sind leider keine freien Termine für Reparaturen in den nächsten sieben Tagen verfügbar. Möchten Sie, dass ich nach späteren Zeiträumen schaue?', 'id': 'a44fbfe9-26fe-4966-bd1e-caa2197336aa', 'role': 'assistant'}, {'content': 'Ja, bitte schauen Sie nach späteren Terminen.', 'id': 'lc_run--019ff9bc-e30d-7230-a2d3-bd9cfef9ca14-0', 'role': 'user'}, {'content': 'Auch im Zeitraum ab dem einundzwanzigsten August bis zum zehnten September sind keine freien Reparaturtermine verfügbar. Möchten Sie, dass ich noch weiter in die Zukunft schaue?', 'id': 'fe657137-001d-47e2-9cc3-0305e06c4b88', 'role': 'assistant'}, {'content': 'Ja, bitte. Ich kann allerdings nur mittwochs zwischen 8 und 10 Uhr Termine wahrnehmen.', 'id': 'lc_run--019ff9bc-f3f8-73f3-bb47-bb28800f9029-0', 'role': 'user'}, {'content': 'Leider sind auch mittwochs zwischen acht und zehn Uhr bis Ende Oktober keine Reparaturtermine verfügbar. Soll ich noch weiter in die Zukunft suchen oder möchten Sie eine andere Zeit wählen?', 'id': '8f1690f7-02c3-4b4f-b37a-c434b3c07483', 'role': 'assistant'}, {'content': 'Eine andere Zeit ist leider nicht möglich. Dann bitte ich um einen Rückruf von einem Mitarbeitenden, um das zu klären.', 'id': 'lc_run--019ff9bd-056d-7f52-a8f9-3eb4a8b624da-0', 'role': 'user'}, {'content': 'Alles klar, ich gebe Ihren Rückrufwunsch weiter. Ein Mitarbeitender wird sich bei Ihnen melden. Vielen Dank für Ihren Anruf und einen schönen Tag!', 'id': '1dfd3ffb-8f5b-4900-967f-10c38edc0744', 'role': 'assistant'}, {'content': 'Vielen Dank, ebenfalls einen schönen Tag. Auf Wiederhören.', 'id': 'lc_run--019ff9bd-1546-7433-b5a4-1798860f81a8-0', 'role': 'user'}, {'content': 'Auf Wiederhören, Frau Schmitt.', 'id': '7e1152f0-ae17-48b4-b215-88355e0807e9', 'role': 'assistant'}, {'content': '', 'id': 'lc_run--019ff9bd-2162-7232-a8e3-95b081acdb00-0', 'role': 'user'}, {'content': 'Die Verbindung wird beendet.', 'id': '866123d1-d479-40b7-b2ef-1122ec45accf', 'role': 'assistant'}]",28.079204,,019ff9bc-c08e-7fa1-9a01-75cc31b627e1,0.0,1.0,0.125,0.3247,0.0,0.0
Dieter Braun,015789643375,Donnerstag von 13 Uhr bis 15 Uhr,eine Reparatur der Gegensprechanlage,"[{'content': 'Guten Tag, Sie sprechen mit der digitalen Anruf-Assistentin von Surfers Immobilien. Wie kann ich Ihnen weiterhelfen? Was ist der Grund Ihres Anrufs?', 'role': 'assistant'}, {'content': 'Hallo, mein Name ist Dieter Braun und ich würde gerne einen Termin für eine Reparatur der Gegensprechanlage vereinbaren.', 'id': 'de6bb81d-f949-4023-937d-976b4e970868', 'role': 'user'}, {'content': 'Für eine Reparatur gibt es einen passenden Termin-Typ. Darf ich für Sie einen Reparatur-Termin buchen?', 'id': '1bb34d1a-bf68-424b-8025-d506b48ee2cd', 'role': 'assistant'}, {'content': 'Ja, gerne.', 'id': 'lc_run--019ff9bc-e101-7770-b13d-f33420fe1d43-0', 'role': 'user'}, {'content': 'Im Moment sind leider keine freien Termine für Reparaturen in den nächsten sieben Tagen verfügbar. Möchten Sie, dass ich nach späteren Terminen suche?', 'id': 'b527539b-a2e1-41c0-9365-4ec3bcc5f3f8', 'role': 'assistant'}, {'content': 'Ja, bitte suchen Sie nach späteren Terminen.', 'id': 'lc_run--019ff9bc-f188-7dd2-8745-010b544a938b-0', 'role': 'user'}, {'content': 'Auch in den nächsten vier Wochen sind keine Reparatur-Termine verfügbar. Möchten Sie, dass ich noch weiter in die Zukunft schaue oder soll ich Sie zurückrufen, sobald wieder Termine frei sind?', 'id': 'eb5a86e1-cb2b-4a2f-b72c-52748bbe38e3', 'role': 'assistant'}, {'content': 'Dann bitte ich um einen Rückruf durch einen Mitarbeitenden, um das Anliegen zu klären.', 'id': 'lc_run--019ff9bd-007a-7382-a735-1635a6454576-0', 'role': 'user'}, {'content': 'Alles klar, ich gebe Ihr Anliegen für einen Rückruf weiter. Ein Mitarbeitender von Surfers Immobilien wird sich bei Ihnen melden. Vielen Dank für Ihren Anruf und einen schönen Tag!', 'id': 'b96e2c65-6040-41bf-b768-0d839d1cf4d3', 'role': 'assistant'}, {'content': 'Vielen Dank. Auf Wiederhören.', 'id': 'lc_run--019ff9bd-0d36-7332-9f31-9fed410578a9-0', 'role': 'user'}, {'content': 'Auf Wiederhören, Herr Braun. Ich wünsche Ihnen einen angenehmen Tag.', 'id': '5d444064-948b-49f3-9f8c-767a171840ba', 'role': 'assistant'}, {'content': '', 'id': 'lc_run--019ff9bd-15f8-7bb3-b45c-2f4d9a96d26e-0', 'role': 'user'}, {'content': 'Die Verbindung wurde beendet. Falls Sie erneut einen Termin buchen möchten, stehe ich Ihnen gerne zur Verfügung.', 'id': 'c0040c36-bafc-4ae8-8507-7569922f1a71', 'role': 'assistant'}]",20.806636,,019ff9bc-d0ac-7390-83c9-d04d340ce3d3,0.0,1.0,0.1429,0.4376,0.0,1.0
Marion Schumacher,015789643375,Mittwoch von 8 Uhr bis 10 Uhr,eine Klärung offener Fragen zur Betriebskostenabrechnung,"[{'content': 'Guten Morgen, Sie sprechen mit der digitalen Anruf-Assistentin von Surfers Immobilien. Was ist der Grund Ihres Anrufs?', 'role': 'assistant'}, {'content': 'Hallo, mein Name ist Marion Schumacher und ich würde gerne einen Termin für eine Klärung offener Fragen zur Betriebskostenabrechnung vereinbaren.', 'id': '6a6aced9-982c-4b50-8968-044ff6e4591f', 'role': 'user'}, {'content': 'Für Ihr Anliegen zur Betriebskostenabrechnung passt entweder „Allgemeine Anfragen“ oder „Besprechung von Dokumenten“. Möchten Sie lieber einen Termin für „Allgemeine Anfragen“ oder für „Besprechung von Dokumenten“ vereinbaren?', 'id': 'f42f5e37-2374-4104-978f-8ac0a7454521', 'role': 'assistant'}, {'content': 'Dann bitte „Besprechung von Dokumenten“.', 'id': 'lc_run--019ff9bd-30f0-7602-b8ba-d55f3016c3a9-0', 'role': 'user'}, {'content': 'Alles klar, Frau Schumacher. Gibt es einen bestimmten Tag oder eine Uhrzeit, die Ihnen für die Besprechung besonders gut passt?', 'id': 'd13494da-1405-4321-b575-6de96d38a8c6', 'role': 'assistant'}, {'content': 'Mittwoch zwischen 8 und 10 Uhr passt mir.', 'id': 'lc_run--019ff9bd-3915-7e61-9a11-706b9e5646c8-0', 'role': 'user'}, {'content': 'Am Mittwoch, den neunzehnten August, zwischen acht und zehn Uhr sind leider keine freien Termine verfügbar. Möchten Sie einen anderen Tag oder eine andere Uhrzeit vorschlagen?', 'id': 'd4565e9c-3a27-4888-ab77-f9a91e3bbf4d', 'role': 'assistant'}, {'content': 'Ich kann leider nur mittwochs zwischen 8 und 10 Uhr. Könnte mich bitte ein Mitarbeitender zurückrufen, um das zu klären?', 'id': 'lc_run--019ff9bd-5023-74f2-bded-705309f308a6-0', 'role': 'user'}, {'content': 'Das lässt sich einrichten. Ein Mitarbeitender wird Sie zurückrufen, um Ihr Anliegen zur Betriebskostenabrechnung zu besprechen. Vielen Dank für Ihren Anruf und einen schönen Tag!', 'id': 'f69dde60-6707-486e-b161-a121a5b78dc8', 'role': 'assistant'}, {'content': 'Vielen Dank. Auf Wiederhören!', 'id': 'lc_run--019ff9bd-5f00-7a53-8211-55782d0fb946-0', 'role': 'user'}, {'content': 'Auf Wiederhören, Frau Schumacher.', 'id': 'f96089a9-2017-4ed9-8688-c4c9e00ca485', 'role': 'assistant'}, {'content': '', 'id': 'lc_run--019ff9bd-6a9d-7721-b1af-4e9bd31540d2-0', 'role': 'user'}, {'content': 'Gibt es noch etwas, wobei ich Ihnen helfen kann?', 'id': '22f2d2cf-3ef5-4a8f-a980-7b6282f72cdc', 'role': 'assistant'}]",22.371665,,019ff9bd-1f3a-7f11-83a5-43034ff494f0,0.0,1.0,0.1429,0.4376,0.0,0.0
Helmut Winter,015789643375,immer mittwochs und freitags,eine Reparatur der Fußbodenheizung,"[{'content': 'Guten Morgen, Sie sprechen mit der digitalen Anruf-Assistentin von Surfers Immobilien. Wie kann ich Ihnen heute weiterhelfen? Was ist der Grund Ihres Anrufs?', 'role': 'assistant'}, {'content': 'Hallo, mein Name ist Helmut Winter und ich würde gerne einen Termin für eine Reparatur der Fußbodenheizung vereinbaren.', 'id': '4a7ddb4c-aca0-4c20-aa9f-99af82cf3f7a', 'role': 'user'}, {'content': 'Für eine Reparatur gibt es einen passenden Termin-Typ. Möchten Sie einen Termin für „Reparatur“ buchen?', 'id': '7eb55b85-6ddc-4931-89f6-b520fa5043e1', 'role': 'assistant'}, {'content': 'Ja, gerne.', 'id': 'lc_run--019ff9bd-3110-7851-aead-b24a8fc4aa38-0', 'role': 'user'}, {'content': 'Könnten Sie mir bitte Ihre E-Mail-Adresse nennen?', 'id': 'aa21fa67-9bb5-4c1f-b904-87b58e62e10b', 'role': 'assistant'}, {'content': 'Ich möchte lieber telefonisch kontaktiert werden, wenn das möglich ist.', 'id': 'lc_run--019ff9bd-377c-7062-a7a6-a0bfb46234c3-0', 'role': 'user'}, {'content': 'Das ist kein Problem. Könnten Sie mir bitte Ihre Telefonnummer durchgeben, unter der Sie erreichbar sind?', 'id': '71bce44f-3bc2-4489-b5d3-ecdd702c76f6', 'role': 'assistant'}, {'content': 'Ja, meine Telefonnummer ist 015789643375.', 'id': 'lc_run--019ff9bd-41a8-7331-bfb2-a774e4929545-0', 'role': 'user'}, {'content': 'Leider sind in den nächsten sieben Tagen keine freien Termine für eine Reparatur verfügbar. Möchten Sie, dass ich nach einem späteren Termin schaue?', 'id': '33a3baba-f894-4366-98de-a8f63eac76e0', 'role': 'assistant'}, {'content': 'Ja, bitte schauen Sie nach einem späteren Termin. Ich kann mittwochs und freitags.', 'id': 'lc_run--019ff9bd-524e-7133-9d30-e1dd5a6e9679-0', 'role': 'user'}, {'content': 'Im Moment sind auch mittwochs und freitags bis Ende September keine Reparatur-Termine verfügbar. Soll ich nach Terminen im Oktober suchen oder möchten Sie lieber einen Rückruf vereinbaren?', 'id': '0fd36d79-e12f-4150-b9bc-f55dc07f3759', 'role': 'assistant'}, {'content': 'Dann möchte ich lieber einen Rückruf vereinbaren, bitte.', 'id': 'lc_run--019ff9bd-6471-7d73-93fc-82095221f814-0', 'role': 'user'}, {'content': 'Alles klar, ich gebe Ihren Wunsch für einen Rückruf weiter. Sie werden telefonisch kontaktiert. Vielen Dank für Ihren Anruf und einen schönen Tag!', 'id': 'f3c23792-a83a-42a1-a5fc-59753fadcea6', 'role': 'assistant'}, {'content': 'Vielen Dank, Ihnen auch einen schönen Tag. Auf Wiederhören.', 'id': 'lc_run--019ff9bd-7249-7e22-89fc-e53d665f8817-0', 'role': 'user'}, {'content': 'Auf Wiederhören, Herr Winter.', 'id': 'b5a24ce0-889b-4a4d-aa7b-bc9719d9c2f4', 'role': 'assistant'}, {'content': '', 'id': 'lc_run--019ff9bd-7da0-78b2-8705-2a0a111f5992-0', 'role': 'user'}, {'content': 'Gibt es noch etwas, wobei ich Ihnen helfen kann?', 'id': '57b7c836-af99-424d-bf2d-253b0a81e41e', 'role': 'assistant'}]",26.436876,,019ff9bd-21f4-7f42-9eeb-114618434b46,1.0,1.0,0.1111,0.2494,0.0,1.0
Elfriede Seidel,015789643375,den ganzen Freitag,eine Kontrolle der Heizkörper,"[{'content': 'Guten Morgen, Sie sprechen mit der digitalen Anruf-Assistentin von Surfers Immobilien. Wie kann ich Ihnen heute weiterhelfen? Was ist der Grund Ihres Anrufs?', 'role': 'assistant'}, {'content': 'Hallo, mein Name ist Elfriede Seidel und ich würde gerne einen Termin für eine Kontrolle der Heizkörper vereinbaren.', 'id': '37c1ccce-e071-423c-9594-81dfef54a5bc', 'role': 'user'}, {'content': 'Für eine Kontrolle der Heizkörper passt am besten der Termin-Typ „Reparatur“. Möchten Sie diesen Termin-Typ wählen?', 'id': 'bb796f42-57de-4c6e-a377-2141d4583db2', 'role': 'assistant'}, {'content': 'Ja, gerne. Das passt.', 'id': 'lc_run--019ff9bd-3e17-7d10-a5a6-bec7b5675165-0', 'role': 'user'}, {'content': 'Alles klar, Frau Seidel. Gibt es ein bestimmtes Datum oder eine Uhrzeit, die Ihnen für die Kontrolle der Heizkörper besonders gut passt?', 'id': '98565e98-d36b-4be9-9e38-95e496a5ab72', 'role': 'assistant'}, {'content': 'Ich bin den ganzen Freitag erreichbar und kann auch nur am Freitag Termine wahrnehmen.', 'id': 'lc_run--019ff9bd-47c5-7eb3-b4bb-22e503186ece-0', 'role': 'user'}, {'content': 'Am Freitag, den vierzehnten August, sind leider keine freien Termine für eine Heizkörper-Kontrolle verfügbar. Möchten Sie einen anderen Tag auswählen oder soll ich nach dem nächstmöglichen Termin suchen?', 'id': 'd12c85da-93a0-45bd-9c8b-9933acf9ccb6', 'role': 'assistant'}, {'content': 'Ich kann leider nur freitags. Können Sie bitte nach dem nächstmöglichen freien Freitag suchen? Wenn das nicht möglich ist, bitte ich um einen Rückruf.', 'id': 'lc_run--019ff9bd-6456-72f0-ba5e-4d5eaf421691-0', 'role': 'user'}, {'content': 'Leider sind auch an den kommenden Freitagen keine freien Termine verfügbar. Möchten Sie einen Rückruf vereinbaren, damit wir gemeinsam eine Lösung finden?', 'id': 'f7683ed2-c6c8-4e53-8186-d49ce604c2d1', 'role': 'assistant'}, {'content': 'Ja, bitte. Ein Rückruf wäre sehr hilfreich.', 'id': 'lc_run--019ff9bd-78dc-7ef0-b7db-f2fcae631c84-0', 'role': 'user'}, {'content': 'Alles klar, Frau Seidel. Wir werden Sie zurückrufen, um einen passenden Termin zu finden. Vielen Dank für Ihren Anruf und einen schönen Tag!', 'id': '8b40d4d3-daad-4b50-a98a-0b99b1c80264', 'role': 'assistant'}, {'content': 'Vielen Dank, auf Wiederhören.', 'id': 'lc_run--019ff9bd-8481-7161-b42f-df0df87b10b8-0', 'role': 'user'}, {'content': 'Auf Wiederhören, Frau Seidel. Ich wünsche Ihnen einen angenehmen Tag!', 'id': '8f4bcd12-a54d-4773-b9de-1baabaae2ed9', 'role': 'assistant'}, {'content': '', 'id': 'lc_run--019ff9bd-8e1b-7b33-a6d1-1814c610da3a-0', 'role': 'user'}, {'content': 'Falls Sie noch etwas benötigen, können Sie sich jederzeit melden. Auf Wiederhören!', 'id': '36bbcf19-1979-4dc6-8ed0-02d6b4056099', 'role': 'assistant'}]",27.430993,,019ff9bd-2e3e-7251-8f15-dc82a63d8e50,0.0,1.0,0.125,0.3247,1.0,1.0
Uwe Schwarz,015789643375,den ganzen Donnerstag,eine Wohnungsübergabe nach Auszug,"[{'content': 'Guten Morgen, Sie sprechen mit der digitalen Anruf-Assistentin von Surfers Immobilien. Was kann ich heute für Sie tun?', 'role': 'assistant'}, {'content': 'Hallo, mein Name ist Uwe Schwarz und ich würde gerne einen Termin für eine Wohnungsübergabe nach Auszug vereinbaren.', 'id': '14ccc3ac-be56-4b55-821a-5e64fd34e562', 'role': 'user'}, {'content': 'Für eine Wohnungsübergabe nach Auszug gibt es keinen passenden Termin-Typ in der Liste. Möchten Sie einen allgemeinen Termin buchen oder passt einer der folgenden Typen: Reparatur, Beschwerde oder Besprechung von Dokumenten?', 'id': '2bd9fbca-1fad-4c02-b237-99269baaf93e', 'role': 'assistant'}, {'content': 'Dann bitte einen allgemeinen Termin.', 'id': 'lc_run--019ff9bd-7839-7152-8b04-7373255c5b23-0', 'role': 'user'}, {'content': 'Alles klar, ich buche einen allgemeinen Termin für Sie. Haben Sie einen Wunschtag oder eine bevorzugte Uhrzeit?', 'id': '00a58ed4-74a3-4f20-aaa7-e205a33776d5', 'role': 'assistant'}, {'content': 'Ich bin den ganzen Donnerstag erreichbar und kann nur an diesem Tag Termine wahrnehmen.', 'id': 'lc_run--019ff9bd-8233-7e20-9a10-0fa997763202-0', 'role': 'user'}, {'content': 'Am Donnerstag, den dreizehnten August, sind leider keine freien Termine verfügbar. Möchten Sie einen anderen Tag auswählen oder soll ich nach dem nächstmöglichen Termin suchen?', 'id': '9138e959-f1f3-4a47-a37d-b36ff5f206b1', 'role': 'assistant'}, {'content': 'Dann möchte ich bitte von einem Mitarbeitenden zurückgerufen werden, um persönlich einen Termin zu vereinbaren.', 'id': 'lc_run--019ff9bd-96f5-7142-9259-6225031791e2-0', 'role': 'user'}, {'content': 'Das ist notiert. Ein Mitarbeitender wird Sie zurückrufen, um einen Termin persönlich mit Ihnen abzustimmen. Vielen Dank für Ihren Anruf und einen schönen Tag!', 'id': '64b9fd80-1c3d-4b40-b867-aa7c598587d2', 'role': 'assistant'}, {'content': 'Vielen Dank, ebenfalls einen schönen Tag. Auf Wiederhören.', 'id': 'lc_run--019ff9bd-a8be-7342-81e4-87ad13b3efc8-0', 'role': 'user'}, {'content': 'Auf Wiederhören, Herr Schwarz.', 'id': 'ddac6937-dce7-4661-a092-2aa51169e004', 'role': 'assistant'}, {'content': '', 'id': 'lc_run--019ff9bd-b2a3-7e51-ae92-8788ea26c62b-0', 'role': 'user'}, {'content': 'Die Verbindung wird nun beendet. Einen angenehmen Tag noch!', 'id': 'a243023a-f0c3-4b1d-9c69-5a67af1e2c00', 'role': 'assistant'}]",25.379027,,019ff9bd-667a-7a01-805e-48acde15debf,0.0,1.0,0.1429,0.4376,0.0,0.0
Volker Berger,015789643375,"flexibel, außer montags",eine Reparatur des Kühlschranks,"[{'content': 'Guten Morgen, Sie sprechen mit der digitalen Anruf-Assistentin von Surfers Immobilien. Wie kann ich Ihnen heute weiterhelfen? Was ist der Grund Ihres Anrufs?', 'role': 'assistant'}, {'content': 'Hallo, mein Name ist Volker Berger und ich würde gerne einen Termin für eine Reparatur des Kühlschranks vereinbaren.', 'id': 'a2c626e2-e8f0-45ec-a6d8-f2e3f38321e7', 'role': 'user'}, {'content': 'Für eine Reparatur gibt es einen passenden Termin-Typ. Möchten Sie einen Termin für „Reparatur“ buchen?', 'id': 'b670664c-aab4-41a9-ab7c-8a2503e5f792', 'role': 'assistant'}, {'content': 'Ja, bitte.', 'id': 'lc_run--019ff9bd-8689-7811-b261-0518f0801def-0', 'role': 'user'}, {'content': 'Alles klar, Herr Berger. Damit ich den Termin für die Reparatur Ihres Kühlschranks buchen kann, benötige ich Ihre E-Mail-Adresse. Könnten Sie mir diese bitte nennen?', 'id': '9c3aaa92-d06c-42c8-9c1a-4a8c80d4f9ee', 'role': 'assistant'}, {'content': 'Eine E-Mail-Adresse möchte ich ungern angeben. Geht die Buchung auch über meine Telefonnummer?', 'id': 'lc_run--019ff9bd-8fbb-70c2-ba12-8338b1e72843-0', 'role': 'user'}, {'content': 'Ja, das ist möglich. Ich nutze dann Ihre Telefonnummer für die Buchung. Gibt es einen bestimmten Tag oder eine Uhrzeit, die Ihnen für den Reparatur-Termin besonders gut passt?', 'id': '06da1c53-e044-47bf-a27f-9e17bd659043', 'role': 'assistant'}, {'content': 'Ich bin flexibel, nur montags geht es leider nicht. An den anderen Tagen kann ich Termine wahrnehmen.', 'id': 'lc_run--019ff9bd-a233-72e1-b591-f5382b0d4b33-0', 'role': 'user'}, {'content': 'Im Moment sind leider keine freien Termine für Reparaturen in dieser Woche verfügbar. Möchten Sie, dass ich nach Terminen in der nächsten Woche schaue?', 'id': '964c63a9-adfe-4ff1-9c55-7e10d47bbad6', 'role': 'assistant'}, {'content': 'Ja, gerne. Bitte schauen Sie nach Terminen in der nächsten Woche, außer montags.', 'id': 'lc_run--019ff9bd-ba88-73e3-987c-dd4befc5002b-0', 'role': 'user'}, {'content': 'Auch in der nächsten Woche sind leider keine verfügbaren Reparatur-Termine hinterlegt. Möchten Sie, dass ich noch weiter in die Zukunft schaue, oder wünschen Sie einen Rückruf?', 'id': '4e7bffe3-bcdb-44aa-ab0f-f2ebbf67f4f9', 'role': 'assistant'}, {'content': 'Dann hätte ich gerne einen Rückruf von einem Mitarbeitenden, um einen Termin zu vereinbaren.', 'id': 'lc_run--019ff9bd-cbf9-7911-a53e-00858d3ead2c-0', 'role': 'user'}, {'content': 'Alles klar, Herr Berger. Ein Mitarbeitender wird Sie zurückrufen, um einen Reparatur-Termin zu vereinbaren. Vielen Dank für Ihren Anruf und einen schönen Tag!', 'id': 'ea316f4f-b57a-4c8c-9b3f-8eba9d493c8c', 'role': 'assistant'}, {'content': 'Vielen Dank, Ihnen auch einen schönen Tag. Auf Wiederhören.', 'id': 'lc_run--019ff9bd-da94-7a41-b506-1ddd27374685-0', 'role': 'user'}, {'content': 'Auf Wiederhören, Herr Berger.', 'id': '33408a64-4722-4edc-96c2-c19cdd7ab042', 'role': 'assistant'}, {'content': '', 'id': 'lc_run--019ff9bd-e3be-7290-831e-152e33711cc4-0', 'role': 'user'}, {'content': 'Das Gespräch ist nun beendet. Falls Sie wieder Unterstützung benötigen, stehe ich Ihnen gerne zur Verfügung. Einen angenehmen Tag noch!', 'id': 'cece29bd-c0d4-4949-af24-d50981bd2fe6', 'role': 'assistant'}]",31.54123,,019ff9bd-769f-7e63-bebc-ae1d17e82350,0.0,1.0,0.1111,0.2494,0.0,1.0
Nicole Winkler,015789643375,"am Wochenende, Samstag oder Sonntag",eine Übergabe der neuen Schlüssel,"[{'content': 'Guten Morgen, Sie sprechen mit der digitalen Anruf-Assistentin von Surfers Immobilien. Was kann ich heute für Sie tun?', 'role': 'assistant'}, {'content': 'Hallo, mein Name ist Nicole Winkler und ich würde gerne einen Termin für eine Übergabe der neuen Schlüssel vereinbaren.', 'id': 'fb33a612-b7ef-41e2-b60e-50a8c6c01d26', 'role': 'user'}, {'content': 'Für eine Schlüsselübergabe gibt es keinen passenden Termin-Typ im Kalender. Möchten Sie die Übergabe als „Allgemeine Anfrage“ buchen oder soll ich Ihnen andere Optionen nennen?', 'id': '0b9adff3-37a8-4f9d-85d2-66a622489b6d', 'role': 'assistant'}, {'content': 'Ja, gerne als „Allgemeine Anfrage“, sofern ein Termin am Samstag oder Sonntag möglich ist.', 'id': 'lc_run--019ff9bd-9b13-7932-93ef-ea76527dd6ad-0', 'role': 'user'}, {'content': 'Am Samstag und Sonntag sind aktuell keine Termine für „Allgemeine Anfrage“ verfügbar. Möchten Sie einen Termin an einem anderen Tag oder soll ich nach dem nächsten freien Wochenende suchen?', 'id': '46a9b56c-d5bc-4bb5-909c-ad494fbb9b0c', 'role': 'assistant'}, {'content': 'Bitte suchen Sie nach dem nächsten freien Wochenende.', 'id': 'lc_run--019ff9bd-ade5-71c2-a0ac-cee2925b2b00-0', 'role': 'user'}, {'content': 'Auch am darauffolgenden Wochenende, also Samstag, den zweiundzwanzigsten August und Sonntag, den dreiundzwanzigsten August, sind keine Termine verfügbar. Soll ich weiter suchen oder möchten Sie lieber einen Termin unter der Woche?', 'id': '3e1ad800-b105-49d3-9b08-79f364d7ad83', 'role': 'assistant'}, {'content': 'Bitte suchen Sie noch weiter nach einem freien Termin am Wochenende.', 'id': 'lc_run--019ff9bd-bcb3-7340-85d4-ca8b6eb9063a-0', 'role': 'user'}, {'content': 'Auch am Wochenende, den neunundzwanzigsten und dreißigsten August, ist kein Termin verfügbar. Soll ich noch weiter suchen oder möchten Sie eine andere Option wählen?', 'id': '5064e904-ad32-4ea7-a154-3b3fe507c332', 'role': 'assistant'}, {'content': 'Dann hätte ich gerne einen Rückruf von einem Mitarbeitenden, um das persönlich zu klären.', 'id': 'lc_run--019ff9bd-cedc-7df3-9c84-91b35d2ea7a8-0', 'role': 'user'}, {'content': 'Das kann ich für Sie veranlassen. Ein Mitarbeitender wird Sie zurückrufen, um die Schlüsselübergabe persönlich zu besprechen. Vielen Dank für Ihren Anruf und einen schönen Tag!', 'id': 'aa40534b-e7da-4d0c-b5a6-4453cc86bbf6', 'role': 'assistant'}, {'content': 'Vielen Dank, Ihnen auch einen schönen Tag. Auf Wiederhören.', 'id': 'lc_run--019ff9bd-dd8f-7663-b96a-8e7398234365-0', 'role': 'user'}, {'content': 'Auf Wiederhören, Frau Winkler.', 'id': '27255aa2-560e-495f-afa9-bd66c7a0dcc9', 'role': 'assistant'}, {'content': '', 'id': 'lc_run--019ff9bd-e5f2-7d93-81a9-1d8649e67afd-0', 'role': 'user'}, {'content': 'Falls Sie noch einmal Unterstützung brauchen, bin ich gerne für Sie da. Einen schönen Tag noch!', 'id': '232ef52c-2a15-4108-a96c-75a6a0353637', 'role': 'assistant'}]",26.810121,,019ff9bd-893b-7492-9601-c5f107fbd0a3,0.0,1.0,0.125,0.3247,0.0,0.0
Hans Groß,015789643375,den ganzen Montag,eine Reparatur eines Wasserschadens im Bad,"[{'content': 'Guten Morgen, Sie sprechen mit der digitalen Anruf-Assistentin von Surfers Immobilien. Was kann ich heute für Sie tun?', 'role': 'assistant'}, {'content': 'Hallo, mein Name ist Hans Groß und ich würde gerne einen Termin für eine Reparatur eines Wasserschadens im Bad vereinbaren.', 'id': '5898fea4-8b32-4b22-b0bc-f1c3405a5589', 'role': 'user'}, {'content': 'Für eine Reparatur gibt es einen passenden Termin-Typ. Möchten Sie einen Termin für „Reparatur“ buchen?', 'id': '5c870cac-24d3-46eb-b8e0-788c2efb853a', 'role': 'assistant'}, {'content': 'Ja, genau, ich möchte einen Termin für eine Reparatur buchen.', 'id': 'lc_run--019ff9bd-a9d6-7130-b836-0c26062d4478-0', 'role': 'user'}, {'content': 'Alles klar, Herr Groß. Gibt es einen bestimmten Tag oder eine Uhrzeit, die Ihnen für die Reparatur besonders gut passt?', 'id': 'd6929f52-ed39-495a-b6d9-9b415e816646', 'role': 'assistant'}, {'content': 'Ich bin den ganzen Montag erreichbar, Termine kann ich nur montags wahrnehmen.', 'id': 'lc_run--019ff9bd-b2ab-7bd3-a561-402402850d2c-0', 'role': 'user'}, {'content': 'Am Montag, den siebzehnten August zweitausendsechsundzwanzig sind leider keine Termine für Reparaturen verfügbar. Möchten Sie einen anderen Montag auswählen oder lieber einen alternativen Tag prüfen lassen?', 'id': 'cb0b2594-34c2-4859-a788-2652e2a58da8', 'role': 'assistant'}, {'content': 'Dann würde ich gerne einen anderen Montag auswählen. Haben Sie an einem der folgenden Montage einen Termin frei?', 'id': 'lc_run--019ff9bd-c886-7d62-8186-3ff1615f4d55-0', 'role': 'user'}, {'content': 'Ich prüfe die nächsten Montage für Sie. Gibt es einen bestimmten Zeitraum, den Sie bevorzugen, oder soll ich einfach die nächsten drei Montage abfragen?', 'id': 'ca351505-77f5-4ed8-bf48-a26e72a8bf3f', 'role': 'assistant'}, {'content': 'Bitte fragen Sie einfach die nächsten drei Montage ab.', 'id': 'lc_run--019ff9bd-d64a-7032-bb02-712c9d640252-0', 'role': 'user'}, {'content': 'An den nächsten drei Montagen, also am vierundzwanzigsten und einunddreißigsten August sowie am siebten September, sind leider ebenfalls keine Termine verfügbar. Möchten Sie, dass ich einen anderen Wochentag prüfe oder suchen Sie nach einem späteren Montag?', 'id': 'c1547322-51b9-4aee-bbc0-0528c6cac57d', 'role': 'assistant'}, {'content': 'Andere Wochentage gehen leider nicht. Dann hätte ich gerne einen Rückruf von einem Mitarbeitenden, um einen Termin zu klären.', 'id': 'lc_run--019ff9bd-f009-7a90-8857-cf84885160bd-0', 'role': 'user'}, {'content': 'Ich gebe Ihren Rückrufwunsch weiter. Ein Mitarbeitender von Surfers Immobilien wird sich bei Ihnen melden, um einen passenden Termin zu finden. Vielen Dank für Ihren Anruf und einen schönen Tag noch!', 'id': '31aa946a-9001-4559-b1d2-69633138ea62', 'role': 'assistant'}, {'content': 'Vielen Dank, auf Wiederhören.', 'id': 'lc_run--019ff9be-0431-7890-9532-b9b9eb7af9e9-0', 'role': 'user'}, {'content': 'Sehr gerne. Auf Wiederhören, Herr Groß!', 'id': '6af00c57-5119-4fcb-83d5-ce6dcfd8bda0', 'role': 'assistant'}, {'content': '', 'id': 'lc_run--019ff9be-0e2e-7403-8cfb-7782dcb3d68f-0', 'role': 'user'}, {'content': 'Das Gespräch ist beendet. Falls Sie wieder Unterstützung benötigen, stehe ich Ihnen gerne zur Verfügung. Einen angenehmen Tag noch!', 'id': '898e8556-670a-43d2-b02f-3ca057792e76', 'role': 'assistant'}]",32.151444,,019ff9bd-9966-7db1-a4db-063f62eafe6d,0.0,1.0,0.1111,0.2494,1.0,0.0
Martina Wolf,015789643375,Dienstag den ganzen Tag,eine Begehung wegen Schimmelbildung im Bad,"[{'content': 'Guten Morgen, Sie sprechen mit der digitalen Anruf-Assistentin von Surfers Immobilien. Wie kann ich Ihnen heute weiterhelfen? Was ist der Grund Ihres Anrufs?', 'role': 'assistant'}, {'content': 'Hallo, mein Name ist Martina Wolf und ich würde gerne einen Termin für eine Begehung wegen Schimmelbildung im Bad vereinbaren.', 'id': '137e3d9e-5a28-411c-af36-873b134ba694', 'role': 'user'}, {'content': 'Für eine Begehung wegen Schimmelbildung im Bad kommen die Terminarten „Reparatur“ oder „Beschwerde“ infrage. Möchten Sie den Termin als „Reparatur“ oder als „Beschwerde“ buchen?', 'id': 'fc9efabe-c500-49df-a9a1-92134462a87f', 'role': 'assistant'}, {'content': 'Als Reparatur bitte.', 'id': 'lc_run--019ff9bd-e5cd-7132-a10d-741d0bf32387-0', 'role': 'user'}, {'content': 'In Ordnung. Gibt es ein bestimmtes Datum oder eine Uhrzeit, die Sie bevorzugen?', 'id': '79cdd378-8ab3-488c-9cc0-1420fdca012b', 'role': 'assistant'}, {'content': 'Ich bin Dienstag den ganzen Tag erreichbar, Termine kann ich nur dienstags wahrnehmen.', 'id': 'lc_run--019ff9bd-efdd-73a2-9a4c-d5a22f96235a-0', 'role': 'user'}, {'content': 'Am Dienstag, den achtzehnten August, sind leider keine freien Termine verfügbar. Soll ich nach einem anderen Dienstag suchen oder passt für Sie auch ein anderer Tag?', 'id': 'e649bc5f-2d87-4fa5-a89a-73dcb69c9907', 'role': 'assistant'}, {'content': 'Bitte suchen Sie nach einem anderen Dienstag. Andere Tage passen mir leider nicht.', 'id': 'lc_run--019ff9be-0abb-77c0-b755-c767a566ea31-0', 'role': 'user'}, {'content': 'Auch an den darauffolgenden Dienstagen, also am fünfundzwanzigsten August, am ersten September und am achten September, sind keine Termine frei. Möchten Sie, dass ich noch weiter in die Zukunft schaue?', 'id': '2da1cb78-27cd-4d2c-94e1-f014f3fe6cbd', 'role': 'assistant'}, {'content': 'Ja, bitte schauen Sie noch weiter in die Zukunft nach einem Dienstag.', 'id': 'lc_run--019ff9be-28ff-7280-b453-cda7227bbde3-0', 'role': 'user'}, {'content': 'Auch am fünfzehnten, zweiundzwanzigsten und neunundzwanzigsten September sind keine Termine verfügbar. Soll ich im Oktober weitersuchen?', 'id': 'e39e9073-56a7-4410-8d21-64e54e699b31', 'role': 'assistant'}, {'content': 'Ja, bitte suchen Sie im Oktober weiter nach einem Dienstag.', 'id': 'lc_run--019ff9be-48db-7f12-8184-533a3d0a9830-0', 'role': 'user'}, {'content': 'Auch an den Dienstagen im Oktober, also am sechsten, dreizehnten und zwanzigsten Oktober, sind keine Termine frei. Möchten Sie, dass ich noch weiter in die Zukunft schaue oder möchten Sie lieber einen Rückruf vereinbaren?', 'id': 'aab4d5d8-5291-4de2-9e1f-103e73ed2267', 'role': 'assistant'}, {'content': 'Dann würde ich gerne einen Rückruf vereinbaren, um das persönlich zu klären.', 'id': 'lc_run--019ff9be-6a1b-7421-86ff-7ab470d8f251-0', 'role': 'user'}, {'content': 'Kein Problem. Zu welcher Uhrzeit und an welchem Tag passt Ihnen ein Rückruf am besten?', 'id': '2ad3b54f-7e05-4ba8-9900-3f8d5ae74885', 'role': 'assistant'}, {'content': 'Dienstag passt mir den ganzen Tag für einen Rückruf.', 'id': 'lc_run--019ff9be-750d-75f2-8d88-f979a64ffec8-0', 'role': 'user'}, {'content': 'Alles klar. Möchten Sie den Rückruf am kommenden Dienstag, also am achtzehnten August, oder lieber an einem späteren Dienstag?', 'id': '3c0333a9-6086-405d-8616-08e3d5ea62aa', 'role': 'assistant'}, {'content': 'Am kommenden Dienstag, den achtzehnten August, passt mir gut.', 'id': 'lc_run--019ff9be-7f95-7270-a9a4-dd790ba0e04a-0', 'role': 'user'}, {'content': 'Gut, ich notiere einen Rückruf für Dienstag, den achtzehnten August. Unter welcher Nummer sollen wir Sie erreichen?', 'id': '4e5b4075-068f-4f91-b8ac-52ae0f48cda3', 'role': 'assistant'}, {'content': 'Sie erreichen mich unter 015789643375.', 'id': 'lc_run--019ff9be-8d88-7af1-9798-80bb9fc2cfb2-0', 'role': 'user'}, {'content': 'Darf ich noch Ihre E-Mail-Adresse für die Rückrufbestätigung haben?', 'id': '27b4030e-3ece-4614-8f6a-3eb269c0104f', 'role': 'assistant'}, {'content': 'Eine E-Mail-Adresse möchte ich nicht angeben. Die Telefonnummer reicht bitte.', 'id': 'lc_run--019ff9be-9647-7733-b549-d451405eacc3-0', 'role': 'user'}, {'content': 'In Ordnung, das ist notiert. Ich gebe Ihren Rückrufwunsch für Dienstag, den achtzehnten August, weiter. Sie werden unter der Nummer null eins fünf sieben acht neun sechs vier drei drei sieben fünf angerufen.\n\nSie benötigen keine weitere Bestätigung. Gibt es sonst noch etwas, wobei ich Sie unterstützen kann?', 'id': 'cdb45f10-8ae3-4d08-9657-372721fef619', 'role': 'assistant'}, {'content': 'Nein, danke. Auf Wiederhören.', 'id': 'lc_run--019ff9be-a30a-72d0-bf74-1bf68f6b1931-0', 'role': 'user'}, {'content': 'Alles klar, dann wünsche ich Ihnen einen angenehmen Tag. Auf Wiederhören!', 'id': '96d59780-f352-4eea-8587-9c8b59668fb3', 'role': 'assistant'}, {'content': '', 'id': 'lc_run--019ff9be-b24c-71b2-bf0c-3c93e9fcb1a6-0', 'role': 'user'}, {'content': 'Das Gespräch ist beendet. Falls Sie wieder Unterstützung benötigen, stehe ich Ihnen gerne zur Verfügung. Auf Wiederhören!', 'id': '140f3331-a8b1-4f15-92a7-db96f1639e9e', 'role': 'assistant'}]",63.771537,,019ff9bd-c99e-79b2-948e-f0ce72fdbb4a,1.0,1.0,0.0,0.0111,0.0,1.0
Bettina Albrecht,015789643375,immer freitags,eine Reparatur der Wohnungstür,"[{'content': 'Guten Tag, Sie sprechen mit der digitalen Anruf-Assistentin von Surfers Immobilien. Wie kann ich Ihnen weiterhelfen? Was ist der Grund für Ihren Anruf?', 'role': 'assistant'}, {'content': 'Hallo, mein Name ist Bettina Albrecht und ich würde gerne einen Termin für eine Reparatur der Wohnungstür vereinbaren.', 'id': '96de59dd-bee3-4a1d-b433-503055c3c3e4', 'role': 'user'}, {'content': 'Für eine Reparatur gibt es einen passenden Termin-Typ. Ich kann das für Sie eintragen. Haben Sie einen bestimmten Tag oder eine Uhrzeit im Kopf?', 'id': 'f02678cb-c089-4074-93bf-5986a0f81211', 'role': 'assistant'}, {'content': 'Ja, ich kann immer freitags. Vormittags wäre mir am liebsten, aber grundsätzlich geht jeder Freitag.', 'id': 'lc_run--019ff9be-084c-7f52-bb0c-98c7fcd596fb-0', 'role': 'user'}, {'content': 'Leider sind aktuell keine freien Termine an einem Freitag für eine Reparatur verfügbar. Möchten Sie stattdessen einen anderen Wochentag probieren?', 'id': 'fbe7aa83-3231-41dd-89bc-1b15a4544efe', 'role': 'assistant'}, {'content': 'Leider kann ich nur freitags. Könnte mich bitte ein Mitarbeitender zurückrufen, um das zu klären oder persönlich einen Termin zu vereinbaren?', 'id': 'lc_run--019ff9be-2286-73f0-a277-2a4eb3e9120b-0', 'role': 'user'}, {'content': 'Natürlich, ich gebe weiter, dass Sie einen Rückruf wünschen, um einen Termin persönlich zu vereinbaren. Vielen Dank für Ihren Anruf. Auf Wiederhören!', 'id': '8daa9000-9589-49fd-99db-9b1744ea146b', 'role': 'assistant'}, {'content': 'Vielen Dank. Auf Wiederhören!', 'id': 'lc_run--019ff9be-304d-71d3-8421-8f554f841a9e-0', 'role': 'user'}, {'content': 'Sehr gerne. Einen schönen Tag noch und auf Wiederhören!', 'id': 'b088731e-3d37-49d6-a7bd-2a64ad8b0c5d', 'role': 'assistant'}, {'content': '', 'id': 'lc_run--019ff9be-3e21-70b0-8712-482f0aa93002-0', 'role': 'user'}, {'content': 'Das Gespräch ist beendet. Wenn Sie wieder Unterstützung benötigen, stehe ich Ihnen gerne zur Verfügung.', 'id': 'fc04d452-91aa-45d0-8a6a-7d1059f12861', 'role': 'assistant'}]",22.674839,,019ff9bd-f1d5-7b50-a743-2464bfe178e9,0.0,1.0,0.1667,0.6065,0.0,0.0
Emil Nowak,015789643375,nur am späten Nachmittag,eine Beschwerde über eine kaputte Türklingel,"[{'content': 'Guten Tag, Sie sprechen mit der digitalen Anruf-Assistentin von Surfers Immobilien. Worum geht es bei Ihrem Anruf?', 'role': 'assistant'}, {'content': 'Hallo, mein Name ist Emil Nowak und ich würde gerne einen Termin für eine Beschwerde über eine kaputte Türklingel vereinbaren.', 'id': 'c5fef8a3-fbb8-4703-b972-4113016e16e6', 'role': 'user'}, {'content': 'Für Ihr Anliegen gibt es einen passenden Termin-Typ: ""Beschwerde"". Möchten Sie diesen auswählen, um Ihre kaputte Türklingel zu besprechen?', 'id': 'ea720f55-ce1b-4d24-8974-8f68e25c3d2f', 'role': 'assistant'}, {'content': 'Ja, bitte. Ich möchte den Termin-Typ „Beschwerde“ auswählen.', 'id': 'lc_run--019ff9be-07bb-7da1-a988-a2cf4cd852de-0', 'role': 'user'}, {'content': 'Im Moment sind leider keine freien Termine für „Beschwerde“ in den nächsten sieben Tagen verfügbar. Möchten Sie, dass ich nach einem späteren Zeitpunkt suche?', 'id': '3ab17d88-9203-4fcf-8c5b-32b3b4527a10', 'role': 'assistant'}, {'content': 'Ja, bitte suchen Sie nach einem späteren Zeitpunkt.', 'id': 'lc_run--019ff9be-1c88-72e1-85e9-69529fe02d8a-0', 'role': 'user'}, {'content': 'Auch ab dem einundzwanzigsten August sind aktuell keine freien Termine für „Beschwerde“ verfügbar. Möchten Sie, dass ich noch weiter in die Zukunft suche?', 'id': 'efd7ed41-9564-4393-93f3-2d232ffac9b9', 'role': 'assistant'}, {'content': 'Nein, danke. Dann würde ich gerne von einem Mitarbeitenden zurückgerufen werden, um das Anliegen zu klären oder einen Termin zu vereinbaren.', 'id': 'lc_run--019ff9be-2fe0-7862-b30b-a0c36a96d801-0', 'role': 'user'}, {'content': 'Ich gebe Ihr Anliegen weiter, damit Sie zurückgerufen werden. Halten Sie bitte Ihre Telefonnummer bereit, falls Rückfragen entstehen. Vielen Dank für Ihren Anruf und einen schönen Tag noch!', 'id': '5564bec0-2d5d-40d7-bf0a-4fd26dc5c006', 'role': 'assistant'}, {'content': 'Vielen Dank. Auf Wiederhören.', 'id': 'lc_run--019ff9be-45d8-7a93-a2d2-bc0c1338fee6-0', 'role': 'user'}, {'content': 'Auf Wiederhören und alles Gute!', 'id': '84633e6f-5f11-4b80-8b33-c11206dd3007', 'role': 'assistant'}, {'content': '', 'id': 'lc_run--019ff9be-520d-7dc0-bb6e-106bd0a99c53-0', 'role': 'user'}, {'content': 'Das Gespräch ist beendet. Falls Sie wieder Unterstützung benötigen, stehe ich Ihnen gerne zur Verfügung.', 'id': '290fc481-37dc-4912-81c3-c40d1d2b6e59', 'role': 'assistant'}]",28.028456,,019ff9bd-f1f6-72d3-a44c-b1243d022718,0.0,1.0,0.1429,0.4376,0.0,0.0
Herbert Dietrich,015789643375,"flexibel, außer montags",eine Reparatur der Gegensprechanlage im Erdgeschoss,"[{'content': 'Guten Tag, Sie sprechen mit der digitalen Anruf-Assistentin von Surfers Immobilien. Wie kann ich Ihnen weiterhelfen? Was ist der Grund Ihres Anrufs?', 'role': 'assistant'}, {'content': 'Hallo, mein Name ist Herbert Dietrich und ich würde gerne einen Termin für eine Reparatur der Gegensprechanlage im Erdgeschoss vereinbaren.', 'id': '08d8b980-5cb6-448b-9d8b-cfd303e7dedc', 'role': 'user'}, {'content': 'Für eine Reparatur gibt es einen passenden Termin-Typ. Möchten Sie einen Termin für ""Reparatur"" buchen?', 'id': '8ada26c5-8bb9-404f-871a-a5c0472e5be7', 'role': 'assistant'}, {'content': 'Ja, genau, ich möchte einen Termin für eine Reparatur buchen.', 'id': 'lc_run--019ff9be-2dbb-77f2-a583-1859f7173029-0', 'role': 'user'}, {'content': 'Im Moment sind leider keine freien Zeiten für Reparatur-Termine in den nächsten sieben Tagen verfügbar. Möchten Sie, dass ich nach einem späteren Zeitpunkt schaue?', 'id': '269e079a-6c86-4008-a800-6d4c2c1af2f0', 'role': 'assistant'}, {'content': 'Ja, bitte schauen Sie nach einem späteren Zeitpunkt.', 'id': 'lc_run--019ff9be-41d8-74d0-8a6f-776c9084b24e-0', 'role': 'user'}, {'content': 'Auch in den darauffolgenden zwei Wochen sind keine freien Reparatur-Termine verfügbar. Möchten Sie, dass ich noch weiter in die Zukunft schaue, oder möchten Sie lieber einen Rückruf vereinbaren?', 'id': '43806b7d-2cd5-4cee-911a-db116ad2d766', 'role': 'assistant'}, {'content': 'Dann würde ich gerne einen Rückruf vereinbaren, bitte.', 'id': 'lc_run--019ff9be-5421-7733-94d2-bde9ba8ba747-0', 'role': 'user'}, {'content': 'In Ordnung. Zu welcher Uhrzeit passt Ihnen ein Rückruf am besten?', 'id': '37dd0ee3-bc55-4f8b-b7a3-a8912f662235', 'role': 'assistant'}, {'content': 'Gerne vormittags oder nachmittags, nur montags bin ich nicht erreichbar.', 'id': 'lc_run--019ff9be-5dba-78d1-9419-2d9fca0e7160-0', 'role': 'user'}, {'content': 'Soll der Rückruf lieber vormittags oder nachmittags stattfinden? Und an welchem Wochentag passt es Ihnen am besten?', 'id': '5d7286a7-c7bb-41aa-90a7-127816f0767f', 'role': 'assistant'}, {'content': 'Am besten vormittags, Dienstag bis Freitag passt mir gut.', 'id': 'lc_run--019ff9be-67ce-7af3-91c9-baf1fcd5a302-0', 'role': 'user'}, {'content': 'Alles klar. Möchten Sie einen bestimmten Tag auswählen, zum Beispiel Dienstag, Mittwoch, Donnerstag oder Freitag?', 'id': 'ccce986c-af55-43bc-a21c-a5997d7c59e2', 'role': 'assistant'}, {'content': 'Dienstagvormittag wäre gut.', 'id': 'lc_run--019ff9be-70dc-74d1-8526-99ca4bb9527b-0', 'role': 'user'}, {'content': 'Gut, dann notiere ich Dienstagvormittag für den Rückruf. Könnten Sie mir bitte Ihre Telefonnummer noch einmal nennen, damit ich sie korrekt weitergeben kann?', 'id': 'ebc91e4d-520f-4fe1-ada6-6701b8ca7b95', 'role': 'assistant'}, {'content': 'Ja, meine Telefonnummer ist 015789643375.', 'id': 'lc_run--019ff9be-7d16-7791-8234-a984278c0e52-0', 'role': 'user'}, {'content': 'Danke. Ich wiederhole kurz: null, eins, fünf, sieben, acht, neun, sechs, vier, drei, drei, sieben, fünf. Stimmt das so?', 'id': '734d613f-e845-4765-804f-691dcbb13c5f', 'role': 'assistant'}, {'content': 'Ja, das stimmt.', 'id': 'lc_run--019ff9be-862f-7623-ac9f-803f3502863e-0', 'role': 'user'}, {'content': 'Perfekt, ich gebe Ihren Rückrufwunsch für Dienstagvormittag mit dieser Nummer weiter. Sie werden dann kontaktiert. Einen schönen Tag noch!', 'id': 'cc0edb82-49b5-4886-b13b-b10ea53bb10d', 'role': 'assistant'}, {'content': 'Vielen Dank, Ihnen auch einen schönen Tag. Auf Wiederhören!', 'id': 'lc_run--019ff9be-9567-7900-8484-3e2d86530a42-0', 'role': 'user'}, {'content': 'Auf Wiederhören, Herr Dietrich!', 'id': '67674062-9dc9-4f58-b824-714a366234c4', 'role': 'assistant'}, {'content': '', 'id': 'lc_run--019ff9be-9f78-7e12-96bb-ab780ca2ee64-0', 'role': 'user'}, {'content': 'Das Gespräch ist beendet. Falls Sie wieder Unterstützung brauchen, stehe ich Ihnen gerne zur Verfügung.', 'id': '0002a401-5fda-4619-875b-b3fe9b6a9416', 'role': 'assistant'}]",39.625545,,019ff9be-16ff-7ff2-bf60-11426ec267c5,1.0,1.0,0.0833,0.1353,1.0,1.0
Reinhard Schuster,015789643375,den ganzen Donnerstag,eine Beschwerde über eine undichte Dachrinne,"[{'content': 'Guten Tag, Sie sprechen mit der digitalen Anruf-Assistentin von Surfers Immobilien. Wie kann ich Ihnen weiterhelfen? Was ist der Grund für Ihren Anruf?', 'role': 'assistant'}, {'content': 'Hallo, mein Name ist Reinhard Schuster und ich würde gerne einen Termin für eine Beschwerde über eine undichte Dachrinne vereinbaren.', 'id': '8040e466-bf7e-4207-a140-582923f447c1', 'role': 'user'}, {'content': 'Für Ihr Anliegen passt der Termin-Typ ""Beschwerde"" am besten. Möchten Sie diesen auswählen, um Ihre Beschwerde zur undichten Dachrinne zu besprechen?', 'id': '98336aef-fc7c-4a33-8560-04e9fbb8ce60', 'role': 'assistant'}, {'content': 'Ja, gerne. Bitte wählen Sie den Termin-Typ „Beschwerde“ aus.', 'id': 'lc_run--019ff9be-5eee-7d63-b243-08c16a06842a-0', 'role': 'user'}, {'content': 'Leider sind aktuell keine freien Termine für Beschwerden verfügbar. Möchten Sie, dass ich nach einem späteren Zeitraum suche oder bevorzugen Sie einen Rückruf?', 'id': '72c1e2b8-5580-438f-83fa-8c3d1e827f1a', 'role': 'assistant'}, {'content': 'Dann bevorzuge ich bitte einen Rückruf durch eine Mitarbeiterin oder einen Mitarbeiter.', 'id': 'lc_run--019ff9be-70d6-7432-8296-50336dbfcd67-0', 'role': 'user'}, {'content': 'Alles klar, ich gebe Ihren Rückrufwunsch weiter. Eine Mitarbeiterin oder ein Mitarbeiter wird sich bei Ihnen melden. Vielen Dank für Ihren Anruf und einen angenehmen Tag!', 'id': 'd7236459-89fd-4001-aacb-a640f7a54aa2', 'role': 'assistant'}, {'content': 'Vielen Dank, auf Wiederhören.', 'id': 'lc_run--019ff9be-8133-70a1-a0e5-bcca322c718a-0', 'role': 'user'}, {'content': 'Auf Wiederhören, Herr Schuster.', 'id': '6339d1e2-7fb1-45e0-b42f-d0dfa57654da', 'role': 'assistant'}, {'content': '', 'id': 'lc_run--019ff9be-9122-7012-ac18-864f182476c0-0', 'role': 'user'}, {'content': 'Das Gespräch ist nun beendet. Einen schönen Tag noch!', 'id': 'd4f1a869-3f85-494a-992e-07172f7652fd', 'role': 'assistant'}]",22.257016,,019ff9be-4a69-7611-9e32-fc1bbef3f028,0.0,1.0,0.1667,0.6065,0.0,1.0
Karin Becker,015789643375,Freitag von 13 Uhr bis 16 Uhr,eine Schlüsselübergabe,"[{'content': 'Guten Tag, Sie sprechen mit der digitalen Anruf-Assistentin von Surfers Immobilien. Wie kann ich Ihnen weiterhelfen? Was ist der Grund für Ihren Anruf?', 'role': 'assistant'}, {'content': 'Hallo, mein Name ist Karin Becker und ich würde gerne einen Termin für eine Schlüsselübergabe vereinbaren.', 'id': '3532d68f-b0a7-4329-b395-c6e27568f6af', 'role': 'user'}, {'content': 'Für eine Schlüsselübergabe gibt es aktuell keinen eigenen Auswahlpunkt. Möchten Sie das unter „Allgemeine Anfragen“ buchen, oder passt ein anderer Bereich besser für Sie?', 'id': '5316e39a-8a32-4cfa-9e62-3bfbb57ab3a4', 'role': 'assistant'}, {'content': 'Ja, „Allgemeine Anfragen“ passt. Danke.', 'id': 'lc_run--019ff9be-75cc-71e1-bb88-dceca420a43b-0', 'role': 'user'}, {'content': 'Alles klar. An welchem Tag und zu welcher Uhrzeit möchten Sie die Schlüsselübergabe vereinbaren?', 'id': 'b00c6e96-56b2-4ef8-a691-f6a3509cd1ac', 'role': 'assistant'}, {'content': 'Am Freitag, gerne zwischen 13 und 16 Uhr.', 'id': 'lc_run--019ff9be-9a53-79d3-8a76-6d727199a884-0', 'role': 'user'}, {'content': 'Am Freitag, den vierzehnten August, sind zwischen dreizehn und sechzehn Uhr leider keine freien Zeiten verfügbar. Möchten Sie einen anderen Zeitraum vorschlagen oder soll ich nach dem nächstmöglichen Termin suchen?', 'id': '65f28afe-620e-4062-93a7-30cb7fa0af2c', 'role': 'assistant'}, {'content': 'Leider kann ich nur freitags zwischen 13 und 16 Uhr. Dann würde ich gerne um einen Rückruf durch einen Mitarbeitenden bitten.', 'id': 'lc_run--019ff9be-b9c0-7c91-88c3-14c3fa5f2754-0', 'role': 'user'}, {'content': 'Ich gebe Ihren Rückrufwunsch weiter. Eine Mitarbeiterin oder ein Mitarbeiter meldet sich bei Ihnen. Vielen Dank für Ihren Anruf und einen schönen Tag noch!', 'id': '28c68ae6-ae7c-44ef-ba94-511025ff4cb8', 'role': 'assistant'}, {'content': 'Vielen Dank, Ihnen auch einen schönen Tag. Auf Wiederhören.', 'id': 'lc_run--019ff9be-cc5b-7540-899d-ac5942b5367c-0', 'role': 'user'}, {'content': 'Auf Wiederhören, Frau Becker. Alles Gute für Sie!', 'id': 'babe6c23-d09c-4b6c-ab72-8a5638c9746d', 'role': 'assistant'}, {'content': '', 'id': 'lc_run--019ff9be-d82f-7a62-a2d2-aa1c783ff3f7-0', 'role': 'user'}, {'content': 'Das Gespräch ist beendet. Wenn Sie wieder Unterstützung benötigen, stehe ich gerne zur Verfügung.', 'id': '4806071d-2793-405e-9df9-f5d4611ea430', 'role': 'assistant'}]",33.276931,,019ff9be-5f74-79b1-8cfd-b39f6ab8880d,0.0,1.0,0.1429,0.4376,0.0,0.0
Gustav Voigt,015789643375,Dienstag von 14 Uhr bis 17 Uhr,eine Besichtigung eines Souterrainapartments,"[{'content': 'Guten Tag, Sie sprechen mit der digitalen Anruf-Assistentin von Surfers Immobilien. Wie kann ich Ihnen weiterhelfen? Was ist der Grund Ihres Anrufs?', 'role': 'assistant'}, {'content': 'Hallo, mein Name ist Gustav Voigt und ich würde gerne einen Termin für eine Besichtigung eines Souterrainapartments vereinbaren.', 'id': 'e694ffec-4f9f-426b-9779-4f83409d415e', 'role': 'user'}, {'content': 'Für eine Besichtigung eines Souterrainapartments passt vermutlich der Termin-Typ „Allgemeine Anfragen“. Möchten Sie diesen Termin-Typ für Ihre Besichtigung nutzen?', 'id': 'a49e4f1d-bfe5-44c6-9e68-54293050a430', 'role': 'assistant'}, {'content': 'Ja, gerne. Das passt.', 'id': 'lc_run--019ff9be-b7da-76d0-8cfd-ff6a80d96ba9-0', 'role': 'user'}, {'content': 'Könnten Sie mir bitte sagen, wann Sie die Besichtigung gerne machen würden?', 'id': 'bbcfcdd3-9c80-4df0-800a-6bced6a3d2dc', 'role': 'assistant'}, {'content': 'Ich kann dienstags zwischen 14 und 17 Uhr. Gibt es da einen passenden Termin?', 'id': 'lc_run--019ff9be-c199-7f60-bec4-d7b674d0b2b6-0', 'role': 'user'}, {'content': 'Am kommenden Dienstag, also am achtzehnten August, sind zwischen vierzehn und siebzehn Uhr leider keine freien Termine verfügbar. Möchten Sie einen anderen Dienstag probieren oder einen anderen Tag vorschlagen?', 'id': 'f2827815-3f14-4fed-b311-86579156d48c', 'role': 'assistant'}, {'content': 'Gerne einen anderen Dienstag zwischen 14 und 17 Uhr. Falls da nichts frei ist, würde ich um einen Rückruf bitten.', 'id': 'lc_run--019ff9be-d61f-7230-b909-6f787e1cd445-0', 'role': 'user'}, {'content': 'Am ersten September ist ebenfalls kein Termin zwischen vierzehn und siebzehn Uhr verfügbar. Möchten Sie einen Rückruf oder einen anderen Zeitraum ausprobieren?', 'id': '8e37f3ee-d4f1-43ce-b367-800c7c5d8d8d', 'role': 'assistant'}, {'content': 'Dann bitte ich um einen Rückruf, um das persönlich zu klären.', 'id': 'lc_run--019ff9bf-0904-77e0-974c-51939ed5c92c-0', 'role': 'user'}, {'content': 'Alles klar, ich gebe Ihren Rückrufwunsch weiter. Sie werden kontaktiert, um die Besichtigung persönlich abzustimmen. Vielen Dank und einen schönen Tag!', 'id': '1d7d7469-89c7-4ae5-85eb-3c994d5827d4', 'role': 'assistant'}, {'content': 'Vielen Dank, ebenfalls einen schönen Tag. Auf Wiederhören.', 'id': 'lc_run--019ff9bf-15a1-76b2-8b77-7c1420df99bf-0', 'role': 'user'}, {'content': 'Auf Wiederhören, Herr Voigt.', 'id': 'a18fb13f-62a6-48c7-b22f-85ad6a8f3d4e', 'role': 'assistant'}, {'content': '', 'id': 'lc_run--019ff9bf-1f6e-7fc3-83b0-f57d92c02a3e-0', 'role': 'user'}, {'content': 'Das Gespräch ist beendet. Falls Sie wieder Unterstützung benötigen, stehe ich Ihnen gerne zur Verfügung.', 'id': 'd7acd319-233f-4e30-9bec-9e74ae56b5e4', 'role': 'assistant'}]",36.378095,,019ff9be-a15d-78d1-82b2-d13f3d87c041,0.0,1.0,0.125,0.3247,1.0,1.0
Katja Baumann,015789643375,Dienstag den ganzen Tag,eine Reparatur des Kellerfensters,"[{'content': 'Guten Tag, Sie sprechen mit der digitalen Anruf-Assistentin von Surfers Immobilien. Wie kann ich Ihnen weiterhelfen? Was ist der Grund Ihres Anrufs?', 'role': 'assistant'}, {'content': 'Hallo, mein Name ist Katja Baumann und ich würde gerne einen Termin für eine Reparatur des Kellerfensters vereinbaren.', 'id': 'd26431ae-4d37-4ae1-a905-834a69ff4929', 'role': 'user'}, {'content': 'Für eine Reparatur gibt es einen passenden Termin-Typ. Möchten Sie einen Termin für ""Reparatur"" buchen?', 'id': '55c2bd0b-4b71-490a-8785-597f7640ab53', 'role': 'assistant'}, {'content': 'Ja, gerne.', 'id': 'lc_run--019ff9be-c4e6-7541-9de9-176b72e7396b-0', 'role': 'user'}, {'content': 'Im Moment sind leider keine freien Termine für Reparaturen in den nächsten sieben Tagen verfügbar. Möchten Sie einen späteren Zeitraum prüfen lassen?', 'id': '6918e643-bd21-4537-a2ab-19ed074e3a91', 'role': 'assistant'}, {'content': 'Ja, bitte prüfen Sie einen späteren Zeitraum.', 'id': 'lc_run--019ff9be-d822-7bd0-a5cf-9aeb069070ac-0', 'role': 'user'}, {'content': 'Auch im Zeitraum ab dem einundzwanzigsten August bis zum vierten September sind keine freien Termine verfügbar. Möchten Sie, dass ich noch weiter in die Zukunft schaue?', 'id': '3ff31d9c-6c84-4601-a278-37b178fcb818', 'role': 'assistant'}, {'content': 'Ja, bitte schauen Sie noch weiter in die Zukunft.', 'id': 'lc_run--019ff9be-eb14-7810-bc39-da3453897617-0', 'role': 'user'}, {'content': 'Leider sind auch im Zeitraum vom fünften September bis zum neunzehnten September keine Termine verfügbar. Möchten Sie, dass ich noch einen späteren Zeitraum prüfe oder soll ich Ihnen einen Rückruf anbieten?', 'id': 'a4c85f05-2e46-40a1-b83b-cf2ae0fbefbe', 'role': 'assistant'}, {'content': 'Dann bitte ich um einen Rückruf durch einen Mitarbeitenden.', 'id': 'lc_run--019ff9be-fcfb-7e41-8a60-fc1a6b592238-0', 'role': 'user'}, {'content': 'Alles klar, ich gebe Ihren Rückrufwunsch weiter. Eine Mitarbeiterin oder ein Mitarbeiter wird sich bei Ihnen melden. Vielen Dank für Ihren Anruf und einen schönen Tag noch!', 'id': 'f8127249-aed3-40ee-bb74-1f6d9efbd762', 'role': 'assistant'}, {'content': 'Vielen Dank, ebenfalls einen schönen Tag. Auf Wiederhören.', 'id': 'lc_run--019ff9bf-0abc-7362-a9b6-e5ddf7f19829-0', 'role': 'user'}, {'content': 'Auf Wiederhören, Frau Baumann.', 'id': '98bece11-654d-4c47-8daa-d9cae28389ac', 'role': 'assistant'}, {'content': '', 'id': 'lc_run--019ff9bf-1440-7840-a4b6-a8419b8efd5b-0', 'role': 'user'}, {'content': 'Das Gespräch ist beendet. Wenn Sie wieder einen Termin buchen möchten, stehe ich Ihnen gerne zur Verfügung.', 'id': 'eab81ba8-2801-45b5-8e94-4d0b15be0f70', 'role': 'assistant'}]",30.222935,,019ff9be-b1ca-7282-b770-29fcc577078e,0.0,1.0,0.125,0.3247,0.0,1.0
Sabine Müller,015789643375,Dienstag von 14 Uhr bis 17 Uhr,eine Reparatur des Wasserhahns,"[{'content': 'Guten Tag, Sie sprechen mit der digitalen Anruf-Assistentin von Surfers Immobilien. Wie kann ich Ihnen weiterhelfen? Was ist der Grund für Ihren Anruf?', 'role': 'assistant'}, {'content': 'Hallo, mein Name ist Sabine Müller und ich würde gerne einen Termin für eine Reparatur des Wasserhahns vereinbaren.', 'id': 'b95a8d0f-67a8-4bd4-b6ea-c921d01217c7', 'role': 'user'}, {'content': 'Für eine Reparatur gibt es einen passenden Termin-Typ. Möchten Sie einen Termin für „Reparatur“ buchen?', 'id': '9d6276d0-7856-4ea4-8d3b-dd2005c191d4', 'role': 'assistant'}, {'content': 'Ja, bitte.', 'id': 'lc_run--019ff9be-d6f9-7643-b484-4ec24f2b06cc-0', 'role': 'user'}, {'content': 'Könnten Sie mir bitte sagen, wann Sie den Reparatur-Termin bevorzugen?', 'id': '59fb4b93-8e57-403b-9ec2-94f82726750e', 'role': 'assistant'}, {'content': 'Ich kann dienstags von 14 bis 17 Uhr.', 'id': 'lc_run--019ff9be-e01f-75b1-bafa-b2e2e9f086ab-0', 'role': 'user'}, {'content': 'Ich suche jetzt einen verfügbaren Termin am nächsten Dienstag zwischen vierzehn und siebzehn Uhr. Ist das für Sie in Ordnung?', 'id': '03833f3d-556b-4d1b-a056-438b41b6af6a', 'role': 'assistant'}, {'content': 'Ja, das ist in Ordnung.', 'id': 'lc_run--019ff9be-ef0d-79e3-9f90-392f83185f51-0', 'role': 'user'}, {'content': 'Leider ist am Dienstag, den achtzehnten August zwischen vierzehn und siebzehn Uhr kein Termin verfügbar. Möchten Sie einen anderen Tag oder eine andere Uhrzeit vorschlagen?', 'id': '4aa33b8f-0a37-462f-b602-8b5ebcd4f475', 'role': 'assistant'}, {'content': 'Leider kann ich nur dienstags zwischen 14 und 17 Uhr. Könnte mich bitte ein Mitarbeitender zurückrufen, um das zu klären?', 'id': 'lc_run--019ff9be-ffc5-7002-a93b-ccdd406c7527-0', 'role': 'user'}, {'content': 'Natürlich, ich gebe Ihren Rückrufwunsch weiter. Ein Mitarbeitender wird sich bei Ihnen melden. Vielen Dank für Ihren Anruf und einen schönen Tag!', 'id': '5a8501f4-31e8-4080-b5a0-be2a97f174cb', 'role': 'assistant'}, {'content': 'Vielen Dank, auf Wiederhören.', 'id': 'lc_run--019ff9bf-0ee6-7842-bdbb-f7b9180fac19-0', 'role': 'user'}, {'content': 'Auf Wiederhören, Frau Müller. Alles Gute für Sie!', 'id': 'e2eb05bb-5350-47f9-b028-33ba0c41f905', 'role': 'assistant'}, {'content': '', 'id': 'lc_run--019ff9bf-1a4b-7643-affd-5c841155d051-0', 'role': 'user'}, {'content': 'Das Gespräch ist beendet. Wenn Sie wieder einen Termin buchen möchten, stehe ich Ihnen gerne zur Verfügung.', 'id': '72c23fe2-746e-4739-8bfb-37b016380de1', 'role': 'assistant'}]",25.392489,,019ff9be-c2bb-7732-a31b-13dd495ac96e,0.0,1.0,0.125,0.3247,0.0,1.0
Ute Böhm,015789643375,den ganzen Dienstag,eine Kontrolle der Feuerlöscher im Treppenhaus,"[{'content': 'Guten Morgen, Sie sprechen mit der digitalen Anruf-Assistentin von Surfers Immobilien. Was kann ich heute für Sie tun?', 'role': 'assistant'}, {'content': 'Hallo, mein Name ist Ute Böhm und ich würde gerne einen Termin für eine Kontrolle der Feuerlöscher im Treppenhaus vereinbaren.', 'id': 'a5e7f3ac-29dc-46ce-8f97-0b999557c748', 'role': 'user'}, {'content': 'Für eine Kontrolle der Feuerlöscher passt am ehesten der Bereich „Reparatur“ oder „Allgemeine Anfragen“. Möchten Sie den Termin als „Reparatur“ oder lieber als „Allgemeine Anfrage“ buchen?', 'id': '175b5988-21aa-40a7-8c43-25b7ad20e112', 'role': 'assistant'}, {'content': 'Lieber als „Allgemeine Anfrage“, bitte.', 'id': 'lc_run--019ff9be-f620-7e61-84b2-31fb02ac3966-0', 'role': 'user'}, {'content': 'Alles klar, ich buche das als „Allgemeine Anfrage“. Gibt es ein bestimmtes Datum oder eine Uhrzeit, die Ihnen für den Termin besonders gut passt?', 'id': '47df227d-0266-4bbc-bcb2-747f0c674900', 'role': 'assistant'}, {'content': 'Ich bin den ganzen Dienstag erreichbar und kann Termine nur dienstags wahrnehmen.', 'id': 'lc_run--019ff9bf-00ee-7fd1-91b1-8b7855df712a-0', 'role': 'user'}, {'content': 'Gut, Sie sind am Dienstag, den achtzehnten August zweitausendsechsundzwanzig erreichbar. Möchten Sie einen Termin am Vormittag oder am Nachmittag?', 'id': 'c4581cd3-4b8c-46e2-91f8-9fc31ec69446', 'role': 'assistant'}, {'content': 'Am Vormittag wäre mir am liebsten.', 'id': 'lc_run--019ff9bf-1b2a-70c1-8632-6c38b57c8b47-0', 'role': 'user'}, {'content': 'Am Dienstag, den achtzehnten August, sind am Vormittag leider keine Termine verfügbar. Möchten Sie einen Termin am Nachmittag oder lieber einen anderen Dienstag auswählen?', 'id': 'eedcdec4-9f2e-407f-bc11-ecda59cbfec4', 'role': 'assistant'}, {'content': 'Dann gerne am Nachmittag, bitte.', 'id': 'lc_run--019ff9bf-2b05-7b63-88f8-02d43c86d99b-0', 'role': 'user'}, {'content': 'Am Dienstag, den achtzehnten August, sind auch am Nachmittag keine Termine frei. Soll ich nach einem Termin am nächsten Dienstag, also am fünfundzwanzigsten August, suchen?', 'id': 'a1f9726f-5bc4-44c0-aaea-ee2b1dc05885', 'role': 'assistant'}, {'content': 'Ja, bitte suchen Sie nach einem Termin am nächsten Dienstag, dem fünfundzwanzigsten August.', 'id': 'lc_run--019ff9bf-3dc7-7022-8dc3-686aa14edf45-0', 'role': 'user'}, {'content': 'Am Dienstag, dem fünfundzwanzigsten August, sind leider keine Termine verfügbar. Möchten Sie einen anderen Dienstag im September probieren oder lieber eine andere Lösung finden?', 'id': '25b1cf98-5211-4b36-aaa3-2b33a566de81', 'role': 'assistant'}, {'content': 'Dann würde ich gerne um einen Rückruf durch einen Mitarbeitenden bitten, um einen Termin zu vereinbaren.', 'id': 'lc_run--019ff9bf-4f61-72e1-8414-33eaf7698fed-0', 'role': 'user'}, {'content': 'Das kann ich für Sie veranlassen. Ein Mitarbeitender wird Sie zurückrufen, um einen passenden Termin zu vereinbaren. Vielen Dank für Ihren Anruf und einen schönen Tag!', 'id': '340dc757-7a0c-49cc-b2c9-6ff2f4647a70', 'role': 'assistant'}, {'content': 'Vielen Dank, Ihnen auch einen schönen Tag. Auf Wiederhören.', 'id': 'lc_run--019ff9bf-6615-71c3-bba8-fa2c69d0051f-0', 'role': 'user'}, {'content': 'Auf Wiederhören, Frau Böhm. Alles Gute für Sie!', 'id': 'aa1afaba-2393-416e-ac9a-f54b18d6ebc1', 'role': 'assistant'}, {'content': '', 'id': 'lc_run--019ff9bf-6fde-73c0-86dd-efc4285c8a8c-0', 'role': 'user'}, {'content': 'Falls Sie noch etwas benötigen, können Sie sich jederzeit melden. Auf Wiederhören!', 'id': 'ebc5b0f7-13c7-485e-bdf5-eeea87dfc9a3', 'role': 'assistant'}]",39.990456,,019ff9be-e173-79a3-baef-21ee11d0267c,0.0,1.0,0.1,0.1979,0.0,0.0
Frieda Möller,015789643375,den ganzen Donnerstag,eine Beschwerde über eine defekte Straßenbeleuchtung,"[{'content': 'Guten Tag, Sie sprechen mit der digitalen Anruf-Assistentin von Surfers Immobilien. Wie kann ich Ihnen weiterhelfen? Was ist der Grund Ihres Anrufs?', 'role': 'assistant'}, {'content': 'Hallo, mein Name ist Frieda Möller und ich würde gerne einen Termin für eine Beschwerde über eine defekte Straßenbeleuchtung vereinbaren.', 'id': '9597f8a5-5cd6-437a-b65a-782ca553d2f0', 'role': 'user'}, {'content': 'Für Ihr Anliegen passt am besten ein Termin für eine Beschwerde. Möchten Sie diesen Termin buchen?', 'id': 'ff5b829b-d2dc-4ee4-9c84-7296e430d73b', 'role': 'assistant'}, {'content': 'Ja, bitte.', 'id': 'lc_run--019ff9bf-42e0-7ba0-8b7c-120cda0d8f23-0', 'role': 'user'}, {'content': 'Im Moment sind leider keine freien Zeiten für einen Beschwerde-Termin in den nächsten sieben Tagen verfügbar. Möchten Sie, dass ich nach einem späteren Zeitpunkt suche?', 'id': 'cfd515f0-32c5-4606-8716-f98121248c59', 'role': 'assistant'}, {'content': 'Ja, gerne. Bitte suchen Sie nach einem späteren Termin.', 'id': 'lc_run--019ff9bf-53a2-7871-a83b-0348bac876c8-0', 'role': 'user'}, {'content': 'Auch im Zeitraum vom einundzwanzigsten bis zum einunddreißigsten August sind keine freien Termine verfügbar. Möchten Sie, dass ich noch weiter in die Zukunft suche?', 'id': '00ef7acd-31ad-47c1-82d5-fe74fe57c0fe', 'role': 'assistant'}, {'content': 'Nein, danke. Dann hätte ich gerne einen Rückruf von einem Mitarbeitenden, um das Anliegen zu klären oder einen Termin zu vereinbaren.', 'id': 'lc_run--019ff9bf-6d56-7750-bc09-9a5aa96e0133-0', 'role': 'user'}, {'content': 'Das kann ich für Sie veranlassen. Ein Mitarbeitender wird Sie zurückrufen, um Ihr Anliegen zu besprechen oder einen Termin zu vereinbaren. Vielen Dank für Ihren Anruf und einen schönen Tag!', 'id': 'd849f31e-b337-4f2a-a85a-a4eb5e658073', 'role': 'assistant'}, {'content': 'Vielen Dank. Ihnen auch einen schönen Tag. Auf Wiederhören.', 'id': 'lc_run--019ff9bf-7c28-7e12-8193-d5cfa2eba8d6-0', 'role': 'user'}, {'content': 'Auf Wiederhören, Frau Möller. Alles Gute für Sie!', 'id': '08abc4ac-e346-4c48-a34d-2c4da38d6084', 'role': 'assistant'}, {'content': '', 'id': 'lc_run--019ff9bf-8564-77b3-9cb6-cb526ccc86bd-0', 'role': 'user'}, {'content': 'Falls Sie noch einmal Unterstützung benötigen, stehe ich Ihnen gerne zur Verfügung. Auf Wiederhören!', 'id': '246e3d13-6c00-4b2e-b69b-122bd4261d8b', 'role': 'assistant'}]",26.689094,,019ff9bf-25ed-7013-bf37-fa26f3c14daa,0.0,1.0,0.1429,0.4376,0.0,0.0
Gabriele Krause,015789643375,Montag von 10 Uhr bis 13 Uhr,eine Beschwerde über einen Nachbarschaftsstreit,"[{'content': 'Guten Morgen, Sie sprechen mit der digitalen Anruf-Assistentin von Surfers Immobilien. Was kann ich heute für Sie tun?', 'role': 'assistant'}, {'content': 'Hallo, mein Name ist Gabriele Krause und ich würde gerne einen Termin für eine Beschwerde über einen Nachbarschaftsstreit vereinbaren.', 'id': '46cde273-6102-4743-8ecc-d8b6d472eaef', 'role': 'user'}, {'content': 'Für Beschwerden gibt es einen passenden Termin-Typ. Möchten Sie einen Termin für eine Beschwerde vereinbaren oder bevorzugen Sie einen allgemeinen Termin?', 'id': '6e720f71-a8e3-4938-94b4-5723b6fb1d02', 'role': 'assistant'}, {'content': 'Ich möchte bitte einen Termin für eine Beschwerde vereinbaren.', 'id': 'lc_run--019ff9bf-3a24-7aa0-9f1c-1b39fc5b1d5d-0', 'role': 'user'}, {'content': 'Alles klar, Frau Krause. Gibt es ein bestimmtes Datum oder eine Uhrzeit, die Ihnen für den Termin besonders gut passt?', 'id': 'f533564a-adab-4a84-9940-2e5d23a10438', 'role': 'assistant'}, {'content': 'Ja, montags zwischen 10 und 13 Uhr passt es mir.', 'id': 'lc_run--019ff9bf-4486-71e3-ad87-ddfd72b38b04-0', 'role': 'user'}, {'content': 'Leider sind am kommenden Montag zwischen zehn und dreizehn Uhr keine Termine verfügbar. Möchten Sie einen anderen Tag oder eine andere Uhrzeit vorschlagen?', 'id': '28ecfe6d-3c02-4e8e-b4b9-2320f3e1d587', 'role': 'assistant'}, {'content': 'Leider kann ich nur montags zwischen 10 und 13 Uhr. Könnte mich bitte ein Mitarbeitender zurückrufen, um das zu klären?', 'id': 'lc_run--019ff9bf-5fbc-7093-a697-cbb357d9be89-0', 'role': 'user'}, {'content': 'Natürlich, ich gebe Ihren Rückrufwunsch weiter. Ein Mitarbeitender wird sich bei Ihnen melden, um das Anliegen zu besprechen. Vielen Dank für Ihren Anruf und einen schönen Tag!', 'id': '1c29c5d4-f04a-413d-8376-0301e2bf550b', 'role': 'assistant'}, {'content': 'Vielen Dank. Auf Wiederhören.', 'id': 'lc_run--019ff9bf-6f55-7393-9073-ce8c6f5a783b-0', 'role': 'user'}, {'content': 'Auf Wiederhören, Frau Krause.', 'id': 'f3d2b7ae-1289-4b3a-9eb0-c636fe5eef26', 'role': 'assistant'}, {'content': '', 'id': 'lc_run--019ff9bf-7823-7ad1-a91f-30b81a051aca-0', 'role': 'user'}, {'content': 'Die Verbindung wird beendet. Einen angenehmen Tag noch!', 'id': '2ac97d74-01f5-421a-ae41-46b720130932', 'role': 'assistant'}]",23.8318,,019ff9bf-27da-77b3-a770-2912f05e00cf,0.0,1.0,0.1429,0.4376,1.0,1.0
Horst Kramer,015789643375,Freitag den ganzen Tag,eine Reparatur eines undichten Rohrs,"[{'content': 'Guten Tag, Sie sprechen mit der digitalen Anruf-Assistentin von Surfers Immobilien. Wie kann ich Ihnen weiterhelfen? Was ist der Grund für Ihren Anruf?', 'role': 'assistant'}, {'content': 'Hallo, mein Name ist Horst Kramer und ich würde gerne einen Termin für eine Reparatur eines undichten Rohrs vereinbaren.', 'id': '2e82cbed-7e2b-415e-b7c7-301465eee12f', 'role': 'user'}, {'content': 'Für eine Reparatur gibt es einen passenden Termin-Typ. Möchten Sie einen Termin für „Reparatur“ buchen?', 'id': 'd1f9e611-525b-4dc2-b063-9a1f83c0b179', 'role': 'assistant'}, {'content': 'Ja, bitte.', 'id': 'lc_run--019ff9bf-42bd-7923-952e-fea42a6fc6b3-0', 'role': 'user'}, {'content': 'Leider sind aktuell keine Termine für Reparaturen in der nächsten Woche verfügbar. Möchten Sie, dass ich nach einem späteren Zeitraum suche?', 'id': '1e3e26e2-af73-4521-94db-dee3ce706e74', 'role': 'assistant'}, {'content': 'Nein, danke. Dann würde ich gerne von einem Mitarbeitenden zurückgerufen werden, um das persönlich zu klären.', 'id': 'lc_run--019ff9bf-5356-76f2-80c1-9e04d0cb00db-0', 'role': 'user'}, {'content': 'Alles klar, ich gebe Ihren Rückrufwunsch weiter. Ein Mitarbeitender wird sich bei Ihnen melden. Vielen Dank für Ihren Anruf und einen schönen Tag!', 'id': '9df54f44-04bc-487e-8e29-0212b465a80d', 'role': 'assistant'}, {'content': 'Vielen Dank, auf Wiederhören.', 'id': 'lc_run--019ff9bf-6170-7e82-a585-23265579f5a0-0', 'role': 'user'}, {'content': 'Auf Wiederhören, Herr Kramer.', 'id': 'ca469e7b-ae1e-46d9-a01d-c025e27cb58f', 'role': 'assistant'}, {'content': '', 'id': 'lc_run--019ff9bf-6af2-7ca3-9f7d-e2182d240097-0', 'role': 'user'}, {'content': 'Das Gespräch ist beendet. Wenn Sie wieder einen Termin buchen möchten, stehe ich Ihnen gerne zur Verfügung.', 'id': '069155c2-24d5-48cf-ba52-4be5a2b03d66', 'role': 'assistant'}]",18.114044,,019ff9bf-2f78-7f90-a2ff-8f4b7b636988,0.0,1.0,0.1667,0.6065,1.0,0.0
Dietmar Martin,015789643375,nur am späten Nachmittag,eine Reparatur der Eingangstür,"[{'content': 'Guten Morgen, Sie sprechen mit der digitalen Anruf-Assistentin von Surfers Immobilien. Was kann ich heute für Sie tun?', 'role': 'assistant'}, {'content': 'Hallo, mein Name ist Dietmar Martin und ich würde gerne einen Termin für eine Reparatur der Eingangstür vereinbaren.', 'id': 'c8a93e18-d09c-4255-afdc-4ed2d6bec897', 'role': 'user'}, {'content': 'Alles klar, Herr Martin. Für die Reparatur der Eingangstür – möchten Sie dafür einen Vor-Ort-Termin mit einem Techniker buchen?', 'id': '12e7e8bf-a9a5-4512-9624-ee7306e4ab39', 'role': 'assistant'}, {'content': 'Ja, bitte. Ein Vor-Ort-Termin mit einem Techniker wäre gut.', 'id': 'lc_run--019ff9bf-7ea1-7470-aec2-4a7e45b59ce7-0', 'role': 'user'}, {'content': 'Für die Reparatur gibt es einen passenden Termin-Typ „Reparatur“. Darf ich diesen für Sie auswählen?', 'id': '0caf7950-0c54-4f4f-b1f6-60ed1e6bf2b3', 'role': 'assistant'}, {'content': 'Ja, gerne.', 'id': 'lc_run--019ff9bf-8f57-76c3-bdd0-48325d39fac8-0', 'role': 'user'}, {'content': 'Im Moment sind leider keine freien Zeiten für einen Reparatur-Termin verfügbar. Möchten Sie, dass ich nach einem späteren Zeitraum suche oder Sie informieren lasse, sobald wieder Termine frei sind?', 'id': 'c7216c3d-28c6-4b83-b7d3-c2364a162552', 'role': 'assistant'}, {'content': 'Bitte suchen Sie nach einem späteren Zeitraum. Ich bin allerdings nur am späten Nachmittag verfügbar.', 'id': 'lc_run--019ff9bf-9f82-7990-b2c1-2bdc5d51091a-0', 'role': 'user'}, {'content': 'Verstanden. Ab welchem Datum möchten Sie nach späten Nachmittags-Terminen suchen?', 'id': 'ea754d92-69c2-4a4b-a9ca-8c56e1788ea1', 'role': 'assistant'}, {'content': 'Ab nächster Woche gerne.', 'id': 'lc_run--019ff9bf-a8aa-7140-a049-2ae413d8b8e0-0', 'role': 'user'}, {'content': 'Alles klar, ich suche ab Donnerstag, den zwanzigsten August, nach späten Nachmittags-Terminen. Welche Uhrzeit wäre für Sie ideal?', 'id': 'b3e9a65e-b972-47b0-8a50-0a758739e4ef', 'role': 'assistant'}, {'content': 'Ideal wäre ab 16 Uhr, gerne auch später.', 'id': 'lc_run--019ff9bf-b8f0-7993-81c2-16826ee86553-0', 'role': 'user'}, {'content': 'Leider sind auch ab dem zwanzigsten August keine Reparatur-Termine am späten Nachmittag verfügbar. Möchten Sie, dass ich noch weiter in die Zukunft suche oder bevorzugen Sie eine Benachrichtigung, sobald wieder Termine frei werden?', 'id': 'f2580f62-80c8-4f7f-97ef-64c07029f81f', 'role': 'assistant'}, {'content': 'Dann würde ich gerne von einem Mitarbeitenden zurückgerufen werden, um das persönlich zu klären.', 'id': 'lc_run--019ff9bf-cd1b-7d43-88ad-80c5d5b09162-0', 'role': 'user'}, {'content': 'Das ist notiert. Ein Mitarbeitender wird Sie zurückrufen, um alles persönlich zu besprechen. Vielen Dank für Ihren Anruf und einen schönen Tag!', 'id': '23b8f4ae-62b5-44b5-993e-fcc8063a7491', 'role': 'assistant'}, {'content': 'Vielen Dank, Ihnen auch einen schönen Tag. Auf Wiederhören.', 'id': 'lc_run--019ff9bf-da9c-7a33-a693-52dbdaafc183-0', 'role': 'user'}, {'content': 'Auf Wiederhören, Herr Martin.', 'id': 'fdb5e09d-3925-42b8-92de-d131793a4ab8', 'role': 'assistant'}, {'content': '', 'id': 'lc_run--019ff9bf-e404-7713-a79f-0df29e8c9d21-0', 'role': 'user'}, {'content': 'Die Verbindung wird beendet. Einen angenehmen Tag noch.', 'id': '7bb71ff1-be45-4b55-9a33-9093ca0bac74', 'role': 'assistant'}]",32.309513,,019ff9bf-763b-7961-ba12-2e1575694908,0.0,1.0,0.1,0.1979,0.0,0.0
Alfred Scholz,015789643375,immer freitags,eine Besichtigung eines Kellerraums,"[{'content': 'Guten Morgen, Sie sprechen mit der digitalen Anruf-Assistentin von Surfers Immobilien. Was kann ich heute für Sie tun?', 'role': 'assistant'}, {'content': 'Hallo, mein Name ist Alfred Scholz und ich würde gerne einen Termin für eine Besichtigung eines Kellerraums vereinbaren.', 'id': '6e66117b-ef29-4369-b6a5-4d8233d37a1c', 'role': 'user'}, {'content': 'Für eine Kellerraum-Besichtigung passt am ehesten die Kategorie „Allgemeine Anfragen“. Möchten Sie das so buchen?', 'id': 'ba8a3817-abc6-497e-86f8-29a2f217929c', 'role': 'assistant'}, {'content': 'Ja, gerne. Das passt.', 'id': 'lc_run--019ff9bf-8e59-7762-9adf-73e787bfe808-0', 'role': 'user'}, {'content': 'Alles klar, Herr Scholz. Haben Sie einen Wunschtag oder eine bevorzugte Uhrzeit für die Besichtigung?', 'id': '80472a45-0020-4ba8-b7c5-c5945cfc542b', 'role': 'assistant'}, {'content': 'Ich kann immer freitags. Am besten wäre vormittags, wenn das möglich ist.', 'id': 'lc_run--019ff9bf-9aed-7350-9380-bd27c5a7b6e8-0', 'role': 'user'}, {'content': 'Könnten Sie mir bitte sagen, ob Sie schon für diesen Freitag, also den vierzehnten August, vormittags einen Termin möchten? Oder soll ich nach einem anderen Freitag suchen?', 'id': 'e88f61cd-8676-4b09-8191-4573ae4d0a08', 'role': 'assistant'}, {'content': 'Ja, der vierzehnte August vormittags wäre gut, wenn da etwas frei ist.', 'id': 'lc_run--019ff9bf-a848-7151-8ce0-8d7535349cc3-0', 'role': 'user'}, {'content': 'Am Freitag, den vierzehnten August, sind vormittags leider keine freien Zeiten verfügbar. Soll ich nach einem anderen Freitag suchen oder passt auch ein anderer Tag für Sie?', 'id': 'b87ab681-24da-4042-abca-9a57961b9109', 'role': 'assistant'}, {'content': 'Bitte suchen Sie nach einem anderen Freitag. Ein anderer Tag passt mir leider nicht.', 'id': 'lc_run--019ff9bf-bcf0-7822-996f-27fae5c0782d-0', 'role': 'user'}, {'content': 'Ich schaue jetzt nach freien Terminen an den kommenden Freitagen. Ist Ihnen ein bestimmtes Datum lieber oder soll ich einfach den nächsten verfügbaren Freitag nehmen?', 'id': '8cf3350b-885d-446c-97d3-c1ee49031fbf', 'role': 'assistant'}, {'content': 'Nehmen Sie gerne den nächsten verfügbaren Freitag vormittags.', 'id': 'lc_run--019ff9bf-c69b-7741-850f-e356979d4e48-0', 'role': 'user'}, {'content': 'Auch am Freitag, den achtundzwanzigsten August, gibt es keine freien Zeiten vormittags. Möchten Sie, dass ich weiter nach den darauffolgenden Freitagen suche?', 'id': '0493828d-61d9-4368-a0ed-e2f8c30a591d', 'role': 'assistant'}, {'content': 'Ja, bitte suchen Sie weiter nach einem freien Freitag vormittags.', 'id': 'lc_run--019ff9bf-dfb5-7053-8eee-6a54cdf75f74-0', 'role': 'user'}, {'content': 'Am Freitag, den elften September, ist ebenfalls kein Termin vormittags verfügbar. Soll ich noch weiter suchen oder möchten Sie lieber einen Rückruf vereinbaren?', 'id': 'f68cfae5-4295-4d4b-8cf0-0fcc172e637f', 'role': 'assistant'}, {'content': 'Dann würde ich lieber einen Rückruf vereinbaren, bitte.', 'id': 'lc_run--019ff9bf-f855-75e1-b290-3eefd889a638-0', 'role': 'user'}, {'content': 'Kein Problem, Herr Scholz. Zu welcher Uhrzeit möchten Sie zurückgerufen werden?', 'id': '446c8b5b-c8b1-47d1-8b45-409cdb9502b7', 'role': 'assistant'}, {'content': 'Am besten freitags vormittags, bitte. Meine Telefonnummer ist 015789643375.', 'id': 'lc_run--019ff9c0-01e6-77a3-8dff-fad84ef7629f-0', 'role': 'user'}, {'content': 'Ich notiere Ihren Rückrufwunsch für einen Freitagvormittag. Darf ich Ihre Telefonnummer noch einmal prüfen: null eins fünf sieben acht neun sechs vier drei drei sieben fünf? Ist das korrekt?', 'id': '0c252cd9-0f71-46fb-a18a-220dc283bdf2', 'role': 'assistant'}, {'content': 'Ja, das ist korrekt. Vielen Dank.', 'id': 'lc_run--019ff9c0-0b4e-7770-b119-14db81ebf84b-0', 'role': 'user'}, {'content': 'Ihr Rückruf wird für einen Freitagvormittag eingeplant. Sie werden unter der Nummer null eins fünf sieben acht neun sechs vier drei drei sieben fünf kontaktiert.\n\nIch wünsche Ihnen einen angenehmen Tag!', 'id': '5119886d-617d-45ca-b145-13fa683631ab', 'role': 'assistant'}, {'content': 'Vielen Dank. Ihnen auch einen angenehmen Tag. Auf Wiederhören.', 'id': 'lc_run--019ff9c0-18fd-7291-b416-31cbe1dff5e4-0', 'role': 'user'}, {'content': 'Auf Wiederhören, Herr Scholz. Alles Gute!', 'id': '0cb9c454-d5a5-4eb0-8d7a-9e63fa6a6fa8', 'role': 'assistant'}, {'content': '', 'id': 'lc_run--019ff9c0-2500-7ee2-8c21-7be03006c3ce-0', 'role': 'user'}, {'content': 'Falls Sie wieder einen Termin buchen möchten, stehe ich Ihnen gerne zur Verfügung. Auf Wiederhören!', 'id': 'ffb2897b-45bc-4883-961e-eb1654db1938', 'role': 'assistant'}]",46.725693,,019ff9bf-7dab-7833-9854-d645893eea2e,1.0,1.0,0.0,0.0111,0.0,1.0
Kaspar Nagel,015789643375,Mittwoch von 10 Uhr bis 13 Uhr,eine Besichtigung einer möblierten Wohnung,"[{'content': 'Guten Morgen, Sie sprechen mit der digitalen Anruf-Assistentin von Surfers Immobilien. Was kann ich heute für Sie tun?', 'role': 'assistant'}, {'content': 'Hallo, mein Name ist Kaspar Nagel und ich würde gerne einen Termin für eine Besichtigung einer möblierten Wohnung vereinbaren.', 'id': 'fb97e4f0-5088-4803-aa39-86195e6a8d8c', 'role': 'user'}, {'content': 'Für eine Besichtigung einer möblierten Wohnung gibt es aktuell keinen passenden Termin-Typ in der Auswahl. Möchten Sie stattdessen einen Termin für allgemeine Anfragen buchen?', 'id': 'e3c4cfc5-861f-4026-b967-b161a36955ff', 'role': 'assistant'}, {'content': 'Ja, gerne. Wenn das möglich ist, buchen wir bitte einen Termin für allgemeine Anfragen.', 'id': 'lc_run--019ff9bf-9656-7b81-a253-4b26ed9e9301-0', 'role': 'user'}, {'content': 'Alles klar, Herr Nagel. Damit ich den Termin für allgemeine Anfragen buchen kann, benötige ich bitte Ihre E-Mail-Adresse. Wie lautet diese?', 'id': '143a9213-ca55-4bd5-8722-a1d7b4805929', 'role': 'assistant'}, {'content': 'Eine E-Mail-Adresse möchte ich ungern angeben. Können Sie mich stattdessen telefonisch kontaktieren oder den Termin telefonisch bestätigen?', 'id': 'lc_run--019ff9bf-a0f0-72e1-8f76-d25504615dc3-0', 'role': 'user'}, {'content': 'Das ist kein Problem. Ich kann den Termin auch ohne E-Mail-Adresse buchen. Damit ich Sie erreichen kann, benötige ich bitte Ihre Telefonnummer. Könnten Sie mir diese nennen?', 'id': '78aa1ca0-e63c-4be6-9831-26832e64966b', 'role': 'assistant'}, {'content': 'Ja, gerne. Meine Telefonnummer ist 015789643375.', 'id': 'lc_run--019ff9bf-b38f-77f2-be56-faaf79598360-0', 'role': 'user'}, {'content': 'Danke, Herr Nagel. Haben Sie einen bestimmten Tag oder eine Uhrzeit im Kopf, wann Ihnen der Termin am besten passen würde?', 'id': 'fe777ae7-2c77-4794-9ea9-e32d8e2879a6', 'role': 'assistant'}, {'content': 'Ja, mir passt Mittwoch zwischen 10 und 13 Uhr.', 'id': 'lc_run--019ff9bf-bd0b-7f21-9b1f-1db670d18876-0', 'role': 'user'}, {'content': 'Am Mittwoch, den neunzehnten August, zwischen zehn und dreizehn Uhr, ist leider kein Termin verfügbar. Möchten Sie einen anderen Tag oder eine andere Uhrzeit vorschlagen?', 'id': 'b04722c7-8be7-410c-a429-d7de47b12c1a', 'role': 'assistant'}, {'content': 'Leider kann ich nur mittwochs zwischen 10 und 13 Uhr. Dann würde ich gerne um einen Rückruf von einem Mitarbeitenden bitten, um das persönlich zu klären.', 'id': 'lc_run--019ff9bf-dd40-7c42-807a-31770e6aefb6-0', 'role': 'user'}, {'content': 'Ich gebe Ihren Wunsch nach einem Rückruf weiter. Ein Mitarbeitender von Surfers Immobilien wird sich telefonisch bei Ihnen melden. Vielen Dank für Ihren Anruf und einen schönen Tag!', 'id': 'd6c4f529-7ddf-4b42-ba06-d80df56196b7', 'role': 'assistant'}, {'content': 'Vielen Dank. Auf Wiederhören!', 'id': 'lc_run--019ff9bf-f238-7782-9f0f-3884c9649ed9-0', 'role': 'user'}, {'content': 'Auf Wiederhören, Herr Nagel. Alles Gute!', 'id': '78b823be-c2e3-4fc2-a1a5-0697853b3441', 'role': 'assistant'}, {'content': '', 'id': 'lc_run--019ff9c0-2f06-7c51-aa9e-42b61a458e54-0', 'role': 'user'}, {'content': 'Das Gespräch ist beendet. Wenn Sie wieder einen Termin buchen möchten, stehe ich Ihnen gerne zur Verfügung.', 'id': 'c990754e-b93a-472e-b9e5-eaef3f3493c0', 'role': 'assistant'}]",45.577975,,019ff9bf-84f3-7441-bdd4-aec95a18218a,1.0,1.0,0.2222,0.946,0.0,0.0
Bernd Maier,015789643375,den ganzen Montag,eine Kontrolle der Wasserleitungen,"[{'content': 'Guten Morgen, Sie sprechen mit der digitalen Anruf-Assistentin von Surfers Immobilien. Was kann ich heute für Sie tun?', 'role': 'assistant'}, {'content': 'Hallo, mein Name ist Bernd Maier und ich würde gerne einen Termin für eine Kontrolle der Wasserleitungen vereinbaren.', 'id': 'f91519e7-ae01-4335-bb71-c0aa51ed1472', 'role': 'user'}, {'content': 'Für eine Kontrolle der Wasserleitungen passt vermutlich der Termin-Typ „Reparatur“ am besten. Möchten Sie diesen Termin-Typ wählen?', 'id': 'd91794f0-3f5b-4936-9690-600e8585ef37', 'role': 'assistant'}, {'content': 'Ja, gerne. Das passt.', 'id': 'lc_run--019ff9bf-a2f0-7970-b396-1fd2a068932a-0', 'role': 'user'}, {'content': 'Alles klar, Herr Maier. Gibt es ein bestimmtes Datum oder eine Uhrzeit, die Ihnen für die Kontrolle der Wasserleitungen besonders gut passt?', 'id': '7a3fc0d7-d753-43e5-928d-5a47a8dfe1ec', 'role': 'assistant'}, {'content': 'Ich bin den ganzen Montag erreichbar, andere Zeiten passen mir leider nicht.', 'id': 'lc_run--019ff9bf-aad1-7643-b3fd-ef2864cbb8d6-0', 'role': 'user'}, {'content': 'Am Montag, den siebzehnten August, sind leider keine freien Termine für eine Reparatur verfügbar. Möchten Sie einen anderen Tag auswählen oder soll ich nach dem nächstmöglichen Termin suchen?', 'id': '0367bc16-d461-467d-8c2c-dc12714f92b8', 'role': 'assistant'}, {'content': 'Ich kann leider nur montags. Können Sie bitte nach dem nächstmöglichen freien Montag suchen? Falls das nicht möglich ist, hätte ich gern einen Rückruf von einem Mitarbeitenden.', 'id': 'lc_run--019ff9bf-c421-7b40-a6c7-6d16df86e0ca-0', 'role': 'user'}, {'content': 'Leider sind auch an den darauffolgenden Montagen keine Termine verfügbar. Ein Mitarbeitender wird Sie zurückrufen, um Ihr Anliegen persönlich zu besprechen. Vielen Dank für Ihren Anruf und einen angenehmen Tag für Sie.', 'id': '7e55a1a5-a990-459e-845e-7bb72d576de5', 'role': 'assistant'}, {'content': 'Vielen Dank. Auf Wiederhören.', 'id': 'lc_run--019ff9bf-e7cd-7862-b6be-2123057120cd-0', 'role': 'user'}, {'content': 'Auf Wiederhören, Herr Maier.', 'id': 'd15e0b1b-e3e7-4241-80d9-b63527bda762', 'role': 'assistant'}, {'content': '', 'id': 'lc_run--019ff9bf-f1fc-7e63-9f48-251ec55aa4e8-0', 'role': 'user'}, {'content': 'Das Gespräch ist beendet.', 'id': '7a542eb2-abe8-4e36-9476-7d92f0507617', 'role': 'assistant'}]",29.074564,,019ff9bf-8e2f-73f3-8f22-78f0f57919c0,0.0,1.0,0.1429,0.4376,1.0,1.0
Silke Keller,015789643375,Freitag von 13 Uhr bis 16 Uhr,eine Wohnungsbesichtigung für eine neue Mieterin,"[{'content': 'Guten Tag, Sie sprechen mit der digitalen Anruf-Assistentin von Surfers Immobilien. Wie kann ich Ihnen heute weiterhelfen? Was ist der Grund Ihres Anrufs?', 'role': 'assistant'}, {'content': 'Hallo, mein Name ist Silke Keller und ich würde gerne einen Termin für eine Wohnungsbesichtigung für eine neue Mieterin vereinbaren.', 'id': '7abe21bb-6302-4af9-89b7-97b0a708cfb0', 'role': 'user'}, {'content': 'Alles klar, Frau Keller. Sie möchten also einen Termin für eine Wohnungsbesichtigung vereinbaren. Für welche Wohnung soll die Besichtigung stattfinden?', 'id': 'f1f31e44-ec66-48c2-bcc4-13874dd812ea', 'role': 'assistant'}, {'content': 'Es geht um eine Wohnung für eine neue Mieterin. Eine genaue Wohnungsnummer oder Adresse habe ich gerade nicht vorliegen.', 'id': 'lc_run--019ff9bf-fc17-7152-9ee8-607a89cce528-0', 'role': 'user'}, {'content': 'Kein Problem, Frau Keller. Damit ich den passenden Termin für die Wohnungsbesichtigung anbieten kann, benötige ich noch ein paar Informationen. Wissen Sie, ob es sich um eine Erstbesichtigung oder um eine Folgebesichtigung handelt?', 'id': 'f692aa10-e9bb-4032-8c25-6feb75c5c3da', 'role': 'assistant'}, {'content': 'Es handelt sich um eine Erstbesichtigung.', 'id': 'lc_run--019ff9c0-05f9-7913-8f27-d453bc43c81f-0', 'role': 'user'}, {'content': 'Für eine Erstbesichtigung passt am besten der Termin-Typ „Allgemeine Anfragen“. Möchten Sie diesen Termin-Typ für die Wohnungsbesichtigung nutzen?', 'id': '1f312493-9757-4a6b-b5d2-f01d27366f38', 'role': 'assistant'}, {'content': 'Ja, gerne.', 'id': 'lc_run--019ff9c0-163f-7b10-9712-89eb602f7468-0', 'role': 'user'}, {'content': 'Gut, Frau Keller. Für die Buchung benötige ich noch den Namen der neuen Mieterin. Wie lautet dieser?', 'id': '99a0cbf8-992c-4c79-95a9-9cb277b957ca', 'role': 'assistant'}, {'content': 'Den Namen der neuen Mieterin habe ich gerade leider nicht zur Hand.', 'id': 'lc_run--019ff9c0-1fcb-7891-870f-6d72c5a9cd1d-0', 'role': 'user'}, {'content': 'Alles klar, Frau Keller. Dann trage ich Sie als Ansprechpartnerin für die Besichtigung ein. Könnten Sie mir bitte Ihre E-Mail-Adresse nennen?', 'id': '01ebf9fa-837d-4906-a70e-869aa55a6bf9', 'role': 'assistant'}, {'content': 'Eine E-Mail-Adresse möchte ich gerade nicht angeben. Sie können mich telefonisch erreichen.', 'id': 'lc_run--019ff9c0-2d5a-7c42-bcf2-81fc9ca88b67-0', 'role': 'user'}, {'content': 'Kein Problem. Dann benötige ich Ihre Telefonnummer für die Terminbuchung. Könnten Sie mir bitte Ihre Rufnummer nennen?', 'id': '8317b046-796a-41b4-b8df-ba75e7ff8230', 'role': 'assistant'}, {'content': 'Ja, meine Telefonnummer ist 015789643375.', 'id': 'lc_run--019ff9c0-3a8a-7990-beaa-3007e0941998-0', 'role': 'user'}, {'content': 'Danke, Frau Keller. Wann möchten Sie die Wohnungsbesichtigung am liebsten durchführen? Gibt es ein bestimmtes Datum oder eine Uhrzeit, die Ihnen passt?', 'id': 'b396c9ce-e49b-46e0-9018-d40af5105376', 'role': 'assistant'}, {'content': 'Ich bin freitags zwischen 13 und 16 Uhr erreichbar und kann Termine nur in diesem Zeitraum wahrnehmen.', 'id': 'lc_run--019ff9c0-4421-7391-bb0b-50db71333c0a-0', 'role': 'user'}, {'content': 'Am Freitag, den vierzehnten August, sind zwischen dreizehn und sechzehn Uhr aktuell keine freien Termine verfügbar. Möchten Sie einen anderen Freitag ausprobieren oder einen alternativen Zeitraum nennen?', 'id': '104a1731-8dcd-4940-852b-1694c8dc96cc', 'role': 'assistant'}, {'content': 'Ja, gerne einen anderen Freitag, ebenfalls zwischen 13 und 16 Uhr.', 'id': 'lc_run--019ff9c0-5a83-7b13-8e74-b9c8fe8b0661-0', 'role': 'user'}, {'content': 'Auch am Freitag, den einundzwanzigsten August, sind zwischen dreizehn und sechzehn Uhr keine freien Termine verfügbar. Soll ich weitere Freitage prüfen oder möchten Sie einen anderen Zeitraum vorschlagen?', 'id': 'f02b2c55-43dc-41ad-8229-bfe206176f4b', 'role': 'assistant'}, {'content': 'Bitte prüfen Sie weitere Freitage zwischen 13 und 16 Uhr.', 'id': 'lc_run--019ff9c0-71ff-7572-9f9e-8b70c78848c6-0', 'role': 'user'}, {'content': 'Auch am Freitag, den achtundzwanzigsten August, sind zwischen dreizehn und sechzehn Uhr keine freien Termine verfügbar. Soll ich den September prüfen oder möchten Sie einen anderen Wochentag in Betracht ziehen?', 'id': '523833b3-b4f1-4417-ae8e-6fc6aa0f7e80', 'role': 'assistant'}, {'content': 'Bitte prüfen Sie gerne die Freitage im September, ebenfalls zwischen 13 und 16 Uhr.', 'id': 'lc_run--019ff9c0-86da-7ab1-b892-7970965bbd33-0', 'role': 'user'}, {'content': 'Am Freitag, den vierten September, sind zwischen dreizehn und sechzehn Uhr leider auch keine freien Termine verfügbar. Soll ich den elften September prüfen?', 'id': 'c7dbcc8b-4540-4fe7-b8f2-bfd64d86f3f4', 'role': 'assistant'}, {'content': 'Ja, bitte prüfen Sie den elften September zwischen 13 und 16 Uhr.', 'id': 'lc_run--019ff9c0-9bcd-7562-8d1d-1fddf1f2085d-0', 'role': 'user'}, {'content': 'Auch am Freitag, den elften September, sind zwischen dreizehn und sechzehn Uhr keine freien Termine verfügbar. Möchten Sie, dass ich weitere Freitage im September prüfe?', 'id': '9d6d1c61-6b12-4c8c-9151-dd64070a179e', 'role': 'assistant'}, {'content': 'Ja, bitte prüfen Sie die weiteren Freitage im September zwischen 13 und 16 Uhr.', 'id': 'lc_run--019ff9c0-e763-72a1-bf5e-52be376b36a6-0', 'role': 'user'}, {'content': 'Auch am Freitag, den achtzehnten September, sind zwischen dreizehn und sechzehn Uhr keine freien Termine verfügbar. Soll ich den fünfundzwanzigsten September prüfen?', 'id': 'ff1893aa-f716-4443-8e04-da3c229c405f', 'role': 'assistant'}, {'content': 'Ja, bitte prüfen Sie den fünfundzwanzigsten September zwischen 13 und 16 Uhr.', 'id': 'lc_run--019ff9c0-fbcc-7ec2-92a0-b2724172c38f-0', 'role': 'user'}, {'content': 'Auch am Freitag, den fünfundzwanzigsten September, sind zwischen dreizehn und sechzehn Uhr keine freien Termine verfügbar. Möchten Sie, dass ich im Oktober weitersuche oder einen anderen Zeitraum prüfe?', 'id': '4f30a839-f905-404d-9b73-b034435674e6', 'role': 'assistant'}, {'content': 'Dann bitte ich um einen Rückruf durch eine Mitarbeiterin oder einen Mitarbeiter, um das persönlich zu klären. Meine Nummer ist 015789643375.', 'id': 'lc_run--019ff9c1-12b0-7963-b31b-5ca74633563b-0', 'role': 'user'}, {'content': 'Ich gebe Ihren Rückrufwunsch gerne weiter. Eine Mitarbeiterin oder ein Mitarbeiter wird Sie unter null eins fünf sieben acht neun sechs vier drei drei sieben fünf kontaktieren. Vielen Dank für Ihren Anruf und einen schönen Tag!', 'id': 'ecfe7390-4f51-4761-a372-07b84a5594f2', 'role': 'assistant'}, {'content': 'Vielen Dank. Auf Wiederhören!', 'id': 'lc_run--019ff9c1-2774-7b23-80f4-a4ee48669ee6-0', 'role': 'user'}, {'content': 'Auf Wiederhören, Frau Keller! Alles Gute für Sie.', 'id': '522d7ddf-56d1-4a01-8f35-49e369892676', 'role': 'assistant'}, {'content': '', 'id': 'lc_run--019ff9c1-32f2-7e10-bec3-439b373e48a9-0', 'role': 'user'}, {'content': 'Die Verbindung wird nun beendet. Einen angenehmen Tag noch!', 'id': '80682837-20f1-47a8-b516-f4ea37013aab', 'role': 'assistant'}]",83.689084,,019ff9bf-f472-7e80-8848-8fdd1b1d79a7,1.0,1.0,0.1111,0.2494,0.0,0.0
Michael Wagner,015789643375,Donnerstag von 8 Uhr bis 11 Uhr,eine Wohnungsübergabe,"[{'content': 'Guten Tag, Sie sprechen mit der digitalen Anruf-Assistentin von Surfers Immobilien. Wie kann ich Ihnen heute weiterhelfen? Was ist der Grund Ihres Anrufs?', 'role': 'assistant'}, {'content': 'Hallo, mein Name ist Michael Wagner und ich würde gerne einen Termin für eine Wohnungsübergabe vereinbaren.', 'id': '171d46f6-7941-4bd4-ac87-8f89f389f15b', 'role': 'user'}, {'content': 'Für eine Wohnungsübergabe gibt es keinen eigenen Termin-Typ, aber „Allgemeine Anfragen“ oder „Besprechung von Dokumenten“ könnten passen. Möchten Sie einen Termin für „Allgemeine Anfragen“ oder lieber für „Besprechung von Dokumenten“ buchen?', 'id': '6287de5d-4b0b-4f04-94b1-eed8cf370049', 'role': 'assistant'}, {'content': 'Dann bitte „Allgemeine Anfragen“.', 'id': 'lc_run--019ff9c0-0fd1-7821-bfe4-3bcdbbb16408-0', 'role': 'user'}, {'content': 'Alles klar, ich buche einen Termin für „Allgemeine Anfragen“. Haben Sie einen Wunschtermin oder eine bevorzugte Uhrzeit?', 'id': '4ab9741d-4129-4739-baed-af83cd740ea3', 'role': 'assistant'}, {'content': 'Ja, bitte am Donnerstag zwischen 8 und 11 Uhr.', 'id': 'lc_run--019ff9c0-196f-76a3-914e-b718be855f14-0', 'role': 'user'}, {'content': 'Leider sind zwischen acht und elf Uhr am Donnerstag keine freien Zeiten verfügbar. Möchten Sie einen Termin später am Tag oder an einem anderen Tag vereinbaren?', 'id': '6f7d41a1-87c6-4605-b158-a88d8dd7bd3e', 'role': 'assistant'}, {'content': 'Nein, leider kann ich nur Donnerstag zwischen 8 und 11 Uhr. Könnte mich bitte ein Mitarbeitender zurückrufen, um das zu klären?', 'id': 'lc_run--019ff9c0-30bd-7de2-9fee-34d65399f228-0', 'role': 'user'}, {'content': 'Das ist kein Problem. Ich gebe Ihren Rückrufwunsch weiter, damit sich jemand von Surfers Immobilien bei Ihnen meldet. Vielen Dank für Ihren Anruf und einen schönen Tag!', 'id': '635b8746-31a2-4615-ae86-06d7bfc2b3ee', 'role': 'assistant'}, {'content': 'Vielen Dank, Ihnen auch einen schönen Tag. Auf Wiederhören!', 'id': 'lc_run--019ff9c0-4296-7661-a18a-7668343b709a-0', 'role': 'user'}, {'content': 'Auf Wiederhören, Herr Wagner!', 'id': 'b0512ed2-896a-43b0-9ebf-1cd168131cf8', 'role': 'assistant'}, {'content': '', 'id': 'lc_run--019ff9c0-57d5-7c00-a041-abb835e55c09-0', 'role': 'user'}, {'content': 'Das Gespräch ist beendet.', 'id': 'b4a0cc20-4410-4aaf-bf41-008ed0e9de6d', 'role': 'assistant'}]",26.056546,,019ff9bf-ffc3-7701-a2a6-459a1eb4016f,0.0,1.0,0.1429,0.4376,0.0,0.0
Jürgen Bauer,015789643375,Montag und Mittwoch von 9 bis 12 Uhr,eine Beratung zur Mietkaution,"[{'content': 'Guten Tag, Sie sprechen mit der digitalen Anruf-Assistentin von Surfers Immobilien. Wie kann ich Ihnen heute weiterhelfen? Was ist der Grund Ihres Anrufs?', 'role': 'assistant'}, {'content': 'Hallo, mein Name ist Jürgen Bauer und ich würde gerne einen Termin für eine Beratung zur Mietkaution vereinbaren.', 'id': '322adb1f-c43e-4456-8996-a1fc19a8efaf', 'role': 'user'}, {'content': 'Für eine Beratung zur Mietkaution gibt es zwei passende Terminarten: „Allgemeine Anfragen“ und „Besprechung von Dokumenten“. Möchten Sie lieber einen kurzen Termin für allgemeine Fragen oder eine ausführlichere Besprechung?', 'id': '9ee834d7-f510-4396-9485-5933bc05e5bf', 'role': 'assistant'}, {'content': 'Einen kurzen Termin für allgemeine Fragen, bitte.', 'id': 'lc_run--019ff9c0-44e6-78a1-ae62-b366c9b9dda0-0', 'role': 'user'}, {'content': 'Alles klar, dann buche ich einen Termin für „Allgemeine Anfragen“. Haben Sie einen Wunschtag oder eine bevorzugte Uhrzeit?', 'id': '7f001783-82cc-4bbd-867e-648e03c2e0b0', 'role': 'assistant'}, {'content': 'Ja, ich bin montags und mittwochs jeweils von 9 bis 12 Uhr verfügbar.', 'id': 'lc_run--019ff9c0-4cd3-7e23-a3e4-b2ccb2a40953-0', 'role': 'user'}, {'content': 'Leider sind montags und mittwochs zwischen neun und zwölf Uhr aktuell keine Termine verfügbar. Möchten Sie einen anderen Zeitraum vorschlagen oder soll ich nach dem nächstmöglichen freien Termin suchen?', 'id': 'bec34b75-fb9a-42d7-b26f-c255b6072bce', 'role': 'assistant'}, {'content': 'Dann bitte ich um einen Rückruf durch einen Mitarbeitenden, um das persönlich zu klären.', 'id': 'lc_run--019ff9c0-6185-7b90-84d2-aafbb767c577-0', 'role': 'user'}, {'content': 'Das ist notiert. Ein Mitarbeitender wird Sie zurückrufen, um Ihr Anliegen persönlich zu besprechen. Vielen Dank für Ihren Anruf und einen angenehmen Tag!', 'id': '609cb8b8-bff0-4259-9a00-55ddda5ea487', 'role': 'assistant'}, {'content': 'Vielen Dank, auf Wiederhören.', 'id': 'lc_run--019ff9c0-6f11-7a53-b7f7-23b78d5f82fd-0', 'role': 'user'}, {'content': 'Auf Wiederhören, Herr Bauer. Ich wünsche Ihnen einen schönen Tag!', 'id': '2f4dcd82-d15b-4087-9982-64616d9725f8', 'role': 'assistant'}, {'content': '', 'id': 'lc_run--019ff9c0-7b17-7541-9cf6-e5811fb8fe8a-0', 'role': 'user'}, {'content': 'Das Gespräch ist beendet. Wenn Sie wieder einen Termin buchen möchten, stehe ich Ihnen gerne zur Verfügung.', 'id': 'e852267f-36c1-4aef-9f7d-13a8eb65df74', 'role': 'assistant'}]",20.172638,,019ff9c0-3432-7a11-9862-27a37970792f,0.0,1.0,0.1429,0.4376,0.0,0.0
Heike Hartmann,015789643375,Montag von 14 Uhr bis 16 Uhr,eine Reparatur der Heizungsanlage im Keller,"[{'content': 'Guten Tag, Sie sprechen mit der digitalen Anruf-Assistentin von Surfers Immobilien. Wie kann ich Ihnen heute weiterhelfen? Was ist der Grund Ihres Anrufs?', 'role': 'assistant'}, {'content': 'Hallo, mein Name ist Heike Hartmann und ich würde gerne einen Termin für eine Reparatur der Heizungsanlage im Keller vereinbaren.', 'id': 'a16daad8-4edd-41d9-81ab-77d7cd4776d1', 'role': 'user'}, {'content': 'Für eine Reparatur gibt es einen passenden Termin-Typ. Möchten Sie einen Termin für „Reparatur“ buchen?', 'id': '5b392a18-bfc4-4a5e-a757-687b7f386b79', 'role': 'assistant'}, {'content': 'Ja, bitte.', 'id': 'lc_run--019ff9c0-46e5-7392-9b5a-829a732ad6a9-0', 'role': 'user'}, {'content': 'Alles klar, Frau Hartmann. Gibt es einen bestimmten Tag oder eine Uhrzeit, die Ihnen für die Reparatur der Heizungsanlage im Keller besonders gut passt?', 'id': '2709b35f-2ae9-4605-92ef-13de9d7d14b4', 'role': 'assistant'}, {'content': 'Ja, ich kann montags zwischen 14 und 16 Uhr.', 'id': 'lc_run--019ff9c0-4dfb-7ea1-aa67-6ffb695a8c51-0', 'role': 'user'}, {'content': 'Am kommenden Montag, den siebzehnten August, sind zwischen vierzehn und sechzehn Uhr leider keine freien Termine verfügbar. Möchten Sie einen anderen Tag oder eine andere Uhrzeit vorschlagen?', 'id': '84b7ba09-0621-46b9-a990-42fa1f6e6c83', 'role': 'assistant'}, {'content': 'Leider kann ich nur montags zwischen 14 und 16 Uhr. Könnte mich bitte ein Mitarbeitender zurückrufen, um das zu klären?', 'id': 'lc_run--019ff9c0-6562-7e50-b302-beef5c94c2a0-0', 'role': 'user'}, {'content': 'Natürlich, Frau Hartmann. Ein Mitarbeitender wird Sie zurückrufen, um einen passenden Termin für die Reparatur zu finden. Vielen Dank für Ihren Anruf und einen schönen Tag!', 'id': '97354ec3-b1ef-4002-bd12-cb470d5032e1', 'role': 'assistant'}, {'content': 'Vielen Dank. Auf Wiederhören.', 'id': 'lc_run--019ff9c0-7356-7cc0-8bcc-2293cf24984f-0', 'role': 'user'}, {'content': 'Auf Wiederhören, Frau Hartmann.', 'id': 'd20df547-65dc-4903-8b67-fbf4c940df92', 'role': 'assistant'}, {'content': '', 'id': 'lc_run--019ff9c0-7b28-7382-b144-ed9e4ce283fe-0', 'role': 'user'}, {'content': 'Das Gespräch ist beendet. Wenn Sie wieder einen Termin buchen möchten, stehe ich Ihnen gerne zur Verfügung.', 'id': '54cc6f7e-32c8-4fd9-ae2f-367a7856673e', 'role': 'assistant'}]",19.460031,,019ff9c0-36fe-7c20-93a4-57dbfe706262,0.0,1.0,0.1429,0.4376,1.0,1.0
Julia Fischer,015789643375,den ganzen Freitag,eine Reparatur des Fensters,"[{'content': 'Guten Tag, Sie sprechen mit der digitalen Anruf-Assistentin von Surfers Immobilien. Was ist der Grund Ihres Anrufs?', 'role': 'assistant'}, {'content': 'Hallo, mein Name ist Julia Fischer und ich würde gerne einen Termin für eine Reparatur des Fensters vereinbaren.', 'id': '2413ed35-c971-4da8-aad3-962ae88d5f68', 'role': 'user'}, {'content': 'Für eine Fensterreparatur kann ich einen Termin unter dem Event-Typ „Reparatur“ buchen. Ist das für Sie passend?', 'id': '3c97c5c1-cdf2-4a4c-8ab3-f920d36e441c', 'role': 'assistant'}, {'content': 'Ja, das ist passend.', 'id': 'lc_run--019ff9c0-77be-79b2-969b-2d5f040f4e97-0', 'role': 'user'}, {'content': 'Im Moment sind leider keine Termine für eine Reparatur in der nächsten Woche verfügbar. Möchten Sie einen späteren Zeitraum wählen oder soll ich nach anderen freien Terminen suchen?', 'id': '391183fc-27f1-4b73-8e5c-bef4e46cff93', 'role': 'assistant'}, {'content': 'Könnten Sie bitte nach anderen freien Terminen suchen? Ich bin freitags erreichbar.', 'id': 'lc_run--019ff9c0-870e-7801-a86c-33b0823109dc-0', 'role': 'user'}, {'content': 'Leider sind auch an den kommenden Freitagen keine Reparatur-Termine verfügbar. Möchten Sie einen anderen Wochentag probieren oder soll ich Sie informieren, sobald wieder Termine frei werden?', 'id': 'bb679b9d-765b-4d2b-967e-94afcbd8cc81', 'role': 'assistant'}, {'content': 'Dann bitte ich um einen Rückruf durch eine Mitarbeiterin oder einen Mitarbeiter, um das persönlich zu klären.', 'id': 'lc_run--019ff9c0-9bd2-71f2-a9b9-34ec462ac7fc-0', 'role': 'user'}, {'content': 'Das kann ich gerne weitergeben. Sie werden von einer Mitarbeiterin oder einem Mitarbeiter zurückgerufen, um Ihr Anliegen persönlich zu besprechen. Vielen Dank für Ihren Anruf und einen schönen Tag!', 'id': '9b09504e-2d79-4ee9-9959-3c1cbd54a70a', 'role': 'assistant'}, {'content': 'Vielen Dank. Ihnen auch einen schönen Tag. Auf Wiederhören.', 'id': 'lc_run--019ff9c0-a936-75f3-aeed-bd065a8bc71b-0', 'role': 'user'}, {'content': 'Auf Wiederhören, Frau Fischer. Alles Gute für Sie!', 'id': '3462b0b2-323d-4933-aa0e-96b342cfb9fe', 'role': 'assistant'}, {'content': '', 'id': 'lc_run--019ff9c0-b8f3-7c00-84bb-4fac368942d4-0', 'role': 'user'}, {'content': 'Das Gespräch ist beendet. Falls Sie wieder Unterstützung benötigen, stehe ich Ihnen gerne zur Verfügung.', 'id': 'afdb715d-a3d3-458e-8e2c-0ea1b131c41f', 'role': 'assistant'}]",23.404217,,019ff9c0-658c-73e3-8282-d625c9c08a44,0.0,1.0,0.1429,0.4376,0.0,0.0
Ilse Schulte,015789643375,nur nachmittags ab 15 Uhr,eine Terminabsprache für die Schädlingsbekämpfung,"[{'content': 'Guten Tag, Sie sprechen mit der digitalen Anruf-Assistentin von Surfers Immobilien. Wie kann ich Ihnen heute weiterhelfen? Was ist der Grund Ihres Anrufs?', 'role': 'assistant'}, {'content': 'Hallo, mein Name ist Ilse Schulte und ich würde gerne einen Termin für eine Terminabsprache für die Schädlingsbekämpfung vereinbaren.', 'id': 'c050d157-6042-4125-a7a8-1ef88daedc84', 'role': 'user'}, {'content': 'Für Ihr Anliegen stehen folgende Terminarten zur Auswahl: Allgemeine Anfragen, Reparatur, Beschwerde oder Besprechung von Dokumenten. Welcher dieser Termine passt am besten zu Ihrer Terminabsprache für die Schädlingsbekämpfung?', 'id': '96177500-2773-4b18-beab-5d4f5527c0e7', 'role': 'assistant'}, {'content': 'Am besten passt Reparatur, denke ich.', 'id': 'lc_run--019ff9c0-960b-7f41-88a0-69796f29583a-0', 'role': 'user'}, {'content': 'Gut, dann wähle ich die Terminart Reparatur für Sie aus. Haben Sie einen Wunschtag oder eine bevorzugte Uhrzeit für den Termin?', 'id': '8fde52c8-0ecb-40c2-abac-0086fd8558ef', 'role': 'assistant'}, {'content': 'Ja, bitte nachmittags ab 15 Uhr. Einen bestimmten Wunschtag habe ich nicht.', 'id': 'lc_run--019ff9c0-a114-7a41-86af-2d37adde2ee7-0', 'role': 'user'}, {'content': 'Leider sind aktuell keine freien Termine für Reparatur ab fünfzehn Uhr nachmittags in den nächsten Tagen verfügbar. Möchten Sie stattdessen einen früheren Termin am Tag oder lieber einen späteren Zeitraum prüfen lassen?', 'id': '9c17cf01-0a48-4ee2-be5c-32f5ce29ecfe', 'role': 'assistant'}, {'content': 'Frühere Termine kann ich leider nicht wahrnehmen. Bitte lassen Sie mich von einem Mitarbeitenden zurückrufen, um das persönlich zu klären.', 'id': 'lc_run--019ff9c0-b766-72b2-aa77-7c347b0d4750-0', 'role': 'user'}, {'content': 'Alles klar, ich gebe Ihren Rückrufwunsch weiter. Ein Mitarbeitender von Surfers Immobilien wird sich bei Ihnen melden. Vielen Dank für Ihren Anruf und einen schönen Tag noch!', 'id': '1197a1c1-e7c7-42e8-b95a-8da0d11c2287', 'role': 'assistant'}, {'content': 'Vielen Dank, Ihnen auch einen schönen Tag. Auf Wiederhören.', 'id': 'lc_run--019ff9c0-cdbc-71d1-96fc-8f538f4024f7-0', 'role': 'user'}, {'content': 'Auf Wiederhören, Frau Schulte.', 'id': '88800e22-b855-400f-8e18-1b940480723c', 'role': 'assistant'}, {'content': '', 'id': 'lc_run--019ff9c0-d758-7d00-a288-dcbbc7c0166a-0', 'role': 'user'}, {'content': 'Die Verbindung wird nun beendet. Falls Sie wieder Unterstützung benötigen, stehe ich Ihnen gerne zur Verfügung. Auf Wiederhören!', 'id': '9e8e4c87-4bbd-4330-ba22-488a160eae26', 'role': 'assistant'}]",24.936452,,019ff9c0-82ff-7210-80ea-0b08c118a1bd,0.0,1.0,0.1429,0.4376,0.0,0.0
Brigitte Sommer,015789643375,Dienstag von 14 Uhr bis 17 Uhr,eine Beratung zur vorzeitigen Vertragsauflösung,"[{'content': 'Guten Tag, Sie sprechen mit der digitalen Anruf-Assistentin von Surfers Immobilien. Wie kann ich Ihnen heute weiterhelfen? Was ist der Grund Ihres Anrufs?', 'role': 'assistant'}, {'content': 'Hallo, mein Name ist Brigitte Sommer und ich würde gerne einen Termin für eine Beratung zur vorzeitigen Vertragsauflösung vereinbaren.', 'id': 'ce8cb650-db33-4aaa-8912-931c3211e9f5', 'role': 'user'}, {'content': 'Für eine Beratung zur vorzeitigen Vertragsauflösung passt am besten der Termin „Besprechung von Dokumenten“ oder „Allgemeine Anfragen“. Möchten Sie lieber einen Termin zur Besprechung von Dokumenten oder eine allgemeine Anfrage buchen?', 'id': 'a5fd3462-1a67-4820-aad6-dcd93156d01f', 'role': 'assistant'}, {'content': 'Dann bitte eine allgemeine Anfrage.', 'id': 'lc_run--019ff9c0-960a-7d82-9c29-e3c92459e600-0', 'role': 'user'}, {'content': 'Alles klar, ich buche für Sie eine allgemeine Anfrage. Haben Sie einen Wunschtermin oder eine bevorzugte Uhrzeit?', 'id': 'f8c1871d-bde9-4aa6-ac7e-71de5caa2465', 'role': 'assistant'}, {'content': 'Ja, gerne dienstags zwischen 14 und 17 Uhr.', 'id': 'lc_run--019ff9c0-a15c-76b2-9bb3-015f336f2e1c-0', 'role': 'user'}, {'content': 'Im Moment sind dienstags zwischen vierzehn und siebzehn Uhr leider keine freien Termine verfügbar. Möchten Sie einen anderen Tag oder eine andere Uhrzeit ausprobieren?', 'id': 'ab00ff19-6506-4914-ad7a-1e047469612e', 'role': 'assistant'}, {'content': 'Leider kann ich nur dienstags zwischen 14 und 17 Uhr. Könnte mich bitte ein Mitarbeitender zurückrufen, um das Anliegen zu klären oder einen Termin zu vereinbaren?', 'id': 'lc_run--019ff9c0-b60e-7c73-80a9-bddd8628b118-0', 'role': 'user'}, {'content': 'Das ist notiert. Ein Mitarbeitender wird Sie zurückrufen, um Ihr Anliegen zu klären oder einen passenden Termin zu finden. Vielen Dank für Ihren Anruf und einen schönen Tag noch!', 'id': '36150f3f-16fc-4a33-8edf-236324f52535', 'role': 'assistant'}, {'content': 'Vielen Dank, Ihnen auch einen schönen Tag. Auf Wiederhören.', 'id': 'lc_run--019ff9c0-c769-74a0-8132-7495aac8370e-0', 'role': 'user'}, {'content': 'Auf Wiederhören, Frau Sommer. Alles Gute für Sie!', 'id': 'af3108e3-bee8-4ade-bc51-a8d6a8871b07', 'role': 'assistant'}, {'content': '', 'id': 'lc_run--019ff9c0-d5be-7de0-92aa-8844607bf66f-0', 'role': 'user'}, {'content': 'Die Verbindung wird nun beendet. Falls Sie wieder Unterstützung benötigen, sind wir gerne für Sie da. Auf Wiederhören!', 'id': 'a32bfeff-f08e-40d3-9692-670c15fc8f43', 'role': 'assistant'}]",23.122461,,019ff9c0-8303-7d50-9f61-ed20d6ab3b3c,0.0,1.0,0.1429,0.4376,0.0,0.0
Wilhelm Jung,015789643375,Donnerstag von 13 Uhr bis 15 Uhr,eine Klärung von Fragen zur Mietvertragsverlängerung,"[{'content': 'Guten Tag, Sie sprechen mit der digitalen Anruf-Assistentin von Surfers Immobilien. Wie kann ich Ihnen weiterhelfen? Was ist der Grund Ihres Anrufs?', 'role': 'assistant'}, {'content': 'Hallo, mein Name ist Wilhelm Jung und ich würde gerne einen Termin für eine Klärung von Fragen zur Mietvertragsverlängerung vereinbaren.', 'id': '066cf7b2-0a6c-4f2f-8b19-66a89d56066c', 'role': 'user'}, {'content': 'Für Fragen zur Mietvertragsverlängerung passt am besten der Termin „Besprechung von Dokumenten“. Möchten Sie diesen Termin buchen?', 'id': '38a2bead-bb41-47fa-88f5-e43f01de7b60', 'role': 'assistant'}, {'content': 'Ja, gerne.', 'id': 'lc_run--019ff9c0-d3f9-7343-9d51-6f353b4aa005-0', 'role': 'user'}, {'content': 'Haben Sie einen Wunschtag oder eine bestimmte Uhrzeit für die Besprechung?', 'id': '12007040-ae0f-47c1-9568-1028b812826a', 'role': 'assistant'}, {'content': 'Ja, donnerstags zwischen 13 und 15 Uhr passt es bei mir.', 'id': 'lc_run--019ff9c0-db61-7fb1-9dc2-8360b5359757-0', 'role': 'user'}, {'content': 'Am heutigen Donnerstag sind zwischen dreizehn und fünfzehn Uhr leider keine freien Termine verfügbar. Soll ich nach einem Termin am nächsten Donnerstag im gleichen Zeitraum suchen?', 'id': 'fddd30b1-4557-4038-932a-f470b5523558', 'role': 'assistant'}, {'content': 'Ja, bitte suchen Sie nach einem Termin am nächsten Donnerstag zwischen 13 und 15 Uhr.', 'id': 'lc_run--019ff9c0-f31a-7e71-b7b4-f4c58c89ef3f-0', 'role': 'user'}, {'content': 'Auch am nächsten Donnerstag sind zwischen dreizehn und fünfzehn Uhr keine freien Termine verfügbar. Möchten Sie einen anderen Tag oder eine andere Uhrzeit vorschlagen?', 'id': 'fcd36cb8-5cc0-4913-9288-644b31764e20', 'role': 'assistant'}, {'content': 'Leider nein, ich kann nur donnerstags zwischen 13 und 15 Uhr. Dann würde ich gerne um einen Rückruf durch einen Mitarbeitenden bitten.', 'id': 'lc_run--019ff9c1-05be-7861-bff7-42f2fa1893a3-0', 'role': 'user'}, {'content': 'Ich vermerke Ihren Rückrufwunsch. Eine Mitarbeiterin oder ein Mitarbeiter von Surfers Immobilien wird sich bei Ihnen melden. Vielen Dank für Ihren Anruf und einen angenehmen Tag für Sie!', 'id': 'fc8fe136-3bdf-489c-8874-2c4ef05c90dd', 'role': 'assistant'}, {'content': 'Vielen Dank. Auf Wiederhören.', 'id': 'lc_run--019ff9c1-1a22-72f3-985d-5f6359262e4c-0', 'role': 'user'}, {'content': 'Auf Wiederhören, Herr Jung. Alles Gute für Sie!', 'id': '2a15bce8-d894-48f0-8878-dc6ab00e258b', 'role': 'assistant'}, {'content': '', 'id': 'lc_run--019ff9c1-239f-7593-97f0-b3fad58e9dea-0', 'role': 'user'}, {'content': 'Das Gespräch ist beendet. Wenn Sie wieder Unterstützung benötigen, stehe ich Ihnen gerne zur Verfügung.', 'id': 'fcd8e844-e629-4b4d-aa9a-a2bcc79a4bf9', 'role': 'assistant'}]",27.147951,,019ff9c0-c0f9-7fb1-a8ed-8996d076e2b1,0.0,1.0,0.125,0.3247,0.0,0.0
Manfred Franke,015789643375,Mittwoch und Freitag vormittags,eine Terminabsprache für die Fassadenrenovierung,"[{'content': 'Guten Tag, Sie sprechen mit der digitalen Anruf-Assistentin von Surfers Immobilien. Wie kann ich Ihnen weiterhelfen? Was ist der Grund Ihres Anrufs?', 'role': 'assistant'}, {'content': 'Hallo, mein Name ist Manfred Franke und ich würde gerne einen Termin für eine Terminabsprache für die Fassadenrenovierung vereinbaren.', 'id': '0f8547d6-5a2a-461c-8c82-e7938b5f3cc1', 'role': 'user'}, {'content': 'Für eine Terminabsprache zur Fassadenrenovierung gibt es verschiedene Möglichkeiten. Meinen Sie eher eine allgemeine Anfrage, eine Reparatur oder möchten Sie Dokumente besprechen? Welche Option passt am besten zu Ihrem Anliegen?', 'id': '78694bfe-a9ee-4bcd-ad01-8f77c222e0a4', 'role': 'assistant'}, {'content': 'Es geht um eine allgemeine Terminabsprache zur Fassadenrenovierung.', 'id': 'lc_run--019ff9c0-f166-73b3-bb31-f0cf5c37926f-0', 'role': 'user'}, {'content': 'Alles klar, dann wähle ich die Option „Allgemeine Anfragen“ für Sie aus. Gibt es ein bestimmtes Datum oder eine Uhrzeit, die Ihnen für das Gespräch besonders gut passen würde?', 'id': '4fb9c990-93c1-40a4-91ca-55144a7491ca', 'role': 'assistant'}, {'content': 'Ja, mir passen Mittwoch oder Freitag vormittags am besten.', 'id': 'lc_run--019ff9c0-feef-7e11-9aa4-41e9295e9434-0', 'role': 'user'}, {'content': 'An beiden Tagen sind vormittags aktuell keine freien Zeiten verfügbar. Möchten Sie auch einen Termin an einem anderen Tag oder zu einer anderen Uhrzeit in Betracht ziehen?', 'id': 'e2197757-1143-4bb7-9418-97416f2ae019', 'role': 'assistant'}, {'content': 'Nein, leider kann ich nur Mittwoch oder Freitag vormittags. Dann würde ich gerne um einen Rückruf durch einen Mitarbeitenden bitten.', 'id': 'lc_run--019ff9c1-19f8-7591-af4b-46ea1939137c-0', 'role': 'user'}, {'content': 'Das ist notiert. Ein Mitarbeitender wird Sie zurückrufen, um einen passenden Termin zu finden. Vielen Dank für Ihren Anruf und einen schönen Tag noch!', 'id': 'd2941aff-23bf-4f72-aec7-9e41a4463766', 'role': 'assistant'}, {'content': 'Vielen Dank, ebenfalls einen schönen Tag. Auf Wiederhören.', 'id': 'lc_run--019ff9c1-2ba4-7373-a23a-e99e56a43e0b-0', 'role': 'user'}, {'content': 'Auf Wiederhören, Herr Franke. Alles Gute für Sie!', 'id': '9ee0421f-c52b-4486-a050-dff33136b5a9', 'role': 'assistant'}, {'content': '', 'id': 'lc_run--019ff9c1-365b-7da3-862b-cf46f2cf2943-0', 'role': 'user'}, {'content': 'Die Verbindung wird nun beendet. Falls Sie wieder Unterstützung benötigen, sind wir gerne für Sie da. Auf Wiederhören!', 'id': '78e9966c-4dde-49f2-b11d-b80ea7a9c8b0', 'role': 'assistant'}]",27.022039,,019ff9c0-dd56-70c0-8e57-a343e2d598ae,0.0,1.0,0.1429,0.4376,0.0,0.0
Sandra Richter,015789643375,jeden Tag außer donnerstags,eine Beschwerde wegen Lärmbelästigung,"[{'content': 'Guten Tag, Sie sprechen mit der digitalen Anruf-Assistentin von Surfers Immobilien. Wie kann ich Ihnen weiterhelfen? Was ist der Grund Ihres Anrufs?', 'role': 'assistant'}, {'content': 'Hallo, mein Name ist Sandra Richter und ich würde gerne einen Termin für eine Beschwerde wegen Lärmbelästigung vereinbaren.', 'id': '1535cf5e-152b-4072-a1e3-c5d37681404a', 'role': 'user'}, {'content': 'Für eine Beschwerde wegen Lärmbelästigung kann ich einen Termin unter dem Typ „Beschwerde“ für Sie buchen. Passt das für Sie?', 'id': '9b4478ae-8462-451a-892c-5bd0bb88ae05', 'role': 'assistant'}, {'content': 'Ja, das passt für mich.', 'id': 'lc_run--019ff9c0-f68c-7e91-bc91-7981e642fbe4-0', 'role': 'user'}, {'content': 'In Ordnung. Haben Sie einen Wunschtag oder eine bestimmte Uhrzeit für den Termin?', 'id': '9d09e7f1-2596-48c8-bad0-f32779bb64c0', 'role': 'assistant'}, {'content': 'Ich bin jeden Tag außer donnerstags erreichbar. Eine bestimmte Uhrzeit habe ich nicht, gern nach Verfügbarkeit.', 'id': 'lc_run--019ff9c1-020c-7453-ae16-364070242e1b-0', 'role': 'user'}, {'content': 'Leider sind aktuell keine freien Termine für eine Beschwerde verfügbar. Möchten Sie, dass ich nach einem späteren Zeitraum schaue?', 'id': '0c72b627-6183-4457-919b-ed92bb9d0546', 'role': 'assistant'}, {'content': 'Ja, bitte schauen Sie nach einem späteren Zeitraum.', 'id': 'lc_run--019ff9c1-1823-7b23-a493-787ec8d1272b-0', 'role': 'user'}, {'content': 'Auch im späteren Zeitraum sind leider keine Termine frei. Möchten Sie, dass ich noch weiter in die Zukunft schaue, oder möchten Sie es zu einem späteren Zeitpunkt erneut versuchen?', 'id': 'd3f49d4e-292b-4439-abda-ea73a8dbfa6b', 'role': 'assistant'}, {'content': 'Dann bitte ich um einen Rückruf von einem Mitarbeitenden, damit ich mein Anliegen klären oder einen Termin vereinbaren kann.', 'id': 'lc_run--019ff9c1-2715-7c43-be26-35eb978dc40e-0', 'role': 'user'}, {'content': 'Ich gebe Ihren Rückrufwunsch weiter, damit sich ein Mitarbeitender bei Ihnen meldet. Vielen Dank für Ihren Anruf und Ihr Verständnis. Auf Wiederhören!', 'id': '7418dc75-770f-4847-8fe1-391eabd80ce9', 'role': 'assistant'}, {'content': 'Vielen Dank. Auf Wiederhören!', 'id': 'lc_run--019ff9c1-37c4-75d3-a0f7-97c1b583cf94-0', 'role': 'user'}, {'content': 'Gern geschehen. Auf Wiederhören!', 'id': '7a39be78-1403-4021-b7a5-b5a32ab2adf0', 'role': 'assistant'}, {'content': '', 'id': 'lc_run--019ff9c1-4750-7972-8c83-9313d29d37aa-0', 'role': 'user'}, {'content': 'Die Verbindung wird nun beendet. Einen schönen Tag noch!', 'id': 'a5db3879-2b02-40cb-aa83-63acf32eaf64', 'role': 'assistant'}]",28.02441,,019ff9c0-e469-7b12-a797-936fe5bcb509,0.0,1.0,0.125,0.3247,0.0,0.0
Edith Ziegler,015789643375,"am Wochenende, Samstag oder Sonntag",eine Besichtigung einer Wohnung im zweiten Stock,"[{'content': 'Guten Tag, Sie sprechen mit der digitalen Anruf-Assistentin von Surfers Immobilien. Wie kann ich Ihnen weiterhelfen? Was ist der Grund Ihres Anrufs?', 'role': 'assistant'}, {'content': 'Hallo, mein Name ist Edith Ziegler und ich würde gerne einen Termin für eine Besichtigung einer Wohnung im zweiten Stock vereinbaren.', 'id': '05f5071e-ad23-4038-b1cb-e62d5d799bd4', 'role': 'user'}, {'content': 'Für eine Wohnungsbesichtigung passt am ehesten der Termin-Typ „Allgemeine Anfragen“. Möchten Sie diesen Termin-Typ für Ihre Besichtigung nutzen?', 'id': 'd67d7776-99e2-4466-9b75-beaff5d08b69', 'role': 'assistant'}, {'content': 'Ja, gerne. Das passt.', 'id': 'lc_run--019ff9c1-3d99-7e93-8944-07952ee2a552-0', 'role': 'user'}, {'content': 'Könnten Sie mir bitte noch sagen, wann Sie die Besichtigung gerne machen würden? Gibt es ein bestimmtes Datum oder eine Uhrzeit, die Ihnen passt?', 'id': 'e2a51672-25bd-4197-b8f6-db2a484d25a4', 'role': 'assistant'}, {'content': 'Ich kann am Wochenende, also samstags oder sonntags. Eine Uhrzeit am Vormittag oder frühen Nachmittag wäre mir am liebsten.', 'id': 'lc_run--019ff9c1-50f1-7172-86af-424f8c4374d0-0', 'role': 'user'}, {'content': 'Leider sind an den kommenden beiden Wochenenden keine freien Termine verfügbar. Möchten Sie stattdessen einen Termin an einem Wochentag oder an einem späteren Wochenende?', 'id': 'b2347776-0b39-4358-90d5-c446170451c4', 'role': 'assistant'}, {'content': 'Ein späteres Wochenende wäre für mich passend, bitte. Wochentage kann ich leider nicht wahrnehmen.', 'id': 'lc_run--019ff9c1-6fbd-77a2-b271-c6b620d1ad4d-0', 'role': 'user'}, {'content': 'Alles klar. Soll ich nach freien Terminen am Wochenende ab dem dreißigsten August suchen?', 'id': 'ee242a96-aa06-4c98-8de8-73d1f3492bd6', 'role': 'assistant'}, {'content': 'Ja, bitte suchen Sie nach freien Terminen am Wochenende ab dem dreißigsten August.', 'id': 'lc_run--019ff9c1-8e8c-77c0-b6b6-31028d96841d-0', 'role': 'user'}, {'content': 'Auch an den Wochenenden ab dem dreißigsten August sind aktuell keine freien Termine verfügbar. Möchten Sie, dass ich noch weiter in die Zukunft schaue, oder möchten Sie lieber benachrichtigt werden, sobald wieder Termine frei sind?', 'id': '44854e97-1475-4141-abc1-6f631f19564e', 'role': 'assistant'}, {'content': 'Dann möchte ich gerne benachrichtigt werden, sobald wieder Termine am Wochenende frei sind.', 'id': 'lc_run--019ff9c1-a2e5-7c81-b911-f30190c5de6b-0', 'role': 'user'}, {'content': 'Das kann ich leider nicht direkt für Sie einrichten. Möchten Sie stattdessen regelmäßig selbst nach verfügbaren Terminen anfragen oder wünschen Sie einen Rückruf, sobald ein Termin frei wird?', 'id': 'fe846120-e82c-49b6-bbd7-bebba4aaa63b', 'role': 'assistant'}, {'content': 'Dann wünsche ich bitte einen Rückruf, sobald ein Termin frei wird.', 'id': 'lc_run--019ff9c1-ae30-7c03-a16d-484566534631-0', 'role': 'user'}, {'content': 'Ich habe Ihren Wunsch für einen Rückruf notiert. Sobald ein Termin am Wochenende frei wird, werden Sie kontaktiert. Einen schönen Tag noch!', 'id': 'c5728278-d1bd-4542-a4cf-05f7aabcafd7', 'role': 'assistant'}, {'content': 'Vielen Dank. Auf Wiederhören!', 'id': 'lc_run--019ff9c1-be46-75b1-b984-9103098e9d2f-0', 'role': 'user'}, {'content': 'Sehr gerne. Auf Wiederhören und einen angenehmen Tag für Sie!', 'id': '8e2bac70-34f2-4e1d-b5f3-f9bcb93fb753', 'role': 'assistant'}, {'content': '', 'id': 'lc_run--019ff9c1-dade-76d0-9922-085890b9f37e-0', 'role': 'user'}, {'content': 'Falls Sie wieder Unterstützung brauchen, stehe ich Ihnen gerne zur Verfügung. Auf Wiederhören!', 'id': '576f82eb-8a3c-4532-9449-e535627ab7b2', 'role': 'assistant'}]",48.593066,,019ff9c1-2b06-7ec2-a1a6-982e810850e9,0.0,1.0,0.0,0.0111,0.0,1.0
Meta Arnold,015789643375,Montag von 10 Uhr bis 13 Uhr,eine Beratung zur Übertragung des Mietvertrags auf den Partner,"[{'content': 'Guten Tag, Sie sprechen mit der digitalen Anruf-Assistentin von Surfers Immobilien. Wie kann ich Ihnen weiterhelfen? Was ist der Grund Ihres Anrufs?', 'role': 'assistant'}, {'content': 'Hallo, mein Name ist Meta Arnold und ich würde gerne einen Termin für eine Beratung zur Übertragung des Mietvertrags auf den Partner vereinbaren.', 'id': 'd4d59205-aef0-400b-a894-30713081149e', 'role': 'user'}, {'content': 'Für Ihr Anliegen zur Übertragung des Mietvertrags auf den Partner passt am besten entweder „Allgemeine Anfragen“ oder „Besprechung von Dokumenten“. Möchten Sie lieber einen Termin für „Allgemeine Anfragen“ oder für „Besprechung von Dokumenten“ buchen?', 'id': '34ac77f3-fc23-4586-8d1f-ade1ba665b06', 'role': 'assistant'}, {'content': 'Dann bitte einen Termin für „Allgemeine Anfragen“.', 'id': 'lc_run--019ff9c1-578f-77a0-b72f-db81605340e5-0', 'role': 'user'}, {'content': 'Alles klar, ich buche einen Termin für „Allgemeine Anfragen“. Gibt es ein bestimmtes Datum oder eine Uhrzeit, die Ihnen besonders gut passt?', 'id': 'b287e403-2f8a-4779-b198-88d22fbd71f0', 'role': 'assistant'}, {'content': 'Ich bin montags zwischen 10 und 13 Uhr verfügbar. Gibt es da einen passenden Termin?', 'id': 'lc_run--019ff9c1-614f-7ff3-8f31-a718f4240e3c-0', 'role': 'user'}, {'content': 'Am kommenden Montag, also am siebzehnten August, sind zwischen zehn und dreizehn Uhr leider keine freien Termine verfügbar. Möchten Sie einen anderen Tag oder eine andere Uhrzeit ausprobieren?', 'id': '0b2e3645-2254-4f75-b227-0532e3a7f404', 'role': 'assistant'}, {'content': 'Leider kann ich nur montags zwischen 10 und 13 Uhr. Dann hätte ich gerne einen Rückruf von einem Mitarbeitenden, um das persönlich zu klären.', 'id': 'lc_run--019ff9c1-77bb-74f0-9b3d-37c3a463dee6-0', 'role': 'user'}, {'content': 'Das ist notiert. Ein Mitarbeitender wird sich bei Ihnen melden, um Ihr Anliegen persönlich zu besprechen. Vielen Dank für Ihren Anruf und einen angenehmen Tag für Sie!', 'id': 'da2cb3bb-30d0-43cd-996c-68167ea197cc', 'role': 'assistant'}, {'content': 'Vielen Dank, auf Wiederhören.', 'id': 'lc_run--019ff9c1-8c92-7490-8323-c77ad2eda6b4-0', 'role': 'user'}, {'content': 'Auf Wiederhören, Frau Arnold. Alles Gute für Sie!', 'id': 'cd3c3b42-e801-48e0-8e7f-a52c0d13e9cf', 'role': 'assistant'}, {'content': '', 'id': 'lc_run--019ff9c1-9631-7ff2-8243-4c5cd899ec5c-0', 'role': 'user'}, {'content': 'Das Gespräch ist beendet. Wenn Sie wieder Unterstützung benötigen, stehe ich Ihnen gerne zur Verfügung.', 'id': 'a9a72c75-b848-48f8-8cf6-ab8be7252741', 'role': 'assistant'}]",25.217347,,019ff9c1-3b5c-7803-a666-3b17916fb104,0.0,1.0,0.1429,0.4376,0.0,0.0
Renate Vogt,015789643375,Montag von 10 Uhr bis 13 Uhr,eine Beschwerde wegen eines kaputten Aufzugs,"[{'content': 'Guten Tag, Sie sprechen mit der digitalen Anruf-Assistentin von Surfers Immobilien. Wie kann ich Ihnen weiterhelfen? Was ist der Grund Ihres Anrufs?', 'role': 'assistant'}, {'content': 'Hallo, mein Name ist Renate Vogt und ich würde gerne einen Termin für eine Beschwerde wegen eines kaputten Aufzugs vereinbaren.', 'id': 'cd0ca3e6-113a-4575-a275-49d3dbfe8643', 'role': 'user'}, {'content': 'Für Ihr Anliegen gibt es die Auswahl „Beschwerde“. Darf ich für Sie einen Termin in dieser Kategorie buchen?', 'id': 'b9414d1c-0386-4201-b2db-1cd8ab6f797b', 'role': 'assistant'}, {'content': 'Ja, bitte. Das wäre sehr freundlich.', 'id': 'lc_run--019ff9c1-5aae-7041-8f3f-ff45625052eb-0', 'role': 'user'}, {'content': 'Leider sind aktuell keine freien Termine für Beschwerden verfügbar. Möchten Sie, dass ich nach einem späteren Zeitraum suche?', 'id': '863a6334-f1b5-4e27-8278-0537dd9c8771', 'role': 'assistant'}, {'content': 'Ja, bitte schauen Sie nach einem späteren Zeitraum.', 'id': 'lc_run--019ff9c1-6b42-7660-b19b-88f0f6c6c223-0', 'role': 'user'}, {'content': 'Auch im späteren Zeitraum sind leider keine Termine für Beschwerden frei. Möchten Sie, dass ich es zu einem noch späteren Zeitpunkt versuche oder wünschen Sie einen Rückruf?', 'id': '692bf5ee-3cd9-47cb-bba5-4edffa80b09a', 'role': 'assistant'}, {'content': 'Dann hätte ich gerne einen Rückruf, bitte.', 'id': 'lc_run--019ff9c1-7b0e-7732-a553-8f020acd8c1e-0', 'role': 'user'}, {'content': 'Ich veranlasse einen Rückruf für Sie. Sie werden zeitnah von uns kontaktiert. Vielen Dank für Ihren Anruf und einen schönen Tag noch!', 'id': '53bd82c4-0220-428a-a668-e3f14c2167b5', 'role': 'assistant'}, {'content': 'Vielen Dank. Auf Wiederhören.', 'id': 'lc_run--019ff9c1-910e-79d1-94e5-404d12e863ea-0', 'role': 'user'}, {'content': 'Auf Wiederhören, Frau Vogt. Alles Gute für Sie!', 'id': '5825377e-9e8c-4a7e-add1-a0618f7f31d9', 'role': 'assistant'}, {'content': '', 'id': 'lc_run--019ff9c1-9f64-7850-a228-435e6d925bea-0', 'role': 'user'}, {'content': 'Die Verbindung wird nun beendet. Falls Sie wieder Unterstützung benötigen, sind wir gerne für Sie da.', 'id': '00de3a99-18b9-401b-a050-1aab9a041a50', 'role': 'assistant'}]",26.84476,,019ff9c1-46e5-7ae2-826d-45337e69e7f9,0.0,1.0,0.1429,0.4376,0.0,1.0
Benno Sander,015789643375,den ganzen Freitag,eine Beschwerde wegen fehlender Heizwärme,"[{'content': 'Guten Tag, Sie sprechen mit der digitalen Anruf-Assistentin von Surfers Immobilien. Wie kann ich Ihnen weiterhelfen? Was ist der Grund Ihres Anrufs?', 'role': 'assistant'}, {'content': 'Hallo, mein Name ist Benno Sander und ich würde gerne einen Termin für eine Beschwerde wegen fehlender Heizwärme vereinbaren.', 'id': '3b5411fc-28b3-4672-b5a6-e5dc38fc38da', 'role': 'user'}, {'content': 'Für Ihr Anliegen gibt es die Auswahlmöglichkeit „Beschwerde“. Darf ich für Sie einen Termin in dieser Kategorie buchen?', 'id': 'c6ac3533-2282-4fdb-a9c3-9799f4e6e6ad', 'role': 'assistant'}, {'content': 'Ja, bitte. Das wäre passend.', 'id': 'lc_run--019ff9c1-63cd-76c3-8f08-c794abfe846c-0', 'role': 'user'}, {'content': 'Im Moment sind leider keine freien Termine für eine Beschwerde in den nächsten sieben Tagen verfügbar. Möchten Sie, dass ich nach einem späteren Zeitpunkt suche?', 'id': '9643eede-ec71-4920-b276-97074f964a24', 'role': 'assistant'}, {'content': 'Ja, bitte schauen Sie nach einem späteren Zeitpunkt.', 'id': 'lc_run--019ff9c1-78f2-7d90-b7b9-3f6a637b3756-0', 'role': 'user'}, {'content': 'Auch im Zeitraum bis zum zehnten September sind keine freien Termine verfügbar. Möchten Sie, dass ich noch weiter in die Zukunft schaue?', 'id': '14ea5ebd-7d8d-41d2-93dc-b374202006a4', 'role': 'assistant'}, {'content': 'Nein, danke. Dann hätte ich gerne einen Rückruf von einem Mitarbeitenden, um das Anliegen zu klären oder persönlich einen Termin zu vereinbaren.', 'id': 'lc_run--019ff9c1-87ab-7de2-9b88-98061d9cc352-0', 'role': 'user'}, {'content': 'Das ist notiert. Ein Mitarbeitender wird Sie zurückrufen, um Ihr Anliegen zu besprechen und einen Termin zu vereinbaren. Vielen Dank für Ihren Anruf.', 'id': '8bfbff1b-0b4c-47f5-a546-ff1abfa0ad51', 'role': 'assistant'}, {'content': 'Vielen Dank. Auf Wiederhören.', 'id': 'lc_run--019ff9c1-9b7f-79d0-9eca-f74673941bc6-0', 'role': 'user'}, {'content': 'Auf Wiederhören, Herr Sander. Ich wünsche Ihnen einen angenehmen Tag.', 'id': '5c6c54a3-528c-434a-a185-c2b8e64b3572', 'role': 'assistant'}, {'content': '', 'id': 'lc_run--019ff9c1-a438-7113-81ef-4f5f3b25b293-0', 'role': 'user'}, {'content': 'Das Gespräch ist beendet. Wenn Sie wieder Unterstützung benötigen, stehe ich Ihnen gerne zur Verfügung.', 'id': 'd3ee8de5-1406-4029-b639-1a32aafadfe8', 'role': 'assistant'}]",24.767002,,019ff9c1-51e3-7853-92bd-80f86d54e611,0.0,1.0,0.1429,0.4376,0.0,0.0
Julius Sauer,015789643375,Freitag den ganzen Tag,eine Reparatur der Heizungsthermostate,"[{'content': 'Guten Tag, Sie sprechen mit der digitalen Anruf-Assistentin von Surfers Immobilien. Wie kann ich Ihnen heute weiterhelfen? Was ist der Grund Ihres Anrufs?', 'role': 'assistant'}, {'content': 'Hallo, mein Name ist Julius Sauer und ich würde gerne einen Termin für eine Reparatur der Heizungsthermostate vereinbaren.', 'id': '5d4aa4f9-652a-489f-986c-113e2466f8c9', 'role': 'user'}, {'content': 'Für eine Reparatur gibt es einen passenden Termin-Typ mit dem Namen „Reparatur“. Darf ich diesen für Sie auswählen?', 'id': '7fc53ae9-c6fc-4f53-b7c4-d35417258754', 'role': 'assistant'}, {'content': 'Ja, gerne.', 'id': 'lc_run--019ff9c1-afc1-7432-bceb-392ff5d2c819-0', 'role': 'user'}, {'content': 'Im Moment sind leider keine Termine für Reparaturen in der Woche ab Donnerstag, dreizehnter August, zweitausendsechsundzwanzig verfügbar. Möchten Sie, dass ich nach einem späteren Zeitraum suche?', 'id': '4b69969e-3a00-4a1e-9cbe-95d7d0dbc92d', 'role': 'assistant'}, {'content': 'Ja, bitte suchen Sie nach einem späteren Zeitraum.', 'id': 'lc_run--019ff9c1-bf20-7ba2-b83e-431c636a88ef-0', 'role': 'user'}, {'content': 'Auch im Zeitraum ab Donnerstag, einundzwanzigster August, zweitausendsechsundzwanzig sind keine Reparaturtermine frei. Soll ich noch weiter in die Zukunft schauen?', 'id': '81aa005e-2810-465c-80d8-6d0434f2052c', 'role': 'assistant'}, {'content': 'Ja, bitte schauen Sie noch weiter in die Zukunft.', 'id': 'lc_run--019ff9c1-cf58-7c80-9757-3100812b114c-0', 'role': 'user'}, {'content': 'Leider sind auch in der Woche ab Donnerstag, achtundzwanzigster August, zweitausendsechsundzwanzig keine Reparaturtermine verfügbar. Möchten Sie, dass ich noch weiter in die Zukunft suche, oder möchten Sie lieber zu einem späteren Zeitpunkt noch einmal anrufen?', 'id': '64371286-5856-4fb9-a42e-feff1293329d', 'role': 'assistant'}, {'content': 'Dann würde ich gerne von einem Mitarbeitenden zurückgerufen werden, um das persönlich zu klären.', 'id': 'lc_run--019ff9c1-e624-72b1-ba51-57e8458f72f3-0', 'role': 'user'}, {'content': 'Das ist notiert. Ein Mitarbeitender wird Sie zurückrufen, um Ihr Anliegen persönlich zu besprechen. Vielen Dank für Ihren Anruf und einen angenehmen Tag für Sie!', 'id': 'cdbfc01c-f9f7-4409-8b67-2c2b01aec620', 'role': 'assistant'}, {'content': 'Vielen Dank, Ihnen auch einen angenehmen Tag. Auf Wiederhören.', 'id': 'lc_run--019ff9c1-f7d1-7922-884a-70cc14c5d86a-0', 'role': 'user'}, {'content': 'Auf Wiederhören, Herr Sauer. Alles Gute für Sie!', 'id': '355609f3-241e-4bc6-a9e2-ce2a36d6882a', 'role': 'assistant'}, {'content': '', 'id': 'lc_run--019ff9c2-0200-7702-aaed-eca0f814a7f7-0', 'role': 'user'}, {'content': 'Die Verbindung wird jetzt beendet. Falls Sie wieder Unterstützung benötigen, sind wir gerne für Sie da. Auf Wiederhören!', 'id': '4a3b392c-1664-4ae8-bd2f-d9f4f878cf55', 'role': 'assistant'}]",29.484562,,019ff9c1-9dde-7670-9de5-f6a403b67a92,0.0,1.0,0.125,0.3247,0.0,0.0
Doris Simon,015789643375,Dienstag von 9 Uhr bis 11 Uhr,eine Besprechung zur Übernahme der Wohnung durch einen Nachmieter,"[{'content': 'Guten Tag, Sie sprechen mit der digitalen Anruf-Assistentin von Surfers Immobilien. Wie kann ich Ihnen weiterhelfen? Was ist der Grund Ihres Anrufs?', 'role': 'assistant'}, {'content': 'Hallo, mein Name ist Doris Simon und ich würde gerne einen Termin für eine Besprechung zur Übernahme der Wohnung durch einen Nachmieter vereinbaren.', 'id': '29306293-8172-48da-9976-569d1e426309', 'role': 'user'}, {'content': 'Für Ihr Anliegen zur Übernahme der Wohnung durch einen Nachmieter passt am besten der Termin „Besprechung von Dokumenten“. Möchten Sie diesen Termin buchen?', 'id': 'bdaf35ee-1deb-425a-baed-94330d6be3b4', 'role': 'assistant'}, {'content': 'Ja, gerne.', 'id': 'lc_run--019ff9c1-c2f2-7ee2-baa6-46cf8499dfff-0', 'role': 'user'}, {'content': 'Haben Sie einen bestimmten Tag oder eine Uhrzeit im Kopf, wann Sie die Besprechung gerne hätten?', 'id': '482f1cf9-a296-4ccd-87ed-dbb3a66bd9ff', 'role': 'assistant'}, {'content': 'Ja, bitte am Dienstag zwischen 9 und 11 Uhr.', 'id': 'lc_run--019ff9c1-ca06-7cb1-babf-11cc7c26d6e8-0', 'role': 'user'}, {'content': 'Am Dienstag, den achtzehnten August, sind zwischen neun und elf Uhr leider keine freien Zeiten verfügbar. Möchten Sie einen anderen Zeitraum an diesem Tag oder einen anderen Tag vorschlagen?', 'id': '3288a819-5ac3-40bf-8d44-c14473b9fae7', 'role': 'assistant'}, {'content': 'Leider kann ich nur dienstags zwischen 9 und 11 Uhr. Dann würde ich gerne um einen Rückruf durch einen Mitarbeitenden bitten.', 'id': 'lc_run--019ff9c1-e08b-7b13-a729-78df42768601-0', 'role': 'user'}, {'content': 'Alles klar, ich gebe Ihren Rückrufwunsch weiter. Eine Mitarbeiterin oder ein Mitarbeiter von Surfers Immobilien meldet sich bei Ihnen. Vielen Dank für Ihren Anruf und einen schönen Tag!', 'id': 'f3cc1098-d37f-46be-acdc-e6225cc1cf03', 'role': 'assistant'}, {'content': 'Vielen Dank, ebenfalls einen schönen Tag. Auf Wiederhören.', 'id': 'lc_run--019ff9c1-f2d7-7b42-8e5f-14d01279baca-0', 'role': 'user'}, {'content': 'Auf Wiederhören, Frau Simon.', 'id': 'e852c3cc-e746-4e3e-a7f5-a81e9f007e00', 'role': 'assistant'}, {'content': '', 'id': 'lc_run--019ff9c1-fcfa-7041-bd94-b7d75b2bfc37-0', 'role': 'user'}, {'content': 'Die Verbindung wird jetzt beendet. Einen angenehmen Tag noch!', 'id': '44577293-99a7-4ed7-ae2e-39ec4f067b34', 'role': 'assistant'}]",23.311587,,019ff9c1-afc4-7ec3-a6af-86d29a5adfcb,0.0,1.0,0.1429,0.4376,0.0,0.0
Cornelia Vogel,015789643375,Mittwoch von 10 Uhr bis 13 Uhr,eine Besichtigung des Dachbodens,"[{'content': 'Guten Tag, Sie sprechen mit der digitalen Anruf-Assistentin von Surfers Immobilien. Wie kann ich Ihnen weiterhelfen? Was ist der Grund Ihres Anrufs?', 'role': 'assistant'}, {'content': 'Hallo, mein Name ist Cornelia Vogel und ich würde gerne einen Termin für eine Besichtigung des Dachbodens vereinbaren.', 'id': 'bbb46b2d-be0c-4669-b167-da95c917f7b0', 'role': 'user'}, {'content': 'Für eine Besichtigung des Dachbodens gibt es aktuell keinen eigenen Termin-Typ. Am besten passt wahrscheinlich „Allgemeine Anfragen“. Möchten Sie diesen Termin-Typ für Ihre Besichtigung nutzen?', 'id': '28182760-73c8-4f93-96a5-900f0bda9548', 'role': 'assistant'}, {'content': 'Ja, gerne. „Allgemeine Anfragen“ passt für meine Dachbodenbesichtigung.', 'id': 'lc_run--019ff9c1-c5bd-7d43-acee-f283a91fa290-0', 'role': 'user'}, {'content': 'Alles klar. Gibt es ein bestimmtes Datum oder eine Uhrzeit, die Sie bevorzugen?', 'id': 'fe42f62d-ee1d-4430-b062-86e7c0744b6b', 'role': 'assistant'}, {'content': 'Ich bin mittwochs zwischen 10 und 13 Uhr verfügbar.', 'id': 'lc_run--019ff9c1-cf58-7c80-9757-30f82817396c-0', 'role': 'user'}, {'content': 'Für Mittwoch, den neunzehnten August, zwischen zehn und dreizehn Uhr sind aktuell keine freien Termine verfügbar. Möchten Sie einen anderen Tag oder eine andere Uhrzeit vorschlagen?', 'id': '14ad2320-1bef-4897-a480-7fc0e784eb9f', 'role': 'assistant'}, {'content': 'Leider kann ich nur mittwochs zwischen 10 und 13 Uhr. Könnte mich bitte ein Mitarbeitender zurückrufen, um einen Termin zu klären?', 'id': 'lc_run--019ff9c1-e43f-7bd2-b880-5b83a6a6a202-0', 'role': 'user'}, {'content': 'Natürlich, ich gebe Ihren Rückrufwunsch weiter. Eine Mitarbeiterin oder ein Mitarbeiter wird sich bei Ihnen melden, um einen passenden Termin zu finden. Vielen Dank für Ihren Anruf und einen schönen Tag noch!', 'id': 'ffd10ce8-4ed4-4e3a-8f0d-625eb22a7eef', 'role': 'assistant'}, {'content': 'Vielen Dank, das ist sehr freundlich. Auf Wiederhören!', 'id': 'lc_run--019ff9c1-f91d-7972-afa6-e8f4e3f2dd16-0', 'role': 'user'}, {'content': 'Sehr gerne. Auf Wiederhören und alles Gute!', 'id': '1cefde71-9cc8-403e-99c5-4630923bb0b8', 'role': 'assistant'}, {'content': '', 'id': 'lc_run--019ff9c2-0394-7a71-9c83-44056e8ea718-0', 'role': 'user'}, {'content': 'Das Gespräch ist beendet. Falls Sie wieder Unterstützung benötigen, stehe ich Ihnen gerne zur Verfügung. Auf Wiederhören!', 'id': '8b9d9757-f573-47da-be5f-68675184c846', 'role': 'assistant'}]",24.883854,,019ff9c1-b2a3-7713-a02e-c1f733e6a95e,0.0,1.0,0.1429,0.4376,0.0,1.0
Stefan Weber,015789643375,immer montags und mittwochs,eine Reparatur der Türklingel,"[{'content': 'Guten Tag, Sie sprechen mit der digitalen Anruf-Assistentin von Surfers Immobilien. Wie kann ich Ihnen weiterhelfen? Was ist der Grund Ihres Anrufs?', 'role': 'assistant'}, {'content': 'Hallo, mein Name ist Stefan Weber und ich würde gerne einen Termin für eine Reparatur der Türklingel vereinbaren.', 'id': 'ae8482ac-43af-45b1-a441-7643e3f0f9a9', 'role': 'user'}, {'content': 'Für eine Reparatur gibt es einen passenden Termin-Typ. Möchten Sie einen Termin für „Reparatur“ buchen?', 'id': 'e1bc826f-466d-4c88-a03d-dc919824f6dc', 'role': 'assistant'}, {'content': 'Ja, gerne.', 'id': 'lc_run--019ff9c1-f95b-7a70-9a17-3872ceb7d5bc-0', 'role': 'user'}, {'content': 'Im Moment sind leider keine freien Termine für Reparaturen in den nächsten sieben Tagen verfügbar. Möchten Sie, dass ich nach späteren Terminen suche?', 'id': '6cc29b1a-a61e-4f3e-9555-0b0c4940a9e5', 'role': 'assistant'}, {'content': 'Ja, bitte suchen Sie nach späteren Terminen.', 'id': 'lc_run--019ff9c2-0c57-7aa2-8f96-1f7f33d1cc0b-0', 'role': 'user'}, {'content': 'Auch im Zeitraum ab dem einundzwanzigsten August bis zum vierten September sind keine freien Reparatur-Termine verfügbar. Möchten Sie, dass ich noch weiter in die Zukunft schaue?', 'id': 'b80727d4-bf1a-41cf-afaa-943c1908511c', 'role': 'assistant'}, {'content': 'Ja, bitte schauen Sie noch weiter in die Zukunft.', 'id': 'lc_run--019ff9c2-2023-7641-91ad-3e2d62fa1e6c-0', 'role': 'user'}, {'content': 'Leider sind auch im Zeitraum ab dem fünften September bis zum neunzehnten September keine Reparatur-Termine frei. Möchten Sie, dass ich noch weiter suche, oder möchten Sie lieber zu einem späteren Zeitpunkt noch einmal anrufen?', 'id': '5d66ccfe-a802-4712-ad00-745ab89ecf94', 'role': 'assistant'}, {'content': 'Dann würde ich gerne von einem Mitarbeitenden zurückgerufen werden, um das zu klären.', 'id': 'lc_run--019ff9c2-322f-7280-82ab-d00ccc55c4b4-0', 'role': 'user'}, {'content': 'Das ist notiert. Ein Mitarbeitender wird Sie zurückrufen, um Ihr Anliegen persönlich zu besprechen. Vielen Dank für Ihren Anruf und einen schönen Tag noch!', 'id': 'f7eb5ffc-5ba7-4e25-9395-587e6ff0eead', 'role': 'assistant'}, {'content': 'Vielen Dank, auf Wiederhören.', 'id': 'lc_run--019ff9c2-4367-7c91-ba93-d36da03b5e5e-0', 'role': 'user'}, {'content': 'Auf Wiederhören, Herr Weber. Alles Gute für Sie!', 'id': '0155ae85-6160-438a-bc42-b4de1a4f951d', 'role': 'assistant'}, {'content': '', 'id': 'lc_run--019ff9c2-4c06-73a3-a1e3-c71dcb60cd61-0', 'role': 'user'}, {'content': 'Das Gespräch ist beendet. Wenn Sie wieder einen Termin buchen möchten, stehe ich Ihnen gerne zur Verfügung. Auf Wiederhören!', 'id': 'afbce91b-4deb-49c3-bc9b-43f1cb15abd5', 'role': 'assistant'}]",28.652932,,019ff9c1-e8d8-72b0-9058-90e992e678ca,0.0,1.0,0.125,0.3247,0.0,0.0
Rudolf Graf,015789643375,nur vormittags unter der Woche,eine Beschwerde über Geruchsbelästigung im Treppenhaus,"[{'content': 'Guten Tag, Sie sprechen mit der digitalen Anruf-Assistentin von Surfers Immobilien. Wie kann ich Ihnen weiterhelfen? Was ist der Grund Ihres Anrufs?', 'role': 'assistant'}, {'content': 'Hallo, mein Name ist Rudolf Graf und ich würde gerne einen Termin für eine Beschwerde über Geruchsbelästigung im Treppenhaus vereinbaren.', 'id': '45845714-4644-4c48-ad33-2c433a7143df', 'role': 'user'}, {'content': 'Für Ihr Anliegen gibt es die Auswahlmöglichkeit „Beschwerde“. Darf ich für Sie einen Termin in dieser Kategorie buchen?', 'id': '88152b5f-702e-4341-9540-5dd6420d683d', 'role': 'assistant'}, {'content': 'Ja, gerne.', 'id': 'lc_run--019ff9c2-2159-7e62-abb4-cdd6cbe53e2d-0', 'role': 'user'}, {'content': 'Im Moment sind leider keine freien Termine für Beschwerden in den nächsten sieben Tagen verfügbar. Möchten Sie, dass ich nach einem späteren Zeitpunkt suche?', 'id': 'c90a7255-6c21-4b38-8202-0100e603609f', 'role': 'assistant'}, {'content': 'Ja, bitte suchen Sie nach einem späteren Zeitpunkt.', 'id': 'lc_run--019ff9c2-30b0-7092-ad05-f4ca1e40a1ef-0', 'role': 'user'}, {'content': 'Auch im Zeitraum ab dem einundzwanzigsten August bis zum vierten September sind keine freien Termine verfügbar. Möchten Sie, dass ich noch weiter in die Zukunft suche?', 'id': '5e6cacdc-bc54-42cd-8cb9-05b77ed445fa', 'role': 'assistant'}, {'content': 'Nein, danke. Dann hätte ich gerne einen Rückruf von einem Mitarbeitenden, um das Anliegen zu klären oder persönlich einen Termin zu vereinbaren.', 'id': 'lc_run--019ff9c2-40f7-7481-96d7-5ea9ee575221-0', 'role': 'user'}, {'content': 'Das ist notiert. Ein Mitarbeitender wird Sie zurückrufen, um Ihr Anliegen zu besprechen oder einen Termin zu vereinbaren. Vielen Dank für Ihren Anruf. Auf Wiederhören!', 'id': 'b751ec4f-804f-4290-977d-d123641389bd', 'role': 'assistant'}, {'content': 'Vielen Dank. Auf Wiederhören!', 'id': 'lc_run--019ff9c2-4e6d-7af1-926d-04e67911af96-0', 'role': 'user'}, {'content': 'Auf Wiederhören, Herr Graf. Ich wünsche Ihnen einen angenehmen Tag.', 'id': '807b820a-ef00-4a83-b2aa-c7004810bd95', 'role': 'assistant'}, {'content': '', 'id': 'lc_run--019ff9c2-5952-74f0-9797-9ae1d0cb62c6-0', 'role': 'user'}, {'content': 'Das Gespräch ist beendet. Wenn Sie wieder Unterstützung benötigen, stehe ich Ihnen gerne zur Verfügung.', 'id': '7215f184-ef81-406e-ad28-fad51686f719', 'role': 'assistant'}]",24.315248,,019ff9c2-0ad5-7fc3-ab47-aa33ba1ae67b,0.0,1.0,0.1429,0.4376,0.0,0.0
Klaus Schröder,015789643375,Mittwoch und Freitag vormittags,eine Reparatur der Klingelanlage,"[{'content': 'Guten Tag, Sie sprechen mit der digitalen Anruf-Assistentin von Surfers Immobilien. Wie kann ich Ihnen weiterhelfen? Was ist der Grund Ihres Anrufs?', 'role': 'assistant'}, {'content': 'Hallo, mein Name ist Klaus Schröder und ich würde gerne einen Termin für eine Reparatur der Klingelanlage vereinbaren.', 'id': 'ac95c8ea-6aa3-4743-9cb0-7e2de2f9a93b', 'role': 'user'}, {'content': 'Für eine Reparatur gibt es einen passenden Termin-Typ mit dem Namen „Reparatur“. Darf ich diesen für Sie auswählen?', 'id': 'f6b50b00-b4cb-4b8d-a3b5-09d455bd4927', 'role': 'assistant'}, {'content': 'Ja, bitte.', 'id': 'lc_run--019ff9c2-25e1-7180-bc26-70fdf28aa6b7-0', 'role': 'user'}, {'content': 'Im Moment sind leider keine freien Termine für eine Reparatur verfügbar. Möchten Sie, dass ich nach einem späteren Zeitraum suche oder möchten Sie es zu einem anderen Zeitpunkt noch einmal versuchen?', 'id': '8c98ace8-8df2-453b-887f-b54116c7dc79', 'role': 'assistant'}, {'content': 'Könnte mich bitte ein Mitarbeitender zurückrufen, um das zu klären oder persönlich einen Termin zu vereinbaren?', 'id': 'lc_run--019ff9c2-34ac-7600-b7b1-574d40f284d2-0', 'role': 'user'}, {'content': 'Natürlich, ich gebe Ihren Rückrufwunsch weiter. Ein Mitarbeitender wird sich bei Ihnen melden, um alles Weitere persönlich zu besprechen.\n\nVielen Dank für Ihren Anruf. Auf Wiederhören!', 'id': '4f66de00-4e4f-4f2f-85ee-831c2e4b222d', 'role': 'assistant'}, {'content': 'Vielen Dank. Auf Wiederhören!', 'id': 'lc_run--019ff9c2-435b-76c1-973e-520d0491a420-0', 'role': 'user'}, {'content': 'Sehr gerne. Auf Wiederhören und einen angenehmen Tag für Sie!', 'id': '6cfc6aa3-8f42-47f5-8321-90d4afe5cb1e', 'role': 'assistant'}, {'content': '', 'id': 'lc_run--019ff9c2-4ae7-7c42-b6b4-7ff15972b8f4-0', 'role': 'user'}, {'content': 'Das Gespräch ist beendet. Wenn Sie wieder Unterstützung benötigen, stehe ich Ihnen gerne zur Verfügung.', 'id': 'e8aec3e9-9008-448c-9f69-0d18427a7333', 'role': 'assistant'}]",18.366564,,019ff9c2-110c-7833-ab51-6710b3f9e4e3,0.0,1.0,0.1667,0.6065,0.0,0.0
Gertrud Vogler,015789643375,Montag von 14 Uhr bis 16 Uhr,eine Terminabsprache für die Reinigung der Fenster,"[{'content': 'Guten Tag, Sie sprechen mit der digitalen Anruf-Assistentin von Surfers Immobilien. Wie kann ich Ihnen heute weiterhelfen? Was ist der Grund Ihres Anrufs?', 'role': 'assistant'}, {'content': 'Hallo, mein Name ist Gertrud Vogler und ich würde gerne einen Termin für eine Terminabsprache für die Reinigung der Fenster vereinbaren.', 'id': 'd09aad7f-ed6a-490a-b9ab-74f6aafc5a21', 'role': 'user'}, {'content': 'Für die Terminabsprache zur Fensterreinigung gibt es keinen direkten Termin-Typ. Möchten Sie einen Termin für „Allgemeine Anfragen“ oder lieber für „Besprechung von Dokumenten“ buchen?', 'id': 'd059c5de-9919-42df-8b36-8a6a24bde5da', 'role': 'assistant'}, {'content': 'Dann bitte einen Termin für „Allgemeine Anfragen“.', 'id': 'lc_run--019ff9c2-260c-7ab1-b47b-ec23c0671613-0', 'role': 'user'}, {'content': 'Alles klar, Frau Vogler. Für die Buchung benötige ich noch Ihre E-Mail-Adresse. Könnten Sie mir diese bitte nennen?', 'id': 'cd81e252-d502-4836-978b-fcb14b54f4b5', 'role': 'assistant'}, {'content': 'Eine E-Mail-Adresse möchte ich ungern angeben. Ist die Buchung auch telefonisch möglich?', 'id': 'lc_run--019ff9c2-2e8a-7fb3-8af4-480ca9e12dcf-0', 'role': 'user'}, {'content': 'Ja, das ist kein Problem. Ich kann den Termin auch nur mit Ihrem Namen und Ihrer Telefonnummer buchen. Möchten Sie die Nummer verwenden, von der Sie gerade anrufen, oder möchten Sie eine andere Nummer angeben?', 'id': 'db902e06-9ee7-494b-924d-108f26ce02eb', 'role': 'assistant'}, {'content': 'Bitte verwenden Sie diese Nummer: 015789643375.', 'id': 'lc_run--019ff9c2-4219-73a1-a652-43978c25341a-0', 'role': 'user'}, {'content': 'Im Moment sind leider keine freien Zeiten für „Allgemeine Anfragen“ verfügbar. Möchten Sie, dass ich nach einem späteren Zeitraum suche oder möchten Sie es zu einem anderen Zeitpunkt noch einmal versuchen?', 'id': 'e6bde6e1-5ac6-46d1-94f7-cff2e93900eb', 'role': 'assistant'}, {'content': 'Dann hätte ich gerne einen Rückruf von einem Mitarbeitenden, um das persönlich zu klären.', 'id': 'lc_run--019ff9c2-54ec-74a2-92b3-a2689632178b-0', 'role': 'user'}, {'content': 'Ich gebe Ihren Rückrufwunsch weiter. Eine Mitarbeiterin oder ein Mitarbeiter wird sich bei Ihnen melden. Vielen Dank für Ihren Anruf und einen schönen Tag noch!', 'id': '893a26cf-32c9-46ff-a572-7bae016c396a', 'role': 'assistant'}, {'content': 'Vielen Dank, Ihnen auch einen schönen Tag. Auf Wiederhören.', 'id': 'lc_run--019ff9c2-677f-7ee1-9b08-20922d63d220-0', 'role': 'user'}, {'content': 'Auf Wiederhören, Frau Vogler. Alles Gute für Sie!', 'id': '0243d84d-f46f-4fa2-b418-2ba7dd0c26f8', 'role': 'assistant'}, {'content': '', 'id': 'lc_run--019ff9c2-70f2-7d53-9207-b631bca8d587-0', 'role': 'user'}, {'content': 'Das Gespräch ist beendet. Wenn Sie wieder Unterstützung benötigen, stehe ich Ihnen gerne zur Verfügung. Auf Wiederhören!', 'id': '81890d02-8294-4c6c-a7c1-8412d551208a', 'role': 'assistant'}]",26.85615,,019ff9c2-13d8-71a3-b30c-035a26e899f3,0.0,1.0,0.125,0.3247,0.0,0.0
Christine Kraus,015789643375,Montag von 14 Uhr bis 16 Uhr,eine Besichtigung eines Stellplatzes,"[{'content': 'Guten Tag, Sie sprechen mit der digitalen Anruf-Assistentin von Surfers Immobilien. Wie kann ich Ihnen weiterhelfen? Was ist der Grund Ihres Anrufs?', 'role': 'assistant'}, {'content': 'Hallo, mein Name ist Christine Kraus und ich würde gerne einen Termin für eine Besichtigung eines Stellplatzes vereinbaren.', 'id': 'a78f0854-5e2f-4d0e-87fb-4cb014e713dc', 'role': 'user'}, {'content': 'Für eine Besichtigung eines Stellplatzes gibt es aktuell keinen eigenen Termin-Typ. Am besten passt hier der Termin für „Allgemeine Anfragen“. Ist das für Sie in Ordnung?', 'id': 'c696260f-49af-4246-9379-18e5b71b31c7', 'role': 'assistant'}, {'content': 'Ja, das ist in Ordnung.', 'id': 'lc_run--019ff9c2-6ad9-7923-acb5-af7778e07f7c-0', 'role': 'user'}, {'content': 'Könnten Sie mir bitte noch sagen, wann Sie ungefähr Zeit hätten? Dann schaue ich nach passenden freien Zeiten für Sie.', 'id': 'd721ee01-b7c6-4e39-87f0-de96e612e379', 'role': 'assistant'}, {'content': 'Ich kann montags zwischen 14 und 16 Uhr.', 'id': 'lc_run--019ff9c2-7423-7c60-83b8-fcece50d55fa-0', 'role': 'user'}, {'content': 'Am Montag, den siebzehnten August, zwischen vierzehn und sechzehn Uhr, ist leider kein Termin frei. Möchten Sie einen anderen Tag oder eine andere Uhrzeit vorschlagen?', 'id': '7afe64a2-b539-43c9-a234-5fa6ea16e0c8', 'role': 'assistant'}, {'content': 'Leider kann ich nur montags zwischen 14 und 16 Uhr. Könnte mich bitte ein Mitarbeitender zurückrufen, um das persönlich zu klären?', 'id': 'lc_run--019ff9c2-8a24-7332-af35-eae5f95711af-0', 'role': 'user'}, {'content': 'Das lässt sich telefonisch am besten klären. Ein Mitarbeitender wird Sie zurückrufen, um einen passenden Termin zu finden. Vielen Dank für Ihren Anruf und einen schönen Tag!', 'id': '10105309-5cc5-45c2-a368-efd999529805', 'role': 'assistant'}, {'content': 'Vielen Dank. Ihnen auch einen schönen Tag, auf Wiederhören.', 'id': 'lc_run--019ff9c2-9950-7121-bd4f-61c4c742196a-0', 'role': 'user'}, {'content': 'Auf Wiederhören, Frau Kraus.', 'id': '10b076d2-cc62-4751-bec2-75b5aee40763', 'role': 'assistant'}, {'content': '', 'id': 'lc_run--019ff9c2-aa3e-7d63-983d-679dbad2c170-0', 'role': 'user'}, {'content': 'Das Gespräch ist beendet. Wenn Sie wieder einen Termin buchen möchten, stehe ich Ihnen gerne zur Verfügung.', 'id': '8f07fe03-fdf2-44ab-9474-1d8c27849c58', 'role': 'assistant'}]",23.62352,,019ff9c2-58c7-7a62-8043-99c1de8c4d60,0.0,1.0,0.1429,0.4376,0.0,1.0
Achim Lorenz,015789643375,abends nach 18 Uhr,eine Besichtigung einer anderen Wohnung im selben Haus,"[{'content': 'Guten Tag, Sie sprechen mit der digitalen Anruf-Assistentin von Surfers Immobilien. Wie kann ich Ihnen weiterhelfen? Was ist der Grund Ihres Anrufs?', 'role': 'assistant'}, {'content': 'Hallo, mein Name ist Achim Lorenz und ich würde gerne einen Termin für eine Besichtigung einer anderen Wohnung im selben Haus vereinbaren.', 'id': '1f688592-fc1e-4200-a36a-09bc44a34b20', 'role': 'user'}, {'content': 'Für eine Wohnungsbesichtigung passt am ehesten der Termin-Typ „Allgemeine Anfragen“. Möchten Sie diesen für Ihre Besichtigung nutzen?', 'id': '6d60cbe8-52f4-47bd-9e2c-cbb4d581af8a', 'role': 'assistant'}, {'content': 'Ja, gerne. Das passt.', 'id': 'lc_run--019ff9c2-71d1-7f03-985d-734b1491d808-0', 'role': 'user'}, {'content': 'Alles klar, Herr Lorenz. Für die Buchung benötige ich noch Ihre Telefonnummer. Könnten Sie mir diese bitte nennen?', 'id': 'a8c2a91e-d822-459f-9c09-5e76a9b397fe', 'role': 'assistant'}, {'content': 'Ja, gerne. Meine Telefonnummer ist 015789643375.', 'id': 'lc_run--019ff9c2-79ba-7453-9f93-30c1fb6c0323-0', 'role': 'user'}, {'content': 'Danke, Herr Lorenz. Könnten Sie mir bitte noch Ihre E-Mail-Adresse nennen?', 'id': 'ce439b14-5a6d-4113-beec-5a6c6d851171', 'role': 'assistant'}, {'content': 'Ich habe gerade keine E-Mail-Adresse zur Hand. Können wir den Termin auch telefonisch abstimmen?', 'id': 'lc_run--019ff9c2-828f-7082-9255-e2ba35132415-0', 'role': 'user'}, {'content': 'Das ist kein Problem, Herr Lorenz. Wir können den Termin auch ohne E-Mail-Adresse buchen. Haben Sie einen Wunschtermin oder eine bevorzugte Uhrzeit für die Besichtigung?', 'id': '5e328a0f-9ce4-443d-bf76-e5644478d4c6', 'role': 'assistant'}, {'content': 'Ja, gerne abends nach 18 Uhr. Zu anderen Zeiten kann ich leider nicht.', 'id': 'lc_run--019ff9c2-914d-7ae2-94cc-54c06a7ccba2-0', 'role': 'user'}, {'content': 'Ich suche jetzt verfügbare Termine für eine Besichtigung nach achtzehn Uhr. Gibt es einen bestimmten Tag, der Ihnen besonders gut passt?', 'id': '845e1be4-8e78-4219-ad5e-887f9f4ef359', 'role': 'assistant'}, {'content': 'Ein bestimmter Tag ist mir nicht so wichtig. Hauptsache nach 18 Uhr.', 'id': 'lc_run--019ff9c2-a159-78e2-85e8-aafdbb084cfb-0', 'role': 'user'}, {'content': 'Leider sind aktuell keine Termine nach achtzehn Uhr verfügbar. Möchten Sie, dass ich nach Terminen zwischen siebzehn und achtzehn Uhr schaue oder lieber an einem anderen Tag?', 'id': 'f6c1667b-264a-4e71-9960-c623b35c972b', 'role': 'assistant'}, {'content': 'Zwischen 17 und 18 Uhr geht leider nicht. Dann bitte lieber ein Rückruf von einem Mitarbeitenden, um das persönlich zu klären.', 'id': 'lc_run--019ff9c2-b59a-7e30-adfa-48334a95c175-0', 'role': 'user'}, {'content': 'Alles klar, Herr Lorenz. Ein Mitarbeitender wird Sie zurückrufen, um einen passenden Termin persönlich mit Ihnen abzustimmen. Vielen Dank für Ihren Anruf und einen schönen Tag!', 'id': '476e4e42-e57c-4361-b151-32852e71c088', 'role': 'assistant'}, {'content': 'Vielen Dank. Auf Wiederhören!', 'id': 'lc_run--019ff9c2-c777-7510-87f7-e84153d4b8d1-0', 'role': 'user'}, {'content': 'Auf Wiederhören, Herr Lorenz!', 'id': '079c1c02-e675-428b-a7da-87de5557f202', 'role': 'assistant'}, {'content': '', 'id': 'lc_run--019ff9c2-d097-73a2-a91a-1737619ae3e4-0', 'role': 'user'}, {'content': 'Falls Sie noch einmal einen Termin buchen möchten, stehe ich Ihnen gerne zur Verfügung. Einen schönen Tag!', 'id': 'da01b96a-1f36-404c-a41b-a46aaa478215', 'role': 'assistant'}]",35.600709,,019ff9c2-58cb-7282-85e6-1b6110a90bae,1.0,1.0,0.2,0.8353,0.0,0.0
Paul Schubert,015789643375,immer mittwochs und freitags,eine Reparatur eines gebrochenen Fensters,"[{'content': 'Guten Tag, Sie sprechen mit der digitalen Anruf-Assistentin von Surfers Immobilien. Wie kann ich Ihnen weiterhelfen? Was ist der Grund Ihres Anrufs?', 'role': 'assistant'}, {'content': 'Hallo, mein Name ist Paul Schubert und ich würde gerne einen Termin für eine Reparatur eines gebrochenen Fensters vereinbaren.', 'id': '71bd5063-0e37-4dd7-befb-73e20c9ef0fb', 'role': 'user'}, {'content': 'Für eine Reparatur gibt es einen passenden Termin-Typ. Möchten Sie einen Termin für „Reparatur“ buchen?', 'id': 'be8145b0-22dc-41f5-8674-9f911b0b05c8', 'role': 'assistant'}, {'content': 'Ja, bitte.', 'id': 'lc_run--019ff9c2-7908-7b62-84bf-3733525dc779-0', 'role': 'user'}, {'content': 'Wann möchten Sie den Reparatur-Termin vereinbaren? Gibt es ein bestimmtes Datum oder eine Uhrzeit, die Ihnen passt?', 'id': '102d85b4-c13d-470f-830a-3a94a124bae4', 'role': 'assistant'}, {'content': 'Ich bin mittwochs und freitags erreichbar. Haben Sie da einen Termin frei?', 'id': 'lc_run--019ff9c2-80cf-72e2-8a8a-384c12fc1565-0', 'role': 'user'}, {'content': 'Für Mittwoch, den neunzehnten August und Freitag, den einundzwanzigsten August sind aktuell keine freien Reparatur-Termine verfügbar. Möchten Sie einen anderen Zeitraum versuchen oder passt Ihnen auch ein anderer Wochentag?', 'id': 'abbc24cc-dd20-425e-b151-5c6e59d91ce4', 'role': 'assistant'}, {'content': 'Ich kann leider nur mittwochs und freitags. Könnte mich bitte ein Mitarbeitender zurückrufen, um einen Termin zu klären?', 'id': 'lc_run--019ff9c2-935c-7473-ac06-586ea2fe6225-0', 'role': 'user'}, {'content': 'Das ist kein Problem. Ein Mitarbeitender wird Sie zurückrufen, um einen passenden Termin zu vereinbaren. Vielen Dank für Ihren Anruf und einen schönen Tag!', 'id': 'f4791966-985a-4dbe-afbf-56377c32907e', 'role': 'assistant'}, {'content': 'Vielen Dank, ebenfalls einen schönen Tag. Auf Wiederhören.', 'id': 'lc_run--019ff9c2-a08d-7e13-bef8-02672cf173f6-0', 'role': 'user'}, {'content': 'Auf Wiederhören, Herr Schubert.', 'id': 'c0ce8616-58a1-4d34-9d0d-289f568a3030', 'role': 'assistant'}, {'content': '', 'id': 'lc_run--019ff9c2-abca-70b3-973f-0e7dce20dbc1-0', 'role': 'user'}, {'content': 'Das Gespräch ist beendet. Wenn Sie wieder einen Termin buchen möchten, stehe ich Ihnen gerne zur Verfügung.', 'id': '6deef38c-d2a9-4a83-801f-0edbb17d9325', 'role': 'assistant'}]",20.313044,,019ff9c2-69d2-77e0-a1bc-c94c0e3da76b,0.0,1.0,0.1429,0.4376,1.0,0.0
Torsten Werner,015789643375,Freitag den ganzen Tag,eine Besichtigung für die Neuvermietung,"[{'content': 'Guten Morgen, Sie sprechen mit der digitalen Anruf-Assistentin von Surfers Immobilien. Was kann ich heute für Sie tun?', 'role': 'assistant'}, {'content': 'Hallo, mein Name ist Torsten Werner und ich würde gerne einen Termin für eine Besichtigung für die Neuvermietung vereinbaren.', 'id': 'f1089a84-462c-4e6d-9d46-9d0fc541b1b6', 'role': 'user'}, {'content': 'Für Besichtigungen zur Neuvermietung gibt es aktuell die Terminarten „Allgemeine Anfragen“, „Reparatur“, „Beschwerde“ und „Besprechung von Dokumenten“. Möchten Sie den Termin als „Allgemeine Anfrage“ buchen oder passt eine der anderen Optionen besser?', 'id': '13b63640-b361-4d41-8f56-d284e8d69f87', 'role': 'assistant'}, {'content': 'Ja, dann bitte als „Allgemeine Anfrage“.', 'id': 'lc_run--019ff9c2-9357-7491-ab19-69719986af1f-0', 'role': 'user'}, {'content': 'Alles klar, ich buche den Termin als „Allgemeine Anfrage“. Gibt es ein bestimmtes Datum oder eine Uhrzeit, die Ihnen besonders gut passt?', 'id': '56d2b629-0c11-42c3-80ad-c8fb92146ebc', 'role': 'assistant'}, {'content': 'Freitag passt mir den ganzen Tag.', 'id': 'lc_run--019ff9c2-bb07-7a22-937c-e0e588c19547-0', 'role': 'user'}, {'content': 'Am Freitag, den vierzehnten August, sind leider keine freien Termine verfügbar. Möchten Sie einen anderen Tag auswählen oder soll ich nach dem nächstmöglichen Termin suchen?', 'id': '2e5e04d5-b25e-4cbf-827c-d3185399322c', 'role': 'assistant'}, {'content': 'Ich kann leider nur freitags. Könnten Sie bitte nach dem nächstmöglichen freien Freitag suchen?', 'id': 'lc_run--019ff9c2-cef1-7a32-83dd-1e31b7d8c7b4-0', 'role': 'user'}, {'content': 'Am Freitag, den einundzwanzigsten August, sind ebenfalls keine freien Termine verfügbar. Soll ich weiter nach dem nächsten Freitag suchen?', 'id': 'a0a7aab9-ca0a-4142-908c-bbc2b71f269f', 'role': 'assistant'}, {'content': 'Ja, bitte suchen Sie weiter nach dem nächsten freien Freitag.', 'id': 'lc_run--019ff9c2-e12b-75f3-8555-1e11ab0729be-0', 'role': 'user'}, {'content': 'Auch am Freitag, den achtundzwanzigsten August, gibt es keine freien Termine. Soll ich noch einen weiteren Freitag prüfen?', 'id': 'e4ababd1-72a1-45b7-9116-985003e73f62', 'role': 'assistant'}, {'content': 'Ja, bitte prüfen Sie noch einen weiteren Freitag. Falls gar kein Freitag frei ist, hätte ich gerne einen Rückruf von einem Mitarbeitenden.', 'id': 'lc_run--019ff9c2-f0ce-7990-b331-3a522a53d580-0', 'role': 'user'}, {'content': 'Am Freitag, den vierten September, sind leider auch keine Termine frei. Möchten Sie einen Rückruf vereinbaren, damit sich jemand persönlich bei Ihnen meldet?', 'id': '805c5e2d-10a6-4fec-9c65-5c70b8c73e05', 'role': 'assistant'}, {'content': 'Ja, bitte. Das wäre sehr freundlich.', 'id': 'lc_run--019ff9c3-0971-7801-981e-a9b92d54707a-0', 'role': 'user'}, {'content': 'Alles klar, Herr Werner. Ich gebe Ihren Rückrufwunsch weiter, damit sich ein Mitarbeitender bei Ihnen meldet. Vielen Dank für Ihren Anruf und einen schönen Tag!', 'id': 'd8be21ac-9a0a-48b7-8b3e-1d057c2e6d2f', 'role': 'assistant'}, {'content': 'Vielen Dank, Ihnen auch einen schönen Tag. Auf Wiederhören.', 'id': 'lc_run--019ff9c3-1768-7203-a53e-c1dd3a498780-0', 'role': 'user'}, {'content': 'Auf Wiederhören, Herr Werner.', 'id': '3468f978-b662-425f-a43b-85d25750f67f', 'role': 'assistant'}, {'content': '', 'id': 'lc_run--019ff9c3-213d-7b51-a764-c321114c381c-0', 'role': 'user'}, {'content': 'Die Verbindung ist beendet.', 'id': 'ff1b045d-5f4c-4c29-ad2d-3af8b5d7f159', 'role': 'assistant'}]",45.342309,,019ff9c2-7cc1-7ff1-9067-77ac38fa4fe4,0.0,1.0,0.1,0.1979,1.0,1.0
Anneliese Hahn,015789643375,den ganzen Dienstag,eine Besichtigung des Fahrradkellers,"[{'content': 'Guten Tag, Sie sprechen mit der digitalen Anruf-Assistentin von Surfers Immobilien. Wie kann ich Ihnen weiterhelfen? Was ist der Grund Ihres Anrufs?', 'role': 'assistant'}, {'content': 'Hallo, mein Name ist Anneliese Hahn und ich würde gerne einen Termin für eine Besichtigung des Fahrradkellers vereinbaren.', 'id': '44a43ef8-803b-4eb8-b827-831777153d68', 'role': 'user'}, {'content': 'Für eine Besichtigung des Fahrradkellers gibt es keinen eigenen Termin-Typ. Am besten passt hier „Allgemeine Anfragen“. Ist das für Sie in Ordnung?', 'id': '888c6e5a-89c5-4c92-a227-46ce533cdb89', 'role': 'assistant'}, {'content': 'Ja, das ist in Ordnung.', 'id': 'lc_run--019ff9c2-c945-79d3-93b7-33ca2f3688e1-0', 'role': 'user'}, {'content': 'Gut, dann buche ich einen Termin für „Allgemeine Anfragen“. Haben Sie einen bestimmten Tag oder eine Uhrzeit im Kopf?', 'id': 'e5ea587b-fb00-4a03-8574-b481f58fae39', 'role': 'assistant'}, {'content': 'Ich bin den ganzen Dienstag erreichbar und kann nur dienstags Termine wahrnehmen.', 'id': 'lc_run--019ff9c2-d151-7d43-b6c0-b843a670f951-0', 'role': 'user'}, {'content': 'Am Dienstag, den achtzehnten August, sind leider keine freien Termine verfügbar. Möchten Sie einen anderen Dienstag auswählen oder soll ich nach einem alternativen Tag suchen?', 'id': 'f1ed3861-9cdd-40dc-9291-97ab5c01a8c5', 'role': 'assistant'}, {'content': 'Bitte schauen Sie nach einem anderen Dienstag. Dienstags bin ich ganztägig verfügbar.', 'id': 'lc_run--019ff9c2-e432-7d22-af22-46cffc50912b-0', 'role': 'user'}, {'content': 'Am Dienstag, den fünfundzwanzigsten August, gibt es ebenfalls keine freien Termine. Soll ich den darauffolgenden Dienstag prüfen?', 'id': 'c36a5b42-36c4-4140-93e4-af28233f67dd', 'role': 'assistant'}, {'content': 'Ja, bitte prüfen Sie den darauffolgenden Dienstag.', 'id': 'lc_run--019ff9c2-f8e6-7be1-b397-094ef61d182d-0', 'role': 'user'}, {'content': 'Auch am Dienstag, den ersten September, sind keine Termine verfügbar. Möchten Sie, dass ich weiter die folgenden Dienstage prüfe?', 'id': 'ce767551-9ba0-405b-8adf-93e5c72d9cd4', 'role': 'assistant'}, {'content': 'Ja, bitte prüfen Sie weiter die folgenden Dienstage.', 'id': 'lc_run--019ff9c3-0ab4-7331-b68a-4fd791fffcac-0', 'role': 'user'}, {'content': 'Am Dienstag, den achten September, ist ebenfalls kein Termin frei. Soll ich den fünfzehnten September prüfen?', 'id': '0b4843b8-14d7-487b-bb1f-c4e93cc11cbd', 'role': 'assistant'}, {'content': 'Ja, bitte prüfen Sie den fünfzehnten September.', 'id': 'lc_run--019ff9c3-1a96-7b81-a8b8-03c961dc21a4-0', 'role': 'user'}, {'content': 'Auch am Dienstag, den fünfzehnten September, sind keine Termine verfügbar. Möchten Sie, dass ich weiter prüfe, oder möchten Sie lieber einen Rückruf vereinbaren?', 'id': 'c16c14b6-65db-4d78-bcd0-091a13338c6f', 'role': 'assistant'}, {'content': 'Dann würde ich lieber einen Rückruf vereinbaren.', 'id': 'lc_run--019ff9c3-29da-7c93-9b3a-996ff3dec249-0', 'role': 'user'}, {'content': 'Alles klar, ich leite Ihren Wunsch für einen Rückruf weiter. Sie werden kontaktiert, sobald ein Termin möglich ist. Vielen Dank für Ihren Anruf und einen schönen Tag!', 'id': '8a5fc16e-dbee-420d-9f31-650d30ee71d1', 'role': 'assistant'}, {'content': 'Vielen Dank, Ihnen auch einen schönen Tag. Auf Wiederhören!', 'id': 'lc_run--019ff9c3-3790-79d2-bdd4-83f9ac8448b2-0', 'role': 'user'}, {'content': 'Auf Wiederhören, Frau Hahn!', 'id': 'fdeddea0-fc00-49f2-9f88-f45da9304636', 'role': 'assistant'}, {'content': '', 'id': 'lc_run--019ff9c3-5f03-7ee0-af57-5ad6b7ebded5-0', 'role': 'user'}, {'content': 'Die Verbindung ist beendet. Wenn Sie wieder einen Termin buchen möchten, stehe ich Ihnen gerne zur Verfügung.', 'id': '3bb86c33-527c-4fca-997b-ff84c41a0b28', 'role': 'assistant'}]",45.394248,,019ff9c2-b50f-7cc2-b145-c52476dc592a,0.0,1.0,0.0909,0.1617,0.0,1.0
Markus Schmidt,015789643375,Montag von 9 Uhr bis 12 Uhr,eine Reparatur der Waschmaschine,"[{'content': 'Guten Morgen, Sie sprechen mit der digitalen Anruf-Assistentin von Surfers Immobilien. Wie kann ich Ihnen heute weiterhelfen? Was ist der Grund Ihres Anrufs?', 'role': 'assistant'}, {'content': 'Hallo, mein Name ist Markus Schmidt und ich würde gerne einen Termin für eine Reparatur der Waschmaschine vereinbaren.', 'id': 'c73e342e-f821-415e-943d-16fdcec5216f', 'role': 'user'}, {'content': 'Für eine Reparatur gibt es einen passenden Termin-Typ. Möchten Sie einen Termin für „Reparatur“ buchen?', 'id': '09b13112-abb2-4328-aa0d-3e0cea75e030', 'role': 'assistant'}, {'content': 'Ja, bitte.', 'id': 'lc_run--019ff9c2-cd69-7632-bea6-742ce281cc4c-0', 'role': 'user'}, {'content': 'Im Moment sind leider keine verfügbaren Termine für eine Reparatur in den nächsten sieben Tagen sichtbar. Möchten Sie, dass ich nach einem späteren Termin schaue?', 'id': 'f41a9808-d5eb-49d5-b1b3-6bd5576ee0a4', 'role': 'assistant'}, {'content': 'Ja, bitte schauen Sie nach einem späteren Termin.', 'id': 'lc_run--019ff9c2-db58-7482-bb3f-fe7578094856-0', 'role': 'user'}, {'content': 'Auch im Zeitraum vom einundzwanzigsten August bis zum einunddreißigsten August sind keine freien Reparatur-Termine verfügbar. Soll ich noch weiter in den September suchen?', 'id': '8f0b3e37-8714-498b-abd6-983f155bccf4', 'role': 'assistant'}, {'content': 'Ja, bitte schauen Sie auch im September nach.', 'id': 'lc_run--019ff9c3-06a9-71b2-8d16-7c5f37ba32c0-0', 'role': 'user'}, {'content': 'Im gesamten September sind leider keine Reparatur-Termine verfügbar. Möchten Sie, dass ich im Oktober weitersuche oder soll ich Sie zurückrufen, sobald wieder Termine frei sind?', 'id': 'b0efa548-33b7-44a2-936d-2de0c6ae2caf', 'role': 'assistant'}, {'content': 'Dann bitte ich um einen Rückruf von einem Mitarbeitenden, um das Anliegen zu klären.', 'id': 'lc_run--019ff9c3-1758-7d62-8892-39ef0710c9d7-0', 'role': 'user'}, {'content': 'Alles klar, ich gebe Ihr Anliegen für einen Rückruf weiter. Ein Mitarbeitender von Surfers Immobilien wird sich bei Ihnen melden. Vielen Dank für Ihren Anruf und einen schönen Tag!', 'id': '5fe0f604-01bb-4e40-ac9c-e2fe664b046a', 'role': 'assistant'}, {'content': 'Vielen Dank, Ihnen auch einen schönen Tag. Auf Wiederhören.', 'id': 'lc_run--019ff9c3-3e53-7102-8895-531fe01d57ef-0', 'role': 'user'}, {'content': 'Auf Wiederhören, Herr Schmidt.', 'id': '4ce751db-1fe5-42e6-93c7-fc93d2499c28', 'role': 'assistant'}, {'content': '', 'id': 'lc_run--019ff9c3-47d9-74f0-8afa-644fa0dd1ecb-0', 'role': 'user'}, {'content': 'Das Gespräch ist beendet.', 'id': '4fd9be27-cc47-4d5a-920a-953267ad2201', 'role': 'assistant'}]",39.61629,,019ff9c2-b92c-7ab2-8c81-31cdc7dd0e9a,0.0,1.0,0.125,0.3247,0.0,1.0
Christa Pfeiffer,015789643375,Montag von 9 Uhr bis 12 Uhr,eine Terminabsprache für den Schornsteinfeger,"[{'content': 'Guten Morgen, Sie sprechen mit der digitalen Anruf-Assistentin von Surfers Immobilien. Was kann ich heute für Sie tun?', 'role': 'assistant'}, {'content': 'Hallo, mein Name ist Christa Pfeiffer und ich würde gerne einen Termin für eine Terminabsprache für den Schornsteinfeger vereinbaren.', 'id': 'cd6f2b9b-56df-4e08-908c-f51ae44df4c6', 'role': 'user'}, {'content': 'Für eine Terminabsprache mit dem Schornsteinfeger passt am besten die Kategorie „Allgemeine Anfragen“. Möchten Sie diesen Termin buchen?', 'id': 'd0b86c73-1809-487c-b843-aa4424e1acaf', 'role': 'assistant'}, {'content': 'Ja, gerne.', 'id': 'lc_run--019ff9c2-f48d-7d53-a0f2-e0abbba85964-0', 'role': 'user'}, {'content': 'Gut, für die Terminbuchung benötige ich noch Ihre Telefonnummer. Könnten Sie mir diese bitte nennen?', 'id': '361d3fc2-a7a1-4f61-b864-ddd2080d79c0', 'role': 'assistant'}, {'content': 'Ja, die Telefonnummer ist 015789643375.', 'id': 'lc_run--019ff9c2-fca2-71f2-a354-1a6f4414ed8d-0', 'role': 'user'}, {'content': 'Leider fehlt mir noch das genaue Datum und die Uhrzeit für Ihren Termin. Wann möchten Sie die Terminabsprache mit dem Schornsteinfeger wahrnehmen?', 'id': '957a67b9-9239-4be8-9895-59fd622d3e84', 'role': 'assistant'}, {'content': 'Ich bin montags von 9 bis 12 Uhr erreichbar und kann nur in dieser Zeit Termine wahrnehmen.', 'id': 'lc_run--019ff9c3-0ce3-72a2-98a0-c35a82dd4cf5-0', 'role': 'user'}, {'content': 'Könnten Sie mir bitte ein konkretes Datum nennen, zum Beispiel „Montag, den siebzehnten August, zwanzig sechsundzwanzig“? Dann kann ich nach einem freien Termin zwischen neun und zwölf Uhr suchen. Welcher Montag passt Ihnen?', 'id': 'b012c03f-b956-40c2-bb34-d26245207811', 'role': 'assistant'}, {'content': 'Montag, den 17. August 2026, passt mir. Bitte zwischen 9 und 12 Uhr.', 'id': 'lc_run--019ff9c3-2125-7782-873f-d508cc5bc02a-0', 'role': 'user'}, {'content': 'Am Montag, den siebzehnten August, zwanzig sechsundzwanzig, zwischen neun und zwölf Uhr, ist leider kein Termin verfügbar. Möchten Sie einen anderen Montag auswählen oder soll ich nach einem anderen freien Termin suchen?', 'id': '36f28035-2a1d-484b-9e88-198e864517e1', 'role': 'assistant'}, {'content': 'Dann bitte Montag, den 24. August 2026, ebenfalls zwischen 9 und 12 Uhr.', 'id': 'lc_run--019ff9c3-363e-7e71-861e-19f4f898fcff-0', 'role': 'user'}, {'content': 'Auch am Montag, den vierundzwanzigsten August, zwanzig sechsundzwanzig, zwischen neun und zwölf Uhr, ist kein Termin frei. Soll ich weitere Montage prüfen oder möchten Sie einen anderen Zeitraum vorschlagen?', 'id': 'dc0eeb51-7ee7-4232-ab13-882e50eb0fb3', 'role': 'assistant'}, {'content': 'Dann bitte Montag, den 31. August 2026, zwischen 9 und 12 Uhr.', 'id': 'lc_run--019ff9c3-4ca4-7ec2-9631-a2839c5914a8-0', 'role': 'user'}, {'content': 'Leider ist auch am Montag, den einunddreißigsten August, zwanzig sechsundzwanzig, zwischen neun und zwölf Uhr kein Termin verfügbar. Möchten Sie einen anderen Wochentag oder eine andere Uhrzeit ausprobieren?', 'id': '34c878f6-e900-40e0-98ee-7c2d56b15fd4', 'role': 'assistant'}, {'content': 'Leider kann ich nur montags zwischen 9 und 12 Uhr. Dann würde ich gerne von einem Mitarbeitenden zurückgerufen werden.', 'id': 'lc_run--019ff9c3-609e-7f30-87a3-56402623e115-0', 'role': 'user'}, {'content': 'Alles klar, ich gebe Ihren Rückrufwunsch weiter. Ein Mitarbeitender von Surfers Immobilien wird Sie kontaktieren. Vielen Dank für Ihren Anruf und einen schönen Tag!', 'id': '6f7d7bb1-2b61-4818-8a49-499622bbd5c2', 'role': 'assistant'}, {'content': 'Vielen Dank. Auf Wiederhören.', 'id': 'lc_run--019ff9c3-7150-7340-af6a-3a0e30fc11d3-0', 'role': 'user'}, {'content': 'Auf Wiederhören, Frau Pfeiffer. Ich wünsche Ihnen einen angenehmen Tag.', 'id': 'c4f5ee40-df6f-4208-9155-f7a0fa232f68', 'role': 'assistant'}, {'content': '', 'id': 'lc_run--019ff9c3-7a01-76f0-8b60-0d46e7a8a98e-0', 'role': 'user'}, {'content': 'Falls Sie noch einmal einen Termin buchen möchten, stehe ich Ihnen gerne zur Verfügung. Auf Wiederhören!', 'id': 'b81c7898-ef44-49a3-abaa-535935ab3efa', 'role': 'assistant'}]",40.946271,,019ff9c2-e3dd-7190-8226-5b46e2333446,1.0,1.0,0.0909,0.1617,1.0,0.0
Rainer Hofmann,015789643375,immer mittwochs und freitags,eine Terminabsprache für die Gartenpflege,"[{'content': 'Guten Morgen, Sie sprechen mit der digitalen Anruf-Assistentin von Surfers Immobilien. Was kann ich heute für Sie tun?', 'role': 'assistant'}, {'content': 'Hallo, mein Name ist Rainer Hofmann und ich würde gerne einen Termin für eine Terminabsprache für die Gartenpflege vereinbaren.', 'id': 'f81d4ab3-44be-41e7-b840-98c85a13dc7d', 'role': 'user'}, {'content': 'Für eine Terminabsprache zur Gartenpflege passt am besten die Kategorie ""Allgemeine Anfragen"". Möchten Sie diesen Termin buchen oder hätten Sie lieber eine andere Kategorie?', 'id': '6eef184c-7215-4695-88dd-e3a9d8bf5058', 'role': 'assistant'}, {'content': 'Ja, gerne. Die Kategorie „Allgemeine Anfragen“ passt.', 'id': 'lc_run--019ff9c3-3f18-7a73-bd75-1eceea9dccb5-0', 'role': 'user'}, {'content': 'Alles klar, Herr Hofmann. Gibt es ein bestimmtes Datum oder eine Uhrzeit, die Sie bevorzugen?', 'id': 'cd8402fa-8907-47b4-8e16-c8300dabdeae', 'role': 'assistant'}, {'content': 'Ich bin mittwochs und freitags erreichbar. An diesen Tagen kann ich Termine wahrnehmen.', 'id': 'lc_run--019ff9c3-4ac6-75d3-a5ec-95f8915b073a-0', 'role': 'user'}, {'content': 'Gut, möchten Sie lieber einen Termin an einem Mittwoch oder an einem Freitag? Und gibt es eine bevorzugte Uhrzeit?', 'id': 'afaa0e18-144a-45bb-8c2c-307678dc2efe', 'role': 'assistant'}, {'content': 'Gerne an einem Mittwoch. Vormittags wäre mir am liebsten.', 'id': 'lc_run--019ff9c3-5486-7051-853b-543518566ee6-0', 'role': 'user'}, {'content': 'Am Mittwoch, den neunzehnten August, sind vormittags leider keine freien Termine verfügbar. Möchten Sie einen Termin an einem anderen Mittwoch oder lieber an einem Freitag vormittags?', 'id': '20bc4cbc-73f8-4b5d-9e45-55f8e32f0192', 'role': 'assistant'}, {'content': 'Dann gerne an einem Freitag vormittags.', 'id': 'lc_run--019ff9c3-6ad9-7eb1-a72e-4fec1100b799-0', 'role': 'user'}, {'content': 'Am Freitag, den vierzehnten August, sind vormittags ebenfalls keine freien Termine verfügbar. Möchten Sie einen späteren Freitag probieren oder einen anderen Wochentag?', 'id': '39f6bcc5-524d-459f-ad94-f671916f4f16', 'role': 'assistant'}, {'content': 'Dann bitte einen späteren Freitag vormittags probieren.', 'id': 'lc_run--019ff9c3-7e90-7ef3-a18a-eb2441d6245a-0', 'role': 'user'}, {'content': 'Auch am Freitag, den einundzwanzigsten August, sind vormittags keine freien Termine verfügbar. Soll ich noch einen weiteren Freitag prüfen oder möchten Sie einen anderen Tag wählen?', 'id': '0694a633-7b81-40b4-9c60-dcab0ef68869', 'role': 'assistant'}, {'content': 'Bitte prüfen Sie noch einen weiteren Freitag vormittags.', 'id': 'lc_run--019ff9c3-8f22-7d92-95f6-41457a2dbe94-0', 'role': 'user'}, {'content': 'Am Freitag, den achtundzwanzigsten August, sind vormittags leider auch keine freien Termine verfügbar. Möchten Sie einen anderen Wochentag oder einen späteren Freitag probieren?', 'id': '25f752b7-5711-45d3-8edb-13a5a5e2b12d', 'role': 'assistant'}, {'content': 'Einen anderen Wochentag kann ich leider nicht. Bitte einen späteren Freitag probieren.', 'id': 'lc_run--019ff9c3-9fcb-7c63-8445-8a3dfe5e1f17-0', 'role': 'user'}, {'content': 'Am Freitag, den vierten September, sind vormittags leider auch keine freien Termine verfügbar. Möchten Sie noch einen weiteren Freitag prüfen lassen?', 'id': 'd5d37d83-b693-4447-8b82-116766fca55c', 'role': 'assistant'}, {'content': 'Ja, bitte noch einen weiteren Freitag vormittags prüfen.', 'id': 'lc_run--019ff9c3-b63e-7cc2-948e-e0d051595c7e-0', 'role': 'user'}, {'content': 'Am Freitag, den elften September, sind vormittags leider auch keine freien Termine verfügbar. Möchten Sie noch einen weiteren Freitag prüfen oder lieber eine andere Uhrzeit am Freitag versuchen?', 'id': 'b8986fa9-265c-4837-801f-68284eae6953', 'role': 'assistant'}, {'content': 'Dann versuchen wir bitte eine andere Uhrzeit am Freitag.', 'id': 'lc_run--019ff9c3-c8b0-7340-822c-fcc2f41b95ea-0', 'role': 'user'}, {'content': 'Welche Uhrzeit am Freitag wäre für Sie passend? Lieber nachmittags oder am frühen Abend?', 'id': '945ee8ef-dd1e-4667-933e-8221a102bce0', 'role': 'assistant'}, {'content': 'Nachmittags wäre passend, danke.', 'id': 'lc_run--019ff9c3-d27a-7792-babe-a1ab7881e744-0', 'role': 'user'}, {'content': 'Am Freitagnachmittag, den elften September, sind leider auch keine freien Termine verfügbar. Möchten Sie einen späteren Freitagnachmittag probieren oder lieber eine andere Uhrzeit?', 'id': '8cdcbe99-0647-465b-93f0-67eb14d0bf68', 'role': 'assistant'}, {'content': 'Dann bitte einen späteren Freitagnachmittag probieren.', 'id': 'lc_run--019ff9c3-e560-79e1-817f-21f6b6514aba-0', 'role': 'user'}, {'content': 'Am Freitagnachmittag, den achtzehnten September, sind leider auch keine freien Termine verfügbar. Möchten Sie noch einen weiteren Freitagnachmittag prüfen oder lieber eine andere Uhrzeit versuchen?', 'id': 'ca3ab861-5543-4dec-90b5-0ee3b79de41b', 'role': 'assistant'}, {'content': 'Dann hätte ich gerne einen Rückruf von einem Mitarbeitenden, um das persönlich zu klären.', 'id': 'lc_run--019ff9c3-fdd4-74c0-a1ab-9845d2885e04-0', 'role': 'user'}, {'content': 'Das lässt sich einrichten. Ein Mitarbeitender wird Sie zurückrufen, um alles persönlich zu besprechen. Vielen Dank für Ihren Anruf und einen schönen Tag noch!', 'id': '17996cef-c3ce-4bc6-b26c-1e553e89506e', 'role': 'assistant'}, {'content': 'Vielen Dank. Ihnen auch einen schönen Tag. Auf Wiederhören.', 'id': 'lc_run--019ff9c4-1235-7c42-8f6e-96799bd754bd-0', 'role': 'user'}, {'content': 'Auf Wiederhören, Herr Hofmann. Alles Gute!', 'id': '8a5353c0-0849-4a52-b452-a5fa9f2670ce', 'role': 'assistant'}, {'content': '', 'id': 'lc_run--019ff9c4-1ce3-7593-bcb8-a53fea418746-0', 'role': 'user'}, {'content': 'Falls Sie noch einmal einen Termin vereinbaren möchten, stehe ich Ihnen gerne zur Verfügung. Auf Wiederhören!', 'id': '2d50825e-1053-4921-bd3e-7dac2c9d4669', 'role': 'assistant'}]",64.737179,,019ff9c3-2de1-7273-9514-83f3bb699205,0.0,1.0,0.0625,0.0796,0.0,0.0
Hildegard Kaiser,015789643375,jeden Tag außer donnerstags,eine Reparatur einer verstopften Toilette,"[{'content': 'Guten Morgen, Sie sprechen mit der digitalen Anruf-Assistentin von Surfers Immobilien. Was kann ich heute für Sie tun?', 'role': 'assistant'}, {'content': 'Hallo, mein Name ist Hildegard Kaiser und ich würde gerne einen Termin für eine Reparatur einer verstopften Toilette vereinbaren.', 'id': '710ed24c-60d4-4c8f-a07b-c59df9cfbd28', 'role': 'user'}, {'content': 'Für eine Reparatur kann ich einen Termin unter dem Event-Typ „Reparatur“ buchen. Ist das für Sie passend?', 'id': '6773481b-a4d7-44af-a85b-846514b79f23', 'role': 'assistant'}, {'content': 'Ja, das ist passend.', 'id': 'lc_run--019ff9c3-64a2-7da3-80b2-37f6bf1ad5e6-0', 'role': 'user'}, {'content': 'Könnten Sie mir bitte sagen, wann Sie den Termin gerne hätten?', 'id': '3ee9496c-c868-442a-a81e-69f7c9c642ac', 'role': 'assistant'}, {'content': 'Ich bin jeden Tag außer donnerstags verfügbar. Was hätten Sie denn frei?', 'id': 'lc_run--019ff9c3-6d24-7072-95a3-daa64d00fb03-0', 'role': 'user'}, {'content': 'Leider sind aktuell keine freien Termine für Reparaturen in den nächsten sieben Tagen verfügbar. Möchten Sie, dass ich nach einem späteren Termin schaue?', 'id': 'e428fbec-8212-4ff3-8d48-5d7641679b5e', 'role': 'assistant'}, {'content': 'Ja, bitte schauen Sie nach einem späteren Termin.', 'id': 'lc_run--019ff9c3-9a1f-7001-8cab-5b8938640f0a-0', 'role': 'user'}, {'content': 'Auch im Zeitraum von August einundzwanzigsten bis August achtundzwanzigsten sind keine freien Reparatur-Termine verfügbar. Soll ich noch weiter in die Zukunft suchen?', 'id': '14bd6f2f-4ca2-4bcd-9e6c-2ec1de27620a', 'role': 'assistant'}, {'content': 'Ja, gerne, solange es nicht an einem Donnerstag ist.', 'id': 'lc_run--019ff9c3-ad1d-7ec2-8a4d-a9728792a018-0', 'role': 'user'}, {'content': 'Im Zeitraum von August neunundzwanzigsten bis September zwölften sind leider auch keine Reparatur-Termine verfügbar. Möchten Sie, dass ich noch weiter in die Zukunft schaue oder möchten Sie einen Rückruf vereinbaren?', 'id': '0ac30d22-e09e-48db-a8b1-aa5c27c9d5df', 'role': 'assistant'}, {'content': 'Dann würde ich gerne einen Rückruf vereinbaren, bitte.', 'id': 'lc_run--019ff9c3-c13d-7383-ba95-07e88d92b92b-0', 'role': 'user'}, {'content': 'Kein Problem. Zu welcher Uhrzeit und an welchem Tag passt Ihnen ein Rückruf am besten?', 'id': '042b7cf5-e3b6-4b98-8856-4348d7f00ca0', 'role': 'assistant'}, {'content': 'An jedem Tag außer donnerstags, am besten vormittags.', 'id': 'lc_run--019ff9c3-ca98-7e80-a0dc-48570dc35061-0', 'role': 'user'}, {'content': 'Welcher Tag in dieser oder nächster Woche wäre Ihnen am liebsten für den Rückruf?', 'id': '80437d5b-764d-4a28-9931-73a7782512cd', 'role': 'assistant'}, {'content': 'Am liebsten morgen Vormittag, wenn das möglich ist.', 'id': 'lc_run--019ff9c3-d4b5-7581-adc8-90b5d6a26d01-0', 'role': 'user'}, {'content': 'Ich notiere einen Rückruf für Sie am Freitag, vierzehnten August, vormittags. Sie werden unter Ihrer angegebenen Nummer kontaktiert. Falls sich etwas ändert, geben Sie bitte Bescheid. Vielen Dank und einen schönen Tag!', 'id': 'a26185df-9f7f-41a6-8fba-e03877144b44', 'role': 'assistant'}, {'content': 'Vielen Dank, das passt. Einen schönen Tag noch, auf Wiederhören!', 'id': 'lc_run--019ff9c3-e30f-78f0-8cd3-36c2b6bbd870-0', 'role': 'user'}, {'content': 'Sehr gerne. Ihnen ebenfalls einen schönen Tag. Auf Wiederhören!', 'id': '5e5f8c37-b7af-41b2-9164-ae5be8137e16', 'role': 'assistant'}, {'content': '', 'id': 'lc_run--019ff9c3-fbef-7051-8aec-5d2368f04bc7-0', 'role': 'user'}, {'content': 'Falls Sie noch etwas benötigen, melden Sie sich gerne wieder. Auf Wiederhören!', 'id': 'f3d48858-118c-4c09-a547-7663a47d0955', 'role': 'assistant'}]",47.117156,,019ff9c3-53ee-77e2-8625-f51f418bf3a3,0.0,1.0,0.0909,0.1617,0.0,1.0
