input.Name,input.Telefon,input.availability,input.call_intent,input.email,outputs.trajectory,execution_time,error,id,feedback.all_info_appointment_telemail,feedback.call_reason_identified,feedback.danke_avg,feedback.danke_score,feedback.info_duplicate
Rudolf Graf,015789643375,nur vormittags unter der Woche,eine Beschwerde über Geruchsbelästigung im Treppenhaus,surfersimmobilien+predeploy@outlook.com,"[{'content': 'Guten Tag, Sie sprechen mit der digitalen Anruf-Assistentin von Surfers Immobilien. Wie kann ich Ihnen weiterhelfen? Was ist der Grund Ihres Anrufs?', 'role': 'assistant'}, {'content': 'Hallo, mein Name ist Rudolf Graf und ich würde gerne einen Termin für eine Beschwerde über Geruchsbelästigung im Treppenhaus vereinbaren.', 'id': 'ccf0a9eb-26c8-4df6-996e-bd34dd28740d', 'role': 'user'}, {'content': 'Für Ihr Anliegen passt der Termin-Typ „Beschwerde“. Möchten Sie diesen Termin buchen, um Ihre Geruchsbelästigung im Treppenhaus zu besprechen?', 'id': '3c298efb-1646-4190-8e3c-f0fc3e332849', 'role': 'assistant'}, {'content': 'Ja, gerne.', 'id': 'lc_run--019ff640-9ac9-7682-bd04-ecc84a06a4ce-0', 'role': 'user'}, {'content': 'Leider sind aktuell keine freien Termine für Beschwerden verfügbar. Möchten Sie, dass ich nach einem späteren Zeitraum suche oder möchten Sie es zu einem anderen Zeitpunkt erneut versuchen?', 'id': '802fd4c0-02ec-47bc-a9fa-2494ce87dc81', 'role': 'assistant'}, {'content': 'Könnte mich bitte ein Mitarbeitender zurückrufen, um das Anliegen zu klären oder einen Termin zu vereinbaren?', 'id': 'lc_run--019ff640-aa47-73f0-b11a-3c66630875fd-0', 'role': 'user'}, {'content': 'Ich gebe Ihr Anliegen weiter, damit Sie zurückgerufen werden. Ein Mitarbeitender wird sich bei Ihnen melden, um alles Weitere zu besprechen. Vielen Dank für Ihren Anruf und einen angenehmen Tag für Sie!', 'id': 'ca11811b-d6e8-480c-97d9-039e755fd168', 'role': 'assistant'}, {'content': 'Vielen Dank, auf Wiederhören.', 'id': 'lc_run--019ff640-b9bc-7ef3-b558-217f4fd4fff5-0', 'role': 'user'}, {'content': 'Auf Wiederhören, Herr Graf. Alles Gute für Sie!', 'id': '9aeb444a-79bb-4f5d-8a8d-5387a95501ff', 'role': 'assistant'}, {'content': '', 'id': 'lc_run--019ff640-cec6-7aa0-812c-a9c85da63e4a-0', 'role': 'user'}, {'content': 'Das Gespräch ist beendet. Wenn Sie wieder Unterstützung benötigen, stehe ich Ihnen gerne zur Verfügung.', 'id': '5133c7ff-5007-436d-b88d-7ee7773cad14', 'role': 'assistant'}]",23.738368,,019ff640-803b-7e13-8d74-8d139a1b584c,0.0,1.0,0.1667,0.6065,0.0
Stefan Weber,015789643375,immer montags und mittwochs,eine Reparatur der Türklingel,surfersimmobilien+predeploy@outlook.com,"[{'content': 'Guten Tag, Sie sprechen mit der digitalen Anruf-Assistentin von Surfers Immobilien. Wie kann ich Ihnen weiterhelfen? Was ist der Grund Ihres Anrufs?', 'role': 'assistant'}, {'content': 'Hallo, mein Name ist Stefan Weber und ich würde gerne einen Termin für eine Reparatur der Türklingel vereinbaren.', 'id': '223a7649-2a62-455d-b429-6f80e84d4d53', 'role': 'user'}, {'content': 'Für eine Reparatur gibt es einen passenden Termin-Typ mit dem Namen „Reparatur“. Möchten Sie diesen auswählen, um die Reparatur der Türklingel zu buchen?', 'id': '81474029-8aea-4f9c-8406-5429bce76ab7', 'role': 'assistant'}, {'content': 'Ja, gerne. Bitte wählen Sie den Termin-Typ „Reparatur“ aus.', 'id': 'lc_run--019ff640-9932-7fd2-8d5f-ea69f13bc75d-0', 'role': 'user'}, {'content': 'Gut, ich buche für Sie einen Termin für eine Reparatur. Gibt es ein bestimmtes Datum oder eine Uhrzeit, die Ihnen besonders gut passt?', 'id': '1fed3aff-a871-4222-bcb4-88bc81fed2a2', 'role': 'assistant'}, {'content': 'Ich bin montags und mittwochs erreichbar. Ein Termin an einem dieser Tage wäre gut.', 'id': 'lc_run--019ff640-a3d3-77d2-a59f-fd721c4dba56-0', 'role': 'user'}, {'content': 'Leider sind aktuell keine freien Termine an einem Montag oder Mittwoch verfügbar. Möchten Sie stattdessen einen anderen Wochentag wählen?', 'id': '5d0192e6-f2f7-460b-9b4a-bed837468096', 'role': 'assistant'}, {'content': 'Nein, leider kann ich nur montags und mittwochs. Dann bitte ich um einen Rückruf von einem Mitarbeitenden, um das zu klären.', 'id': 'lc_run--019ff640-b756-74e2-9010-3dca10a55087-0', 'role': 'user'}, {'content': 'Alles klar, ich gebe Ihren Rückrufwunsch weiter. Ein Mitarbeitender von Surfers Immobilien wird sich bei Ihnen melden. Vielen Dank für Ihren Anruf und einen schönen Tag noch!', 'id': '9584f85a-38a5-4888-a076-1d79a865d009', 'role': 'assistant'}, {'content': 'Vielen Dank. Auf Wiederhören!', 'id': 'lc_run--019ff640-c92c-7e72-a4d6-8e1432c09433-0', 'role': 'user'}, {'content': 'Auf Wiederhören, Herr Weber!', 'id': '8f96ad6f-e650-45d2-ba6b-0aa6181d8c6c', 'role': 'assistant'}, {'content': '', 'id': 'lc_run--019ff640-d468-7573-ae31-b74f65e09844-0', 'role': 'user'}, {'content': 'Das Gespräch ist nun beendet. Wenn Sie wieder Unterstützung benötigen, melden Sie sich gerne. Einen schönen Tag!', 'id': 'ddb695e2-a2a8-422f-87d6-a09d384d36a9', 'role': 'assistant'}]",25.599536,,019ff640-803f-7f13-be09-9860edb21790,0.0,1.0,0.1429,0.4376,0.0
Christa Pfeiffer,015789643375,Montag von 9 Uhr bis 12 Uhr,eine Terminabsprache für den Schornsteinfeger,surfersimmobilien+predeploy@outlook.com,"[{'content': 'Guten Tag, Sie sprechen mit der digitalen Anruf-Assistentin von Surfers Immobilien. Wie kann ich Ihnen weiterhelfen? Was ist der Grund Ihres Anrufs?', 'role': 'assistant'}, {'content': 'Hallo, mein Name ist Christa Pfeiffer und ich würde gerne einen Termin für eine Terminabsprache für den Schornsteinfeger vereinbaren.', 'id': 'a3c50bfa-8994-453d-b646-b78caef7fbd5', 'role': 'user'}, {'content': 'Für eine Terminabsprache mit dem Schornsteinfeger passt am besten die Kategorie „Allgemeine Anfragen“. Möchten Sie diesen Termin buchen oder soll ich Ihnen andere Optionen nennen?', 'id': 'eba2da78-542d-468b-820f-c22e74d37577', 'role': 'assistant'}, {'content': 'Ja, gerne, bitte buchen Sie den Termin unter „Allgemeine Anfragen“.', 'id': 'lc_run--019ff640-9acb-7cc1-a9b9-5b631b3aa4f9-0', 'role': 'user'}, {'content': 'In Ordnung, Frau Pfeiffer. Gibt es ein bestimmtes Datum oder eine Uhrzeit, die Sie bevorzugen?', 'id': 'bd6eab9e-88b7-4833-9adb-62b7c5f0b954', 'role': 'assistant'}, {'content': 'Ich bin montags zwischen 9 und 12 Uhr erreichbar und kann nur in diesem Zeitraum Termine wahrnehmen.', 'id': 'lc_run--019ff640-a592-7cd2-ae9a-da0e4e83a6ad-0', 'role': 'user'}, {'content': 'Leider sind am kommenden Montag zwischen neun und zwölf Uhr keine freien Zeiten verfügbar. Möchten Sie, dass ich nach einem anderen Montag oder einem alternativen Zeitraum für Sie schaue?', 'id': '89f83596-4fd5-4640-8a90-ee54642c257a', 'role': 'assistant'}, {'content': 'Ja, bitte schauen Sie nach einem anderen Montag zwischen 9 und 12 Uhr.', 'id': 'lc_run--019ff640-d214-7ac3-bc26-0efaeba4647a-0', 'role': 'user'}, {'content': 'Leider ist auch am Montag, den einunddreißigsten August, kein Termin zwischen neun und zwölf Uhr verfügbar. Möchten Sie, dass ich noch weitere Montage prüfe oder einen anderen Wochentag für Sie suche?', 'id': 'd13eab01-28d9-4821-ad3c-0cd566e156f0', 'role': 'assistant'}, {'content': 'Bitte prüfen Sie gerne noch weitere Montage zwischen 9 und 12 Uhr. Falls nichts frei ist, würde ich gerne zurückgerufen werden.', 'id': 'lc_run--019ff640-efaf-7df3-82cb-5d6d718fb519-0', 'role': 'user'}, {'content': 'Auch am vierzehnten September ist kein Termin zwischen neun und zwölf Uhr verfügbar. Möchten Sie, dass ich noch weiter prüfe, oder wünschen Sie jetzt einen Rückruf?', 'id': '7061cab6-e64a-47c9-bcfb-999da9bc5ad2', 'role': 'assistant'}, {'content': 'Dann wünsche ich bitte einen Rückruf, um das Anliegen persönlich zu klären.', 'id': 'lc_run--019ff641-1836-7d02-9442-3440a89f0f81-0', 'role': 'user'}, {'content': 'Alles klar, ich veranlasse einen Rückruf, damit Ihr Anliegen persönlich besprochen werden kann. Vielen Dank für Ihren Anruf und einen schönen Tag noch!', 'id': 'be3605c1-bb99-4a5f-ae15-818de21d57a4', 'role': 'assistant'}, {'content': 'Vielen Dank. Einen schönen Tag noch, auf Wiederhören!', 'id': 'lc_run--019ff641-2a18-7ab1-a04a-c75c842f36dd-0', 'role': 'user'}, {'content': 'Sehr gerne. Auf Wiederhören und Ihnen ebenfalls einen schönen Tag!', 'id': '4a3e5363-d9b1-4b3c-86a1-f3cfdca0e65a', 'role': 'assistant'}, {'content': '', 'id': 'lc_run--019ff641-3932-72a3-a18d-24705cee45f8-0', 'role': 'user'}, {'content': 'Das Gespräch ist beendet. Falls Sie wieder Unterstützung benötigen, stehe ich Ihnen gerne zur Verfügung. Auf Wiederhören!', 'id': 'eaddc5fc-cbbd-4ece-8a56-dca6a770f058', 'role': 'assistant'}]",51.363489,,019ff640-8042-7010-b4a2-5c082c9449a5,0.0,1.0,0.1111,0.2494,0.0
Gustav Voigt,015789643375,Dienstag von 14 Uhr bis 17 Uhr,eine Besichtigung eines Souterrainapartments,surfersimmobilien+predeploy@outlook.com,"[{'content': 'Guten Tag, Sie sprechen mit der digitalen Anruf-Assistentin von Surfers Immobilien. Wie kann ich Ihnen weiterhelfen? Was ist der Grund Ihres Anrufs?', 'role': 'assistant'}, {'content': 'Hallo, mein Name ist Gustav Voigt und ich würde gerne einen Termin für eine Besichtigung eines Souterrainapartments vereinbaren.', 'id': '328baca2-55f6-45ad-a50b-14973f84c422', 'role': 'user'}, {'content': 'Für eine Besichtigung gibt es aktuell keinen passenden Termin-Typ in der Auswahl. Es gibt Termine für allgemeine Anfragen, Reparaturen, Beschwerden oder Besprechung von Dokumenten.\n\nMöchten Sie einen Termin für allgemeine Anfragen buchen, um die Besichtigung zu besprechen?', 'id': 'e8d448a2-4df2-40f3-84e6-4a551ca18c77', 'role': 'assistant'}, {'content': 'Ja, gerne. Dann bitte einen Termin für allgemeine Anfragen, um die Besichtigung zu besprechen.', 'id': 'lc_run--019ff640-9cf6-7d63-ac51-2fe9d08e94ff-0', 'role': 'user'}, {'content': 'Alles klar, Herr Voigt. Für die Buchung benötige ich bitte noch Ihre E-Mail-Adresse. Wie lautet diese?', 'id': 'ee90ab4f-a1d5-4e06-afd8-2beed4e52e57', 'role': 'assistant'}, {'content': 'Meine E-Mail-Adresse lautet surfersimmobilien+predeploy@outlook.com.', 'id': 'lc_run--019ff640-a992-7ef2-aeaf-7123f9eca15d-0', 'role': 'user'}, {'content': 'Danke. Könnten Sie mir bitte noch eine Telefonnummer nennen, unter der Sie erreichbar sind?', 'id': '11fcf6ae-54b4-4c61-a0cd-46bfbf181478', 'role': 'assistant'}, {'content': 'Ja, gerne. Sie erreichen mich unter 015789643375.', 'id': 'lc_run--019ff640-b52d-7162-a18a-40715189b18e-0', 'role': 'user'}, {'content': 'Leider sind aktuell keine freien Zeiten für allgemeine Anfragen verfügbar. Möchten Sie, dass ich nach einem späteren Zeitraum suche oder möchten Sie es zu einem anderen Zeitpunkt noch einmal versuchen?', 'id': 'efa02195-0fe2-4561-a4ad-145dae10cb60', 'role': 'assistant'}, {'content': 'Könnten Sie bitte nach einem späteren Zeitraum suchen? Ich bin dienstags zwischen 14 und 17 Uhr verfügbar.', 'id': 'lc_run--019ff640-cf85-7662-bc3d-4948f31bfba2-0', 'role': 'user'}, {'content': 'Auch im späteren Zeitraum sind leider keine freien Termine an Dienstagen zwischen vierzehn und siebzehn Uhr verfügbar. Möchten Sie, dass ich einen anderen Wochentag prüfe oder möchten Sie es zu einem späteren Zeitpunkt erneut versuchen?', 'id': 'd043c264-cdc3-40cf-b62e-62869030c95a', 'role': 'assistant'}, {'content': 'Ich kann leider nur dienstags zwischen 14 und 17 Uhr. Könnte mich bitte ein Mitarbeitender zurückrufen, um das persönlich zu klären?', 'id': 'lc_run--019ff640-e3fa-7c53-aeb1-0da4a0cccb95-0', 'role': 'user'}, {'content': 'Das ist notiert. Ein Mitarbeitender wird Sie unter der von Ihnen angegebenen Nummer zurückrufen, um alles persönlich zu besprechen. Vielen Dank für Ihren Anruf und einen schönen Tag noch!', 'id': 'df05cfb1-9501-4d2c-8da2-49e8003d3bf0', 'role': 'assistant'}, {'content': 'Vielen Dank, Ihnen auch einen schönen Tag. Auf Wiederhören.', 'id': 'lc_run--019ff640-f6e4-7620-a567-dfdb85f153a3-0', 'role': 'user'}, {'content': 'Auf Wiederhören, Herr Voigt!', 'id': 'a1aec96c-2ef1-43bd-a54a-c24142a474e0', 'role': 'assistant'}, {'content': '', 'id': 'lc_run--019ff641-0178-7901-89ad-ab0f667d1d9c-0', 'role': 'user'}, {'content': 'Das Gespräch ist beendet. Wenn Sie wieder einen Termin buchen möchten, stehe ich Ihnen gerne zur Verfügung. Auf Wiederhören!', 'id': '4a69fac6-954f-4cc0-9745-77b7e7cf7838', 'role': 'assistant'}]",37.339024,,019ff640-8043-7402-baf0-3d138c65957c,1.0,1.0,0.2222,0.946,0.0
Birgit Neumann,015789643375,immer freitags,eine Reparatur des Rollladens,surfersimmobilien+predeploy@outlook.com,"[{'content': 'Guten Tag, Sie sprechen mit der digitalen Anruf-Assistentin von Surfers Immobilien. Wie kann ich Ihnen weiterhelfen? Was ist der Grund Ihres Anrufs?', 'role': 'assistant'}, {'content': 'Hallo, mein Name ist Birgit Neumann und ich würde gerne einen Termin für eine Reparatur des Rollladens vereinbaren.', 'id': 'cda989af-4532-43b5-b2f4-6aaa3c9bc82c', 'role': 'user'}, {'content': 'Für eine Reparatur gibt es einen passenden Termin-Typ. Möchten Sie einen Termin für eine Reparatur buchen?', 'id': 'c75e2bea-c893-4cbb-ac0e-c9906f56ed7e', 'role': 'assistant'}, {'content': 'Ja, bitte. Ich möchte einen Termin für die Reparatur des Rollladens buchen.', 'id': 'lc_run--019ff640-ee76-7760-a42b-c8106e059e8d-0', 'role': 'user'}, {'content': 'Im Moment sind leider keine freien Termine für Reparaturen verfügbar. Möchten Sie, dass ich nach einem späteren Zeitraum suche oder Sie informieren, sobald wieder Termine frei sind?', 'id': '47355cb4-bf97-4fd2-9e70-a522f4b623f5', 'role': 'assistant'}, {'content': 'Bitte informieren Sie mich, sobald wieder Termine frei sind. Alternativ würde ich mich auch über einen Rückruf von einem Mitarbeitenden freuen.', 'id': 'lc_run--019ff641-006f-7700-b372-0eb61c3d51a0-0', 'role': 'user'}, {'content': 'Ich gebe Ihren Wunsch weiter, dass Sie informiert werden, sobald wieder Termine verfügbar sind. Ein Rückruf durch eine Mitarbeiterin oder einen Mitarbeiter wird ebenfalls veranlasst. Vielen Dank für Ihren Anruf und einen schönen Tag noch!', 'id': 'b6978194-feb7-41e9-aa13-ee0d6b4aa289', 'role': 'assistant'}, {'content': 'Vielen Dank, Ihnen auch einen schönen Tag. Auf Wiederhören.', 'id': 'lc_run--019ff641-0ed8-78f2-92e6-cd84add3eebc-0', 'role': 'user'}, {'content': 'Auf Wiederhören, Frau Neumann. Alles Gute für Sie!', 'id': '4bd84c66-eec6-4728-b9c5-d7c7689cb36d', 'role': 'assistant'}, {'content': '', 'id': 'lc_run--019ff641-19c6-74a1-9cc6-153f109d441a-0', 'role': 'user'}, {'content': 'Die Verbindung wird nun beendet. Falls Sie wieder Unterstützung benötigen, sind wir gerne für Sie da. Auf Wiederhören!', 'id': '5929f9d2-3f6f-4f90-8f18-a32e291fd357', 'role': 'assistant'}]",17.414623,,019ff640-dcf7-7670-a0f4-af7d2084a2b8,0.0,1.0,0.1667,0.6065,1.0
Isolde Fiedler,015789643375,immer montags und mittwochs,eine Klärung von Fragen zum Kabelanschluss,surfersimmobilien+predeploy@outlook.com,"[{'content': 'Guten Tag, Sie sprechen mit der digitalen Anruf-Assistentin von Surfers Immobilien. Wie kann ich Ihnen weiterhelfen? Was ist der Grund Ihres Anrufs?', 'role': 'assistant'}, {'content': 'Hallo, mein Name ist Isolde Fiedler und ich würde gerne einen Termin für eine Klärung von Fragen zum Kabelanschluss vereinbaren.', 'id': '41871878-ae60-4d21-91ed-c9023d9a99bf', 'role': 'user'}, {'content': 'Für Fragen zum Kabelanschluss passt am besten der Termin-Typ „Allgemeine Anfragen“. Möchten Sie diesen Termin buchen?', 'id': 'f821bdf0-28de-4104-9be9-20786bb1e074', 'role': 'assistant'}, {'content': 'Ja, gerne.', 'id': 'lc_run--019ff640-f592-7410-9751-6985309af6d5-0', 'role': 'user'}, {'content': 'Im Moment sind leider keine freien Termine für „Allgemeine Anfragen“ in den nächsten sieben Tagen verfügbar. Möchten Sie, dass ich nach einem späteren Zeitpunkt suche?', 'id': '93b49c41-8651-4f05-acd6-af065d32356b', 'role': 'assistant'}, {'content': 'Ja, bitte suchen Sie nach einem späteren Zeitpunkt.', 'id': 'lc_run--019ff641-110b-7fe0-983a-735b86da415f-0', 'role': 'user'}, {'content': 'Auch ab dem neunzehnten August sind aktuell keine freien Termine verfügbar. Möchten Sie, dass ich noch weiter in die Zukunft schaue, oder möchten Sie lieber einen Rückruf vereinbaren?', 'id': '1b8c15a9-2683-4677-8a8b-05d55c4eafdc', 'role': 'assistant'}, {'content': 'Dann würde ich lieber einen Rückruf vereinbaren, bitte.', 'id': 'lc_run--019ff641-2461-7f20-9b0a-4efa194d1773-0', 'role': 'user'}, {'content': 'Kein Problem. Zu welcher Uhrzeit und an welchem Tag passt Ihnen ein Rückruf am besten?', 'id': '3fbd0d6b-c485-4867-aa62-fcbdbc9d3abd', 'role': 'assistant'}, {'content': 'Am besten montags oder mittwochs. Vormittags wäre mir am liebsten.', 'id': 'lc_run--019ff641-2e60-71c3-96ed-58ae647112ca-0', 'role': 'user'}, {'content': 'Alles klar. Möchten Sie lieber schon kommenden Montag, den siebzehnten August, oder Mittwoch, den neunzehnten August, angerufen werden? Und gibt es eine Uhrzeit am Vormittag, die Ihnen besonders gut passt?', 'id': '0b2e1e5c-437e-48ea-b5c3-8b0325a97268', 'role': 'assistant'}, {'content': 'Dann gerne am Mittwoch, den neunzehnten August, um 10 Uhr.', 'id': 'lc_run--019ff641-3acf-7ad0-8786-937553f07176-0', 'role': 'user'}, {'content': 'Ich notiere: Rückruf am Mittwoch, den neunzehnten August, um zehn Uhr vormittags. Darf ich Sie unter der Nummer null eins zwei drei eins zwei drei eins zwei drei vier anrufen?', 'id': '986c5c48-2f3c-432d-8770-af6cdd9a2d4d', 'role': 'assistant'}, {'content': 'Nein, bitte unter 015789643375.', 'id': 'lc_run--019ff641-4b5c-7682-97d2-4ea6f0b2d135-0', 'role': 'user'}, {'content': 'Alles klar, ich rufe Sie am Mittwoch, den neunzehnten August, um zehn Uhr vormittags unter der Nummer null eins fünf sieben acht neun sechs vier drei drei sieben fünf an. Ist das so korrekt?', 'id': '6ebfdd8f-fb22-42b1-8dd1-10ea2d57b808', 'role': 'assistant'}, {'content': 'Ja, das ist korrekt. Vielen Dank.', 'id': 'lc_run--019ff641-5767-70b3-85cb-a7e9d41b5e9e-0', 'role': 'user'}, {'content': 'Perfekt, dann ist alles notiert. Sie werden am Mittwoch, den neunzehnten August, um zehn Uhr angerufen. Einen schönen Tag noch!', 'id': 'ce7e2c18-adb3-4753-a4d2-4747b14d88fa', 'role': 'assistant'}, {'content': 'Vielen Dank, Ihnen auch einen schönen Tag. Auf Wiederhören.', 'id': 'lc_run--019ff641-69a1-7503-b716-f656bb73bfc7-0', 'role': 'user'}, {'content': 'Auf Wiederhören und alles Gute!', 'id': '4201e1d3-a3d3-4040-8df0-44f58c6a9b36', 'role': 'assistant'}, {'content': '', 'id': 'lc_run--019ff641-767e-7e63-8190-b5d597b6fb4a-0', 'role': 'user'}, {'content': 'Falls Sie noch einmal einen Termin buchen möchten, stehe ich Ihnen gerne zur Verfügung. Auf Wiederhören!', 'id': '103ebaa3-4845-4c68-8d77-171d8c16fc87', 'role': 'assistant'}]",39.756095,,019ff640-e43f-7d11-87ab-d8cc377d7dae,1.0,1.0,0.0,0.0111,0.0
Gertrud Vogler,015789643375,Montag von 14 Uhr bis 16 Uhr,eine Terminabsprache für die Reinigung der Fenster,surfersimmobilien+predeploy@outlook.com,"[{'content': 'Guten Tag, Sie sprechen mit der digitalen Anruf-Assistentin von Surfers Immobilien. Wie kann ich Ihnen weiterhelfen? Was ist der Grund Ihres Anrufs?', 'role': 'assistant'}, {'content': 'Hallo, mein Name ist Gertrud Vogler und ich würde gerne einen Termin für eine Terminabsprache für die Reinigung der Fenster vereinbaren.', 'id': 'c02439f4-fa38-49da-87d6-7bd85d52c792', 'role': 'user'}, {'content': 'Für die Terminabsprache zur Fensterreinigung gibt es verschiedene Möglichkeiten. Meinen Sie damit eine allgemeine Anfrage oder möchten Sie lieber eine Besprechung von Dokumenten buchen? Was passt besser für Ihr Anliegen?', 'id': '38e32c51-3ab0-4aea-80d3-1ce326c8846d', 'role': 'assistant'}, {'content': 'Es geht um eine allgemeine Anfrage zur Terminabsprache für die Fensterreinigung.', 'id': 'lc_run--019ff641-2462-7430-8aa6-7d54da083a10-0', 'role': 'user'}, {'content': 'Leider sind aktuell keine freien Zeiten für allgemeine Anfragen im Kalender verfügbar. Möchten Sie, dass ich nach einem anderen Zeitraum suche oder möchten Sie es zu einem späteren Zeitpunkt noch einmal versuchen?', 'id': '21d9a1de-10b2-4f12-a990-167c08ec526a', 'role': 'assistant'}, {'content': 'Dann hätte ich gerne einen Rückruf von einem Mitarbeitenden, um das Anliegen zu klären oder persönlich einen Termin zu vereinbaren.', 'id': 'lc_run--019ff641-3a08-7032-bb89-f8dad84cf525-0', 'role': 'user'}, {'content': 'Ich gebe Ihr Anliegen für einen Rückruf weiter. Ein Mitarbeitender von Surfers Immobilien wird sich bei Ihnen melden, um alles persönlich zu besprechen. Vielen Dank für Ihren Anruf und einen schönen Tag noch!', 'id': '3c63498b-4154-4fd0-8797-07eeeaa7a495', 'role': 'assistant'}, {'content': 'Vielen Dank, auf Wiederhören!', 'id': 'lc_run--019ff641-4b9b-7fb1-af58-86ab26065159-0', 'role': 'user'}, {'content': 'Auf Wiederhören, Frau Vogler!', 'id': '92f5c23c-762a-49bf-97c9-8c7d7ec11117', 'role': 'assistant'}, {'content': '', 'id': 'lc_run--019ff641-5d02-7021-929f-7afb3c1efffc-0', 'role': 'user'}, {'content': 'Das Gespräch ist beendet. Wenn Sie wieder Unterstützung benötigen, stehe ich Ihnen gerne zur Verfügung. Einen angenehmen Tag!', 'id': '88e35862-1596-45ff-b684-05b2678b6d08', 'role': 'assistant'}]",23.000876,,019ff641-121f-7c02-b1b8-99d7ada76bd3,0.0,1.0,0.1667,0.6065,0.0
Fritz Fuchs,015789643375,abends nach 18 Uhr,eine Kontrolle der Rauchmelderbatterien,surfersimmobilien+predeploy@outlook.com,"[{'content': 'Guten Tag, Sie sprechen mit der digitalen Anruf-Assistentin von Surfers Immobilien. Wie kann ich Ihnen weiterhelfen? Was ist der Grund Ihres Anrufs?', 'role': 'assistant'}, {'content': 'Hallo, mein Name ist Fritz Fuchs und ich würde gerne einen Termin für eine Kontrolle der Rauchmelderbatterien vereinbaren.', 'id': '7d14f593-1445-47fd-8b64-092fd0540002', 'role': 'user'}, {'content': 'Für eine Kontrolle der Rauchmelderbatterien passt am ehesten der Termin-Typ „Reparatur“. Möchten Sie diesen auswählen?', 'id': '34a5829b-5332-494b-bba5-3afb935477e9', 'role': 'assistant'}, {'content': 'Ja, bitte. Reparatur passt dann.', 'id': 'lc_run--019ff641-32c6-7370-b426-3ea20c0c1757-0', 'role': 'user'}, {'content': 'Alles klar, Herr Fuchs. Gibt es ein bestimmtes Datum oder eine Uhrzeit, die Ihnen für den Reparatur-Termin besonders gut passt?', 'id': 'fdac5378-0048-4a09-b4c3-c3024ab2b4d7', 'role': 'assistant'}, {'content': 'Ich kann abends nach 18 Uhr. Ein bestimmtes Datum habe ich nicht.', 'id': 'lc_run--019ff641-3d1f-7e42-9cfb-9c7dafbe84de-0', 'role': 'user'}, {'content': 'Im Moment sind abends nach achtzehn Uhr leider keine freien Termine für Reparaturen verfügbar. Möchten Sie stattdessen einen Termin an einem anderen Tag oder zu einer anderen Uhrzeit versuchen?', 'id': '175ec46e-0b53-4898-b5c3-c5f02616d5fa', 'role': 'assistant'}, {'content': 'Leider kann ich nur abends nach 18 Uhr. Könnte mich bitte ein Mitarbeitender zurückrufen, um das zu klären?', 'id': 'lc_run--019ff641-53f8-7b62-8e9f-ec81d3b1632e-0', 'role': 'user'}, {'content': 'Das ist notiert. Ein Mitarbeitender wird Sie zurückrufen, um einen passenden Termin zu finden. Vielen Dank für Ihren Anruf und einen schönen Tag noch!', 'id': 'fa629923-2bed-4a59-98bf-b5cb7c28c216', 'role': 'assistant'}, {'content': 'Vielen Dank. Auf Wiederhören.', 'id': 'lc_run--019ff641-6460-71e1-85c6-fd5662500ab3-0', 'role': 'user'}, {'content': 'Auf Wiederhören, Herr Fuchs. Alles Gute für Sie!', 'id': 'afca448a-1972-4549-abbf-b680ab11b197', 'role': 'assistant'}, {'content': '', 'id': 'lc_run--019ff641-6ec7-7663-9338-d4c48a7ea2be-0', 'role': 'user'}, {'content': 'Das Gespräch ist beendet. Wenn Sie wieder einen Termin buchen möchten, stehe ich Ihnen gerne zur Verfügung.', 'id': '39033577-40a7-45e7-94ff-65fedeccae1d', 'role': 'assistant'}]",24.966059,,019ff641-20ff-73f3-910c-52942e478b07,0.0,1.0,0.1429,0.4376,0.0
Volker Berger,015789643375,"flexibel, außer montags",eine Reparatur des Kühlschranks,surfersimmobilien+predeploy@outlook.com,"[{'content': 'Guten Tag, Sie sprechen mit der digitalen Anruf-Assistentin von Surfers Immobilien. Wie kann ich Ihnen weiterhelfen? Was ist der Grund Ihres Anrufs?', 'role': 'assistant'}, {'content': 'Hallo, mein Name ist Volker Berger und ich würde gerne einen Termin für eine Reparatur des Kühlschranks vereinbaren.', 'id': '1ee3d2ec-c202-4829-bb0b-682af527727a', 'role': 'user'}, {'content': 'Für eine Reparatur gibt es einen passenden Termin-Typ. Möchten Sie einen Termin für „Reparatur“ buchen?', 'id': '2ff0604a-0f87-47ee-9115-95290fc1365d', 'role': 'assistant'}, {'content': 'Ja, gerne.', 'id': 'lc_run--019ff641-5c36-7871-b645-9fc673559269-0', 'role': 'user'}, {'content': 'Im Moment sind leider keine freien Termine für eine Reparatur verfügbar. Möchten Sie, dass ich nach anderen Zeiträumen suche?', 'id': 'fcc2bc2f-55b9-4b5d-9752-5058bbd6819a', 'role': 'assistant'}, {'content': 'Ja, bitte. Ich bin flexibel, nur montags kann ich nicht.', 'id': 'lc_run--019ff641-6cb1-79b1-8ac1-795ffcad2a62-0', 'role': 'user'}, {'content': 'Auch im erweiterten Zeitraum sind aktuell keine Reparatur-Termine verfügbar. Möchten Sie, dass ich Sie informiere, sobald wieder Termine frei sind, oder möchten Sie es zu einem späteren Zeitpunkt noch einmal versuchen?', 'id': 'da768143-e438-4e16-9cba-700e45580edf', 'role': 'assistant'}, {'content': 'Dann würde ich gerne von einem Mitarbeitenden zurückgerufen werden, um das zu klären oder einen Termin zu vereinbaren.', 'id': 'lc_run--019ff641-8348-7012-9fd0-c91edc87267c-0', 'role': 'user'}, {'content': 'Alles klar, ich gebe Ihren Rückrufwunsch weiter. Ein Mitarbeitender wird sich bei Ihnen melden, um alles zu besprechen. Vielen Dank für Ihren Anruf und einen schönen Tag!', 'id': '6082c837-fa9d-4587-9696-32ef2511b915', 'role': 'assistant'}, {'content': 'Vielen Dank, auf Wiederhören.', 'id': 'lc_run--019ff641-965c-77a0-baeb-9c7fd27c08c3-0', 'role': 'user'}, {'content': 'Sehr gerne. Auf Wiederhören und einen angenehmen Tag für Sie!', 'id': 'e91cc621-ff4a-4bf9-a217-4492083729c3', 'role': 'assistant'}, {'content': '', 'id': 'lc_run--019ff641-a395-7912-9c41-0538d6b01de0-0', 'role': 'user'}, {'content': 'Falls Sie wieder Unterstützung brauchen, bin ich gerne für Sie da. Auf Wiederhören!', 'id': '58c346d9-5f04-48c6-bb1b-d7b723da4a00', 'role': 'assistant'}]",27.789948,,019ff641-48e7-7250-8256-a59b7758c553,0.0,1.0,0.1429,0.4376,1.0
Gerd Roth,015789643375,Montag und Mittwoch von 9 bis 12 Uhr,eine Reparatur der Steckdosen,surfersimmobilien+predeploy@outlook.com,"[{'content': 'Guten Tag, Sie sprechen mit der digitalen Anruf-Assistentin von Surfers Immobilien. Wie kann ich Ihnen weiterhelfen? Was ist der Grund Ihres Anrufs?', 'role': 'assistant'}, {'content': 'Hallo, mein Name ist Gerd Roth und ich würde gerne einen Termin für eine Reparatur der Steckdosen vereinbaren.', 'id': '5f5c7cd7-d3e7-41f8-839b-314b3a052f60', 'role': 'user'}, {'content': 'Für eine Reparatur gibt es einen passenden Termin-Typ. Möchten Sie einen Termin für „Reparatur“ buchen?', 'id': 'fb969caf-9e5b-44d3-80d9-12a81c67a69c', 'role': 'assistant'}, {'content': 'Ja, bitte.', 'id': 'lc_run--019ff641-7ffa-71d1-bbd4-4aae8dc15f9d-0', 'role': 'user'}, {'content': 'Im Moment sind leider keine freien Zeiten für Reparatur-Termine in den nächsten sieben Tagen verfügbar. Möchten Sie, dass ich nach einem späteren Zeitraum schaue?', 'id': 'bbc4fe13-3e6a-44ee-ab2a-e69820279fba', 'role': 'assistant'}, {'content': 'Ja, bitte schauen Sie nach einem späteren Zeitraum.', 'id': 'lc_run--019ff641-966e-7f81-8403-11a1f2eadb7f-0', 'role': 'user'}, {'content': 'Auch im Zeitraum ab dem zwanzigsten August bis zum zwölften September sind keine freien Reparatur-Termine verfügbar. Möchten Sie, dass ich noch weiter in die Zukunft schaue?', 'id': '9ec01393-0294-4fd2-b2d2-737b8a7e0619', 'role': 'assistant'}, {'content': 'Nein, danke. Dann würde ich gerne von einem Mitarbeitenden zurückgerufen werden, um das Anliegen zu klären.', 'id': 'lc_run--019ff641-ad2d-7852-ba4a-a7c118c338b6-0', 'role': 'user'}, {'content': 'Ich veranlasse, dass Sie von einer Mitarbeiterin oder einem Mitarbeiter zurückgerufen werden. Vielen Dank für Ihren Anruf. Einen schönen Tag noch!', 'id': 'c99b8c92-fbef-4383-837a-69b76e957459', 'role': 'assistant'}, {'content': 'Vielen Dank, Ihnen auch einen schönen Tag. Auf Wiederhören.', 'id': 'lc_run--019ff641-bf9f-7e92-bc70-ec6f42c6cc88-0', 'role': 'user'}, {'content': 'Auf Wiederhören, Herr Roth.', 'id': '704cb22e-81df-4552-9b79-85456fd1b83a', 'role': 'assistant'}, {'content': '', 'id': 'lc_run--019ff641-cf91-7c43-803d-c3ee135d8a1b-0', 'role': 'user'}, {'content': 'Das Gespräch ist beendet. Wenn Sie wieder Unterstützung brauchen, stehe ich gerne zur Verfügung.', 'id': '0b0a6e9f-36f0-4a10-acca-832953ea3ca7', 'role': 'assistant'}]",29.326283,,019ff641-6bf9-7ce1-bd66-3c767f96170d,0.0,1.0,0.1429,0.4376,1.0
Matthias Günther,015789643375,nur vormittags unter der Woche,eine Klärung der Kautionsrückzahlung,surfersimmobilien+predeploy@outlook.com,"[{'content': 'Guten Tag, Sie sprechen mit der digitalen Anruf-Assistentin von Surfers Immobilien. Worum geht es bei Ihrem Anruf?', 'role': 'assistant'}, {'content': 'Hallo, mein Name ist Matthias Günther und ich würde gerne einen Termin für eine Klärung der Kautionsrückzahlung vereinbaren.', 'id': '778df9d8-b58a-4ddd-ade2-99e743a1bea8', 'role': 'user'}, {'content': 'Für Ihr Anliegen zur Kautionsrückzahlung passt am ehesten ein Termin für „Allgemeine Anfragen“ oder „Besprechung von Dokumenten“. Möchten Sie lieber einen kurzen Termin für allgemeine Fragen oder eine längere Besprechung für Dokumente?', 'id': '00d42a91-0018-4bba-bf2b-2f044fbd134c', 'role': 'assistant'}, {'content': 'Dann bitte lieber einen kurzen Termin für allgemeine Fragen.', 'id': 'lc_run--019ff641-971d-7d73-ad90-d721cc78d642-0', 'role': 'user'}, {'content': 'Alles klar, ich buche für Sie einen Termin für allgemeine Anfragen. Gibt es ein bestimmtes Datum oder eine Uhrzeit, die Ihnen besonders gut passt?', 'id': '44d5ec4a-2b46-4cb1-ad7e-606f4f2a1564', 'role': 'assistant'}, {'content': 'Ich bin nur unter der Woche vormittags erreichbar. Ein Termin an einem Vormittag wäre mir daher am liebsten.', 'id': 'lc_run--019ff641-a394-76c2-8bf6-d316fe84415d-0', 'role': 'user'}, {'content': 'Leider sind aktuell keine freien Termine an einem Vormittag in den nächsten Tagen verfügbar. Möchten Sie, dass ich nach einem späteren Zeitpunkt oder an einem anderen Wochentag suche?', 'id': '0ed623bd-61d4-4220-a25d-e62894502c26', 'role': 'assistant'}, {'content': 'Ja, bitte suchen Sie nach einem späteren Zeitpunkt, aber weiterhin nur unter der Woche vormittags.', 'id': 'lc_run--019ff641-bb96-75f1-8515-ca42ae8a94f7-0', 'role': 'user'}, {'content': 'Auch in der darauffolgenden Woche sind leider keine freien Termine an einem Vormittag verfügbar. Möchten Sie, dass ich nach Nachmittagszeiten schaue oder soll ich Sie informieren, sobald wieder Vormittagstermine frei sind?', 'id': '16818ab5-3989-497c-8e6b-b8074ace49db', 'role': 'assistant'}, {'content': 'Bitte informieren Sie mich, sobald wieder ein Vormittagstermin frei ist. Alternativ wäre ein Rückruf durch einen Mitarbeitenden für mich auch sehr hilfreich.', 'id': 'lc_run--019ff641-d2b1-7653-b810-4dcdb380a794-0', 'role': 'user'}, {'content': 'Ich gebe Ihren Wunsch weiter, dass Sie informiert werden, sobald wieder ein Vormittagstermin frei ist. Alternativ kann sich auch gerne ein Mitarbeitender telefonisch bei Ihnen melden. Vielen Dank für Ihren Anruf und einen schönen Tag!', 'id': '81563a6a-361b-4d74-b0ac-b1f741e11d9f', 'role': 'assistant'}, {'content': 'Vielen Dank, Ihnen auch einen schönen Tag. Auf Wiederhören.', 'id': 'lc_run--019ff641-e474-7e40-9ecd-6623542fb864-0', 'role': 'user'}, {'content': 'Auf Wiederhören, Herr Günther!', 'id': '72381eef-7297-4457-a402-2099a109877d', 'role': 'assistant'}, {'content': '', 'id': 'lc_run--019ff641-fa9a-7f90-aaae-1dc8abf59e92-0', 'role': 'user'}, {'content': 'Das Gespräch ist nun beendet. Wenn Sie wieder einen Termin benötigen, stehe ich Ihnen gerne zur Verfügung. Auf Wiederhören!', 'id': '160607f8-469b-40e7-8ed7-269f390c498f', 'role': 'assistant'}]",35.669275,,019ff641-7f8d-71e2-99fa-d733855c8fcc,0.0,1.0,0.125,0.3247,0.0
Sabine Müller,015789643375,Dienstag von 14 Uhr bis 17 Uhr,eine Reparatur des Wasserhahns,surfersimmobilien+predeploy@outlook.com,"[{'content': 'Guten Tag, Sie sprechen mit der digitalen Anruf-Assistentin von Surfers Immobilien. Wie kann ich Ihnen weiterhelfen? Was ist der Grund Ihres Anrufs?', 'role': 'assistant'}, {'content': 'Hallo, mein Name ist Sabine Müller und ich würde gerne einen Termin für eine Reparatur des Wasserhahns vereinbaren.', 'id': 'baff429d-cec4-4d4e-a851-0e77d45fa3d6', 'role': 'user'}, {'content': 'Für eine Reparatur gibt es einen passenden Termin-Typ. Möchten Sie einen Termin für „Reparatur“ buchen?', 'id': '6278b6b9-59fa-4905-ae6c-4b5d95093418', 'role': 'assistant'}, {'content': 'Ja, gerne.', 'id': 'lc_run--019ff641-95fa-7141-bfce-3a03a25e129d-0', 'role': 'user'}, {'content': 'Im Moment sind leider keine freien Termine für Reparaturen in den nächsten sieben Tagen verfügbar. Möchten Sie, dass ich nach späteren Terminen schaue?', 'id': '782c06cd-6d60-49b7-90b2-085fa51b4f61', 'role': 'assistant'}, {'content': 'Ja, bitte schauen Sie nach späteren Terminen.', 'id': 'lc_run--019ff641-a92e-7893-a710-fa089d0ad704-0', 'role': 'user'}, {'content': 'Auch im Zeitraum ab dem zwanzigsten August bis Anfang September sind keine freien Reparatur-Termine verfügbar. Möchten Sie, dass ich noch weiter in die Zukunft schaue?', 'id': 'ca79326f-44b4-490c-89d7-17d6f2608231', 'role': 'assistant'}, {'content': 'Ja, bitte. Ich kann allerdings nur dienstags zwischen 14 und 17 Uhr.', 'id': 'lc_run--019ff641-bf93-7291-8979-045e9f851cf5-0', 'role': 'user'}, {'content': 'Leider gibt es auch im September keine verfügbaren Reparatur-Termine an Dienstagen zwischen vierzehn und siebzehn Uhr. Möchten Sie, dass ich noch weiter in die Zukunft schaue oder sollen wir eine andere Lösung suchen?', 'id': 'adc525b5-558f-4808-b1e4-65c6c76ae727', 'role': 'assistant'}, {'content': 'Dann würde ich gerne um einen Rückruf durch einen Mitarbeitenden bitten, um das persönlich zu klären.', 'id': 'lc_run--019ff641-dc16-76c2-9a76-b55a39648356-0', 'role': 'user'}, {'content': 'Ich gebe Ihren Rückrufwunsch gerne weiter. Ein Mitarbeitender von Surfers Immobilien wird sich bei Ihnen melden, um alles persönlich zu besprechen. Vielen Dank für Ihren Anruf und einen schönen Tag noch!', 'id': '86f38f6b-5323-4c77-ad74-b4a824623994', 'role': 'assistant'}, {'content': 'Vielen Dank. Einen schönen Tag noch, auf Wiederhören.', 'id': 'lc_run--019ff641-f017-7761-860a-0385f315200f-0', 'role': 'user'}, {'content': 'Sehr gerne. Auf Wiederhören und Ihnen ebenfalls einen schönen Tag!', 'id': '9f977d97-ec78-407c-9460-aed632e30c68', 'role': 'assistant'}, {'content': '', 'id': 'lc_run--019ff642-0016-7af3-8271-3341a8887498-0', 'role': 'user'}, {'content': 'Falls Sie wieder Unterstützung brauchen, bin ich gerne für Sie da. Auf Wiederhören!', 'id': '5376910e-f139-4e9d-af26-ce935038eb8d', 'role': 'assistant'}]",37.153248,,019ff641-8286-73c1-9fb9-c7ea96cd5c71,0.0,1.0,0.125,0.3247,1.0
Dieter Braun,015789643375,Donnerstag von 13 Uhr bis 15 Uhr,eine Reparatur der Gegensprechanlage,surfersimmobilien+predeploy@outlook.com,"[{'content': 'Guten Tag, Sie sprechen mit der digitalen Anruf-Assistentin von Surfers Immobilien. Was kann ich heute für Sie tun?', 'role': 'assistant'}, {'content': 'Hallo, mein Name ist Dieter Braun und ich würde gerne einen Termin für eine Reparatur der Gegensprechanlage vereinbaren.', 'id': '489de6ca-bf82-4641-a88a-1d87d5d19e34', 'role': 'user'}, {'content': 'Für eine Reparatur gibt es einen passenden Termin-Typ. Möchten Sie den Termin für die Reparatur der Gegensprechanlage jetzt buchen?', 'id': '41b36fd3-3c8b-4053-adc3-aa437af53572', 'role': 'assistant'}, {'content': 'Ja, gerne.', 'id': 'lc_run--019ff641-c8c6-70e2-a61a-dd3a9654b0c3-0', 'role': 'user'}, {'content': 'Im Moment sind leider keine freien Zeiten für Reparatur-Termine in den nächsten sieben Tagen verfügbar. Möchten Sie, dass ich nach späteren Terminen schaue?', 'id': '142e714d-cc6e-4f8b-a458-f67f3a91d03e', 'role': 'assistant'}, {'content': 'Ja, bitte schauen Sie nach späteren Terminen.', 'id': 'lc_run--019ff641-da38-7950-ae3e-79eb4d26e3a7-0', 'role': 'user'}, {'content': 'Auch im Zeitraum ab dem zwanzigsten August bis Anfang September sind keine freien Reparatur-Termine verfügbar. Möchten Sie, dass ich noch weiter in die Zukunft schaue, oder möchten Sie lieber einen Rückruf vereinbaren?', 'id': '6d965f76-29a9-41f2-8b8b-8e27e57f1893', 'role': 'assistant'}, {'content': 'Dann würde ich lieber um einen Rückruf bitten, um das persönlich zu klären.', 'id': 'lc_run--019ff641-effb-7240-bf43-19aba62dabbf-0', 'role': 'user'}, {'content': 'Alles klar, ich gebe Ihren Wunsch nach einem Rückruf weiter. Sie werden dann persönlich kontaktiert. Vielen Dank für Ihren Anruf und einen schönen Tag noch!', 'id': '5e642092-1a9f-4e82-a3bb-7206701c7c8a', 'role': 'assistant'}, {'content': 'Vielen Dank, ebenfalls einen schönen Tag. Auf Wiederhören.', 'id': 'lc_run--019ff642-0126-7b42-8bac-c7c8bfc49e4b-0', 'role': 'user'}, {'content': 'Auf Wiederhören, Herr Braun!', 'id': 'c186a215-2f94-4331-b993-556c789af0fd', 'role': 'assistant'}, {'content': '', 'id': 'lc_run--019ff642-0c53-79c2-a915-d500114425ed-0', 'role': 'user'}, {'content': 'Das Gespräch ist beendet.', 'id': 'bd23084c-dc02-4848-bba5-2bd3553ad237', 'role': 'assistant'}]",25.503982,,019ff641-b576-7913-804e-87780520fa31,0.0,1.0,0.1429,0.4376,0.0
Thomas Schneider,015789643375,den ganzen Montag,eine Reparatur der Dusche,surfersimmobilien+predeploy@outlook.com,"[{'content': 'Guten Tag, Sie sprechen mit der digitalen Anruf-Assistentin von Surfers Immobilien. Was kann ich heute für Sie tun?', 'role': 'assistant'}, {'content': 'Hallo, mein Name ist Thomas Schneider und ich würde gerne einen Termin für eine Reparatur der Dusche vereinbaren.', 'id': 'c26b1d21-ab02-4310-9859-399cd89f0ad0', 'role': 'user'}, {'content': 'Für eine Reparatur gibt es einen passenden Termin-Typ. Möchten Sie einen Termin für „Reparatur“ buchen?', 'id': 'f0f08a5d-cb1f-471c-b1b2-5c579576441e', 'role': 'assistant'}, {'content': 'Ja, gerne.', 'id': 'lc_run--019ff641-f05a-7621-b9aa-1da8bdc4ed78-0', 'role': 'user'}, {'content': 'Im Moment sind leider keine freien Termine für Reparaturen in den nächsten sieben Tagen verfügbar. Möchten Sie, dass ich nach späteren Terminen suche?', 'id': '27125230-7159-4e1f-a246-2ab970f9a1ac', 'role': 'assistant'}, {'content': 'Ja, bitte suchen Sie nach späteren Terminen.', 'id': 'lc_run--019ff642-03db-7222-abba-97f03cfe358f-0', 'role': 'user'}, {'content': 'Auch im Zeitraum ab dem zwanzigsten August bis zum dritten September sind keine freien Reparatur-Termine verfügbar. Soll ich noch weiter in die Zukunft suchen?', 'id': '1951775c-fa5a-4354-bf56-9929e77e9bc3', 'role': 'assistant'}, {'content': 'Nein, danke. Dann würde ich gerne von einem Mitarbeitenden zurückgerufen werden, um das Anliegen zu klären.', 'id': 'lc_run--019ff642-1651-7600-8d1b-9e0a965765f9-0', 'role': 'user'}, {'content': 'Alles klar, ich gebe Ihr Anliegen für einen Rückruf weiter. Ein Mitarbeitender von Surfers Immobilien wird sich bei Ihnen melden. Vielen Dank für Ihren Anruf und einen angenehmen Tag für Sie!', 'id': 'ebe69da8-fe33-4dea-88cc-0d4656d5fd6d', 'role': 'assistant'}, {'content': 'Vielen Dank, auf Wiederhören.', 'id': 'lc_run--019ff642-27f1-7cb1-92a6-cb5a5bc4d156-0', 'role': 'user'}, {'content': 'Auf Wiederhören, Herr Schneider.', 'id': '39f62bf5-c03d-4158-8f62-e359a99be884', 'role': 'assistant'}, {'content': '', 'id': 'lc_run--019ff642-3ae1-7483-98ee-c86472a5a99b-0', 'role': 'user'}, {'content': 'Das Gespräch ist nun beendet. Wenn Sie wieder Unterstützung benötigen, stehe ich Ihnen gerne zur Verfügung.', 'id': 'd53d878c-ec77-4e07-9f45-260c031383b9', 'role': 'assistant'}]",28.044126,,019ff641-de89-7cb0-bdc3-c22bf4170246,0.0,1.0,0.1429,0.4376,0.0
Ute Böhm,015789643375,den ganzen Dienstag,eine Kontrolle der Feuerlöscher im Treppenhaus,surfersimmobilien+predeploy@outlook.com,"[{'content': 'Guten Tag, Sie sprechen mit der digitalen Anruf-Assistentin von Surfers Immobilien. Was kann ich heute für Sie tun?', 'role': 'assistant'}, {'content': 'Hallo, mein Name ist Ute Böhm und ich würde gerne einen Termin für eine Kontrolle der Feuerlöscher im Treppenhaus vereinbaren.', 'id': 'a2f6d334-b57f-443d-9bd1-7e67f8c1fae5', 'role': 'user'}, {'content': 'Für eine Kontrolle der Feuerlöscher passt am ehesten der Termin-Typ „Reparatur“ oder „Allgemeine Anfragen“. Möchten Sie den Termin als „Reparatur“ oder lieber als „Allgemeine Anfrage“ buchen?', 'id': 'c115db65-baa3-41dc-a7d3-f4d9e155504f', 'role': 'assistant'}, {'content': 'Dann bitte als „Allgemeine Anfrage“ buchen.', 'id': 'lc_run--019ff642-2114-7523-8afd-bcbd17683ecf-0', 'role': 'user'}, {'content': 'Alles klar, Frau Böhm. Für die Buchung benötige ich noch Ihre E-Mail-Adresse. Könnten Sie mir diese bitte nennen?', 'id': '79698e35-c676-4840-b724-456d72391193', 'role': 'assistant'}, {'content': 'Ja, die E-Mail-Adresse lautet surfersimmobilien+predeploy@outlook.com.', 'id': 'lc_run--019ff642-2b4b-7e52-96ef-b5b049219c04-0', 'role': 'user'}, {'content': 'Danke. Möchten Sie noch eine Telefonnummer für Rückfragen angeben oder soll ich die Buchung ohne Telefonnummer vornehmen?', 'id': '8962f1b4-f678-4a78-9997-8d5c38c0050f', 'role': 'assistant'}, {'content': 'Ja, gerne. Meine Telefonnummer ist 015789643375.', 'id': 'lc_run--019ff642-3793-7c51-8058-8b8d4c0a11b9-0', 'role': 'user'}, {'content': 'Im Moment sind leider keine freien Termine für „Allgemeine Anfragen“ im Zeitraum von Mittwoch, zwölfter August zweitausendsechsundzwanzig bis Samstag, zwölfter September zweitausendsechsundzwanzig verfügbar. Möchten Sie, dass ich nach einem späteren Zeitraum schaue?', 'id': '9c559b22-6b4f-4301-8ad4-4e045ecb609a', 'role': 'assistant'}, {'content': 'Ja, bitte schauen Sie nach einem späteren Termin. Ich kann allerdings nur dienstags.', 'id': 'lc_run--019ff642-51fa-7ca3-a7c9-86e321e2855a-0', 'role': 'user'}, {'content': 'Leider gibt es auch im Zeitraum von Sonntag, dreizehnter September zweitausendsechsundzwanzig bis Samstag, einunddreißigster Oktober zweitausendsechsundzwanzig keine freien Termine an Dienstagen. Möchten Sie, dass ich noch weiter in die Zukunft schaue?', 'id': '771d5be4-db7a-4205-a162-9a84c8339a29', 'role': 'assistant'}, {'content': 'Nein, danke. Dann würde ich gerne um einen Rückruf durch einen Mitarbeitenden bitten, um das persönlich zu klären.', 'id': 'lc_run--019ff642-792d-7850-a351-2b3cea00b706-0', 'role': 'user'}, {'content': 'Alles klar, ich gebe Ihren Rückrufwunsch weiter. Ein Mitarbeitender von Surfers Immobilien wird sich bei Ihnen melden. Vielen Dank für Ihren Anruf und einen schönen Tag noch!', 'id': 'd0602653-0865-4049-804c-457b9a515ac1', 'role': 'assistant'}, {'content': 'Vielen Dank. Ihnen auch einen schönen Tag. Auf Wiederhören.', 'id': 'lc_run--019ff642-8d0d-74b1-9717-d62f38948d41-0', 'role': 'user'}, {'content': 'Auf Wiederhören, Frau Böhm.', 'id': 'fcf6b6a7-32e5-46cc-b7d2-a07a24e16eec', 'role': 'assistant'}, {'content': '', 'id': 'lc_run--019ff642-9a3e-71b1-a7dc-d27b8725728b-0', 'role': 'user'}, {'content': 'Das Gespräch ist beendet. Wenn Sie wieder einen Termin buchen möchten, stehe ich Ihnen gerne zur Verfügung. Auf Wiederhören!', 'id': 'ce81b5d0-2c02-4e08-abcf-27ec70e307b5', 'role': 'assistant'}]",39.63058,,019ff642-0ae3-72c2-a668-cf325ef1ec96,1.0,1.0,0.2222,0.946,0.0
Lars Schmid,015789643375,Montag von 9 Uhr bis 12 Uhr,eine Beratung zur Mietvertragsänderung,surfersimmobilien+predeploy@outlook.com,"[{'content': 'Guten Tag, Sie sprechen mit der digitalen Anruf-Assistentin von Surfers Immobilien. Wie kann ich Ihnen weiterhelfen? Was ist der Grund Ihres Anrufs?', 'role': 'assistant'}, {'content': 'Hallo, mein Name ist Lars Schmid und ich würde gerne einen Termin für eine Beratung zur Mietvertragsänderung vereinbaren.', 'id': '607c3ec8-b738-48e0-be63-42e426e4569d', 'role': 'user'}, {'content': 'Für eine Beratung zur Mietvertragsänderung passt am besten der Termin „Besprechung von Dokumenten“. Möchten Sie diesen Termin buchen?', 'id': '53037764-7415-410f-b644-70b54e1d511d', 'role': 'assistant'}, {'content': 'Ja, gerne. Das passt.', 'id': 'lc_run--019ff642-292e-79e0-91ca-f14d6a86575a-0', 'role': 'user'}, {'content': 'Könnten Sie mir bitte noch sagen, ob Sie einen bestimmten Tag oder eine bestimmte Uhrzeit bevorzugen?', 'id': '98d57e24-cfd6-46b5-a6b1-712015921d7a', 'role': 'assistant'}, {'content': 'Ich kann montags zwischen 9 und 12 Uhr Termine wahrnehmen.', 'id': 'lc_run--019ff642-332f-7962-a86a-8707f4d6ed1d-0', 'role': 'user'}, {'content': 'Am kommenden Montag zwischen neun und zwölf Uhr sind aktuell keine freien Termine verfügbar. Soll ich nach einem anderen Montag oder einem anderen Zeitraum für Sie suchen?', 'id': '72b47ea8-a9d3-43df-8923-680206aa4ec9', 'role': 'assistant'}, {'content': 'Bitte suchen Sie nach einem anderen Montag, ebenfalls zwischen 9 und 12 Uhr.', 'id': 'lc_run--019ff642-52a0-7322-b34f-964a2f3a6ac1-0', 'role': 'user'}, {'content': 'Auch am darauffolgenden Montag, also am vierundzwanzigsten August, sind zwischen neun und zwölf Uhr keine Termine frei. Möchten Sie, dass ich noch einen weiteren Montag prüfe oder einen anderen Wochentag für Sie suche?', 'id': '0fabe050-ba6a-4c83-8d38-73cf89a09289', 'role': 'assistant'}, {'content': 'Bitte prüfen Sie noch einen weiteren Montag zwischen 9 und 12 Uhr.', 'id': 'lc_run--019ff642-69af-7033-8afb-9925cb987ed5-0', 'role': 'user'}, {'content': 'Leider ist auch am einunddreißigsten August zwischen neun und zwölf Uhr kein Termin verfügbar. Soll ich einen anderen Wochentag prüfen oder möchten Sie einen späteren Montag auswählen?', 'id': '83e488e2-7a12-4729-885b-b46f75faa5bb', 'role': 'assistant'}, {'content': 'Bitte einen späteren Montag zwischen 9 und 12 Uhr prüfen.', 'id': 'lc_run--019ff642-8233-78f0-b95f-a9c883cc7ced-0', 'role': 'user'}, {'content': 'Auch am siebten September ist zwischen neun und zwölf Uhr kein Termin frei. Möchten Sie, dass ich noch einen weiteren Montag prüfe oder einen anderen Zeitraum vorschlage?', 'id': 'cd414871-f18f-453a-bc62-8a8dabd8226b', 'role': 'assistant'}, {'content': 'Wenn montags zwischen 9 und 12 Uhr nichts frei ist, hätte ich gerne einen Rückruf von einem Mitarbeitenden zur Klärung.', 'id': 'lc_run--019ff642-98c1-7d52-870c-f3e6224d0254-0', 'role': 'user'}, {'content': 'Das ist notiert. Ein Mitarbeitender wird Sie zurückrufen, um Ihr Anliegen zu klären. Vielen Dank für Ihren Anruf und einen angenehmen Tag für Sie!', 'id': '32613adf-ea92-419b-92fa-0c16e6e8e10f', 'role': 'assistant'}, {'content': 'Vielen Dank. Auf Wiederhören.', 'id': 'lc_run--019ff642-b0e8-7e50-9851-dc261e14bb54-0', 'role': 'user'}, {'content': 'Auf Wiederhören, Herr Schmid. Alles Gute für Sie!', 'id': 'f99e572b-c44a-4c5d-a935-e06b738d8582', 'role': 'assistant'}, {'content': '', 'id': 'lc_run--019ff642-bb39-7dd0-afba-88dc0de2049a-0', 'role': 'user'}, {'content': 'Das Gespräch ist beendet. Wenn Sie wieder Unterstützung benötigen, melden Sie sich gerne. Auf Wiederhören!', 'id': '25424a13-de42-4b7c-b89c-3c39c633db0b', 'role': 'assistant'}]",45.356877,,019ff642-13a8-7453-a9fe-a79997b8a0cd,0.0,1.0,0.1,0.1979,0.0
Meta Arnold,015789643375,Montag von 10 Uhr bis 13 Uhr,eine Beratung zur Übertragung des Mietvertrags auf den Partner,surfersimmobilien+predeploy@outlook.com,"[{'content': 'Guten Tag, Sie sprechen mit der digitalen Anruf-Assistentin von Surfers Immobilien. Wie kann ich Ihnen weiterhelfen? Was ist der Grund Ihres Anrufs?', 'role': 'assistant'}, {'content': 'Hallo, mein Name ist Meta Arnold und ich würde gerne einen Termin für eine Beratung zur Übertragung des Mietvertrags auf den Partner vereinbaren.', 'id': 'c790e5e1-a57c-4d59-b7d0-5ead45f0cb5d', 'role': 'user'}, {'content': 'Für eine Beratung zur Übertragung des Mietvertrags passt am besten der Termin „Besprechung von Dokumenten“. Möchten Sie diesen Termin buchen?', 'id': 'c649daa8-6fc1-4e82-ab61-67a5c306ec9a', 'role': 'assistant'}, {'content': 'Ja, gerne. Ich möchte diesen Termin buchen.', 'id': 'lc_run--019ff642-2ac8-73f0-a972-e408cef1c957-0', 'role': 'user'}, {'content': 'Leider sind aktuell keine freien Termine für die Besprechung von Dokumenten verfügbar. Möchten Sie, dass ich nach einem anderen Zeitraum suche oder Sie informiere, sobald wieder Termine frei sind?', 'id': 'e3566748-6bf6-496e-ad7c-bf9e7be028fb', 'role': 'assistant'}, {'content': 'Könnte mich bitte ein Mitarbeitender zurückrufen, um mein Anliegen zu klären oder persönlich einen Termin zu vereinbaren?', 'id': 'lc_run--019ff642-4261-71d3-b866-ad959d216fc2-0', 'role': 'user'}, {'content': 'Das kann ich gerne weitergeben. Ein Mitarbeitender wird Sie zurückrufen, um Ihr Anliegen zu klären oder einen Termin persönlich zu vereinbaren. Vielen Dank für Ihren Anruf und einen schönen Tag!', 'id': '4a094409-f248-44f9-ab91-cbb25c9986cf', 'role': 'assistant'}, {'content': 'Vielen Dank, Ihnen auch einen schönen Tag. Auf Wiederhören!', 'id': 'lc_run--019ff642-54aa-7e63-aa6c-f5cf2af32461-0', 'role': 'user'}, {'content': 'Auf Wiederhören und alles Gute!', 'id': '2a9cdae6-d8fd-4fb3-aff5-3a7d1ed2e78a', 'role': 'assistant'}, {'content': '', 'id': 'lc_run--019ff642-74c8-7de3-9299-7b5a2de6806d-0', 'role': 'user'}, {'content': 'Das Gespräch ist beendet. Wenn Sie wieder Unterstützung benötigen, stehe ich Ihnen gerne zur Verfügung.', 'id': '4386de2d-68e7-40d7-97f3-abaca8a2245f', 'role': 'assistant'}]",27.5883,,019ff642-1917-7bc2-92a4-4163ff3f58f2,0.0,1.0,0.1667,0.6065,0.0
Gabriele Krause,015789643375,Montag von 10 Uhr bis 13 Uhr,eine Beschwerde über einen Nachbarschaftsstreit,surfersimmobilien+predeploy@outlook.com,"[{'content': 'Guten Tag, Sie sprechen mit der digitalen Anruf-Assistentin von Surfers Immobilien. Wie kann ich Ihnen weiterhelfen? Was ist der Grund Ihres Anrufs?', 'role': 'assistant'}, {'content': 'Hallo, mein Name ist Gabriele Krause und ich würde gerne einen Termin für eine Beschwerde über einen Nachbarschaftsstreit vereinbaren.', 'id': '36d826d9-7faa-496a-86a3-55709c9cd0b8', 'role': 'user'}, {'content': 'Für Beschwerden gibt es einen passenden Termin-Typ. Möchten Sie einen Termin für ""Beschwerde"" buchen?', 'id': '904517bb-8579-4c20-be56-2b68296240bf', 'role': 'assistant'}, {'content': 'Ja, gerne.', 'id': 'lc_run--019ff642-612d-71b0-bb02-9ddeab30c3c4-0', 'role': 'user'}, {'content': 'Leider sind aktuell keine freien Termine für eine Beschwerde verfügbar. Möchten Sie, dass ich nach einem anderen Zeitraum suche?', 'id': 'a791fe71-71a6-4be3-93a9-58f2728ea12a', 'role': 'assistant'}, {'content': 'Ich kann nur montags zwischen 10 und 13 Uhr. Falls da nichts verfügbar ist, würde ich gern um einen Rückruf durch einen Mitarbeitenden bitten.', 'id': 'lc_run--019ff642-72f6-7be1-b5cf-d2b825bac7d7-0', 'role': 'user'}, {'content': 'Es sind leider auch montags zwischen zehn Uhr und dreizehn Uhr keine Termine frei. Soll ich einen Rückruf für Sie veranlassen?', 'id': '752647ce-21fc-49fe-bed7-18fa84c0b354', 'role': 'assistant'}, {'content': 'Ja, bitte. Das wäre sehr freundlich.', 'id': 'lc_run--019ff642-8c6b-72e3-8469-68ad231d5cd2-0', 'role': 'user'}, {'content': 'Ich gebe Ihren Rückrufwunsch weiter. Eine Mitarbeiterin oder ein Mitarbeiter wird sich bei Ihnen melden. Vielen Dank für Ihren Anruf und einen angenehmen Tag für Sie.', 'id': 'ed7f8d16-3aa9-48cd-804f-1cb064e3ec2b', 'role': 'assistant'}, {'content': 'Vielen Dank. Auf Wiederhören.', 'id': 'lc_run--019ff642-9a17-74f0-9343-8bd46c2ee651-0', 'role': 'user'}, {'content': 'Auf Wiederhören, Frau Krause.', 'id': '1128132c-c749-4e75-a103-9a1d8c56a0c9', 'role': 'assistant'}, {'content': '', 'id': 'lc_run--019ff642-a4e2-7063-b207-4b59da31cd7d-0', 'role': 'user'}, {'content': 'Das Gespräch ist beendet. Wenn Sie wieder Unterstützung benötigen, stehe ich Ihnen gern zur Verfügung.', 'id': '113b45de-2919-41cd-b69a-7f2564079b6d', 'role': 'assistant'}]",27.481931,,019ff642-4c16-7092-a42d-dd4b33a4796e,0.0,1.0,0.1429,0.4376,1.0
Paul Schubert,015789643375,immer mittwochs und freitags,eine Reparatur eines gebrochenen Fensters,surfersimmobilien+predeploy@outlook.com,"[{'content': 'Guten Tag, Sie sprechen mit der digitalen Anruf-Assistentin von Surfers Immobilien. Wie kann ich Ihnen weiterhelfen? Was ist der Grund Ihres Anrufs?', 'role': 'assistant'}, {'content': 'Hallo, mein Name ist Paul Schubert und ich würde gerne einen Termin für eine Reparatur eines gebrochenen Fensters vereinbaren.', 'id': '74b3e248-fb3f-4076-a198-05848c6bd514', 'role': 'user'}, {'content': 'Für eine Reparatur gibt es einen passenden Termin-Typ. Möchten Sie einen Termin für „Reparatur“ buchen?', 'id': '18435f3c-3973-45e5-b495-3f2d867e9e29', 'role': 'assistant'}, {'content': 'Ja, bitte.', 'id': 'lc_run--019ff642-9860-7af3-82c5-a3638edd52ed-0', 'role': 'user'}, {'content': 'Könnten Sie mir bitte sagen, wann es Ihnen für den Reparatur-Termin am besten passt?', 'id': '1287adbd-5b5c-48a1-9880-99117923af03', 'role': 'assistant'}, {'content': 'Ich bin immer mittwochs und freitags erreichbar und kann an diesen Tagen Termine wahrnehmen.', 'id': 'lc_run--019ff642-a0eb-7310-b07e-c5b23c12f5b0-0', 'role': 'user'}, {'content': 'Alles klar. Möchten Sie lieber vormittags oder nachmittags einen Termin am Mittwoch oder Freitag?', 'id': 'e102e692-a571-47e0-af9b-663a90cf8364', 'role': 'assistant'}, {'content': 'Vormittags wäre mir am liebsten, mittwochs oder freitags.', 'id': 'lc_run--019ff642-ac60-71e0-be75-35b4a4d961b0-0', 'role': 'user'}, {'content': 'Leider kann ich gerade keine freien Termine für Reparaturen mittwochs oder freitags vormittags finden. Möchten Sie stattdessen einen anderen Wochentag oder eine andere Uhrzeit ausprobieren?', 'id': 'd0fa704d-8eb0-4d22-be92-d35bb110c870', 'role': 'assistant'}, {'content': 'Ich kann leider nur mittwochs oder freitags. Nachmittags wäre an diesen Tagen auch möglich.', 'id': 'lc_run--019ff642-c223-70c0-ac9f-21ac3cbff978-0', 'role': 'user'}, {'content': 'Es sind aktuell leider auch nachmittags an Mittwochen oder Freitagen keine freien Reparatur-Termine verfügbar. Möchten Sie, dass ich nach dem nächstmöglichen Termin unabhängig vom Wochentag suche?', 'id': 'f7ddfa08-65e6-4fe1-b5d1-d3efbc0b456f', 'role': 'assistant'}, {'content': 'Nein, das geht leider nicht. Ich kann nur mittwochs oder freitags. Könnte mich bitte ein Mitarbeitender zurückrufen, um das zu klären?', 'id': 'lc_run--019ff642-d8ad-7850-81fa-8ca30e263ccb-0', 'role': 'user'}, {'content': 'Natürlich, ich gebe weiter, dass Sie einen Rückruf wünschen. Ein Mitarbeitender von Surfers Immobilien wird sich bei Ihnen melden. Vielen Dank für Ihren Anruf und einen schönen Tag noch!', 'id': 'e8dfe4cc-071e-4625-a8d3-7d811b39b5f2', 'role': 'assistant'}, {'content': 'Vielen Dank, Ihnen auch einen schönen Tag. Auf Wiederhören.', 'id': 'lc_run--019ff642-e9b1-7fc3-81e1-73bb517de21d-0', 'role': 'user'}, {'content': 'Auf Wiederhören, Herr Schubert. Alles Gute!', 'id': 'b3927055-e2db-4316-9c81-8ea1acb2a4ec', 'role': 'assistant'}, {'content': '', 'id': 'lc_run--019ff642-f590-7720-90a1-0d17bca33357-0', 'role': 'user'}, {'content': 'Das Gespräch ist beendet. Wenn Sie wieder einen Termin buchen möchten, stehe ich Ihnen gerne zur Verfügung. Auf Wiederhören!', 'id': '4cae6081-fde9-4462-8851-04fc5fe7f2e1', 'role': 'assistant'}]",32.148264,,019ff642-84dd-74c3-a39b-f06b9b156279,0.0,1.0,0.1111,0.2494,1.0
Lucia Barak,015789643375,Montag von 10 Uhr bis 13 Uhr,eine Wohnungsbesichtigung,surfersimmobilien+predeploy@outlook.com,"[{'content': 'Guten Tag, Sie sprechen mit der digitalen Anruf-Assistentin von Surfers Immobilien. Wie kann ich Ihnen weiterhelfen? Was ist der Grund Ihres Anrufs?', 'role': 'assistant'}, {'content': 'Hallo, mein Name ist Lucia Barak und ich würde gerne einen Termin für eine Wohnungsbesichtigung vereinbaren.', 'id': '00705b2c-9af1-43ce-b89e-c893c579a8c4', 'role': 'user'}, {'content': 'Für eine Wohnungsbesichtigung gibt es aktuell keinen passenden Termin-Typ in der Liste. Möchten Sie stattdessen einen Termin für allgemeine Anfragen buchen?', 'id': '29d9d4c8-b76b-4547-9029-fa594683d052', 'role': 'assistant'}, {'content': 'Ja, gerne. Ein Termin für allgemeine Anfragen ist in Ordnung.', 'id': 'lc_run--019ff642-b807-7141-a2b4-e68e49c64208-0', 'role': 'user'}, {'content': 'Im Moment sind leider keine freien Termine für allgemeine Anfragen in den nächsten sieben Tagen verfügbar. Möchten Sie, dass ich nach späteren Zeiträumen schaue?', 'id': 'ca68eaa6-01e9-4f33-a1d9-2929d91807a4', 'role': 'assistant'}, {'content': 'Ja, bitte. Ich kann montags zwischen 10 und 13 Uhr.', 'id': 'lc_run--019ff642-cda5-7d63-ba9b-a831166054cc-0', 'role': 'user'}, {'content': 'Leider gibt es auch an den kommenden Montagen zwischen zehn und dreizehn Uhr keine freien Termine. Soll ich nach anderen Wochentagen oder einem anderen Zeitraum suchen?', 'id': '5e708504-8ac7-4d92-a3fb-ea9fffb49fc7', 'role': 'assistant'}, {'content': 'Nein, leider kann ich nur montags zwischen 10 und 13 Uhr. Könnte mich bitte ein Mitarbeitender zurückrufen, um einen Termin zu vereinbaren?', 'id': 'lc_run--019ff642-e1fa-7a12-96a0-7f8e0f019de0-0', 'role': 'user'}, {'content': 'Das ist notiert. Ein Mitarbeitender wird Sie zurückrufen, um einen passenden Termin zu finden. Vielen Dank für Ihren Anruf und einen schönen Tag noch!', 'id': '0fd7355d-8d88-4dd6-9028-73957d15567d', 'role': 'assistant'}, {'content': 'Vielen Dank. Auf Wiederhören!', 'id': 'lc_run--019ff642-f3db-75f3-bfef-c70aa5ce0d80-0', 'role': 'user'}, {'content': 'Auf Wiederhören und alles Gute!', 'id': 'c21af907-70a0-44fd-8767-0fe6792d0b47', 'role': 'assistant'}, {'content': '', 'id': 'lc_run--019ff643-0313-7ee3-bbfb-31ed3f2c7864-0', 'role': 'user'}, {'content': 'Das Gespräch ist beendet. Wenn Sie wieder einen Termin buchen möchten, stehe ich Ihnen gerne zur Verfügung.', 'id': '84e91ba4-9047-4692-8450-3f55a1899844', 'role': 'assistant'}]",26.901973,,019ff642-a5b3-70b3-a9b9-79a1c8d71f87,0.0,1.0,0.1429,0.4376,0.0
Gisela Schreiber,015789643375,Freitag von 13 Uhr bis 16 Uhr,eine Reparatur des Treppenhauslichts,surfersimmobilien+predeploy@outlook.com,"[{'content': 'Guten Tag, Sie sprechen mit der digitalen Anruf-Assistentin von Surfers Immobilien. Was kann ich heute für Sie tun?', 'role': 'assistant'}, {'content': 'Hallo, mein Name ist Gisela Schreiber und ich würde gerne einen Termin für eine Reparatur des Treppenhauslichts vereinbaren.', 'id': '8b6d8c50-12ba-42a1-a2ac-ecc0a845339f', 'role': 'user'}, {'content': 'Für eine Reparatur gibt es einen passenden Termin-Typ. Möchten Sie einen Termin für „Reparatur“ buchen?', 'id': 'e7d97f84-0010-45d3-8f57-8fac88ba7d8e', 'role': 'assistant'}, {'content': 'Ja, gerne.', 'id': 'lc_run--019ff642-c7a5-7b32-a844-8f695bc16074-0', 'role': 'user'}, {'content': 'Im Moment sind leider keine freien Zeiten für Reparatur-Termine verfügbar. Möchten Sie, dass ich nach einem späteren Zeitraum schaue?', 'id': 'b2893c54-7dcd-4a48-b546-07ed345c64ff', 'role': 'assistant'}, {'content': 'Nein, danke. Dann hätte ich gerne einen Rückruf von einem Mitarbeitenden, um das zu klären.', 'id': 'lc_run--019ff642-dcc6-7cc3-80ba-7c796a0f2405-0', 'role': 'user'}, {'content': 'Alles klar, ich gebe Ihren Rückrufwunsch weiter. Ein Mitarbeitender wird sich bei Ihnen melden. Einen schönen Tag noch!', 'id': 'e833731b-d71b-4bfb-ab6f-f579d36a34f1', 'role': 'assistant'}, {'content': 'Vielen Dank, Ihnen auch einen schönen Tag. Auf Wiederhören.', 'id': 'lc_run--019ff642-ed30-7db1-badd-47989906bd3d-0', 'role': 'user'}, {'content': 'Auf Wiederhören, Frau Schreiber.', 'id': '03210b6d-b3b7-403a-940b-ca39324641f3', 'role': 'assistant'}, {'content': '', 'id': 'lc_run--019ff642-f7bc-7342-b158-9d9a07ab6ebc-0', 'role': 'user'}, {'content': 'Das Gespräch ist beendet. Wenn Sie wieder Unterstützung brauchen, stehe ich Ihnen gerne zur Verfügung.', 'id': '139f306c-411a-44e4-be92-c6de102bed5e', 'role': 'assistant'}]",22.488899,,019ff642-b771-7e63-8dd8-cd6d565fc967,0.0,1.0,0.0,0.0111,1.0
Frieda Möller,015789643375,den ganzen Donnerstag,eine Beschwerde über eine defekte Straßenbeleuchtung,surfersimmobilien+predeploy@outlook.com,"[{'content': 'Guten Tag, Sie sprechen mit der digitalen Anruf-Assistentin von Surfers Immobilien. Wie kann ich Ihnen weiterhelfen? Was ist der Grund Ihres Anrufs?', 'role': 'assistant'}, {'content': 'Hallo, mein Name ist Frieda Möller und ich würde gerne einen Termin für eine Beschwerde über eine defekte Straßenbeleuchtung vereinbaren.', 'id': 'e2062fff-51e8-4230-9a7a-43545d8a158d', 'role': 'user'}, {'content': 'Für Ihr Anliegen passt die Kategorie ""Beschwerde"". Möchten Sie einen Termin dafür vereinbaren?', 'id': 'cab113fe-1419-4bd1-b6da-564c3fcc400e', 'role': 'assistant'}, {'content': 'Ja, gerne.', 'id': 'lc_run--019ff642-d743-7e70-8289-fd79ca2c85ab-0', 'role': 'user'}, {'content': 'Im Moment sind leider keine freien Termine für Beschwerden in den nächsten sieben Tagen verfügbar. Möchten Sie, dass ich nach einem späteren Zeitpunkt suche?', 'id': 'e63b1bc5-27ea-44a0-ab2a-39c2ccdab322', 'role': 'assistant'}, {'content': 'Nein, danke. Dann würde ich gerne von einem Mitarbeitenden zurückgerufen werden, um das Anliegen zu klären oder persönlich einen Termin zu vereinbaren.', 'id': 'lc_run--019ff642-eb1d-7ca0-92a5-eb73a783bc55-0', 'role': 'user'}, {'content': 'Alles klar, ich gebe Ihr Anliegen weiter. Ein Mitarbeitender wird Sie zurückrufen, um alles Weitere zu besprechen. Vielen Dank für Ihren Anruf und einen schönen Tag noch!', 'id': '647c1144-0889-4cdc-9b88-555f44396ed8', 'role': 'assistant'}, {'content': 'Vielen Dank. Einen schönen Tag noch, auf Wiederhören.', 'id': 'lc_run--019ff642-ffbd-7913-8328-03cd0069c9d7-0', 'role': 'user'}, {'content': 'Sehr gerne. Auf Wiederhören und Ihnen ebenfalls einen angenehmen Tag!', 'id': 'c8f1f4a4-9bbb-4127-a0d5-cdad0b62541d', 'role': 'assistant'}, {'content': '', 'id': 'lc_run--019ff643-0b92-73c3-9c23-b3cddb0264b4-0', 'role': 'user'}, {'content': 'Das Gespräch ist beendet. Falls Sie wieder Unterstützung benötigen, stehe ich Ihnen gerne zur Verfügung. Auf Wiederhören!', 'id': 'ee00ef66-0d9b-4c76-b744-748e5c09cb78', 'role': 'assistant'}]",22.196428,,019ff642-c4d6-7c23-865d-29982ab08ebe,0.0,1.0,0.1667,0.6065,1.0
Holger Meier,015789643375,den ganzen Mittwoch,eine Reparatur der Fenster im Wohnzimmer,surfersimmobilien+predeploy@outlook.com,"[{'content': 'Guten Tag, Sie sprechen mit der digitalen Anruf-Assistentin von Surfers Immobilien. Wie kann ich Ihnen weiterhelfen? Was ist der Grund Ihres Anrufs?', 'role': 'assistant'}, {'content': 'Hallo, mein Name ist Holger Meier und ich würde gerne einen Termin für eine Reparatur der Fenster im Wohnzimmer vereinbaren.', 'id': 'ef36758a-99c6-4298-8ec1-3c1c6014a08b', 'role': 'user'}, {'content': 'Für eine Reparatur gibt es einen passenden Termin-Typ. Möchten Sie einen Termin für „Reparatur“ buchen?', 'id': '7d6ed45d-2983-4d31-b7bb-9a2126ab562c', 'role': 'assistant'}, {'content': 'Ja, bitte.', 'id': 'lc_run--019ff643-15ea-78b1-9401-76709b443ecb-0', 'role': 'user'}, {'content': 'Im Moment sind leider keine freien Termine für Reparaturen verfügbar. Möchten Sie, dass ich nach einem späteren Zeitraum suche?', 'id': 'cba4ea05-62a7-47ef-a185-a6c5ac0e002f', 'role': 'assistant'}, {'content': 'Nein, danke. Dann würde ich gerne von einem Mitarbeitenden zurückgerufen werden, um das Anliegen zu klären oder persönlich einen Termin zu vereinbaren.', 'id': 'lc_run--019ff643-2ac6-71a1-8e1a-03c442eab8c7-0', 'role': 'user'}, {'content': 'Alles klar, ich gebe Ihr Anliegen weiter. Ein Mitarbeitender wird Sie zurückrufen, um alles Weitere zu besprechen. Vielen Dank für Ihren Anruf und einen schönen Tag noch!', 'id': '20b8327c-3d1e-439d-aec9-f42833770914', 'role': 'assistant'}, {'content': 'Vielen Dank, ebenfalls einen schönen Tag. Auf Wiederhören.', 'id': 'lc_run--019ff643-3ac5-7080-830b-55215b79a3dd-0', 'role': 'user'}, {'content': 'Auf Wiederhören, Herr Meier.', 'id': '76b4d392-5097-4b5e-ba58-f967aa61ea95', 'role': 'assistant'}, {'content': '', 'id': 'lc_run--019ff643-452d-7fa2-88a1-298cc00433c7-0', 'role': 'user'}, {'content': 'Das Gespräch ist beendet. Wenn Sie wieder Unterstützung benötigen, stehe ich Ihnen gerne zur Verfügung.', 'id': '927a2782-dfe2-4bbd-99f9-d98398989653', 'role': 'assistant'}]",20.95282,,019ff643-0272-7412-a219-d579ccf48f17,0.0,1.0,0.1667,0.6065,0.0
Bettina Albrecht,015789643375,immer freitags,eine Reparatur der Wohnungstür,surfersimmobilien+predeploy@outlook.com,"[{'content': 'Guten Tag, Sie sprechen mit der digitalen Anruf-Assistentin von Surfers Immobilien. Wie kann ich Ihnen weiterhelfen? Was ist der Grund Ihres Anrufs?', 'role': 'assistant'}, {'content': 'Hallo, mein Name ist Bettina Albrecht und ich würde gerne einen Termin für eine Reparatur der Wohnungstür vereinbaren.', 'id': 'ef51812a-1b6a-475e-8130-cea540824f58', 'role': 'user'}, {'content': 'Für eine Reparatur gibt es einen passenden Termin-Typ. Möchten Sie einen Termin für „Reparatur“ buchen?', 'id': '7ce4be7a-2b0b-4c05-b45a-1bd145bb9903', 'role': 'assistant'}, {'content': 'Ja, bitte.', 'id': 'lc_run--019ff643-2393-7553-bccb-f17264ec42df-0', 'role': 'user'}, {'content': 'Im Moment sind leider keine freien Termine für Reparaturen in den nächsten sieben Tagen verfügbar. Möchten Sie, dass ich nach späteren Zeiträumen schaue?', 'id': '83b2be88-d9a1-4c6d-8fef-2bc110e734d4', 'role': 'assistant'}, {'content': 'Ja, bitte schauen Sie nach späteren Terminen.', 'id': 'lc_run--019ff643-34c3-70e0-82ba-3dd3674cadfe-0', 'role': 'user'}, {'content': 'Auch im Zeitraum ab dem zwanzigsten August bis zum dritten September sind keine freien Reparaturtermine verfügbar. Möchten Sie, dass ich noch weiter in die Zukunft schaue?', 'id': '08e209a2-c9ea-4a42-87d6-ef8c8a2cb962', 'role': 'assistant'}, {'content': 'Ja, bitte. Ich bin freitags verfügbar.', 'id': 'lc_run--019ff643-49ae-7af3-b7ba-745f4f2dbb30-0', 'role': 'user'}, {'content': 'Leider sind auch an Freitagen im September keine Reparaturtermine frei. Soll ich noch weiter in die Zukunft suchen oder möchten Sie lieber benachrichtigt werden, sobald wieder Termine verfügbar sind?', 'id': '2f680d80-506c-4cd7-ad9a-b4639ca5d318', 'role': 'assistant'}, {'content': 'Dann möchte ich gerne von einem Mitarbeitenden zurückgerufen werden, um einen Termin zu vereinbaren.', 'id': 'lc_run--019ff643-5bb5-7322-a6d8-ed39931fa878-0', 'role': 'user'}, {'content': 'Ich gebe Ihren Rückrufwunsch weiter. Ein Mitarbeitender von Surfers Immobilien meldet sich bei Ihnen, um einen Termin zu vereinbaren. Vielen Dank für Ihren Anruf und einen schönen Tag noch!', 'id': '7f2688b0-ae8d-4ae7-b7c9-f0060e95888a', 'role': 'assistant'}, {'content': 'Vielen Dank. Auf Wiederhören!', 'id': 'lc_run--019ff643-7442-7fb0-8395-9efcd09183ec-0', 'role': 'user'}, {'content': 'Auf Wiederhören, Frau Albrecht!', 'id': '4b9da9db-0ba3-44f7-be67-c0b0673f5ed8', 'role': 'assistant'}, {'content': '', 'id': 'lc_run--019ff643-7e94-77e1-a627-0ffa71efa94c-0', 'role': 'user'}, {'content': 'Das Gespräch ist nun beendet. Falls Sie wieder Unterstützung benötigen, stehe ich Ihnen gerne zur Verfügung. Einen angenehmen Tag noch!', 'id': 'f3101f07-9bf0-481e-819d-2e82fc979a80', 'role': 'assistant'}]",30.930943,,019ff643-0eca-7b32-a4b9-5dca5149500c,0.0,1.0,0.125,0.3247,0.0
Kaspar Nagel,015789643375,Mittwoch von 10 Uhr bis 13 Uhr,eine Besichtigung einer möblierten Wohnung,surfersimmobilien+predeploy@outlook.com,"[{'content': 'Guten Tag, Sie sprechen mit der digitalen Anruf-Assistentin von Surfers Immobilien. Was kann ich heute für Sie tun?', 'role': 'assistant'}, {'content': 'Hallo, mein Name ist Kaspar Nagel und ich würde gerne einen Termin für eine Besichtigung einer möblierten Wohnung vereinbaren.', 'id': 'be175e2f-56c6-42b0-8534-eb0618d047b6', 'role': 'user'}, {'content': 'Alles klar, Herr Nagel. Ich helfe Ihnen gern dabei. Für welche Art von Termin möchten Sie die Besichtigung buchen? Geht es um eine Erstbesichtigung, eine Folge-Besichtigung oder etwas anderes?', 'id': '41f311e5-beec-4918-adfa-4c671208accc', 'role': 'assistant'}, {'content': 'Es geht um eine Erstbesichtigung einer möblierten Wohnung.', 'id': 'lc_run--019ff643-1b2b-7392-becd-c66cf99c6df3-0', 'role': 'user'}, {'content': 'Für Besichtigungen gibt es aktuell keinen eigenen Termin-Typ, aber ich kann Ihnen einen Termin unter „Allgemeine Anfragen“ buchen. Passt das für Sie?', 'id': '8b338110-1714-4b13-8d0d-a09936bec944', 'role': 'assistant'}, {'content': 'Ja, das passt für mich.', 'id': 'lc_run--019ff643-36c7-7641-bccd-25a19fba30e6-0', 'role': 'user'}, {'content': 'Super, danke. Damit ich den Termin eintragen kann, benötige ich bitte Ihre E-Mail-Adresse. Wie lautet diese?', 'id': '9e29ce70-fb5b-47df-a287-12756e5c6872', 'role': 'assistant'}, {'content': 'Meine E-Mail-Adresse lautet surfersimmobilien+predeploy@outlook.com.', 'id': 'lc_run--019ff643-431b-7fe2-b616-248b6270b7fb-0', 'role': 'user'}, {'content': 'Danke, Herr Nagel. Könnten Sie mir bitte noch Ihre Telefonnummer nennen, unter der wir Sie erreichen können?', 'id': 'b8a248e0-d9ef-4f4e-a4d9-b0acf4d64fe2', 'role': 'assistant'}, {'content': 'Ja, gerne. Meine Telefonnummer ist 015789643375.', 'id': 'lc_run--019ff643-4c51-70f0-bd52-3d4b52439a05-0', 'role': 'user'}, {'content': 'Danke. Haben Sie noch einen besonderen Wunsch oder eine Anmerkung, die ich für den Termin notieren soll?', 'id': '167cd20a-c16a-4a7c-a798-6f18a62aac57', 'role': 'assistant'}, {'content': 'Ja, bitte: Es geht um die Besichtigung einer möblierten Wohnung. Ich bin nur mittwochs zwischen 10 und 13 Uhr verfügbar.', 'id': 'lc_run--019ff643-57aa-7d51-a675-79be2bd94884-0', 'role': 'user'}, {'content': 'Leider gibt es mittwochs zwischen zehn und dreizehn Uhr aktuell keine freien Termine. Möchten Sie, dass ich nach anderen Tagen oder Zeitfenstern suche?', 'id': '2bee63a1-c8d7-4de7-ac50-1567c668ed04', 'role': 'assistant'}, {'content': 'Leider kann ich nur mittwochs zwischen 10 und 13 Uhr. Könnten Sie bitte veranlassen, dass mich ein Mitarbeitender zurückruft, um das zu klären oder persönlich einen Termin zu vereinbaren?', 'id': 'lc_run--019ff643-6bb9-7d62-a462-be95989b3bcd-0', 'role': 'user'}, {'content': 'Ich gebe Ihren Rückrufwunsch weiter, damit sich jemand persönlich bei Ihnen meldet. Vielen Dank für Ihren Anruf, Herr Nagel. Ihnen einen angenehmen Tag!', 'id': '47e8955d-a1c4-477a-bc00-b0ea640f0ec0', 'role': 'assistant'}, {'content': 'Vielen Dank, das ist sehr freundlich. Ihnen ebenfalls einen angenehmen Tag. Auf Wiederhören.', 'id': 'lc_run--019ff643-7e1f-7cb1-acf7-bf30b92c6cea-0', 'role': 'user'}, {'content': 'Auf Wiederhören, Herr Nagel. Alles Gute für Sie!', 'id': '6598a744-212c-4ad5-9855-ee6c97ba4dcb', 'role': 'assistant'}, {'content': '', 'id': 'lc_run--019ff643-8a4a-7003-aeff-485de10e690c-0', 'role': 'user'}, {'content': 'Das Gespräch ist beendet. Wenn Sie wieder Unterstützung brauchen, stehe ich gern zur Verfügung.', 'id': '9552b375-efe8-414c-96d3-5fca9613aef2', 'role': 'assistant'}]",35.125689,,019ff643-0f4c-7a51-9f6f-e7392ea54a5d,1.0,1.0,0.4,0.8353,0.0
Manfred Franke,015789643375,Mittwoch und Freitag vormittags,eine Terminabsprache für die Fassadenrenovierung,surfersimmobilien+predeploy@outlook.com,"[{'content': 'Guten Tag, Sie sprechen mit der digitalen Anruf-Assistentin von Surfers Immobilien. Wie kann ich Ihnen weiterhelfen? Was ist der Grund Ihres Anrufs?', 'role': 'assistant'}, {'content': 'Hallo, mein Name ist Manfred Franke und ich würde gerne einen Termin für eine Terminabsprache für die Fassadenrenovierung vereinbaren.', 'id': 'a96f8163-332f-4b3f-a34c-75565b894f2f', 'role': 'user'}, {'content': 'Für eine Terminabsprache zur Fassadenrenovierung kommen mehrere Möglichkeiten in Frage. Möchten Sie einen Termin für eine allgemeine Anfrage, eine Reparatur oder eine Besprechung von Dokumenten buchen?', 'id': 'd14edaff-9a21-45c9-adaa-15f16508b4db', 'role': 'assistant'}, {'content': 'Für eine allgemeine Anfrage beziehungsweise Besprechung zur Fassadenrenovierung, bitte.', 'id': 'lc_run--019ff643-32b9-74d1-a388-a61681ad7ccd-0', 'role': 'user'}, {'content': 'Möchten Sie lieber einen Termin für eine allgemeine Anfrage oder für eine Besprechung von Dokumenten buchen? Beides wäre möglich.', 'id': 'eb092255-e503-4108-b412-04b6d9074869', 'role': 'assistant'}, {'content': 'Dann bitte einen Termin für eine allgemeine Anfrage.', 'id': 'lc_run--019ff643-3e1a-7a60-9ec0-a61be2fe6ee7-0', 'role': 'user'}, {'content': 'Leider sind aktuell keine freien Termine für allgemeine Anfragen in den nächsten sieben Tagen verfügbar. Möchten Sie, dass ich nach einem späteren Zeitpunkt suche?', 'id': '0f787f00-04a8-4e3e-89bc-82e280e49974', 'role': 'assistant'}, {'content': 'Ja, bitte suchen Sie nach einem späteren Zeitpunkt.', 'id': 'lc_run--019ff643-5593-7af3-8d3b-7b025a382e32-0', 'role': 'user'}, {'content': 'Auch im Zeitraum bis zum zehnten September zwanzig sechsundzwanzig sind keine freien Termine verfügbar. Möchten Sie, dass ich noch weiter in die Zukunft suche?', 'id': 'd2df2c97-6a2b-4c77-ae33-9d89942532cd', 'role': 'assistant'}, {'content': 'Nein, danke. Dann würde ich gerne um einen Rückruf durch einen Mitarbeitenden bitten, um das persönlich zu klären.', 'id': 'lc_run--019ff643-66c2-7751-b721-ef346d95c46f-0', 'role': 'user'}, {'content': 'Alles klar, ich gebe Ihren Rückrufwunsch weiter. Ein Mitarbeitender wird sich bei Ihnen melden. Vielen Dank für Ihren Anruf und einen schönen Tag!', 'id': 'bda6cfcf-e53d-4dc5-918d-159068477339', 'role': 'assistant'}, {'content': 'Vielen Dank. Auf Wiederhören und einen schönen Tag!', 'id': 'lc_run--019ff643-7b6e-75c2-82e5-bb2b2fc8f419-0', 'role': 'user'}, {'content': 'Auf Wiederhören, Herr Franke. Ihnen ebenfalls einen schönen Tag!', 'id': 'b4cb3195-7bc9-4dc1-968e-b3778a6deb32', 'role': 'assistant'}, {'content': '', 'id': 'lc_run--019ff643-8a56-7510-9338-b7ff84a80608-0', 'role': 'user'}, {'content': 'Das Gespräch ist beendet. Wenn Sie wieder Unterstützung benötigen, stehe ich Ihnen gerne zur Verfügung.', 'id': 'fd66ad08-3a6f-4083-bb7f-0ab0f9d10220', 'role': 'assistant'}]",33.302777,,019ff643-1b8c-7903-a3c0-aac4d65e20d9,0.0,1.0,0.125,0.3247,0.0
Doris Simon,015789643375,Dienstag von 9 Uhr bis 11 Uhr,eine Besprechung zur Übernahme der Wohnung durch einen Nachmieter,surfersimmobilien+predeploy@outlook.com,"[{'content': 'Guten Tag, Sie sprechen mit der digitalen Anruf-Assistentin von Surfers Immobilien. Wie kann ich Ihnen weiterhelfen? Was ist der Grund Ihres Anrufs?', 'role': 'assistant'}, {'content': 'Hallo, mein Name ist Doris Simon und ich würde gerne einen Termin für eine Besprechung zur Übernahme der Wohnung durch einen Nachmieter vereinbaren.', 'id': '0f3545fc-433d-4d85-9467-f73f13cbaa40', 'role': 'user'}, {'content': 'Für eine Besprechung zur Übernahme der Wohnung durch einen Nachmieter passt vermutlich der Termin-Typ „Besprechung von Dokumenten“ am besten. Möchten Sie diesen Termin-Typ wählen?', 'id': 'eb0da1e3-5de1-4103-a826-54b8fa807fa2', 'role': 'assistant'}, {'content': 'Ja, das passt. Diesen Termin-Typ möchte ich wählen.', 'id': 'lc_run--019ff643-679b-7702-9b71-b1e93070611a-0', 'role': 'user'}, {'content': 'Alles klar, Frau Simon. Gibt es ein bestimmtes Datum oder eine Uhrzeit, die Ihnen für die Besprechung besonders gut passen würde?', 'id': '9fef0ceb-2a27-421d-9303-7f42776f28dc', 'role': 'assistant'}, {'content': 'Ich kann dienstags zwischen 9 und 11 Uhr.', 'id': 'lc_run--019ff643-71b3-7703-ad3b-320f52b385d9-0', 'role': 'user'}, {'content': 'Am kommenden Dienstag zwischen neun und elf Uhr ist aktuell kein Termin frei. Soll ich nach einem anderen Dienstag oder einem anderen Zeitraum für Sie schauen?', 'id': '9a0369c1-8f36-4e3d-93cd-c8d1d5bddf93', 'role': 'assistant'}, {'content': 'Ja, bitte schauen Sie nach einem anderen Dienstag zwischen 9 und 11 Uhr.', 'id': 'lc_run--019ff643-8994-7531-980c-60b4f969b476-0', 'role': 'user'}, {'content': 'Leider ist auch am Dienstag, den ersten September, zwischen neun und elf Uhr kein Termin verfügbar. Möchten Sie, dass ich einen anderen Wochentag prüfe oder einen späteren Zeitraum an Dienstagen?', 'id': '314dafb2-f9c4-4a8d-92c0-a460f3b437fc', 'role': 'assistant'}, {'content': 'Bitte prüfen Sie einen späteren Zeitraum an Dienstagen zwischen 9 und 11 Uhr.', 'id': 'lc_run--019ff643-a8e1-7ef0-9f86-821f15738f0f-0', 'role': 'user'}, {'content': 'Auch am fünfzehnten September, einem Dienstag, ist zwischen neun und elf Uhr kein Termin frei. Möchten Sie, dass ich noch weiter in die Zukunft schaue oder einen anderen Zeitraum prüfe?', 'id': 'f587f419-df76-464d-a193-b010befdd3db', 'role': 'assistant'}, {'content': 'Bitte schauen Sie noch weiter in die Zukunft, aber weiterhin dienstags zwischen 9 und 11 Uhr.', 'id': 'lc_run--019ff643-c817-7cb3-80db-c2aa2cc9c97f-0', 'role': 'user'}, {'content': 'Auch am neunundzwanzigsten September, einem Dienstag, ist zwischen neun und elf Uhr kein Termin frei. Möchten Sie, dass ich noch weiter prüfe oder einen anderen Zeitraum vorschlagen soll?', 'id': '7b907d65-d2f7-47c0-840f-a460e7cb1487', 'role': 'assistant'}, {'content': 'Dann bitte ich um einen Rückruf durch einen Mitarbeitenden, um das persönlich zu klären.', 'id': 'lc_run--019ff643-e584-7ee0-8fd8-b82ed6faa50b-0', 'role': 'user'}, {'content': 'Das ist notiert. Ein Mitarbeitender wird Sie zurückrufen, um alles persönlich zu besprechen. Vielen Dank für Ihren Anruf und einen schönen Tag für Sie!', 'id': '3ff10fd2-f1ae-4318-9a90-c52e46c6814f', 'role': 'assistant'}, {'content': 'Vielen Dank. Auf Wiederhören.', 'id': 'lc_run--019ff643-f612-71b3-8b92-219ff64c8bda-0', 'role': 'user'}, {'content': 'Auf Wiederhören, Frau Simon. Alles Gute für Sie!', 'id': 'cc0b00e1-3e28-4d07-8533-234979c2bc90', 'role': 'assistant'}, {'content': '', 'id': 'lc_run--019ff644-01c3-7db1-8899-9199a112bf20-0', 'role': 'user'}, {'content': 'Das Gespräch ist beendet. Falls Sie wieder Unterstützung benötigen, melden Sie sich gern. Einen angenehmen Tag für Sie!', 'id': '37090141-0232-41a2-a211-9752d55b5ae0', 'role': 'assistant'}]",46.895485,,019ff643-544c-7ba0-91e0-c772f53e3765,0.0,1.0,0.1,0.1979,0.0
Jürgen Bauer,015789643375,Montag und Mittwoch von 9 bis 12 Uhr,eine Beratung zur Mietkaution,surfersimmobilien+predeploy@outlook.com,"[{'content': 'Guten Tag, Sie sprechen mit der digitalen Anruf-Assistentin von Surfers Immobilien. Wie kann ich Ihnen weiterhelfen? Was ist der Grund Ihres Anrufs?', 'role': 'assistant'}, {'content': 'Hallo, mein Name ist Jürgen Bauer und ich würde gerne einen Termin für eine Beratung zur Mietkaution vereinbaren.', 'id': '9982cd00-1444-42d1-8c77-f1731b3ff54e', 'role': 'user'}, {'content': 'Für eine Beratung zur Mietkaution passt vermutlich der Termin-Typ „Allgemeine Anfragen“ am besten. Möchten Sie diesen Termin-Typ für Ihr Anliegen nutzen?', 'id': '80b72019-aeb8-4855-964c-045c15aae842', 'role': 'assistant'}, {'content': 'Ja, gerne. Das passt.', 'id': 'lc_run--019ff643-9b09-73b2-85d3-b5329e2873f7-0', 'role': 'user'}, {'content': 'Alles klar, Herr Bauer. Für die Buchung benötige ich bitte Ihre E-Mail-Adresse. Könnten Sie mir diese nennen?', 'id': '02da037c-2867-4059-ba92-17b8b2a7c520', 'role': 'assistant'}, {'content': 'Ja, gerne. Meine E-Mail-Adresse ist surfersimmobilien+predeploy@outlook.com.', 'id': 'lc_run--019ff643-a8d1-7f22-8b87-6bafa037695f-0', 'role': 'user'}, {'content': 'Danke. Könnten Sie mir bitte noch Ihre Telefonnummer nennen, unter der Sie erreichbar sind?', 'id': 'd7a72e11-d08a-4315-8914-d57b7f36df8b', 'role': 'assistant'}, {'content': 'Ja, natürlich. Meine Telefonnummer ist 015789643375.', 'id': 'lc_run--019ff643-b404-7813-99b5-ed6cb31764ff-0', 'role': 'user'}, {'content': 'Möchten Sie noch etwas ergänzen, zum Beispiel einen bestimmten Wunsch für das Gespräch oder einen bevorzugten Zeitraum?', 'id': '02a754bd-45d6-459b-907f-01bcb9cd2408', 'role': 'assistant'}, {'content': 'Ja, gerne. Ich bin montags und mittwochs jeweils von 9 bis 12 Uhr erreichbar und kann Termine nur in diesen Zeiten wahrnehmen.', 'id': 'lc_run--019ff643-be75-79c0-bc83-dfdf57d7749c-0', 'role': 'user'}, {'content': 'Im Moment sind montags und mittwochs zwischen neun und zwölf Uhr leider keine freien Termine verfügbar. Möchten Sie, dass ich nach anderen Zeitfenstern suche?', 'id': '7f0e7a6b-28c3-4229-9a71-f20b62ad4d6a', 'role': 'assistant'}, {'content': 'Nein, danke. Andere Zeiten kann ich leider nicht wahrnehmen. Könnte mich bitte ein Mitarbeitender zurückrufen, um das Anliegen zu klären oder einen Termin zu vereinbaren?', 'id': 'lc_run--019ff643-e12e-7e70-b2fa-643d3d0f5189-0', 'role': 'user'}, {'content': 'Das ist notiert. Ein Mitarbeitender wird Sie zurückrufen, um Ihr Anliegen zu besprechen oder einen passenden Termin zu finden. Vielen Dank für Ihren Anruf. Auf Wiederhören!', 'id': '055d4cda-ffdf-4c98-8a86-c7bff8eebff3', 'role': 'assistant'}, {'content': 'Vielen Dank. Auf Wiederhören!', 'id': 'lc_run--019ff643-f3af-7741-970f-a0b2bda2373e-0', 'role': 'user'}, {'content': 'Sehr gerne. Auf Wiederhören, Herr Bauer!', 'id': '518e560f-18a1-4b1a-90d0-fa4d3dffe8a3', 'role': 'assistant'}, {'content': '', 'id': 'lc_run--019ff644-00eb-79b2-8902-b5177187a919-0', 'role': 'user'}, {'content': 'Das Gespräch ist beendet. Ich wünsche Ihnen einen angenehmen Tag.', 'id': '91f49952-da3d-4a4a-8d74-d9faedc53f3a', 'role': 'assistant'}]",33.77702,,019ff643-879e-7150-8f64-a31a04c42609,1.0,1.0,0.2222,0.946,0.0
Benno Sander,015789643375,den ganzen Freitag,eine Beschwerde wegen fehlender Heizwärme,surfersimmobilien+predeploy@outlook.com,"[{'content': 'Guten Tag, Sie sprechen mit der digitalen Anruf-Assistentin von Surfers Immobilien. Wie kann ich Ihnen weiterhelfen? Was ist der Grund Ihres Anrufs?', 'role': 'assistant'}, {'content': 'Hallo, mein Name ist Benno Sander und ich würde gerne einen Termin für eine Beschwerde wegen fehlender Heizwärme vereinbaren.', 'id': '8e9118cd-0a0e-432a-9ff5-b11fc5860f1b', 'role': 'user'}, {'content': 'Für Ihr Anliegen gibt es die Auswahlmöglichkeit „Beschwerde“. Darf ich für Sie einen Termin in dieser Kategorie buchen?', 'id': 'b2b93cf0-53b4-40ec-b994-26c9b397b772', 'role': 'assistant'}, {'content': 'Ja, bitte.', 'id': 'lc_run--019ff643-abdc-7352-9841-e13d502f1446-0', 'role': 'user'}, {'content': 'Im Moment sind leider keine freien Zeiten für einen Beschwerde-Termin verfügbar. Möchten Sie, dass ich nach einem späteren Zeitraum suche?', 'id': '74f43c27-e147-486e-94cd-d332638c6e20', 'role': 'assistant'}, {'content': 'Ja, bitte suchen Sie nach einem späteren Zeitraum.', 'id': 'lc_run--019ff643-bc62-7a62-a2af-7c406c1ba27c-0', 'role': 'user'}, {'content': 'Auch im darauffolgenden Zeitraum sind keine freien Termine verfügbar. Möchten Sie, dass ich noch weiter in die Zukunft schaue?', 'id': '7d8dd399-e568-4a2e-8882-4766e0401182', 'role': 'assistant'}, {'content': 'Ja, bitte. Falls gar kein Termin verfügbar ist, würde ich gern von einem Mitarbeitenden zurückgerufen werden.', 'id': 'lc_run--019ff643-d12e-7ef0-8346-51c24bcf611d-0', 'role': 'user'}, {'content': 'Leider sind auch in den nächsten Wochen keine Termine für Beschwerden frei. Möchten Sie, dass ich einen Rückruf für Sie veranlasse?', 'id': '6a713864-cdee-499a-86dd-405dd418c6fe', 'role': 'assistant'}, {'content': 'Ja, sehr gern.', 'id': 'lc_run--019ff643-e378-7240-9dfe-9ee87166516c-0', 'role': 'user'}, {'content': 'Ich gebe Ihren Rückrufwunsch weiter. Ein Mitarbeitender von Surfers Immobilien wird sich bei Ihnen melden. Vielen Dank für Ihren Anruf und einen angenehmen Tag für Sie!', 'id': '7c95d458-4a61-41e1-bc68-4377c09b9b90', 'role': 'assistant'}, {'content': 'Vielen Dank. Auf Wiederhören.', 'id': 'lc_run--019ff643-f0e5-7b72-adf5-ad15bacf3f47-0', 'role': 'user'}, {'content': 'Auf Wiederhören, Herr Sander. Alles Gute für Sie!', 'id': '468baa75-f181-46e5-badf-eea9791a65e6', 'role': 'assistant'}, {'content': '', 'id': 'lc_run--019ff644-00e3-7771-9ab0-40874c601176-0', 'role': 'user'}, {'content': 'Das Gespräch ist beendet. Falls Sie wieder Unterstützung benötigen, stehe ich Ihnen gern zur Verfügung.', 'id': '5716c282-df01-410a-b42e-122c12aaa5ac', 'role': 'assistant'}]",30.707477,,019ff643-9883-70f0-a38c-2e80d518df94,0.0,1.0,0.125,0.3247,1.0
Martina Wolf,015789643375,Dienstag den ganzen Tag,eine Begehung wegen Schimmelbildung im Bad,surfersimmobilien+predeploy@outlook.com,"[{'content': 'Guten Tag, Sie sprechen mit der digitalen Anruf-Assistentin von Surfers Immobilien. Wie kann ich Ihnen weiterhelfen? Was ist der Grund Ihres Anrufs?', 'role': 'assistant'}, {'content': 'Hallo, mein Name ist Martina Wolf und ich würde gerne einen Termin für eine Begehung wegen Schimmelbildung im Bad vereinbaren.', 'id': '42767347-ba8a-485d-a88c-4132dfe24e2b', 'role': 'user'}, {'content': 'Für eine Begehung wegen Schimmelbildung passt entweder „Reparatur“ oder „Beschwerde“. Möchten Sie den Termin als Reparatur oder als Beschwerde buchen?', 'id': 'e2489d3b-05c8-472e-abcd-33d42718300e', 'role': 'assistant'}, {'content': 'Als Reparatur bitte.', 'id': 'lc_run--019ff643-b1b1-75a0-89ca-8490664e03ba-0', 'role': 'user'}, {'content': 'Alles klar, ich buche für Sie einen Termin für eine Reparatur. Gibt es einen bestimmten Tag oder eine Uhrzeit, die Ihnen besonders gut passt?', 'id': '39de9b5f-f407-404d-823c-ca36cceb480b', 'role': 'assistant'}, {'content': 'Dienstag passt mir den ganzen Tag.', 'id': 'lc_run--019ff643-bc63-7151-b321-3bc5614017b2-0', 'role': 'user'}, {'content': 'Am Dienstag, dem achtzehnten August zweitausendsechsundzwanzig, sind leider keine freien Zeiten verfügbar. Möchten Sie einen anderen Tag vorschlagen oder soll ich nach dem nächstmöglichen Termin suchen?', 'id': 'c7511fd3-c0fb-4e6e-857f-2124ce717333', 'role': 'assistant'}, {'content': 'Ich kann leider nur dienstags Termine wahrnehmen. Können Sie bitte den nächstmöglichen Dienstag prüfen?', 'id': 'lc_run--019ff643-d5c6-7b20-aa7b-93ad81dbf97c-0', 'role': 'user'}, {'content': 'Auch am darauffolgenden Dienstag, dem fünfundzwanzigsten August zweitausendsechsundzwanzig, gibt es keine freien Zeiten. Soll ich weiter die Dienstage danach prüfen?', 'id': '4c5db3d6-ca4e-49ba-97cd-7b8ef800c2e0', 'role': 'assistant'}, {'content': 'Ja, bitte prüfen Sie die weiteren Dienstage.', 'id': 'lc_run--019ff643-ed35-78b1-a03d-8f07135eba54-0', 'role': 'user'}, {'content': 'An den nächsten drei Dienstagen im September sind ebenfalls keine Termine frei. Möchten Sie, dass ich noch weitere Dienstage prüfe oder haben Sie vielleicht doch an einem anderen Wochentag eine Möglichkeit?', 'id': '0faec4ff-a9a1-4143-9a8b-1b6ca5fddcbf', 'role': 'assistant'}, {'content': 'Andere Wochentage gehen leider nicht. Dann bitte ich um Rückruf durch einen Mitarbeitenden, um das persönlich zu klären.', 'id': 'lc_run--019ff644-0cc7-7a03-ae76-8c32dac5445d-0', 'role': 'user'}, {'content': 'Ich gebe Ihren Rückrufwunsch weiter. Eine Mitarbeiterin oder ein Mitarbeiter wird sich bei Ihnen melden. Sie erreichen uns weiterhin unter dieser Nummer, falls Sie noch Fragen haben.\n\nEinen schönen Tag noch!', 'id': '71aca6be-f6a5-41f7-8f76-adbdf56e1403', 'role': 'assistant'}, {'content': 'Vielen Dank, Ihnen auch einen schönen Tag. Auf Wiederhören.', 'id': 'lc_run--019ff644-1fb1-75f3-8184-7fc8724a0f90-0', 'role': 'user'}, {'content': 'Auf Wiederhören, Frau Wolf. Alles Gute für Sie!', 'id': 'ca1788fc-ded6-4065-9e81-303f3cbf7d0c', 'role': 'assistant'}, {'content': '', 'id': 'lc_run--019ff644-2ebd-7591-bedf-ba45909e8e91-0', 'role': 'user'}, {'content': 'Falls Sie noch etwas benötigen, melden Sie sich gerne wieder. Auf Wiederhören!', 'id': 'b58fb41a-ee62-4f8e-8665-8dc16b02cf55', 'role': 'assistant'}]",39.334917,,019ff643-9da4-7e13-9c01-452b779996c8,0.0,1.0,0.0,0.0111,1.0
Walter Kuhn,015789643375,Montag und Mittwoch von 9 bis 12 Uhr,eine Beratung zur Umschreibung des Mietvertrags,surfersimmobilien+predeploy@outlook.com,"[{'content': 'Guten Tag, Sie sprechen mit der digitalen Anruf-Assistentin von Surfers Immobilien. Was kann ich heute für Sie tun?', 'role': 'assistant'}, {'content': 'Hallo, mein Name ist Walter Kuhn und ich würde gerne einen Termin für eine Beratung zur Umschreibung des Mietvertrags vereinbaren.', 'id': 'bcfba4f5-e534-4da0-838e-6541d910ed40', 'role': 'user'}, {'content': 'Für eine Beratung zur Umschreibung des Mietvertrags passt am besten „Besprechung von Dokumenten“ oder „Allgemeine Anfragen“. Möchten Sie lieber einen Termin für die Besprechung von Dokumenten oder für eine allgemeine Anfrage vereinbaren?', 'id': 'd7971c17-b913-4c8e-839e-1b59cefd4f5d', 'role': 'assistant'}, {'content': 'Dann gerne einen Termin zur Besprechung von Dokumenten.', 'id': 'lc_run--019ff644-1ec5-7e81-bf97-3c2ae1eec90d-0', 'role': 'user'}, {'content': 'Im Moment sind keine freien Termine für die Besprechung von Dokumenten in dieser Woche verfügbar. Möchten Sie einen Termin in einer späteren Woche oder zu einem bestimmten Datum suchen?', 'id': 'e59d798b-5191-40b8-bfd2-c41ed73b0a99', 'role': 'assistant'}, {'content': 'Ja, gerne in einer späteren Woche. Ich kann montags oder mittwochs jeweils zwischen 9 und 12 Uhr.', 'id': 'lc_run--019ff644-384b-7732-83fe-0c1f2c22c72b-0', 'role': 'user'}, {'content': 'Leider sind auch in den kommenden zwei Wochen keine freien Termine an Montagen oder Mittwochen zwischen neun und zwölf Uhr verfügbar. Soll ich nach Terminen an anderen Tagen oder zu anderen Zeiten suchen?', 'id': '2dc20000-77d4-4358-9c48-63085b6e59a8', 'role': 'assistant'}, {'content': 'Nein, das ist bei mir leider nicht möglich. Dann würde ich gerne um einen Rückruf durch einen Mitarbeitenden bitten.', 'id': 'lc_run--019ff644-4e3d-7f92-be99-e45ec641d514-0', 'role': 'user'}, {'content': 'Das ist notiert. Ein Mitarbeitender wird Sie zurückrufen. Sie benötigen für Rückfragen keine weitere Angabe. Einen schönen Tag noch!', 'id': '5acd0576-dc5d-4213-8d21-2153eed16a09', 'role': 'assistant'}, {'content': 'Vielen Dank. Ihnen auch einen schönen Tag. Auf Wiederhören.', 'id': 'lc_run--019ff644-612d-7c72-841a-28c4db04e278-0', 'role': 'user'}, {'content': 'Auf Wiederhören, Herr Kuhn. Alles Gute für Sie!', 'id': '23674c9e-7975-4329-b2df-7a89c4de0400', 'role': 'assistant'}, {'content': '', 'id': 'lc_run--019ff644-6ce0-7af0-9890-04069b99d911-0', 'role': 'user'}, {'content': 'Die Verbindung wurde beendet. Wenn Sie wieder einen Termin buchen möchten, stehe ich Ihnen gerne zur Verfügung.', 'id': '8b30c031-0355-4816-9c70-39871ee50901', 'role': 'assistant'}]",28.10967,,019ff644-0b7d-74c2-bd90-8ee950900fcc,0.0,1.0,0.0,0.0111,0.0
Luise Bergmann,015789643375,den ganzen Montag,eine Reparatur eines undichten Daches,surfersimmobilien+predeploy@outlook.com,"[{'content': 'Guten Tag, Sie sprechen mit der digitalen Anruf-Assistentin von Surfers Immobilien. Was kann ich heute für Sie tun?', 'role': 'assistant'}, {'content': 'Hallo, mein Name ist Luise Bergmann und ich würde gerne einen Termin für eine Reparatur eines undichten Daches vereinbaren.', 'id': '219fcd8d-0967-4388-a72c-d1cb7404a084', 'role': 'user'}, {'content': 'Für eine Reparatur gibt es einen passenden Termin-Typ. Möchten Sie einen Termin für „Reparatur“ buchen?', 'id': 'c29388e0-ab8b-473d-a52f-7847b5eaa90f', 'role': 'assistant'}, {'content': 'Ja, bitte.', 'id': 'lc_run--019ff644-239c-73c2-8e15-6af44fd3716c-0', 'role': 'user'}, {'content': 'Im Moment sind keine Termine für Reparaturen in dieser Woche verfügbar. Möchten Sie einen Termin zu einem späteren Zeitpunkt oder an einem bestimmten Tag buchen?', 'id': '0a1188b3-f176-4ad4-a3de-09aaa160adcd', 'role': 'assistant'}, {'content': 'Gerne an einem Montag, da bin ich den ganzen Tag erreichbar.', 'id': 'lc_run--019ff644-386d-7ca2-8253-0029aabc7d5f-0', 'role': 'user'}, {'content': 'Leider sind auch an den kommenden Montagen keine Reparatur-Termine verfügbar. Möchten Sie einen anderen Wochentag wählen oder soll ich nach dem frühestmöglichen Termin suchen?', 'id': 'cfb4cf32-8e1e-4691-9ef7-d4394f60b414', 'role': 'assistant'}, {'content': 'Dann bitte nach dem frühestmöglichen Termin suchen.', 'id': 'lc_run--019ff644-4e26-7691-a75b-116acbc4dc4c-0', 'role': 'user'}, {'content': 'Es sind aktuell leider überhaupt keine Termine für Reparaturen verfügbar. Möchten Sie, dass ich Sie informiere, sobald wieder Termine frei sind, oder wünschen Sie einen Rückruf?', 'id': '2aad7e70-e49b-4142-8d6c-c096b9efc73f', 'role': 'assistant'}, {'content': 'Ich wünsche bitte einen Rückruf, um das Anliegen zu klären.', 'id': 'lc_run--019ff644-6a9c-7211-9895-332f6251b593-0', 'role': 'user'}, {'content': 'Ich habe Ihren Wunsch für einen Rückruf notiert. Jemand aus unserem Team wird sich bei Ihnen melden, um Ihr Anliegen zu besprechen.\n\nEinen schönen Tag noch!', 'id': '60c82fe9-cb94-4fd8-aa88-55d3a5ed58ac', 'role': 'assistant'}, {'content': 'Vielen Dank, Ihnen auch einen schönen Tag. Auf Wiederhören.', 'id': 'lc_run--019ff644-78c8-7761-98d7-d662458ed849-0', 'role': 'user'}, {'content': 'Auf Wiederhören, Frau Bergmann. Alles Gute für Sie!', 'id': 'b029cca3-1f09-429e-a1cc-f04699968d65', 'role': 'assistant'}, {'content': '', 'id': 'lc_run--019ff644-84e9-74b1-86b8-6e392dcdc8e6-0', 'role': 'user'}, {'content': 'Das Gespräch ist nun beendet. Falls Sie wieder Unterstützung benötigen, stehe ich Ihnen gerne zur Verfügung. Auf Wiederhören!', 'id': '8bac33ab-1649-423a-a9c4-d0360c382659', 'role': 'assistant'}]",33.315548,,019ff644-0b90-7d12-8e47-02179241e3a5,0.0,1.0,0.0,0.0111,1.0
Ralf Herzog,015789643375,immer montags und mittwochs,eine Terminabsprache für die Treppenhausreinigung,surfersimmobilien+predeploy@outlook.com,"[{'content': 'Guten Tag, Sie sprechen mit der digitalen Anruf-Assistentin von Surfers Immobilien. Was kann ich heute für Sie tun?', 'role': 'assistant'}, {'content': 'Hallo, mein Name ist Ralf Herzog und ich würde gerne einen Termin für eine Terminabsprache für die Treppenhausreinigung vereinbaren.', 'id': 'f7bb608d-bb92-4466-a384-344044464155', 'role': 'user'}, {'content': 'Für eine Terminabsprache zur Treppenhausreinigung passt am ehesten der Bereich „Allgemeine Anfragen“. Möchten Sie dafür einen Termin buchen?', 'id': '5b996800-e84d-4483-b522-22b98839556d', 'role': 'assistant'}, {'content': 'Ja, gerne.', 'id': 'lc_run--019ff644-232f-78f2-b215-8b33c3fc6d8a-0', 'role': 'user'}, {'content': 'Alles klar. Haben Sie einen bestimmten Tag oder eine Uhrzeit im Kopf, oder soll ich einfach die nächsten verfügbaren Zeiten für Sie heraussuchen?', 'id': 'e6e4af29-8474-43e3-b32a-9dd2371da665', 'role': 'assistant'}, {'content': 'Bitte suchen Sie mir die nächsten verfügbaren Zeiten heraus.', 'id': 'lc_run--019ff644-2bcf-70a1-a717-1d63acf2b9bb-0', 'role': 'user'}, {'content': 'Im Moment sind für die nächsten sieben Tage leider keine freien Zeiten verfügbar. Möchten Sie, dass ich nach späteren Terminen suche?', 'id': '467efe75-a4e8-4efe-99d9-c7135600e620', 'role': 'assistant'}, {'content': 'Ja, bitte suchen Sie nach späteren Terminen.', 'id': 'lc_run--019ff644-3e62-7081-8d3f-c51f4cc6ef0b-0', 'role': 'user'}, {'content': 'Auch ab dem zwanzigsten August sind aktuell keine freien Termine sichtbar. Möchten Sie, dass ich noch weiter in die Zukunft schaue, oder möchten Sie lieber einen Rückruf vereinbaren?', 'id': 'e1924745-4a51-4479-be58-8f8365b41db9', 'role': 'assistant'}, {'content': 'Dann würde ich gerne einen Rückruf vereinbaren.', 'id': 'lc_run--019ff644-5341-7573-a2b7-d1963955d806-0', 'role': 'user'}, {'content': 'Alles klar, Herr Herzog. Wir melden uns telefonisch bei Ihnen, sobald wieder Termine verfügbar sind. Vielen Dank für Ihren Anruf und einen schönen Tag noch!', 'id': '0a3fe060-2279-4685-a3fb-d43b4600f832', 'role': 'assistant'}, {'content': 'Vielen Dank, Ihnen auch einen schönen Tag. Auf Wiederhören!', 'id': 'lc_run--019ff644-65fb-75f1-845f-d7af55aae87e-0', 'role': 'user'}, {'content': 'Auf Wiederhören, Herr Herzog!', 'id': 'f53de198-ae15-46f8-99a1-1e29184b5099', 'role': 'assistant'}, {'content': '', 'id': 'lc_run--019ff644-767f-7462-bc33-7bae75811146-0', 'role': 'user'}, {'content': 'Das Gespräch ist nun beendet. Falls Sie wieder einen Termin wünschen, können Sie sich jederzeit melden. Einen schönen Tag noch!', 'id': 'd2ad379d-c012-493c-a3b7-010131fcc919', 'role': 'assistant'}]",30.057368,,019ff644-1077-75f0-ab1a-cb04dfc7570c,0.0,1.0,0.125,0.3247,1.0
Yvonne Beck,015789643375,jeden Tag außer donnerstags,eine Beschwerde wegen einer defekten Heizung,surfersimmobilien+predeploy@outlook.com,"[{'content': 'Guten Tag, Sie sprechen mit der digitalen Anruf-Assistentin von Surfers Immobilien. Wie kann ich Ihnen weiterhelfen? Was ist der Grund für Ihren Anruf?', 'role': 'assistant'}, {'content': 'Hallo, mein Name ist Yvonne Beck und ich würde gerne einen Termin für eine Beschwerde wegen einer defekten Heizung vereinbaren.', 'id': '832e38a8-2e26-400b-95ad-e666f7cb71c3', 'role': 'user'}, {'content': 'Für Ihr Anliegen gibt es die Auswahl „Beschwerde“. Möchten Sie dafür einen Termin buchen?', 'id': '6de476f7-87a2-485e-8735-07da8acc34f3', 'role': 'assistant'}, {'content': 'Ja, bitte. Ich möchte dafür einen Termin buchen.', 'id': 'lc_run--019ff644-4c61-7be0-a99d-191782b3899a-0', 'role': 'user'}, {'content': 'Gibt es ein bestimmtes Datum oder eine Uhrzeit, die Ihnen für den Termin am besten passt?', 'id': '57b00cef-48c1-4406-94bf-e56dd6e19097', 'role': 'assistant'}, {'content': 'Ich bin jeden Tag außer donnerstags erreichbar. Am besten wäre vormittags oder früher Nachmittag.', 'id': 'lc_run--019ff644-595e-7f63-8f59-dc86795e98f6-0', 'role': 'user'}, {'content': 'Leider sind aktuell keine verfügbaren Termine für „Beschwerde“ in den nächsten Tagen vormittags oder am frühen Nachmittag sichtbar. Möchten Sie stattdessen einen Termin für „Reparatur“ oder „Allgemeine Anfragen“ buchen?', 'id': '7def8de7-697e-420e-a842-1643b8b7f8e1', 'role': 'assistant'}, {'content': 'Dann würde ich bitte gerne von einem Mitarbeitenden zurückgerufen werden, um das Anliegen zu klären oder persönlich einen Termin zu vereinbaren.', 'id': 'lc_run--019ff644-6dc8-7420-918c-3c08422281b1-0', 'role': 'user'}, {'content': 'Ich gebe Ihr Anliegen weiter, damit Sie zurückgerufen werden und alles direkt besprechen können. Sie werden unter Ihrer angegebenen Nummer kontaktiert.\n\nFalls Sie später doch einen Termin online buchen möchten, stehe ich Ihnen gerne zur Verfügung. Einen schönen Tag noch!', 'id': 'fefeeef7-58d1-4887-9f1b-2f96441939cc', 'role': 'assistant'}, {'content': 'Vielen Dank. Einen schönen Tag noch, auf Wiederhören.', 'id': 'lc_run--019ff644-8388-7711-8c94-c69f97fb10ee-0', 'role': 'user'}, {'content': 'Sehr gerne. Auf Wiederhören und einen angenehmen Tag für Sie!', 'id': '6c0efdd7-858f-4564-a2d2-76ec969c131c', 'role': 'assistant'}, {'content': '', 'id': 'lc_run--019ff644-8fc5-7c03-9b63-e78b2dd7782f-0', 'role': 'user'}, {'content': 'Die Verbindung wird nun beendet. Falls Sie wieder Unterstützung benötigen, stehe ich Ihnen gerne zur Verfügung. Auf Wiederhören!', 'id': '1d597277-5f9e-428b-a031-f8c55a5a836e', 'role': 'assistant'}]",28.195716,,019ff644-374c-7731-82e7-ffa45351d971,0.0,1.0,0.0,0.0111,1.0
Renate Vogt,015789643375,Montag von 10 Uhr bis 13 Uhr,eine Beschwerde wegen eines kaputten Aufzugs,surfersimmobilien+predeploy@outlook.com,"[{'content': 'Guten Tag, Sie sprechen mit der digitalen Anruf-Assistentin von Surfers Immobilien. Wie kann ich Ihnen weiterhelfen? Was ist der Grund Ihres Anrufs?', 'role': 'assistant'}, {'content': 'Hallo, mein Name ist Renate Vogt und ich würde gerne einen Termin für eine Beschwerde wegen eines kaputten Aufzugs vereinbaren.', 'id': 'bc679a11-feca-423b-b4b8-62ffce3c454b', 'role': 'user'}, {'content': 'Für eine Beschwerde wegen des kaputten Aufzugs kann ich einen Termin unter dem Typ ""Beschwerde"" buchen. Ist das für Sie passend?', 'id': '7f412678-1fc1-459f-99c4-9db5b105a6ad', 'role': 'assistant'}, {'content': 'Ja, das passt.', 'id': 'lc_run--019ff644-8c80-7fd2-8422-d2d21903c2ce-0', 'role': 'user'}, {'content': 'Für den Termin ""Beschwerde"" sind aktuell keine freien Zeiten in den nächsten sieben Tagen verfügbar. Möchten Sie, dass ich nach einem späteren Zeitpunkt suche?', 'id': '4290f91c-e394-407a-acf9-893bccebfe7d', 'role': 'assistant'}, {'content': 'Ja, bitte suchen Sie nach einem späteren Zeitpunkt.', 'id': 'lc_run--019ff644-9d8e-7912-bb04-dc7f96f4b931-0', 'role': 'user'}, {'content': 'Leider sind auch ab dem neunzehnten August keine freien Termine für Beschwerden verfügbar. Möchten Sie, dass ich noch weiter in die Zukunft schaue?', 'id': 'c80ac3be-1687-4b13-9954-f1c431f223f8', 'role': 'assistant'}, {'content': 'Wenn möglich, ja. Ansonsten würde ich gerne von einem Mitarbeitenden zurückgerufen werden.', 'id': 'lc_run--019ff644-b3fa-7c33-a199-fdc2f4420f8c-0', 'role': 'user'}, {'content': 'Auch im Zeitraum ab dem vierten September sind keine Termine verfügbar. Ich kann gerne einen Rückruf für Sie veranlassen. Zu welcher Uhrzeit sind Sie am besten erreichbar?', 'id': '2bd170e3-1f3d-4f13-acf6-05cd84713f76', 'role': 'assistant'}, {'content': 'Montags bin ich von 10 bis 13 Uhr am besten erreichbar.', 'id': 'lc_run--019ff644-cd73-7141-b85b-733828ccd6b0-0', 'role': 'user'}, {'content': 'Alles klar, Sie sind montags zwischen zehn und dreizehn Uhr erreichbar. Darf ich Ihre Rufnummer für den Rückruf verwenden, oder möchten Sie eine andere Nummer angeben?', 'id': 'abd861ed-40c8-4771-a4f0-f0f78610dba7', 'role': 'assistant'}, {'content': 'Ja, bitte verwenden Sie meine Rufnummer: 015789643375.', 'id': 'lc_run--019ff644-d818-7382-857e-a67c7f15850a-0', 'role': 'user'}, {'content': 'Ich habe Ihre Rückrufbitte mit der Nummer null eins fünf sieben acht neun sechs vier drei drei sieben fünf für montags zwischen zehn und dreizehn Uhr notiert. Ein Mitarbeitender wird sich bei Ihnen melden. Vielen Dank und einen schönen Tag!', 'id': '9a23584d-4d3a-4404-a4c3-e64500f1a27e', 'role': 'assistant'}, {'content': 'Vielen Dank. Auf Wiederhören!', 'id': 'lc_run--019ff644-e94e-7000-a9f4-32b6cccefe37-0', 'role': 'user'}, {'content': 'Sehr gerne. Auf Wiederhören und alles Gute!', 'id': '2d22e182-f025-4c72-80a1-2b56dd78111d', 'role': 'assistant'}, {'content': '', 'id': 'lc_run--019ff644-f5b3-7d23-b8ba-f9be502ce886-0', 'role': 'user'}, {'content': 'Falls Sie wieder Unterstützung brauchen, bin ich gerne für Sie da. Einen angenehmen Tag noch!', 'id': 'e2b6b22c-64eb-46b2-8b29-13be9f5afee4', 'role': 'assistant'}]",34.405771,,019ff644-794c-7f12-8eff-8250d6354ea4,1.0,1.0,0.1111,0.2494,0.0
Dietmar Martin,015789643375,nur am späten Nachmittag,eine Reparatur der Eingangstür,surfersimmobilien+predeploy@outlook.com,"[{'content': 'Guten Tag, Sie sprechen mit der digitalen Anruf-Assistentin von Surfers Immobilien. Wie kann ich Ihnen weiterhelfen? Was ist der Grund für Ihren Anruf?', 'role': 'assistant'}, {'content': 'Hallo, mein Name ist Dietmar Martin und ich würde gerne einen Termin für eine Reparatur der Eingangstür vereinbaren.', 'id': 'bad0f46a-952e-4e57-bf81-c021290d2ea5', 'role': 'user'}, {'content': 'Für eine Reparatur gibt es einen passenden Termin-Typ. Möchten Sie einen Termin für ""Reparatur"" buchen?', 'id': '79cc632e-2494-4be5-a1c5-63a6df667f3e', 'role': 'assistant'}, {'content': 'Ja, gerne.', 'id': 'lc_run--019ff644-9b2e-7990-b095-4e3797720460-0', 'role': 'user'}, {'content': 'Im Moment sind leider keine freien Zeiten für Reparatur-Termine in den nächsten sieben Tagen verfügbar. Möchten Sie, dass ich nach späteren Terminen schaue?', 'id': 'b7672343-cf47-4484-bd1e-9f854afe328e', 'role': 'assistant'}, {'content': 'Ja, bitte. Ich bin allerdings nur am späten Nachmittag verfügbar.', 'id': 'lc_run--019ff644-ae60-7962-a0ce-d58e02502ff3-0', 'role': 'user'}, {'content': 'Alles klar. Könnten Sie mir bitte sagen, ab welcher Uhrzeit Sie am Nachmittag verfügbar sind?', 'id': '3fe0990e-0971-4cd0-8fb9-8dd593bc175b', 'role': 'assistant'}, {'content': 'Ab 16 Uhr bin ich erreichbar und kann Termine wahrnehmen.', 'id': 'lc_run--019ff644-b898-7a23-a828-93bf6c39ef63-0', 'role': 'user'}, {'content': 'Verstanden. Ich suche jetzt nach verfügbaren Reparatur-Terminen ab sechzehn Uhr für die kommenden Wochen. Gibt es bestimmte Wochentage, die Ihnen besonders gut passen?', 'id': 'ef27750e-66bc-4d16-9e32-5765c252d3a4', 'role': 'assistant'}, {'content': 'Nein, der Wochentag ist egal, Hauptsache ab 16 Uhr.', 'id': 'lc_run--019ff644-c400-7480-9b42-678bb550df4a-0', 'role': 'user'}, {'content': 'Leider sind auch in den nächsten Wochen keine Reparatur-Termine ab sechzehn Uhr verfügbar. Möchten Sie, dass ich Sie benachrichtige, sobald wieder Termine frei sind, oder wünschen Sie einen Rückruf?', 'id': 'c2d713d8-a7bc-4d72-a1e9-6dd430067863', 'role': 'assistant'}, {'content': 'Dann wünsche ich bitte einen Rückruf von einem Mitarbeitenden.', 'id': 'lc_run--019ff644-d68e-7ff3-8b0d-f191a19bb06f-0', 'role': 'user'}, {'content': 'Alles klar, ich gebe Ihren Rückrufwunsch weiter. Ein Mitarbeitender von Surfers Immobilien wird sich bei Ihnen melden. Vielen Dank für Ihren Anruf und einen schönen Tag!', 'id': '43819b61-8b9b-4b02-a505-db672fca9154', 'role': 'assistant'}, {'content': 'Vielen Dank, auf Wiederhören.', 'id': 'lc_run--019ff644-e5b4-7593-820a-91262339aaf7-0', 'role': 'user'}, {'content': 'Sehr gerne. Auf Wiederhören und einen angenehmen Tag für Sie!', 'id': '8b7159b8-3bbb-47ad-88c6-903997b87056', 'role': 'assistant'}, {'content': '', 'id': 'lc_run--019ff644-f1ae-7703-b3b9-a2565aa0a8cb-0', 'role': 'user'}, {'content': 'Das Gespräch ist beendet. Falls Sie wieder Unterstützung benötigen, stehe ich Ihnen gerne zur Verfügung. Auf Wiederhören!', 'id': '955a14e5-d1c3-4485-8aba-55467cacd4fa', 'role': 'assistant'}]",30.267354,,019ff644-85e2-7130-8af7-77467cc5aef6,0.0,1.0,0.1111,0.2494,0.0
Bernd Maier,015789643375,den ganzen Montag,eine Kontrolle der Wasserleitungen,surfersimmobilien+predeploy@outlook.com,"[{'content': 'Guten Tag, Sie sprechen mit der digitalen Anruf-Assistentin von Surfers Immobilien. Wie kann ich Ihnen weiterhelfen? Was ist der Grund Ihres Anrufs?', 'role': 'assistant'}, {'content': 'Hallo, mein Name ist Bernd Maier und ich würde gerne einen Termin für eine Kontrolle der Wasserleitungen vereinbaren.', 'id': '59eaa80d-d6f1-44bb-afc9-b7fa35af20bb', 'role': 'user'}, {'content': 'Für eine Kontrolle der Wasserleitungen passt vermutlich der Bereich ""Reparatur"" am besten. Möchten Sie dafür einen Termin buchen?', 'id': '229c97a3-527e-404b-a801-878a1223142d', 'role': 'assistant'}, {'content': 'Ja, bitte. Ich möchte dafür gerne einen Termin buchen.', 'id': 'lc_run--019ff644-a0b2-72f3-b4e5-4c7f050ef1bf-0', 'role': 'user'}, {'content': 'Leider sind aktuell keine freien Termine für eine Reparatur verfügbar. Möchten Sie, dass ich nach einem anderen Zeitraum suche oder soll ich Sie informieren, sobald wieder Termine frei sind?', 'id': '26ab022e-e63a-4810-b8c3-ff40fc354cd6', 'role': 'assistant'}, {'content': 'Könnte mich bitte ein Mitarbeitender zurückrufen, um das Anliegen zu klären oder persönlich einen Termin zu vereinbaren?', 'id': 'lc_run--019ff644-b400-7cb1-9a48-038b2c5f939f-0', 'role': 'user'}, {'content': 'Natürlich, ich gebe Ihr Anliegen weiter. Ein Mitarbeitender wird Sie zurückrufen, um alles persönlich zu besprechen und einen Termin zu vereinbaren. Vielen Dank für Ihren Anruf und einen schönen Tag!', 'id': '21847024-29db-454e-a238-8625a9592761', 'role': 'assistant'}, {'content': 'Vielen Dank. Ihnen auch einen schönen Tag, auf Wiederhören.', 'id': 'lc_run--019ff644-c3fd-7281-af3d-4bc1f475b367-0', 'role': 'user'}, {'content': 'Auf Wiederhören und alles Gute für Sie!', 'id': '213e3c6c-881d-4409-94be-db1757d22c50', 'role': 'assistant'}, {'content': '', 'id': 'lc_run--019ff644-d0c6-7e62-8f24-9f3f1f81bfaf-0', 'role': 'user'}, {'content': 'Das Gespräch ist beendet. Falls Sie wieder Unterstützung benötigen, stehe ich Ihnen gerne zur Verfügung.', 'id': '2bf5917d-aaba-43db-a67b-3419342e7ebd', 'role': 'assistant'}]",20.748441,,019ff644-8db5-7301-87cc-c3c9d813ff05,0.0,1.0,0.1667,0.6065,1.0
Herbert Dietrich,015789643375,"flexibel, außer montags",eine Reparatur der Gegensprechanlage im Erdgeschoss,surfersimmobilien+predeploy@outlook.com,"[{'content': 'Guten Tag, Sie sprechen mit der digitalen Anruf-Assistentin von Surfers Immobilien. Wie kann ich Ihnen weiterhelfen? Was ist der Grund Ihres Anrufs?', 'role': 'assistant'}, {'content': 'Hallo, mein Name ist Herbert Dietrich und ich würde gerne einen Termin für eine Reparatur der Gegensprechanlage im Erdgeschoss vereinbaren.', 'id': '933b2b96-3f0c-45a6-a263-89ae5a8f59ff', 'role': 'user'}, {'content': 'Für eine Reparatur gibt es einen passenden Termin-Typ. Möchten Sie einen Termin für ""Reparatur"" buchen?', 'id': '2c19cfbe-f451-4324-9a33-454c2e40a5cb', 'role': 'assistant'}, {'content': 'Ja, bitte.', 'id': 'lc_run--019ff644-b862-7393-81d3-fd62387c3522-0', 'role': 'user'}, {'content': 'Im Moment sind leider keine Termine für eine Reparatur in den nächsten sieben Tagen verfügbar. Möchten Sie, dass ich nach späteren Zeiträumen schaue?', 'id': 'a3daf9eb-cb81-4840-8e49-f967a75a55df', 'role': 'assistant'}, {'content': 'Ja, gerne. Bitte schauen Sie nach späteren Zeiträumen.', 'id': 'lc_run--019ff644-c92e-7490-8e69-3c3a51280c9a-0', 'role': 'user'}, {'content': 'Auch im Zeitraum ab dem zwanzigsten August bis zum dritten September gibt es keine freien Reparaturtermine. Soll ich noch weiter in die Zukunft suchen?', 'id': 'f957d419-1218-4a0c-8b46-16b5e73ee413', 'role': 'assistant'}, {'content': 'Ja, bitte suchen Sie noch weiter.', 'id': 'lc_run--019ff644-dc09-74c1-a784-066bdd79f412-0', 'role': 'user'}, {'content': 'Auch im Zeitraum ab dem vierten September bis zum achtzehnten September sind keine Reparaturtermine frei. Möchten Sie, dass ich noch weiter in die Zukunft schaue oder möchten Sie lieber zurückgerufen werden, sobald wieder Termine verfügbar sind?', 'id': '002f560a-cafe-4969-94f3-ce8f59f689e1', 'role': 'assistant'}, {'content': 'Dann würde ich lieber gerne zurückgerufen werden, sobald wieder Termine verfügbar sind.', 'id': 'lc_run--019ff644-f217-77b2-a8b9-5420c32698a0-0', 'role': 'user'}, {'content': 'Das notiere ich für Sie. Sie werden benachrichtigt, sobald wieder Reparaturtermine verfügbar sind. Einen schönen Tag noch!', 'id': 'd4b4625b-daed-40d3-93c7-06cccc959530', 'role': 'assistant'}, {'content': 'Vielen Dank, Ihnen auch einen schönen Tag. Auf Wiederhören.', 'id': 'lc_run--019ff645-0418-7281-adaa-1ef5b8276da3-0', 'role': 'user'}, {'content': 'Auf Wiederhören, Herr Dietrich. Alles Gute für Sie!', 'id': 'f491377f-c248-4d25-a0b5-50b389db55f8', 'role': 'assistant'}, {'content': '', 'id': 'lc_run--019ff645-0f67-7861-aa68-17dd3121c80e-0', 'role': 'user'}, {'content': 'Die Verbindung wurde beendet. Wenn Sie wieder einen Termin benötigen, stehe ich Ihnen gerne zur Verfügung.', 'id': '1f138bcf-0768-4be9-bd89-3dcbe56be3f3', 'role': 'assistant'}]",31.9275,,019ff644-a571-72a3-8115-2d4f697c1f63,0.0,1.0,0.0,0.0111,0.0
Petra Hoffmann,015789643375,nur nachmittags ab 15 Uhr,eine Besprechung zur Vertragsverlängerung,surfersimmobilien+predeploy@outlook.com,"[{'content': 'Guten Tag, Sie sprechen mit der digitalen Anruf-Assistentin von Surfers Immobilien. Wie kann ich Ihnen weiterhelfen? Was ist der Grund für Ihren Anruf?', 'role': 'assistant'}, {'content': 'Hallo, mein Name ist Petra Hoffmann und ich würde gerne einen Termin für eine Besprechung zur Vertragsverlängerung vereinbaren.', 'id': '5d8d25c8-7802-4de1-9c41-6a4de7bcc376', 'role': 'user'}, {'content': 'Für eine Besprechung zur Vertragsverlängerung passt am besten der Termin-Typ „Besprechung von Dokumenten“. Möchten Sie diesen Termin buchen?', 'id': '22fc08af-d302-464a-924b-1c8b0713a29e', 'role': 'assistant'}, {'content': 'Ja, gerne.', 'id': 'lc_run--019ff644-f394-7370-815c-a57b3ca476ff-0', 'role': 'user'}, {'content': 'Im Moment sind leider keine freien Zeiten für eine Besprechung von Dokumenten in den nächsten sieben Tagen verfügbar. Möchten Sie, dass ich nach einem späteren Zeitraum suche?', 'id': 'b7931ebf-fe79-48dc-99b2-4c4f444f2b99', 'role': 'assistant'}, {'content': 'Ja, bitte suchen Sie nach einem späteren Zeitraum.', 'id': 'lc_run--019ff645-092f-7681-be3d-961695e4806f-0', 'role': 'user'}, {'content': 'Auch im Zeitraum ab dem zwanzigsten August bis zum dritten September sind keine freien Zeiten verfügbar. Möchten Sie, dass ich noch weiter in die Zukunft schaue?', 'id': '5205ab51-f557-4aa5-bea2-11205b8dce75', 'role': 'assistant'}, {'content': 'Ja, bitte schauen Sie noch weiter in die Zukunft.', 'id': 'lc_run--019ff645-1e6e-7f32-a9c7-01feb6530e95-0', 'role': 'user'}, {'content': 'Auch im Zeitraum ab dem vierten September bis zum achtzehnten September gibt es keine freien Termine. Möchten Sie, dass ich noch weiter in die Zukunft suche oder möchten Sie es zu einem späteren Zeitpunkt erneut versuchen?', 'id': '1bbd2ded-afa1-42d9-a70b-4a80f5f1c3e1', 'role': 'assistant'}, {'content': 'Dann würde ich gerne um einen Rückruf durch einen Mitarbeitenden bitten, um das persönlich zu klären.', 'id': 'lc_run--019ff645-3531-7552-9b80-d082d3c0f5a4-0', 'role': 'user'}, {'content': 'Das ist notiert. Ein Mitarbeitender wird Sie zurückrufen, um Ihr Anliegen persönlich zu besprechen. Vielen Dank für Ihren Anruf und einen schönen Tag noch!', 'id': 'a9b98e22-6a87-4f2b-8f01-7b19e84d1da7', 'role': 'assistant'}, {'content': 'Vielen Dank, Ihnen auch einen schönen Tag. Auf Wiederhören.', 'id': 'lc_run--019ff645-4a00-7c50-a9a0-c46510f1fedb-0', 'role': 'user'}, {'content': 'Auf Wiederhören, Frau Hoffmann. Alles Gute für Sie!', 'id': 'f85f107b-2ecc-4420-bc5e-0037f2ddee7b', 'role': 'assistant'}, {'content': '', 'id': 'lc_run--019ff645-547c-7bb1-a72f-5484f055fbbc-0', 'role': 'user'}, {'content': 'Das Gespräch ist beendet. Falls Sie wieder Unterstützung benötigen, stehe ich Ihnen gerne zur Verfügung. Auf Wiederhören!', 'id': 'f684c37b-dfe1-4976-9c04-780b8db881ab', 'role': 'assistant'}]",33.644197,,019ff644-dec3-74e1-b9d8-a3c313b62b04,0.0,1.0,0.125,0.3247,0.0
Nicole Winkler,015789643375,"am Wochenende, Samstag oder Sonntag",eine Übergabe der neuen Schlüssel,surfersimmobilien+predeploy@outlook.com,"[{'content': 'Guten Tag, Sie sprechen mit der digitalen Anruf-Assistentin von Surfers Immobilien. Wie kann ich Ihnen weiterhelfen? Was ist der Grund Ihres Anrufs?', 'role': 'assistant'}, {'content': 'Hallo, mein Name ist Nicole Winkler und ich würde gerne einen Termin für eine Übergabe der neuen Schlüssel vereinbaren.', 'id': '452b9119-2769-4ead-b17b-c0d8d9928f42', 'role': 'user'}, {'content': 'Für eine Schlüsselübergabe gibt es aktuell keinen eigenen Termin-Typ. Es stehen folgende Optionen zur Auswahl: Allgemeine Anfragen, Reparatur, Beschwerde oder Besprechung von Dokumenten. Welche dieser Möglichkeiten passt am besten zu Ihrem Anliegen?', 'id': 'aa8d04a6-10bf-4c7e-ae05-10e287b4c27d', 'role': 'assistant'}, {'content': 'Dann passt vermutlich „Allgemeine Anfragen“ am besten.', 'id': 'lc_run--019ff645-132e-78a0-acd1-1009c62bf366-0', 'role': 'user'}, {'content': 'Alles klar, ich buche für Sie einen Termin unter „Allgemeine Anfragen“. Gibt es ein bestimmtes Datum oder eine Uhrzeit, die Sie bevorzugen?', 'id': '8d25033c-0cda-4ecf-b8c4-04be0dd13b45', 'role': 'assistant'}, {'content': 'Ich bin nur am Wochenende erreichbar, also Samstag oder Sonntag. Da wäre ich zeitlich flexibel.', 'id': 'lc_run--019ff645-1f09-72f0-abfe-05c6e0e3eaa7-0', 'role': 'user'}, {'content': 'Am kommenden Samstag und Sonntag sind leider keine freien Zeiten verfügbar. Möchten Sie einen anderen Termin an einem späteren Wochenende versuchen?', 'id': '884a08c4-643f-40ec-b323-d9fb3662e2a7', 'role': 'assistant'}, {'content': 'Ja, gerne. Bitte schauen Sie nach einem späteren Wochenende, Samstag oder Sonntag.', 'id': 'lc_run--019ff645-3530-7933-bbca-752f1dc50f11-0', 'role': 'user'}, {'content': 'Auch am letzten August-Wochenende gibt es keine freien Zeiten. Soll ich im September für Sie weitersuchen?', 'id': '349bf002-c448-4760-a4f5-e56b2a976cad', 'role': 'assistant'}, {'content': 'Ja, bitte suchen Sie im September nach einem Termin am Samstag oder Sonntag.', 'id': 'lc_run--019ff645-4f47-7470-901d-f292a2d83450-0', 'role': 'user'}, {'content': 'Auch am zweiten September-Wochenende gibt es keine freien Termine. Soll ich weiter für Sie suchen?', 'id': '3fb238ed-437f-4db3-afcf-22312422d35d', 'role': 'assistant'}, {'content': 'Ja, bitte. Ich kann wirklich nur samstags oder sonntags.', 'id': 'lc_run--019ff645-6958-7950-92e1-34f7d4de1f1a-0', 'role': 'user'}, {'content': 'Auch am dritten September-Wochenende ist leider nichts frei. Ich schaue direkt beim vierten Wochenende weiter. Ist das in Ordnung für Sie?', 'id': '79811462-b3bc-4b31-a34c-12af8f1438ce', 'role': 'assistant'}, {'content': 'Ja, das ist in Ordnung. Vielen Dank.', 'id': 'lc_run--019ff645-7bb6-7980-8a20-4b0976ff9c0e-0', 'role': 'user'}, {'content': 'Auch am vierten September-Wochenende gibt es keine freien Termine. Möchten Sie, dass ich im Oktober weitersuche?', 'id': '8fc11875-e806-4851-9708-b8e8204d6020', 'role': 'assistant'}, {'content': 'Ja, gerne. Bitte schauen Sie im Oktober nach einem Samstag oder Sonntag.', 'id': 'lc_run--019ff645-8dc3-7cf2-90bc-75608fdeddbc-0', 'role': 'user'}, {'content': 'Auch am ersten Oktober-Wochenende ist leider kein Termin frei. Soll ich das nächste Wochenende im Oktober prüfen?', 'id': 'd4b40c72-c19a-4b97-86d9-477fad7e0d77', 'role': 'assistant'}, {'content': 'Ja, bitte prüfen Sie das nächste Wochenende im Oktober.', 'id': 'lc_run--019ff645-a1b3-7fb3-b928-50a5f07772c4-0', 'role': 'user'}, {'content': 'Auch am zweiten Oktober-Wochenende gibt es keine freien Zeiten. Möchten Sie, dass ich das dritte Oktober-Wochenende prüfe?', 'id': '34bc09fc-64ce-4fda-ba7e-9bc274194bc1', 'role': 'assistant'}, {'content': 'Ja, gerne. Bitte prüfen Sie auch das dritte Oktober-Wochenende.', 'id': 'lc_run--019ff645-b97e-7d10-b247-aa1ab9b5425e-0', 'role': 'user'}, {'content': 'Auch am dritten Oktober-Wochenende ist leider kein Termin verfügbar. Soll ich das vierte Wochenende im Oktober prüfen?', 'id': 'a8648bf6-a7f2-4610-8392-13fde0ee1bda', 'role': 'assistant'}, {'content': 'Ja, bitte. Falls weiterhin nichts frei ist, würde ich gerne von einem Mitarbeitenden zurückgerufen werden.', 'id': 'lc_run--019ff645-ce8e-7c51-b275-7a5c8ba6efe1-0', 'role': 'user'}, {'content': 'Auch am vierten Oktober-Wochenende gibt es keine freien Termine. Ich kann einen Rückruf für Sie veranlassen. Möchten Sie dafür Ihre Telefonnummer bestätigen oder eine andere Nummer angeben?', 'id': 'dfece5ae-2a18-4d5a-ad41-178a2a1f27fd', 'role': 'assistant'}, {'content': 'Ja, gerne. Meine Telefonnummer ist 015789643375.', 'id': 'lc_run--019ff645-e444-7e43-9557-a16fcd8fb7fe-0', 'role': 'user'}, {'content': 'Vielen Dank, Frau Winkler. Ich gebe Ihre Nummer null eins fünf sieben acht neun sechs vier drei drei sieben fünf für den Rückruf weiter. Ein Mitarbeitender wird sich bei Ihnen melden. Einen schönen Tag noch!', 'id': '71cb1f5b-25c3-4002-a0f3-4b6a7b1129c8', 'role': 'assistant'}, {'content': 'Vielen Dank. Ich wünsche Ihnen auch einen schönen Tag. Auf Wiederhören.', 'id': 'lc_run--019ff645-ffb6-7e01-92cb-ab68b07f004b-0', 'role': 'user'}, {'content': 'Auf Wiederhören, Frau Winkler. Alles Gute!', 'id': '0ea51120-c269-4889-953a-332f32bd8264', 'role': 'assistant'}, {'content': '', 'id': 'lc_run--019ff646-0bfc-7201-b5c3-6939487715fa-0', 'role': 'user'}, {'content': 'Falls Sie wieder einen Termin buchen möchten, stehe ich Ihnen gerne zur Verfügung. Auf Wiederhören!', 'id': '1189bc12-a83b-4ca9-b633-85eccb01d583', 'role': 'assistant'}]",71.966575,,019ff644-fc1f-7441-a7f1-da101b12cdaa,1.0,1.0,0.0667,0.0889,0.0
Margarete Lang,015789643375,Mittwoch und Freitag vormittags,eine Terminabsprache für den Winterdienst,surfersimmobilien+predeploy@outlook.com,"[{'content': 'Guten Tag, Sie sprechen mit der digitalen Anruf-Assistentin von Surfers Immobilien. Wie kann ich Ihnen weiterhelfen? Was ist der Grund für Ihren Anruf?', 'role': 'assistant'}, {'content': 'Hallo, mein Name ist Margarete Lang und ich würde gerne einen Termin für eine Terminabsprache für den Winterdienst vereinbaren.', 'id': 'f2ac1f51-6d39-431c-9c3e-7a8e3cd5b1d0', 'role': 'user'}, {'content': 'Für eine Terminabsprache zum Winterdienst passt vermutlich am besten entweder „Allgemeine Anfragen“ oder „Besprechung von Dokumenten“. Möchten Sie einen dieser beiden auswählen, oder wünschen Sie eine kurze Erklärung zu den Optionen?', 'id': 'c6dc1c83-5877-4566-9c98-da7961d38bf3', 'role': 'assistant'}, {'content': 'Dann nehme ich bitte „Allgemeine Anfragen“.', 'id': 'lc_run--019ff645-16c8-76b0-a799-b4d7d081dc89-0', 'role': 'user'}, {'content': 'Alles klar, ich buche für Sie einen Termin unter „Allgemeine Anfragen“. Gibt es ein bestimmtes Datum oder eine Uhrzeit, die Ihnen besonders gut passt?', 'id': '5dd13444-0f4c-47c7-8d90-7a4243b6782b', 'role': 'assistant'}, {'content': 'Ich bin mittwochs und freitags vormittags erreichbar. Haben Sie da einen passenden Termin frei?', 'id': 'lc_run--019ff645-25d9-7802-a948-3900f88d7157-0', 'role': 'user'}, {'content': 'Leider kann ich gerade keine freien Termine für „Allgemeine Anfragen“ an einem Mittwoch oder Freitag vormittags finden. Möchten Sie, dass ich nach anderen Tagen oder Uhrzeiten für Sie schaue?', 'id': '6ef8f0b2-5994-4a0c-9b0a-c75d6c990695', 'role': 'assistant'}, {'content': 'Nein, leider kann ich nur mittwochs und freitags vormittags. Könnte mich bitte ein Mitarbeitender zurückrufen, um das zu klären?', 'id': 'lc_run--019ff645-3ae9-71b1-b548-6441b768c878-0', 'role': 'user'}, {'content': 'Natürlich, ich gebe Ihren Rückrufwunsch weiter. Ein Mitarbeitender von Surfers Immobilien wird sich bei Ihnen melden. Vielen Dank für Ihren Anruf und einen schönen Tag noch!', 'id': 'ae96555f-f270-4dcc-9058-a6a8f80d4ad4', 'role': 'assistant'}, {'content': 'Vielen Dank, das ist sehr freundlich. Auf Wiederhören!', 'id': 'lc_run--019ff645-4c40-7501-b9b7-bfb15b9ba347-0', 'role': 'user'}, {'content': 'Sehr gern. Auf Wiederhören und alles Gute für Sie!', 'id': 'ff597897-3351-4c58-bc12-d29059f54458', 'role': 'assistant'}, {'content': '', 'id': 'lc_run--019ff645-5bb2-7e31-867a-d4e84fdfc254-0', 'role': 'user'}, {'content': 'Das Gespräch ist beendet. Falls Sie wieder Unterstützung benötigen, melden Sie sich gern. Einen schönen Tag noch!', 'id': '3e82b2e3-be2a-4f75-a309-69b51531003f', 'role': 'assistant'}]",26.030625,,019ff644-ffb3-7cd3-8060-de76ace7cfde,0.0,1.0,0.1429,0.4376,0.0
Claudia Koch,015789643375,"am Wochenende, Samstag oder Sonntag",eine Klärung der Nebenkostenabrechnung,surfersimmobilien+predeploy@outlook.com,"[{'content': 'Guten Tag, Sie sprechen mit der digitalen Anruf-Assistentin von Surfers Immobilien. Wie kann ich Ihnen weiterhelfen? Was ist der Grund für Ihren Anruf?', 'role': 'assistant'}, {'content': 'Hallo, mein Name ist Claudia Koch und ich würde gerne einen Termin für eine Klärung der Nebenkostenabrechnung vereinbaren.', 'id': '7db883ef-f5cd-4812-8973-8bfddff8432c', 'role': 'user'}, {'content': 'Für eine Klärung der Nebenkostenabrechnung passt am besten der Termin „Besprechung von Dokumenten“. Möchten Sie diesen Termin buchen?', 'id': '097b6960-96cb-4490-9b95-11485ad51468', 'role': 'assistant'}, {'content': 'Ja, gerne.', 'id': 'lc_run--019ff645-37cf-7780-8ecd-3823e0a895a1-0', 'role': 'user'}, {'content': 'Haben Sie einen bestimmten Tag oder eine Uhrzeit im Kopf, oder soll ich einfach die nächsten verfügbaren Zeiten für Sie heraussuchen?', 'id': 'a4accb11-b703-4afb-81d8-046f28ab4822', 'role': 'assistant'}, {'content': 'Am besten am Wochenende, also Samstag oder Sonntag. Da bin ich erreichbar.', 'id': 'lc_run--019ff645-4280-7d61-a51d-454deb187cf0-0', 'role': 'user'}, {'content': 'Am kommenden Samstag und Sonntag sind aktuell keine freien Zeiten verfügbar. Soll ich nach freien Terminen am darauffolgenden Wochenende schauen?', 'id': '28afd9d4-3fc4-4a65-a8bb-1a4f87ddb536', 'role': 'assistant'}, {'content': 'Ja, bitte schauen Sie nach freien Terminen am darauffolgenden Wochenende.', 'id': 'lc_run--019ff645-57fa-7b83-a7be-dd6a4796c2f2-0', 'role': 'user'}, {'content': 'Auch am darauffolgenden Samstag und Sonntag gibt es leider keine freien Termine. Möchten Sie stattdessen einen Termin unter der Woche buchen, oder soll ich noch weiter in die Zukunft schauen?', 'id': '7585e919-889f-481b-85c1-d491dcc538c2', 'role': 'assistant'}, {'content': 'Bitte schauen Sie noch weiter in die Zukunft, ich kann nur am Wochenende Termine wahrnehmen.', 'id': 'lc_run--019ff645-6cab-7482-a923-8becedca4236-0', 'role': 'user'}, {'content': 'Alles klar, ich suche jetzt nach freien Terminen an den Wochenenden in den nächsten Wochen. Sobald ich etwas finde, melde ich mich. Ist das in Ordnung für Sie?', 'id': 'acd037f8-924c-48b4-9a11-4bba30c25cb4', 'role': 'assistant'}, {'content': 'Ja, das ist in Ordnung. Vielen Dank.', 'id': 'lc_run--019ff645-7a61-76a1-a7dd-2287debd8375-0', 'role': 'user'}, {'content': 'Auch in den nächsten beiden Wochenenden sind keine freien Termine verfügbar. Möchten Sie, dass ich noch weiter in die Zukunft schaue, oder möchten Sie lieber benachrichtigt werden, sobald wieder ein Termin am Wochenende frei ist?', 'id': '5c45c820-cbb9-4d33-96f5-d8cf2492df9c', 'role': 'assistant'}, {'content': 'Ich würde lieber benachrichtigt werden, sobald wieder ein Termin am Wochenende frei ist.', 'id': 'lc_run--019ff645-8e50-70d2-b379-bcd8448fda54-0', 'role': 'user'}, {'content': 'Das kann ich leider nicht direkt für Sie einrichten. Ich kann aber weiterhin nach einem freien Termin suchen oder Ihnen einen Termin unter der Woche anbieten. Wie möchten Sie fortfahren?', 'id': 'd138fbcf-da13-4ba0-bd7c-c7438ffebd23', 'role': 'assistant'}, {'content': 'Dann würde ich gerne um einen Rückruf von einem Mitarbeitenden bitten, um das Anliegen zu klären oder persönlich einen Termin zu vereinbaren.', 'id': 'lc_run--019ff645-9a16-76c2-8b3d-65acbb0f3aef-0', 'role': 'user'}, {'content': 'Ich gebe Ihren Rückrufwunsch gerne weiter. Ein Mitarbeitender von Surfers Immobilien wird sich bei Ihnen melden, um Ihr Anliegen zu besprechen oder einen Termin zu vereinbaren.\n\nVielen Dank für Ihren Anruf und einen schönen Tag noch!', 'id': '2bd62f0e-d5c9-4bec-8fd6-94baefad4005', 'role': 'assistant'}, {'content': 'Vielen Dank, Ihnen auch einen schönen Tag. Auf Wiederhören.', 'id': 'lc_run--019ff645-ad52-7771-81c9-dba3f6a69359-0', 'role': 'user'}, {'content': 'Auf Wiederhören, Frau Koch. Alles Gute für Sie!', 'id': '367c96cb-6f11-4816-a567-195e53747883', 'role': 'assistant'}, {'content': '', 'id': 'lc_run--019ff645-bbb2-79a0-9c7f-5d2c12f7304d-0', 'role': 'user'}, {'content': 'Die Verbindung wird nun beendet. Falls Sie wieder Unterstützung benötigen, stehe ich Ihnen gerne zur Verfügung. Auf Wiederhören!', 'id': '556412f3-1921-417c-a864-3542d96df3e5', 'role': 'assistant'}]",41.558524,,019ff645-222a-76d2-802c-e16903088c8b,0.0,1.0,0.0909,0.1617,0.0
Uwe Schwarz,015789643375,den ganzen Donnerstag,eine Wohnungsübergabe nach Auszug,surfersimmobilien+predeploy@outlook.com,"[{'content': 'Guten Tag, Sie sprechen mit der digitalen Anruf-Assistentin von Surfers Immobilien. Wie kann ich Ihnen weiterhelfen? Was ist der Grund Ihres Anrufs?', 'role': 'assistant'}, {'content': 'Hallo, mein Name ist Uwe Schwarz und ich würde gerne einen Termin für eine Wohnungsübergabe nach Auszug vereinbaren.', 'id': 'b12ac3b0-5e73-47ee-a3ba-878627a93cdf', 'role': 'user'}, {'content': 'Für eine Wohnungsübergabe nach Auszug gibt es aktuell keinen eigenen Termin-Typ. Am ehesten passt „Allgemeine Anfragen“, „Besprechung von Dokumenten“ oder „Reparatur“. Welche dieser Optionen möchten Sie wählen?', 'id': '20a71d75-5102-49a7-b550-5bf37cf1aeaf', 'role': 'assistant'}, {'content': 'Dann wählen wir bitte „Allgemeine Anfragen“.', 'id': 'lc_run--019ff645-7a67-7a62-a2ca-508e3b35679c-0', 'role': 'user'}, {'content': 'Alles klar, ich buche für Sie einen Termin unter „Allgemeine Anfragen“. An welchem Tag und zu welcher Uhrzeit möchten Sie den Termin wahrnehmen?', 'id': 'ad6baaf1-4f52-406d-beb1-ebb338a6a239', 'role': 'assistant'}, {'content': 'Ich bin den ganzen Donnerstag erreichbar und kann an dem Tag einen Termin wahrnehmen. Was wäre da möglich?', 'id': 'lc_run--019ff645-86c8-7991-8b7c-c983ac39b964-0', 'role': 'user'}, {'content': 'Am Donnerstag, den dreizehnten August zweitausendsechsundzwanzig sind leider keine freien Zeiten verfügbar. Möchten Sie einen anderen Tag vorschlagen?', 'id': '77b0eb75-5203-4dd6-aefc-df26e3f628d3', 'role': 'assistant'}, {'content': 'Leider kann ich nur donnerstags. Könnte mich bitte ein Mitarbeitender zurückrufen, um das zu klären oder persönlich einen Termin zu vereinbaren?', 'id': 'lc_run--019ff645-9f96-7f01-a0d8-2af8fa44f5bc-0', 'role': 'user'}, {'content': 'Natürlich, ich gebe Ihren Rückrufwunsch weiter. Ein Mitarbeitender von Surfers Immobilien wird sich bei Ihnen melden, um einen passenden Termin zu finden. Vielen Dank für Ihren Anruf und einen schönen Tag noch!', 'id': 'bbec6497-465c-459a-869b-ed3994619aea', 'role': 'assistant'}, {'content': 'Vielen Dank, Ihnen auch einen schönen Tag. Auf Wiederhören.', 'id': 'lc_run--019ff645-b205-7402-9fc7-01b0c7ea8ecf-0', 'role': 'user'}, {'content': 'Auf Wiederhören, Herr Schwarz. Alles Gute für Sie!', 'id': '6120be4c-12b8-4713-9dc4-d8dd6e0b37df', 'role': 'assistant'}, {'content': '', 'id': 'lc_run--019ff645-bf09-70f1-8118-8970f2e72e90-0', 'role': 'user'}, {'content': 'Das Gespräch ist beendet. Wenn Sie wieder einen Termin buchen möchten, stehe ich Ihnen gerne zur Verfügung. Auf Wiederhören!', 'id': '51df096a-b740-4300-b4b6-17a1d752b65b', 'role': 'assistant'}]",28.346793,,019ff645-6230-72c2-ae80-278b7261b981,0.0,1.0,0.1429,0.4376,0.0
Otto Heinrich,015789643375,immer montags und mittwochs,eine Reparatur der Kellertür,surfersimmobilien+predeploy@outlook.com,"[{'content': 'Guten Tag, Sie sprechen mit der digitalen Anruf-Assistentin von Surfers Immobilien. Wie kann ich Ihnen weiterhelfen? Was ist der Grund Ihres Anrufs?', 'role': 'assistant'}, {'content': 'Hallo, mein Name ist Otto Heinrich und ich würde gerne einen Termin für eine Reparatur der Kellertür vereinbaren.', 'id': 'e0eda64b-bd32-4607-94e6-55e5a192b7ea', 'role': 'user'}, {'content': 'Für eine Reparatur gibt es einen passenden Termin-Typ. Möchten Sie einen Reparatur-Termin für Ihre Kellertür buchen?', 'id': '0b2c0861-8d91-43a8-be3a-a48842196385', 'role': 'assistant'}, {'content': 'Ja, gerne.', 'id': 'lc_run--019ff645-7863-76e1-b877-68fba4fad22e-0', 'role': 'user'}, {'content': 'Haben Sie einen bestimmten Tag oder eine Uhrzeit im Kopf, wann der Reparatur-Termin stattfinden soll?', 'id': '60f175ca-337a-4632-bcf3-0b8fab1cc8d4', 'role': 'assistant'}, {'content': 'Ich bin montags und mittwochs erreichbar. Am liebsten vormittags, wenn möglich.', 'id': 'lc_run--019ff645-a32d-7191-8ec5-ba3df887968b-0', 'role': 'user'}, {'content': 'Leider sind am kommenden Montag und Mittwoch vormittags keine freien Termine verfügbar. Möchten Sie stattdessen einen anderen Tag oder eine andere Uhrzeit ausprobieren?', 'id': '81ad78e3-ffa1-4ae5-97c8-3f0822c1ba4b', 'role': 'assistant'}, {'content': 'Ich kann leider nur montags und mittwochs. Gibt es an diesen Tagen vielleicht nachmittags freie Termine?', 'id': 'lc_run--019ff645-c4fc-7d30-af46-a783190e6be2-0', 'role': 'user'}, {'content': 'Auch nachmittags sind am kommenden Montag und Mittwoch keine freien Reparatur-Termine verfügbar. Soll ich nach Terminen in der darauffolgenden Woche suchen?', 'id': '5fdbd16a-970c-41e2-89e2-401577bb53c5', 'role': 'assistant'}, {'content': 'Ja, bitte suchen Sie in der darauffolgenden Woche nach Terminen am Montag oder Mittwoch.', 'id': 'lc_run--019ff645-e108-75f2-a34f-6f759c99150f-0', 'role': 'user'}, {'content': 'Leider sind auch am Montag, den vierundzwanzigsten August und Mittwoch, den sechsundzwanzigsten August keine Reparatur-Termine frei. Möchten Sie, dass ich noch weiter in die Zukunft schaue oder sollen wir die Suche anders eingrenzen?', 'id': '21ce8ef9-9901-4c06-a464-e21be1703268', 'role': 'assistant'}, {'content': 'Dann würde ich gerne um einen Rückruf durch einen Mitarbeitenden bitten, um das persönlich zu klären.', 'id': 'lc_run--019ff645-fb4e-7af1-820e-3fa0d29ad918-0', 'role': 'user'}, {'content': 'Alles klar, ich gebe Ihren Rückrufwunsch weiter. Ein Mitarbeitender von Surfers Immobilien wird sich bei Ihnen melden. Vielen Dank für Ihren Anruf und einen schönen Tag!', 'id': 'c728b8d3-52f3-478b-a96b-f49f766c71e5', 'role': 'assistant'}, {'content': 'Vielen Dank. Auf Wiederhören!', 'id': 'lc_run--019ff646-09e0-72d0-a4eb-0cdcbd2f5d06-0', 'role': 'user'}, {'content': 'Auf Wiederhören, Herr Heinrich!', 'id': '1dd9824e-a9c6-4fd7-9e93-b11620c191fd', 'role': 'assistant'}, {'content': '', 'id': 'lc_run--019ff646-1713-73a1-8713-424ab96e62c7-0', 'role': 'user'}, {'content': 'Das Gespräch ist beendet. Wenn Sie wieder einen Termin buchen möchten, stehe ich Ihnen gerne zur Verfügung.', 'id': 'a94229e8-2a7a-4fa8-8099-529fba6956bd', 'role': 'assistant'}]",47.979583,,019ff645-6563-7242-baad-2270cbba1725,0.0,1.0,0.1111,0.2494,0.0
Christine Kraus,015789643375,Montag von 14 Uhr bis 16 Uhr,eine Besichtigung eines Stellplatzes,surfersimmobilien+predeploy@outlook.com,"[{'content': 'Guten Tag, Sie sprechen mit der digitalen Anruf-Assistentin von Surfers Immobilien. Wie kann ich Ihnen weiterhelfen? Was ist der Grund Ihres Anrufs?', 'role': 'assistant'}, {'content': 'Hallo, mein Name ist Christine Kraus und ich würde gerne einen Termin für eine Besichtigung eines Stellplatzes vereinbaren.', 'id': '388345b9-5262-4a31-bfc5-e5ae952fa6ac', 'role': 'user'}, {'content': 'Für eine Besichtigung eines Stellplatzes gibt es aktuell keinen eigenen Termin-Typ. Soll ich das unter ""Allgemeine Anfragen"" für Sie buchen?', 'id': '45b52b5d-6e93-4cf2-a3c8-5d595d05bcfc', 'role': 'assistant'}, {'content': 'Ja, gerne. Das passt für mich.', 'id': 'lc_run--019ff645-d778-7c43-900b-f8d47a2f0309-0', 'role': 'user'}, {'content': 'Alles klar, Frau Kraus. Für die Buchung benötige ich Ihre E-Mail-Adresse. Könnten Sie mir diese bitte nennen?', 'id': '2337ca52-db24-48dc-bd8d-3aed2364efda', 'role': 'assistant'}, {'content': 'Ja, die lautet: surfersimmobilien+predeploy@outlook.com.', 'id': 'lc_run--019ff645-e435-72b2-b029-935caa9bc997-0', 'role': 'user'}, {'content': 'Danke. Möchten Sie einen bestimmten Tag oder eine bestimmte Uhrzeit für die Besichtigung, oder soll ich einfach den nächsten verfügbaren Termin suchen?', 'id': 'f78dba43-68d6-4690-9efc-492eba48ac59', 'role': 'assistant'}, {'content': 'Ich kann nur montags zwischen 14 und 16 Uhr. Bitte suchen Sie in diesem Zeitraum.', 'id': 'lc_run--019ff645-ef94-7982-81b3-f8a4d098804f-0', 'role': 'user'}, {'content': 'Leider sind montags zwischen vierzehn und sechzehn Uhr aktuell keine freien Termine verfügbar. Möchten Sie einen anderen Tag oder eine andere Uhrzeit ausprobieren?', 'id': 'd6c2fd16-25da-46cd-8d60-cb5f598f0c6e', 'role': 'assistant'}, {'content': 'Nein, das ist leider der einzige Zeitraum, der bei mir passt. Könnte mich bitte ein Mitarbeitender zurückrufen, um das zu klären oder persönlich einen Termin zu vereinbaren?', 'id': 'lc_run--019ff646-0c90-7d10-972e-585b2b50d47d-0', 'role': 'user'}, {'content': 'Natürlich, ich gebe Ihren Rückrufwunsch weiter. Ein Mitarbeitender von Surfers Immobilien wird Sie kontaktieren, um einen Termin persönlich mit Ihnen abzustimmen.\n\nVielen Dank für Ihren Anruf und einen schönen Tag!', 'id': '52e1e462-4e8d-46ab-93eb-6823013f0ee8', 'role': 'assistant'}, {'content': 'Vielen Dank, Ihnen auch einen schönen Tag. Auf Wiederhören.', 'id': 'lc_run--019ff646-1da6-7380-895a-59e548d85c13-0', 'role': 'user'}, {'content': 'Auf Wiederhören, Frau Kraus.', 'id': '878cb7af-315a-4fe1-bd68-d6984ecbb904', 'role': 'assistant'}, {'content': '', 'id': 'lc_run--019ff646-28bb-7631-ae77-4ae6df807402-0', 'role': 'user'}, {'content': 'Das Gespräch ist beendet. Wenn Sie wieder einen Termin buchen möchten, stehe ich Ihnen gerne zur Verfügung.', 'id': 'bf7ffcf7-2f9c-4af9-a044-4a75d2a057bf', 'role': 'assistant'}]",34.202191,,019ff645-c482-7041-8a1c-abc6d6b9bb4b,1.0,1.0,0.25,1.0,0.0
Edith Ziegler,015789643375,"am Wochenende, Samstag oder Sonntag",eine Besichtigung einer Wohnung im zweiten Stock,surfersimmobilien+predeploy@outlook.com,"[{'content': 'Guten Tag, Sie sprechen mit der digitalen Anruf-Assistentin von Surfers Immobilien. Wie kann ich Ihnen weiterhelfen? Was ist der Grund Ihres Anrufs?', 'role': 'assistant'}, {'content': 'Hallo, mein Name ist Edith Ziegler und ich würde gerne einen Termin für eine Besichtigung einer Wohnung im zweiten Stock vereinbaren.', 'id': '03aec5e3-5243-4beb-8d9c-60310a57ddbb', 'role': 'user'}, {'content': 'Für eine Wohnungsbesichtigung gibt es keinen passenden Termin-Typ in der Liste. Es stehen zur Auswahl: allgemeine Anfragen, Reparatur, Beschwerde oder Besprechung von Dokumenten. Möchten Sie einen Termin für eine allgemeine Anfrage buchen?', 'id': 'ca195853-eb94-45dd-a885-4c5341a47b96', 'role': 'assistant'}, {'content': 'Ja, gerne. Dann buchen wir bitte einen Termin für eine allgemeine Anfrage.', 'id': 'lc_run--019ff645-eb2f-7d42-8525-55e23db155a3-0', 'role': 'user'}, {'content': 'Alles klar, Frau Ziegler. Damit ich den Termin buchen kann, benötige ich Ihre E-Mail-Adresse. Könnten Sie mir diese bitte nennen?', 'id': '629166b5-27d4-40a6-867b-17a52a6b6617', 'role': 'assistant'}, {'content': 'Ja, die E-Mail-Adresse lautet: surfersimmobilien+predeploy@outlook.com.', 'id': 'lc_run--019ff645-f5f9-7a43-80ae-938ae9c7a133-0', 'role': 'user'}, {'content': 'Habe ich richtig verstanden: Ihre E-Mail-Adresse ist surfersimmobilien plus predeploy at outlook punkt com? Ist das korrekt so?', 'id': '9b4a289b-b48d-4cd8-91a0-73c0d1fc396e', 'role': 'assistant'}, {'content': 'Ja, das ist korrekt.', 'id': 'lc_run--019ff646-013a-71b1-8809-c803bc3da6bc-0', 'role': 'user'}, {'content': 'Danke, Frau Ziegler. Haben Sie einen Wunschtermin oder eine bevorzugte Uhrzeit für die allgemeine Anfrage?', 'id': 'c51ece0a-a4c3-4e37-ab94-dfe88538e1f8', 'role': 'assistant'}, {'content': 'Ja, ich bin nur am Wochenende erreichbar, also samstags oder sonntags. Eine Uhrzeit bin ich flexibel.', 'id': 'lc_run--019ff646-0d60-7443-9b08-c5d74a8cce02-0', 'role': 'user'}, {'content': 'Am kommenden Samstag und Sonntag sind leider keine Termine verfügbar. Möchten Sie einen anderen Zeitraum versuchen, zum Beispiel das darauffolgende Wochenende?', 'id': '40008880-7feb-4bcc-b5c3-40811f0ec092', 'role': 'assistant'}, {'content': 'Ja, gerne. Bitte schauen Sie nach Terminen am darauffolgenden Wochenende, Samstag oder Sonntag.', 'id': 'lc_run--019ff646-2091-77c1-a4b5-2ada917e0ad7-0', 'role': 'user'}, {'content': 'Auch am darauffolgenden Samstag und Sonntag sind keine Termine frei. Möchten Sie einen Termin unter der Woche buchen oder einen anderen Zeitraum vorschlagen?', 'id': '44b58b55-028b-4596-a9cf-df2ea178a02f', 'role': 'assistant'}, {'content': 'Unter der Woche kann ich leider nicht. Könnte mich bitte ein Mitarbeitender zurückrufen, um das persönlich zu klären?', 'id': 'lc_run--019ff646-3681-7c83-b94a-9315d245d903-0', 'role': 'user'}, {'content': 'Natürlich, Frau Ziegler. Ich gebe Ihren Rückrufwunsch weiter, damit sich jemand persönlich bei Ihnen meldet. Vielen Dank für Ihren Anruf und einen schönen Tag!', 'id': '6cd1407a-8b68-4033-a3bb-58778b66aee9', 'role': 'assistant'}, {'content': 'Vielen Dank. Auf Wiederhören und Ihnen auch einen schönen Tag!', 'id': 'lc_run--019ff646-487f-7c23-926b-e51f522b8cec-0', 'role': 'user'}, {'content': 'Auf Wiederhören, Frau Ziegler. Ihnen ebenfalls einen angenehmen Tag!', 'id': '0d627909-8ba0-469c-a354-46726b057a13', 'role': 'assistant'}, {'content': '', 'id': 'lc_run--019ff646-558e-77c0-8e7d-9b73e4b860d3-0', 'role': 'user'}, {'content': 'Das Gespräch ist beendet. Wenn Sie wieder einen Termin buchen möchten, stehe ich Ihnen gerne zur Verfügung.', 'id': '751ca8e3-8f16-43e9-91ff-6f7ad15182e4', 'role': 'assistant'}]",36.104509,,019ff645-d0ed-7112-bb31-17ba729d0e28,1.0,1.0,0.2,0.8353,0.0
Elke Frank,015789643375,nur nachmittags ab 15 Uhr,eine Reparatur des Herds,surfersimmobilien+predeploy@outlook.com,"[{'content': 'Guten Tag, Sie sprechen mit der digitalen Anruf-Assistentin von Surfers Immobilien. Was kann ich heute für Sie tun?', 'role': 'assistant'}, {'content': 'Hallo, mein Name ist Elke Frank und ich würde gerne einen Termin für eine Reparatur des Herds vereinbaren.', 'id': '1287b25d-6b4d-46ea-82e1-da88a62d1f0e', 'role': 'user'}, {'content': 'Für eine Reparatur gibt es einen passenden Termin-Typ. Möchten Sie einen Termin für „Reparatur“ buchen?', 'id': 'a08542cb-8a1f-4846-9de9-6d325c754069', 'role': 'assistant'}, {'content': 'Ja, bitte.', 'id': 'lc_run--019ff646-2662-7f93-8b97-fde2839165a4-0', 'role': 'user'}, {'content': 'Könnten Sie mir bitte sagen, wann Sie den Termin für die Reparatur des Herds wünschen?', 'id': 'a278257b-6853-470f-a91b-207026ca9dbc', 'role': 'assistant'}, {'content': 'Gerne nachmittags ab 15 Uhr.', 'id': 'lc_run--019ff646-2ff9-74e2-824d-d528835bb6f4-0', 'role': 'user'}, {'content': 'Leider sind aktuell keine Termine ab fünfzehn Uhr verfügbar. Möchten Sie lieber einen Termin am Vormittag oder zu einem anderen Zeitpunkt vereinbaren?', 'id': '41665e45-eccc-4b8c-8a7f-4639e13793c5', 'role': 'assistant'}, {'content': 'Vormittags kann ich leider nicht. Dann würde ich gerne von einem Mitarbeitenden zurückgerufen werden, um einen Termin zu klären.', 'id': 'lc_run--019ff646-43ed-7dd3-9b6a-77c8e57de181-0', 'role': 'user'}, {'content': 'Alles klar, ich gebe Ihren Rückrufwunsch weiter. Ein Mitarbeitender wird sich bei Ihnen melden, um einen Termin zu vereinbaren. Vielen Dank für Ihren Anruf und einen schönen Tag!', 'id': '8bc6084f-bf42-4037-ad94-22c821e30cd6', 'role': 'assistant'}, {'content': 'Vielen Dank. Auf Wiederhören!', 'id': 'lc_run--019ff646-5794-7c63-8f76-804bba184282-0', 'role': 'user'}, {'content': 'Auf Wiederhören, Frau Frank!', 'id': 'e3e9263f-b82c-40f8-9ffb-6fb9e7fa5306', 'role': 'assistant'}, {'content': '', 'id': 'lc_run--019ff646-6235-7050-a60e-963127a19160-0', 'role': 'user'}, {'content': 'Das Gespräch ist beendet. Wenn Sie wieder einen Termin buchen möchten, stehe ich Ihnen gerne zur Verfügung.', 'id': '2d6fcaf5-822f-4b36-9bc3-81b9c7a5ad89', 'role': 'assistant'}]",23.961267,,019ff646-153f-7782-b1e6-58bf557ae392,0.0,1.0,0.1429,0.4376,1.0
Klaus Schröder,015789643375,Mittwoch und Freitag vormittags,eine Reparatur der Klingelanlage,surfersimmobilien+predeploy@outlook.com,"[{'content': 'Guten Tag, Sie sprechen mit der digitalen Anruf-Assistentin von Surfers Immobilien. Wie kann ich Ihnen heute weiterhelfen? Was ist der Grund Ihres Anrufs?', 'role': 'assistant'}, {'content': 'Hallo, mein Name ist Klaus Schröder und ich würde gerne einen Termin für eine Reparatur der Klingelanlage vereinbaren.', 'id': '38971a38-538e-4474-a3ab-1ca62b1d2398', 'role': 'user'}, {'content': 'Für eine Reparatur gibt es einen passenden Termin-Typ. Möchten Sie einen Termin für ""Reparatur"" buchen?', 'id': '9b8164f4-0fcb-4357-b7c4-0e18298fcbaf', 'role': 'assistant'}, {'content': 'Ja, bitte.', 'id': 'lc_run--019ff646-30e5-7d83-a944-17005ad84ce5-0', 'role': 'user'}, {'content': 'Alles klar, Herr Schröder. Für die Reparatur-Termine werden keine weiteren Angaben benötigt. Gibt es ein bestimmtes Datum oder eine Uhrzeit, die Ihnen vorschwebt?', 'id': '1e4f19fd-d249-4dca-9638-f02bc72d65c9', 'role': 'assistant'}, {'content': 'Ich bin mittwochs und freitags vormittags erreichbar. Gibt es da einen passenden Termin?', 'id': 'lc_run--019ff646-3bf9-7881-a41a-c9ea962cf803-0', 'role': 'user'}, {'content': 'Könnten Sie mir bitte sagen, ob Sie schon ab acht Uhr oder lieber etwas später erreichbar sind?', 'id': '94f4c926-122e-4526-af92-281f83ee337b', 'role': 'assistant'}, {'content': 'Ab acht Uhr ist für mich in Ordnung.', 'id': 'lc_run--019ff646-4cc7-74c1-b74e-c0e8154f3b2a-0', 'role': 'user'}, {'content': 'Leider sind am kommenden Mittwoch und Freitagvormittag keine freien Termine verfügbar. Möchten Sie stattdessen einen anderen Vormittag in der nächsten Woche probieren?', 'id': '99c705ae-ef99-4874-94e0-56a88be83531', 'role': 'assistant'}, {'content': 'Leider kann ich nur mittwochs und freitags vormittags. Dann würde ich gerne um einen Rückruf durch einen Mitarbeitenden bitten.', 'id': 'lc_run--019ff646-5ff3-7ef3-b184-29ee0afd63fb-0', 'role': 'user'}, {'content': 'Das ist notiert. Ein Mitarbeitender wird Sie zurückrufen, sobald ein passender Termin verfügbar ist. Vielen Dank für Ihren Anruf und einen schönen Tag noch!', 'id': '5b034bea-93a3-465f-8e00-3efe5468ae16', 'role': 'assistant'}, {'content': 'Vielen Dank. Auf Wiederhören.', 'id': 'lc_run--019ff646-6ce6-7271-a892-6159749f18b5-0', 'role': 'user'}, {'content': 'Auf Wiederhören, Herr Schröder.', 'id': '4e0f8f58-f4eb-47b6-9294-6cc5494fe685', 'role': 'assistant'}, {'content': '', 'id': 'lc_run--019ff646-78e4-7673-9a5b-993c9f978a1f-0', 'role': 'user'}, {'content': 'Das Gespräch ist beendet. Wenn Sie wieder einen Termin buchen möchten, stehe ich Ihnen gerne zur Verfügung.', 'id': '47a328b6-bcf9-416d-b6fc-09e1f665dbf8', 'role': 'assistant'}]",26.000202,,019ff646-20d0-7ff3-ac10-e407edbdd522,0.0,1.0,0.125,0.3247,0.0
Katja Baumann,015789643375,Dienstag den ganzen Tag,eine Reparatur des Kellerfensters,surfersimmobilien+predeploy@outlook.com,"[{'content': 'Guten Tag, Sie sprechen mit der digitalen Anruf-Assistentin von Surfers Immobilien. Was kann ich heute für Sie tun?', 'role': 'assistant'}, {'content': 'Hallo, mein Name ist Katja Baumann und ich würde gerne einen Termin für eine Reparatur des Kellerfensters vereinbaren.', 'id': 'e52cb2e8-c173-4218-a676-414698ee5796', 'role': 'user'}, {'content': 'Für eine Reparatur gibt es einen passenden Termin-Typ. Möchten Sie einen Termin für ""Reparatur"" buchen?', 'id': 'baebf853-ec98-4b42-9a43-e6f9325144c6', 'role': 'assistant'}, {'content': 'Ja, gerne.', 'id': 'lc_run--019ff646-5b4e-7823-9d32-675afc539768-0', 'role': 'user'}, {'content': 'Gut, Frau Baumann. Gibt es ein bestimmtes Datum oder eine Uhrzeit, die Ihnen für die Reparatur des Kellerfensters besonders gut passt?', 'id': 'a5ce39c0-e177-4d25-ab5b-16d61e1bb47f', 'role': 'assistant'}, {'content': 'Dienstag bin ich den ganzen Tag erreichbar und kann Termine wahrnehmen.', 'id': 'lc_run--019ff646-63fa-7563-8045-3705d87bba15-0', 'role': 'user'}, {'content': 'Am Dienstag, den achtzehnten August zweitausendsechsundzwanzig, sind leider keine freien Reparatur-Termine verfügbar. Möchten Sie einen anderen Tag vorschlagen?', 'id': '23d93b94-6099-4086-904c-3c9ebe239935', 'role': 'assistant'}, {'content': 'Leider kann ich nur dienstags Termine wahrnehmen. Dann bitte ich um einen Rückruf durch einen Mitarbeitenden zur Klärung.', 'id': 'lc_run--019ff646-94c8-7941-8b84-0b679904bc66-0', 'role': 'user'}, {'content': 'Das ist notiert. Ein Mitarbeitender wird Sie zurückrufen, um das weitere Vorgehen zu besprechen. Vielen Dank für Ihren Anruf und einen schönen Tag.', 'id': 'c8cfac83-309b-4bb7-9d1e-65b3faae68ed', 'role': 'assistant'}, {'content': 'Vielen Dank. Auf Wiederhören.', 'id': 'lc_run--019ff646-ace8-7d92-ab9c-f15c1eba1eb5-0', 'role': 'user'}, {'content': 'Auf Wiederhören, Frau Baumann.', 'id': '4ca759e0-d5f9-4995-98aa-226ec30687a6', 'role': 'assistant'}, {'content': '', 'id': 'lc_run--019ff646-b7af-7481-980e-bca9ad2f7aa8-0', 'role': 'user'}, {'content': 'Das Gespräch ist beendet. Wenn Sie wieder einen Termin buchen möchten, stehe ich Ihnen gerne zur Verfügung.', 'id': '72acf03e-e72c-43b8-acd7-d480989532eb', 'role': 'assistant'}]",32.144995,,019ff646-4a1d-7280-8862-9b33434db1ab,0.0,1.0,0.1429,0.4376,1.0
Anneliese Hahn,015789643375,den ganzen Dienstag,eine Besichtigung des Fahrradkellers,surfersimmobilien+predeploy@outlook.com,"[{'content': 'Guten Tag, Sie sprechen mit der digitalen Anruf-Assistentin von Surfers Immobilien. Wie kann ich Ihnen heute weiterhelfen? Was ist der Grund Ihres Anrufs?', 'role': 'assistant'}, {'content': 'Hallo, mein Name ist Anneliese Hahn und ich würde gerne einen Termin für eine Besichtigung des Fahrradkellers vereinbaren.', 'id': 'a1607a90-1955-424e-a3fb-7e9febfd8fcf', 'role': 'user'}, {'content': 'Für eine Besichtigung des Fahrradkellers gibt es keinen passenden Termin-Typ in der Liste. Am ehesten passt ""Allgemeine Anfragen"". Möchten Sie diesen Termin-Typ für Ihre Besichtigung nutzen?', 'id': '8e54f230-8224-4a60-bfd7-6d9fb0283bfb', 'role': 'assistant'}, {'content': 'Ja, gerne. „Allgemeine Anfragen“ passt dafür.', 'id': 'lc_run--019ff646-7134-7b32-9ac9-3136cb6b82e3-0', 'role': 'user'}, {'content': 'Alles klar. Damit ich den Termin für Sie buchen kann, benötige ich noch Ihre Telefonnummer. Könnten Sie mir diese bitte nennen?', 'id': '0266051e-f220-4f68-8d41-c32d0ba093dd', 'role': 'assistant'}, {'content': 'Ja, meine Telefonnummer ist 015789643375.', 'id': 'lc_run--019ff646-7bce-7662-afc3-04de291abcbb-0', 'role': 'user'}, {'content': 'Danke, Frau Hahn. Könnten Sie mir bitte noch Ihre E-Mail-Adresse nennen?', 'id': '4740a0b9-247a-4cd6-99d9-c15edecb5f68', 'role': 'assistant'}, {'content': 'Ja, meine E-Mail-Adresse ist surfersimmobilien+predeploy@outlook.com.', 'id': 'lc_run--019ff646-8796-7ab3-8b1f-a4ce22d6a46c-0', 'role': 'user'}, {'content': 'Super, danke. Haben Sie einen bestimmten Tag oder eine Uhrzeit im Kopf, wann Sie die Besichtigung möchten?', 'id': '416c1b28-f408-475a-ac39-9162386c601b', 'role': 'assistant'}, {'content': 'Ich bin den ganzen Dienstag erreichbar und kann nur dienstags Termine wahrnehmen.', 'id': 'lc_run--019ff646-932e-78c3-af5c-ebd07fd744a6-0', 'role': 'user'}, {'content': 'Am Dienstag, den achtzehnten August zweitausendsechsundzwanzig sind leider keine Termine verfügbar. Möchten Sie einen anderen Dienstag auswählen oder lieber nach einem alternativen Tag suchen?', 'id': 'a6038c28-956c-4c08-9d15-145ab8dd55c1', 'role': 'assistant'}, {'content': 'Dann gerne einen anderen Dienstag. Ich bin dienstags ganztägig verfügbar.', 'id': 'lc_run--019ff646-acc4-7623-894d-9f1bfbfb34bf-0', 'role': 'user'}, {'content': 'Am Dienstag, den ersten September zweitausendsechsundzwanzig gibt es ebenfalls keine freien Termine. Soll ich noch weitere Dienstage prüfen oder möchten Sie lieber einen anderen Wochentag versuchen?', 'id': '09f8cf29-4a97-40f3-b493-41f8b9aea3e1', 'role': 'assistant'}, {'content': 'Bitte prüfen Sie noch weitere Dienstage. Andere Wochentage sind für mich leider nicht möglich.', 'id': 'lc_run--019ff646-cfd6-79d1-b73e-5866b2349aca-0', 'role': 'user'}, {'content': 'Auch an den Dienstagen, den achten, fünfzehnten und zweiundzwanzigsten September zweitausendsechsundzwanzig sind keine Termine frei. Möchten Sie, dass ich noch weiter in die Zukunft schaue?', 'id': 'd5bd3b82-e00f-4c97-bd3d-e600e76d5342', 'role': 'assistant'}, {'content': 'Ja, bitte schauen Sie noch weiter in die Zukunft nach freien Terminen an einem Dienstag.', 'id': 'lc_run--019ff646-f41e-78b2-af8f-9c5127f5ee1b-0', 'role': 'user'}, {'content': 'Auch am neunundzwanzigsten September, sechsten Oktober und dreizehnten Oktober zweitausendsechsundzwanzig sind keine Termine verfügbar. Möchten Sie, dass ich noch weiter prüfe oder wünschen Sie einen Rückruf, sobald wieder Termine an Dienstagen frei sind?', 'id': '937b57f6-6182-429d-b5d4-ca50900e94af', 'role': 'assistant'}, {'content': 'Dann wünsche ich bitte einen Rückruf durch einen Mitarbeitenden, um persönlich einen Termin zu vereinbaren. Danke.', 'id': 'lc_run--019ff647-127f-7573-84b9-04a0191833f6-0', 'role': 'user'}, {'content': 'Ich gebe Ihren Rückrufwunsch weiter. Ein Mitarbeitender von Surfers Immobilien meldet sich bei Ihnen, um einen Termin zu vereinbaren. Vielen Dank für Ihren Anruf und einen schönen Tag noch!', 'id': 'd8924f36-0de7-4979-a2b1-98c0cb26c9c4', 'role': 'assistant'}, {'content': 'Vielen Dank, auf Wiederhören!', 'id': 'lc_run--019ff647-24e6-76a2-a90b-ba18825e125a-0', 'role': 'user'}, {'content': 'Sehr gerne. Auf Wiederhören und einen angenehmen Tag für Sie!', 'id': 'cdd08899-2e11-4cf6-ba9b-e6dbe335cb01', 'role': 'assistant'}, {'content': '', 'id': 'lc_run--019ff647-356b-73d0-8c12-d016b74d1a06-0', 'role': 'user'}, {'content': 'Das Gespräch ist beendet. Falls Sie wieder einen Termin benötigen, stehe ich Ihnen gerne zur Verfügung. Auf Wiederhören!', 'id': '41691912-080c-4095-83dc-2c2065d6de78', 'role': 'assistant'}]",57.401715,,019ff646-5df6-7072-8cf6-fa4791923c5e,1.0,1.0,0.25,1.0,1.0
Karin Becker,015789643375,Freitag von 13 Uhr bis 16 Uhr,eine Schlüsselübergabe,surfersimmobilien+predeploy@outlook.com,"[{'content': 'Guten Tag, Sie sprechen mit der digitalen Anruf-Assistentin von Surfers Immobilien. Wie kann ich Ihnen heute weiterhelfen? Was ist der Grund Ihres Anrufs?', 'role': 'assistant'}, {'content': 'Hallo, mein Name ist Karin Becker und ich würde gerne einen Termin für eine Schlüsselübergabe vereinbaren.', 'id': 'f9b82141-7e21-45a4-8122-d157d18ff05c', 'role': 'user'}, {'content': 'Für eine Schlüsselübergabe gibt es keinen passenden Termin-Typ in der Liste. Möchten Sie einen Termin für „Allgemeine Anfragen“ buchen oder soll ich Ihnen die anderen verfügbaren Optionen nennen?', 'id': '878c1d99-0321-4608-87af-81670b817bef', 'role': 'assistant'}, {'content': 'Dann gerne einen Termin für „Allgemeine Anfragen“ buchen.', 'id': 'lc_run--019ff646-842c-7681-9dcd-b7d2ac6a39c9-0', 'role': 'user'}, {'content': 'Alles klar, Frau Becker. Damit ich den Termin für Sie buchen kann, benötige ich Ihre E-Mail-Adresse. Könnten Sie mir diese bitte nennen?', 'id': '64f614c9-5045-4ae1-98ef-ea3770ca9bbb', 'role': 'assistant'}, {'content': 'Ja, gerne: surfersimmobilien+predeploy@outlook.com', 'id': 'lc_run--019ff646-8ec8-7491-83b7-cab541bd91b2-0', 'role': 'user'}, {'content': 'Danke. Haben Sie einen bestimmten Tag oder eine Uhrzeit im Kopf, wann die Schlüsselübergabe stattfinden soll?', 'id': '4ffb2803-aeec-40f5-bcdf-a41e0e6f23ad', 'role': 'assistant'}, {'content': 'Ich bin freitags von 13 bis 16 Uhr erreichbar und kann nur in diesem Zeitraum Termine wahrnehmen.', 'id': 'lc_run--019ff646-99fa-7a90-b022-e9af207b0e1d-0', 'role': 'user'}, {'content': 'Am kommenden Freitag, dem vierzehnten August, sind zwischen dreizehn und sechzehn Uhr keine freien Termine verfügbar. Möchten Sie einen anderen Freitag prüfen oder einen alternativen Zeitraum nennen?', 'id': '9c66ab84-da4a-4441-ae2b-d12ca80cd0bf', 'role': 'assistant'}, {'content': 'Ja, bitte prüfen Sie gerne einen anderen Freitag zwischen 13 und 16 Uhr.', 'id': 'lc_run--019ff646-b193-7f01-9e21-aa70691f5d15-0', 'role': 'user'}, {'content': 'Auch am Freitag, dem einundzwanzigsten August, sind zwischen dreizehn und sechzehn Uhr keine freien Termine verfügbar. Soll ich den nächsten Freitag prüfen oder möchten Sie einen anderen Zeitraum vorschlagen?', 'id': '2f8e55cd-9987-4914-b2a3-a4d3e6a75b04', 'role': 'assistant'}, {'content': 'Bitte prüfen Sie noch den nächsten Freitag zwischen 13 und 16 Uhr. Falls dort auch nichts frei ist, bitte ich um einen Rückruf durch einen Mitarbeitenden.', 'id': 'lc_run--019ff646-c893-7e11-9910-27ac3b8fab5b-0', 'role': 'user'}, {'content': 'Das Gespräch ist hiermit beendet. Einen schönen Tag noch!', 'id': '6c123207-e363-4289-b238-788c46907036', 'role': 'assistant'}, {'content': 'Danke, Ihnen auch einen schönen Tag. Auf Wiederhören!', 'id': 'lc_run--019ff646-e6e3-71d0-8150-6b2d13e53ad3-0', 'role': 'user'}, {'content': 'Auf Wiederhören, Frau Becker!', 'id': '5cb1fd3f-5d06-4973-9fe9-6ac1f05069ab', 'role': 'assistant'}, {'content': '', 'id': 'lc_run--019ff646-fd1f-77d3-9058-8adae33a9184-0', 'role': 'user'}, {'content': 'Falls Sie wieder einen Termin benötigen, stehe ich Ihnen gerne zur Verfügung. Einen angenehmen Tag noch!', 'id': 'af111c8e-a3e4-4076-b199-55e55efb5c7a', 'role': 'assistant'}]",38.922827,,019ff646-72d9-7dc2-901b-c9be09c30570,1.0,1.0,0.1111,0.2494,0.0
Marion Schumacher,015789643375,Mittwoch von 8 Uhr bis 10 Uhr,eine Klärung offener Fragen zur Betriebskostenabrechnung,surfersimmobilien+predeploy@outlook.com,"[{'content': 'Guten Tag, Sie sprechen mit der digitalen Anruf-Assistentin von Surfers Immobilien. Wie kann ich Ihnen heute weiterhelfen? Was ist der Grund Ihres Anrufs?', 'role': 'assistant'}, {'content': 'Hallo, mein Name ist Marion Schumacher und ich würde gerne einen Termin für eine Klärung offener Fragen zur Betriebskostenabrechnung vereinbaren.', 'id': '462b3b5b-d5a5-4d15-8d54-9dec95d9c005', 'role': 'user'}, {'content': 'Für Ihr Anliegen zur Betriebskostenabrechnung passt am besten der Termin „Besprechung von Dokumenten“. Möchten Sie diesen Termin buchen?', 'id': '64b0aa2b-80b4-44ec-bc23-b3aa9b6ab110', 'role': 'assistant'}, {'content': 'Ja, gerne. Ich möchte diesen Termin buchen.', 'id': 'lc_run--019ff646-9663-7a10-94c0-605eb8fa95c2-0', 'role': 'user'}, {'content': 'Alles klar. Haben Sie einen bestimmten Tag oder eine Uhrzeit im Kopf, oder soll ich einfach die nächsten verfügbaren Zeiten prüfen?', 'id': 'ee784071-22cc-4ccd-8015-9f5ee0b20696', 'role': 'assistant'}, {'content': 'Ich kann mittwochs nur zwischen 8 und 10 Uhr. Bitte prüfen Sie, ob in diesem Zeitraum etwas verfügbar ist.', 'id': 'lc_run--019ff646-a4e4-7362-a8f2-a323cf9b3246-0', 'role': 'user'}, {'content': 'Leider ist am Mittwoch, den dreizehnten August, zwischen acht und zehn Uhr kein Termin verfügbar. Möchten Sie einen anderen Mittwoch probieren oder einen anderen Zeitraum wählen?', 'id': 'a23fca5f-4cd0-4f45-99f1-979e1b029780', 'role': 'assistant'}, {'content': 'Bitte probieren Sie einen anderen Mittwoch, ebenfalls zwischen 8 und 10 Uhr.', 'id': 'lc_run--019ff646-b937-7c00-a0a3-b7e6fc4105dc-0', 'role': 'user'}, {'content': 'Leider ist auch am Mittwoch, den siebenundzwanzigsten August, zwischen acht und zehn Uhr kein Termin frei. Möchten Sie einen anderen Zeitraum an einem Mittwoch versuchen oder einen anderen Wochentag prüfen?', 'id': '3fa7dc67-49b1-431d-a923-92428b4d79a7', 'role': 'assistant'}, {'content': 'Leider kann ich nur mittwochs zwischen 8 und 10 Uhr. Wenn in diesem Zeitraum nichts frei ist, bitte ich um einen Rückruf durch einen Mitarbeitenden.', 'id': 'lc_run--019ff646-d9b8-7c13-baa2-9e37a7ab73f7-0', 'role': 'user'}, {'content': 'Verstanden. Ich gebe Ihren Rückrufwunsch an das Team weiter. Sie werden zeitnah von einer Mitarbeiterin oder einem Mitarbeiter kontaktiert. Vielen Dank für Ihren Anruf und einen schönen Tag noch!', 'id': 'a484ad18-71a3-4abc-881b-c620e97613e0', 'role': 'assistant'}, {'content': 'Vielen Dank. Ihnen auch einen schönen Tag. Auf Wiederhören.', 'id': 'lc_run--019ff646-f416-7241-ba14-a06f66e26f9b-0', 'role': 'user'}, {'content': 'Auf Wiederhören, Frau Schumacher. Alles Gute für Sie!', 'id': '282fdd57-f645-4b5b-8f8c-6cd3b963090b', 'role': 'assistant'}, {'content': '', 'id': 'lc_run--019ff647-01b4-7962-a9b1-efb390c2e2f7-0', 'role': 'user'}, {'content': 'Das Gespräch ist beendet. Falls Sie wieder Unterstützung benötigen, stehe ich Ihnen gerne zur Verfügung. Auf Wiederhören!', 'id': '225e7c62-eef6-45f3-aeb9-f0b0f072b2aa', 'role': 'assistant'}]",34.084671,,019ff646-8662-7453-b75b-5cd466fc4ceb,0.0,1.0,0.125,0.3247,0.0
Wolfgang Schäfer,015789643375,"flexibel, außer montags",eine Besprechung zur Mieterhöhung,surfersimmobilien+predeploy@outlook.com,"[{'content': 'Guten Tag, Sie sprechen mit der digitalen Anruf-Assistentin von Surfers Immobilien. Wie kann ich Ihnen weiterhelfen? Was ist der Grund Ihres Anrufs?', 'role': 'assistant'}, {'content': 'Hallo, mein Name ist Wolfgang Schäfer und ich würde gerne einen Termin für eine Besprechung zur Mieterhöhung vereinbaren.', 'id': 'a955d0dd-c314-445c-bf88-4d17be9957b4', 'role': 'user'}, {'content': 'Für eine Besprechung zur Mieterhöhung passt vermutlich der Termin-Typ „Besprechung von Dokumenten“. Möchten Sie diesen auswählen?', 'id': '19089223-b3b6-4262-a251-5315b50cea29', 'role': 'assistant'}, {'content': 'Ja, das passt. Bitte wählen Sie „Besprechung von Dokumenten“ aus.', 'id': 'lc_run--019ff646-e1f9-7ce2-9483-f4041887dc98-0', 'role': 'user'}, {'content': 'Alles klar, ich buche für Sie eine „Besprechung von Dokumenten“. Gibt es ein bestimmtes Datum oder eine Uhrzeit, die Sie bevorzugen?', 'id': 'ac2de08a-7d2f-4661-9f9b-6ab4e5c4db62', 'role': 'assistant'}, {'content': 'Ich bin flexibel, nur montags geht es bei mir nicht. An den anderen Tagen richte ich mich gerne nach freien Terminen.', 'id': 'lc_run--019ff646-ebfb-73a0-ad55-e801bbf636b0-0', 'role': 'user'}, {'content': 'Im Moment sehe ich leider keine freien Termine für die nächsten Tage. Möchten Sie, dass ich nach späteren Zeiträumen suche?', 'id': 'c98c45ee-ca3a-4a36-85eb-8d28b2bd21fd', 'role': 'assistant'}, {'content': 'Ja, gerne. Bitte suchen Sie nach späteren Zeiträumen, außer montags.', 'id': 'lc_run--019ff647-0045-7e72-8fb4-aab8c59df1db-0', 'role': 'user'}, {'content': 'Auch im Zeitraum ab dem einundzwanzigsten August bis zum vierten September sind aktuell keine freien Termine verfügbar. Möchten Sie, dass ich noch weiter in die Zukunft schaue?', 'id': '7ad3f9ba-7372-413b-b17b-c431f4a163af', 'role': 'assistant'}, {'content': 'Ja, bitte schauen Sie noch weiter in die Zukunft, weiterhin bitte nicht montags.', 'id': 'lc_run--019ff647-1996-7040-8726-d63e5e9b294d-0', 'role': 'user'}, {'content': 'Leider sind auch im Zeitraum ab dem fünften September bis zum neunzehnten September keine freien Termine verfügbar. Möchten Sie, dass ich noch weiter in die Zukunft suche oder wünschen Sie einen Rückruf, sobald wieder Termine frei sind?', 'id': '67aa3f0b-391d-4c07-bb56-04670de465a3', 'role': 'assistant'}, {'content': 'Dann hätte ich gerne einen Rückruf, um das Anliegen zu klären oder persönlich einen Termin zu vereinbaren.', 'id': 'lc_run--019ff647-314c-7201-aa0b-35796102f595-0', 'role': 'user'}, {'content': 'Ich veranlasse einen Rückruf für Sie, damit Ihr Anliegen persönlich geklärt werden kann. Vielen Dank für Ihren Anruf bei Surfers Immobilien. Einen schönen Tag noch!', 'id': '82a0e44f-db06-4ca1-a56d-06bf310d94ed', 'role': 'assistant'}, {'content': 'Vielen Dank, ebenfalls einen schönen Tag. Auf Wiederhören.', 'id': 'lc_run--019ff647-4283-7f30-b2a7-9e5e2364a105-0', 'role': 'user'}, {'content': 'Auf Wiederhören, Herr Schäfer. Alles Gute für Sie!', 'id': '9378ea78-ee17-4a08-9279-18ead999ca85', 'role': 'assistant'}, {'content': '', 'id': 'lc_run--019ff647-501c-7651-af14-2bab251c939b-0', 'role': 'user'}, {'content': 'Das Gespräch ist nun beendet. Falls Sie wieder Unterstützung benötigen, stehe ich Ihnen gerne zur Verfügung. Auf Wiederhören!', 'id': '246447d4-742e-43bb-9951-357e00529e61', 'role': 'assistant'}]",39.016843,,019ff646-c7af-7882-95f3-753f38c4d737,0.0,1.0,0.1111,0.2494,0.0
Roswitha Marx,015789643375,Donnerstag von 8 Uhr bis 11 Uhr,eine Reparatur der Sprechanlage im Hausflur,surfersimmobilien+predeploy@outlook.com,"[{'content': 'Guten Tag, Sie sprechen mit der digitalen Anruf-Assistentin von Surfers Immobilien. Wie kann ich Ihnen weiterhelfen? Was ist der Grund Ihres Anrufs?', 'role': 'assistant'}, {'content': 'Hallo, mein Name ist Roswitha Marx und ich würde gerne einen Termin für eine Reparatur der Sprechanlage im Hausflur vereinbaren.', 'id': 'eba2785c-7fbb-4b17-9cf5-2b35bc68f30d', 'role': 'user'}, {'content': 'Für eine Reparatur der Sprechanlage kann ich einen Termin im Bereich „Reparatur“ für Sie buchen. Passt das für Sie?', 'id': '960c8ee8-55c5-495d-8826-306551895b7f', 'role': 'assistant'}, {'content': 'Ja, das passt.', 'id': 'lc_run--019ff647-1cc8-7761-8d07-c3a0c21eb3e9-0', 'role': 'user'}, {'content': 'Könnten Sie mir bitte sagen, wann es Ihnen am liebsten wäre? Gibt es einen bestimmten Tag oder eine Uhrzeit, die Sie bevorzugen?', 'id': '8639a128-3d41-43ee-a68e-fab101ef42cb', 'role': 'assistant'}, {'content': 'Donnerstag zwischen 8 und 11 Uhr wäre mir möglich.', 'id': 'lc_run--019ff647-26e2-7203-8be8-3e59f4f8b844-0', 'role': 'user'}, {'content': 'Leider sind am Donnerstag, den dreizehnten August zweitausendsechsundzwanzig, zwischen acht und elf Uhr keine freien Zeiten verfügbar. Möchten Sie einen anderen Zeitraum vorschlagen oder soll ich nach dem nächstmöglichen Termin suchen?', 'id': '0931b285-97fc-4969-9427-a65bd940470b', 'role': 'assistant'}, {'content': 'Ich kann leider nur donnerstags zwischen 8 und 11 Uhr. Könnte mich bitte ein Mitarbeitender zurückrufen, um das zu klären?', 'id': 'lc_run--019ff647-40c9-72c3-b289-2b30bbdbc35c-0', 'role': 'user'}, {'content': 'Natürlich, ich gebe Ihren Rückrufwunsch weiter. Ein Mitarbeitender wird sich bei Ihnen melden, um einen passenden Termin zu finden. Vielen Dank für Ihren Anruf und einen schönen Tag noch!', 'id': '2e8fa792-a0b9-4b61-9cbb-91ae53698322', 'role': 'assistant'}, {'content': 'Vielen Dank, Ihnen auch einen schönen Tag. Auf Wiederhören.', 'id': 'lc_run--019ff647-52b2-7c90-aac2-610322868772-0', 'role': 'user'}, {'content': 'Auf Wiederhören, Frau Marx. Alles Gute für Sie!', 'id': 'e209216f-48fc-4d5b-8f5f-b304def7de91', 'role': 'assistant'}, {'content': '', 'id': 'lc_run--019ff647-5e83-7900-a646-792778734fbe-0', 'role': 'user'}, {'content': 'Falls Sie noch etwas benötigen, stehe ich Ihnen gerne zur Verfügung. Auf Wiederhören!', 'id': '339dc43a-6202-4cbe-be55-e56d750c9b50', 'role': 'assistant'}]",24.982277,,019ff647-0ae5-7bc2-a1b0-d3fe824f4d75,0.0,1.0,0.1429,0.4376,0.0
Brigitte Sommer,015789643375,Dienstag von 14 Uhr bis 17 Uhr,eine Beratung zur vorzeitigen Vertragsauflösung,surfersimmobilien+predeploy@outlook.com,"[{'content': 'Guten Tag, Sie sprechen mit der digitalen Anruf-Assistentin von Surfers Immobilien. Wie kann ich Ihnen weiterhelfen? Was ist der Grund Ihres Anrufs?', 'role': 'assistant'}, {'content': 'Hallo, mein Name ist Brigitte Sommer und ich würde gerne einen Termin für eine Beratung zur vorzeitigen Vertragsauflösung vereinbaren.', 'id': '97267dae-0f6d-4dc8-a8d4-b35be7343bee', 'role': 'user'}, {'content': 'Für eine Beratung zur vorzeitigen Vertragsauflösung passt am ehesten der Termin „Besprechung von Dokumenten“. Möchten Sie diesen Termin buchen?', 'id': '6699d594-c459-44de-8628-4f8788e3e64a', 'role': 'assistant'}, {'content': 'Ja, gerne. Das passt.', 'id': 'lc_run--019ff647-2064-72a2-9624-58a3fc2311ad-0', 'role': 'user'}, {'content': 'Alles klar, Frau Sommer. Für die Buchung benötige ich bitte noch Ihre E-Mail-Adresse. Könnten Sie mir diese nennen?', 'id': '6cf271de-3544-4b5b-a855-ffbc07e02a26', 'role': 'assistant'}, {'content': 'Ja, gerne. Meine E-Mail-Adresse ist surfersimmobilien+predeploy@outlook.com.', 'id': 'lc_run--019ff647-2b95-7f21-8996-5287d120b5d0-0', 'role': 'user'}, {'content': 'Danke. Möchten Sie noch eine Telefonnummer angeben, unter der wir Sie erreichen können?', 'id': 'dcd7f6ac-39f3-48cb-84b6-9a44da3f675c', 'role': 'assistant'}, {'content': 'Ja, meine Telefonnummer ist 015789643375.', 'id': 'lc_run--019ff647-36d2-79d1-8ad3-881b1f47636a-0', 'role': 'user'}, {'content': 'Leider sind aktuell keine freien Termine für die Besprechung von Dokumenten verfügbar. Möchten Sie, dass ich nach einem späteren Zeitraum suche oder bevorzugen Sie einen Rückruf?', 'id': '2ad16bfa-cac6-459d-9689-ad6adc82cbec', 'role': 'assistant'}, {'content': 'Dann bevorzuge ich bitte einen Rückruf, um das Anliegen zu klären oder persönlich einen Termin zu vereinbaren.', 'id': 'lc_run--019ff647-4943-7001-a5a1-b24ae24281a1-0', 'role': 'user'}, {'content': 'Alles klar, ich veranlasse einen Rückruf für Sie. Sie werden zeitnah von uns kontaktiert. Vielen Dank für Ihren Anruf und einen schönen Tag noch!', 'id': 'aa9fe046-100b-4a8b-9a22-eaafb21ae9df', 'role': 'assistant'}, {'content': 'Vielen Dank. Auf Wiederhören und einen schönen Tag!', 'id': 'lc_run--019ff647-588b-7082-b409-aa32f7a0f598-0', 'role': 'user'}, {'content': 'Auf Wiederhören, Frau Sommer. Ihnen ebenfalls einen schönen Tag!', 'id': 'c3fbe41c-1e47-435b-94e1-9cff5ceaae8a', 'role': 'assistant'}, {'content': '', 'id': 'lc_run--019ff647-64e4-7fb3-b17c-ab9de963a9a2-0', 'role': 'user'}, {'content': 'Das Gespräch ist beendet. Wenn Sie wieder Unterstützung benötigen, stehe ich Ihnen gerne zur Verfügung. Auf Wiederhören!', 'id': 'e8080277-5e99-4848-85e5-bc27ec02baca', 'role': 'assistant'}]",27.892976,,019ff647-0b88-7bd0-af6d-5ca6f4013845,0.0,1.0,0.25,1.0,0.0
Erika Brandt,015789643375,Mittwoch von 10 Uhr bis 13 Uhr,eine Besichtigung eines Dachgeschosses,surfersimmobilien+predeploy@outlook.com,"[{'content': 'Guten Tag, Sie sprechen mit der digitalen Anruf-Assistentin von Surfers Immobilien. Wie kann ich Ihnen weiterhelfen? Was ist der Grund Ihres Anrufs?', 'role': 'assistant'}, {'content': 'Hallo, mein Name ist Erika Brandt und ich würde gerne einen Termin für eine Besichtigung eines Dachgeschosses vereinbaren.', 'id': '7f634bbd-0da0-4404-8387-2edfeeef14ba', 'role': 'user'}, {'content': 'Für Besichtigungen gibt es aktuell keinen eigenen Termin-Typ, aber ich kann „Allgemeine Anfragen“ für Ihre Dachgeschossbesichtigung auswählen. Passt das für Sie?', 'id': 'c17d974b-97eb-45ac-8ab6-fcbcbb440033', 'role': 'assistant'}, {'content': 'Ja, das passt für mich.', 'id': 'lc_run--019ff647-5283-7ba2-992d-a4b17a619ec0-0', 'role': 'user'}, {'content': 'Super, dann buche ich für Sie einen Termin unter „Allgemeine Anfragen“. An welchem Tag oder zu welcher Uhrzeit möchten Sie die Besichtigung gerne machen?', 'id': '1e8ad17c-a49a-4100-bc1f-f7b4d9e7df3f', 'role': 'assistant'}, {'content': 'Ich kann am Mittwoch zwischen 10 und 13 Uhr.', 'id': 'lc_run--019ff647-5a81-7ab0-84a3-d83419c88a2e-0', 'role': 'user'}, {'content': 'Leider sind am Mittwoch, den neunzehnten August, zwischen zehn und dreizehn Uhr keine freien Termine verfügbar. Möchten Sie einen anderen Tag oder eine andere Uhrzeit vorschlagen?', 'id': '32108ff6-8931-48ee-967f-35f647b8323c', 'role': 'assistant'}, {'content': 'Leider kann ich nur mittwochs zwischen 10 und 13 Uhr. Könnte mich sonst bitte ein Mitarbeitender zurückrufen, um einen Termin zu klären?', 'id': 'lc_run--019ff647-73fd-77d0-b052-6cff1f2eeea1-0', 'role': 'user'}, {'content': 'Das ist kein Problem. Ich gebe Ihren Rückrufwunsch weiter, damit sich ein Mitarbeitender bei Ihnen meldet und einen passenden Termin mit Ihnen abstimmt. Vielen Dank für Ihren Anruf und einen schönen Tag noch!', 'id': '6032d251-9a8c-4af9-b962-30bcef524ff8', 'role': 'assistant'}, {'content': 'Vielen Dank, ebenfalls einen schönen Tag. Auf Wiederhören.', 'id': 'lc_run--019ff647-8937-72b1-93a0-08271bf7d535-0', 'role': 'user'}, {'content': 'Auf Wiederhören, Frau Brandt.', 'id': '267ec607-06c5-4046-8e16-0538816dfed2', 'role': 'assistant'}, {'content': '', 'id': 'lc_run--019ff647-954d-7b13-96c8-c9094da7a0b3-0', 'role': 'user'}, {'content': 'Das Gespräch ist beendet. Wenn Sie wieder einen Termin buchen möchten, stehe ich Ihnen gerne zur Verfügung. Auf Wiederhören!', 'id': '3e166b84-8eb3-426d-9206-5e42d87efd7d', 'role': 'assistant'}]",24.451196,,019ff647-3e31-70a3-9f1c-4d35e85316a5,0.0,1.0,0.1429,0.4376,0.0
Sandra Richter,015789643375,jeden Tag außer donnerstags,eine Beschwerde wegen Lärmbelästigung,surfersimmobilien+predeploy@outlook.com,"[{'content': 'Guten Tag, Sie sprechen mit der digitalen Anruf-Assistentin von Surfers Immobilien. Wie kann ich Ihnen weiterhelfen? Was ist der Grund Ihres Anrufs?', 'role': 'assistant'}, {'content': 'Hallo, mein Name ist Sandra Richter und ich würde gerne einen Termin für eine Beschwerde wegen Lärmbelästigung vereinbaren.', 'id': '2fe26e17-5399-4893-a507-490fb394a94b', 'role': 'user'}, {'content': 'Für eine Beschwerde wegen Lärmbelästigung kann ich einen Termin unter dem Thema „Beschwerde“ für Sie buchen. Passt das für Sie?', 'id': 'a5a44da7-6fd7-4333-846f-e2921a440ef8', 'role': 'assistant'}, {'content': 'Ja, das passt. Vielen Dank.', 'id': 'lc_run--019ff647-7234-7560-a170-16f25cf8604e-0', 'role': 'user'}, {'content': 'Wann möchten Sie den Termin gerne wahrnehmen? Gibt es einen bestimmten Tag oder eine Uhrzeit, die Ihnen am besten passt?', 'id': 'ab8feb8d-9945-478c-a037-fe23783bea37', 'role': 'assistant'}, {'content': 'Ich bin jeden Tag außer donnerstags erreichbar. Am besten passt mir vormittags, wenn etwas frei ist.', 'id': 'lc_run--019ff647-7d98-7fd1-9b3e-46c0c29029db-0', 'role': 'user'}, {'content': 'Im Moment sehe ich leider keine freien Vormittagstermine für Beschwerden in den nächsten Tagen. Möchten Sie stattdessen einen Termin am Nachmittag oder zu einem späteren Zeitpunkt versuchen?', 'id': '3a0a6c84-47ae-4976-8dca-5eccd5cde187', 'role': 'assistant'}, {'content': 'Ja, gerne. Ein Nachmittagstermin wäre auch in Ordnung, nur bitte nicht donnerstags.', 'id': 'lc_run--019ff647-9530-73c2-899a-5c4d4a984ae3-0', 'role': 'user'}, {'content': 'Auch am Nachmittag sind aktuell keine freien Termine für Beschwerden in den nächsten Tagen verfügbar. Möchten Sie, dass ich nach einem späteren Zeitraum suche, oder möchten Sie es an einem anderen Tag noch einmal versuchen?', 'id': 'dca9082d-271e-4ea3-8807-4a07d75d124f', 'role': 'assistant'}, {'content': 'Bitte suchen Sie gerne nach einem späteren Zeitraum. Ich bin flexibel, nur donnerstags nicht.', 'id': 'lc_run--019ff647-a9af-7b93-9003-94362f1a8d53-0', 'role': 'user'}, {'content': 'Alles klar, ich prüfe jetzt die verfügbaren Termine ab nächster Woche, außer donnerstags. Gibt es eine Woche, die Ihnen besonders gut passt, oder soll ich einfach ab dem zwanzigsten August suchen?', 'id': 'a63b4dc9-c540-4d61-bed9-3c24ce5450d2', 'role': 'assistant'}, {'content': 'Ab dem zwanzigsten August ist in Ordnung. Ich bin da flexibel, nur donnerstags nicht.', 'id': 'lc_run--019ff647-b6ac-71d0-b9e9-e435c68d2fa9-0', 'role': 'user'}, {'content': 'Leider sind auch ab dem zwanzigsten August keine freien Termine für Beschwerden verfügbar. Möchten Sie, dass ich noch weiter in die Zukunft schaue, oder möchten Sie einen Rückruf vereinbaren, sobald wieder Termine frei sind?', 'id': '890d0180-e207-4bcf-b943-6667c2e49a29', 'role': 'assistant'}, {'content': 'Dann würde ich gerne einen Rückruf vereinbaren, damit mein Anliegen geklärt werden kann.', 'id': 'lc_run--019ff647-cf27-7663-a7c8-4316b812fdcc-0', 'role': 'user'}, {'content': 'Ich habe Ihren Wunsch für einen Rückruf notiert. Sie werden kontaktiert, sobald ein Termin für Ihr Anliegen verfügbar ist. Vielen Dank für Ihren Anruf und einen angenehmen Tag für Sie!', 'id': 'f4dd5c7d-4360-4d96-9a85-b1e409de49d2', 'role': 'assistant'}, {'content': 'Vielen Dank, Ihnen auch einen angenehmen Tag. Auf Wiederhören.', 'id': 'lc_run--019ff647-dd4f-74a0-85bb-d685d79049b8-0', 'role': 'user'}, {'content': 'Auf Wiederhören, Frau Richter. Alles Gute für Sie!', 'id': 'f2e3cd3c-99de-489e-a459-2977a5d62014', 'role': 'assistant'}, {'content': '', 'id': 'lc_run--019ff647-ef05-73c2-8705-870db3835bed-0', 'role': 'user'}, {'content': 'Falls Sie noch einmal einen Termin buchen möchten, stehe ich Ihnen gerne zur Verfügung. Auf Wiederhören!', 'id': 'a1235079-5205-43b9-a740-335e8e4ae11a', 'role': 'assistant'}]",41.10637,,019ff647-6019-7731-91fb-8f754b1a90ef,0.0,1.0,0.1,0.1979,0.0
Elfriede Seidel,015789643375,den ganzen Freitag,eine Kontrolle der Heizkörper,surfersimmobilien+predeploy@outlook.com,"[{'content': 'Guten Tag, Sie sprechen mit der digitalen Anruf-Assistentin von Surfers Immobilien. Wie kann ich Ihnen weiterhelfen? Was ist der Grund Ihres Anrufs?', 'role': 'assistant'}, {'content': 'Hallo, mein Name ist Elfriede Seidel und ich würde gerne einen Termin für eine Kontrolle der Heizkörper vereinbaren.', 'id': 'd1a71cb9-8a8e-4755-95d0-8af9f0d77779', 'role': 'user'}, {'content': 'Für eine Kontrolle der Heizkörper passt am ehesten der Termin-Typ „Reparatur“ oder „Allgemeine Anfragen“. Möchten Sie den Termin als „Reparatur“ oder lieber als „Allgemeine Anfrage“ buchen?', 'id': 'ffdfb5df-82f8-4824-97d1-937e51c7aec3', 'role': 'assistant'}, {'content': 'Als Reparatur bitte.', 'id': 'lc_run--019ff647-8212-7e43-888f-689caed61f9e-0', 'role': 'user'}, {'content': 'Alles klar, ich buche den Termin als „Reparatur“. An welchem Tag und zu welcher Uhrzeit passt es Ihnen am besten?', 'id': 'a57160f3-8e8d-4d74-9e46-805f5432bb7c', 'role': 'assistant'}, {'content': 'Ich bin den ganzen Freitag erreichbar, da passt es mir jederzeit.', 'id': 'lc_run--019ff647-8bba-78b0-bb1b-2ebe64b7c816-0', 'role': 'user'}, {'content': 'Am Freitag, den vierzehnten August zweitausendsechsundzwanzig, sind leider keine freien Zeiten verfügbar. Möchten Sie einen anderen Tag vorschlagen oder soll ich nach dem nächstmöglichen Termin suchen?', 'id': '35ff822c-52e9-401a-a9c1-09afe2d7f661', 'role': 'assistant'}, {'content': 'Dann bitte ich um einen Rückruf von einem Mitarbeitenden, um persönlich einen Termin zu vereinbaren.', 'id': 'lc_run--019ff647-a6c8-7ff2-9c8f-a79a5f933be3-0', 'role': 'user'}, {'content': 'Das ist notiert. Ein Mitarbeitender wird Sie zurückrufen, um einen Termin persönlich mit Ihnen zu vereinbaren. Vielen Dank für Ihren Anruf und einen schönen Tag!', 'id': '03168f7e-e18c-4927-a498-69cdfa5f38c2', 'role': 'assistant'}, {'content': 'Vielen Dank, Ihnen auch einen schönen Tag. Auf Wiederhören.', 'id': 'lc_run--019ff647-b73d-77d1-9a55-68953cbb2834-0', 'role': 'user'}, {'content': 'Auf Wiederhören, Frau Seidel.', 'id': 'ed6914bb-5fa5-4666-bbd5-84643ec139cf', 'role': 'assistant'}, {'content': '', 'id': 'lc_run--019ff647-c25d-7a13-85c3-52a620759563-0', 'role': 'user'}, {'content': 'Das Gespräch ist beendet.', 'id': '58b206e2-a37d-4ac2-8c9b-d7d2bc5340d6', 'role': 'assistant'}]",26.217211,,019ff647-6c7d-76d0-b54c-0d70b3627cd5,0.0,1.0,0.1429,0.4376,0.0
Alfred Scholz,015789643375,immer freitags,eine Besichtigung eines Kellerraums,surfersimmobilien+predeploy@outlook.com,"[{'content': 'Guten Tag, Sie sprechen mit der digitalen Anruf-Assistentin von Surfers Immobilien. Wie kann ich Ihnen weiterhelfen? Was ist der Grund Ihres Anrufs?', 'role': 'assistant'}, {'content': 'Hallo, mein Name ist Alfred Scholz und ich würde gerne einen Termin für eine Besichtigung eines Kellerraums vereinbaren.', 'id': '6a364835-f391-40ea-8f7b-3d6e18a286f9', 'role': 'user'}, {'content': 'Für eine Besichtigung passt am ehesten der Termin-Typ „Allgemeine Anfragen“. Möchten Sie diesen für Ihre Kellerraum-Besichtigung nutzen?', 'id': 'f0229fc0-cb21-464d-83b7-b0305ac32b69', 'role': 'assistant'}, {'content': 'Ja, gerne. Das passt für meine Anfrage.', 'id': 'lc_run--019ff647-8a95-7ae1-a3e6-7bbc8a967a04-0', 'role': 'user'}, {'content': 'Alles klar, Herr Scholz. Gibt es ein bestimmtes Datum oder eine Uhrzeit, die Sie bevorzugen?', 'id': 'b1f15e70-1337-4c61-a47c-99ba081a53bd', 'role': 'assistant'}, {'content': 'Ich bin immer freitags erreichbar und kann auch nur freitags Termine wahrnehmen.', 'id': 'lc_run--019ff647-9536-7eb0-8156-69574b026f9d-0', 'role': 'user'}, {'content': 'Leider sind aktuell keine freien Termine an einem Freitag verfügbar. Möchten Sie stattdessen einen anderen Wochentag prüfen lassen oder lieber warten, bis wieder Freitags-Termine angeboten werden?', 'id': '1965a150-39c7-4b0d-92ff-8133350da372', 'role': 'assistant'}, {'content': 'Dann würde ich gerne von einem Mitarbeitenden zurückgerufen werden, um das persönlich zu klären.', 'id': 'lc_run--019ff647-a73a-71c3-865a-b243b6732ff8-0', 'role': 'user'}, {'content': 'Das ist notiert. Ein Mitarbeitender wird Sie zurückrufen, um alles persönlich zu besprechen. Vielen Dank für Ihren Anruf und einen schönen Tag noch!', 'id': '5f07b92d-6af5-4b26-9f3e-a8c0d40b0d75', 'role': 'assistant'}, {'content': 'Vielen Dank, Ihnen auch einen schönen Tag. Auf Wiederhören.', 'id': 'lc_run--019ff647-b735-7c31-84b5-15b8a1085c9a-0', 'role': 'user'}, {'content': 'Auf Wiederhören, Herr Scholz.', 'id': 'ee16d272-03e3-4088-8ed7-663df1c8eba0', 'role': 'assistant'}, {'content': '', 'id': 'lc_run--019ff647-c26d-7831-92f8-d500b647c6d3-0', 'role': 'user'}, {'content': 'Die Verbindung ist beendet.', 'id': 'd76f5429-ccf0-4b05-8fec-fed3e73abc63', 'role': 'assistant'}]",25.967795,,019ff647-787e-7ba0-aa52-82661ebe70aa,0.0,1.0,0.1429,0.4376,0.0
Wilhelm Jung,015789643375,Donnerstag von 13 Uhr bis 15 Uhr,eine Klärung von Fragen zur Mietvertragsverlängerung,surfersimmobilien+predeploy@outlook.com,"[{'content': 'Guten Tag, Sie sprechen mit der digitalen Anruf-Assistentin von Surfers Immobilien. Wie kann ich Ihnen weiterhelfen? Was ist der Grund Ihres Anrufs?', 'role': 'assistant'}, {'content': 'Hallo, mein Name ist Wilhelm Jung und ich würde gerne einen Termin für eine Klärung von Fragen zur Mietvertragsverlängerung vereinbaren.', 'id': 'b6f52e63-ab10-4bdf-9d45-49eecad27665', 'role': 'user'}, {'content': 'Für Fragen zur Mietvertragsverlängerung passt entweder „Allgemeine Anfragen“ oder „Besprechung von Dokumenten“. Möchten Sie lieber einen kurzen Termin für allgemeine Fragen oder eine längere Besprechung für Dokumente?', 'id': '29c4838d-1e54-41f5-ad65-ee51c736d956', 'role': 'assistant'}, {'content': 'Dann würde ich gerne einen kurzen Termin für allgemeine Fragen vereinbaren.', 'id': 'lc_run--019ff647-b027-72f1-97d3-9709090938d3-0', 'role': 'user'}, {'content': 'Alles klar, ich buche einen Termin für „Allgemeine Anfragen“. Gibt es einen bestimmten Tag oder eine Uhrzeit, die Ihnen besonders gut passt?', 'id': '0e6ceb8f-4cd8-4ffe-8f0e-44b3fc9f2232', 'role': 'assistant'}, {'content': 'Ja, donnerstags zwischen 13 und 15 Uhr passt es mir.', 'id': 'lc_run--019ff647-bb32-7650-90cb-60794c405421-0', 'role': 'user'}, {'content': 'Leider sind donnerstags zwischen 13 und 15 Uhr aktuell keine freien Termine verfügbar. Möchten Sie einen anderen Zeitraum vorschlagen oder soll ich nach dem nächstmöglichen freien Termin suchen?', 'id': 'cde8dfb0-911f-4cbd-a7a0-2dee9b98187c', 'role': 'assistant'}, {'content': 'Ich kann leider nur donnerstags zwischen 13 und 15 Uhr. Könnte mich bitte ein Mitarbeitender zurückrufen, um das zu klären oder persönlich einen Termin zu vereinbaren?', 'id': 'lc_run--019ff647-d461-7691-b31a-1b246f08c32c-0', 'role': 'user'}, {'content': 'Das lässt sich einrichten. Ein Mitarbeitender wird Sie zurückrufen, um alles persönlich zu klären und einen passenden Termin zu vereinbaren. Vielen Dank für Ihren Anruf und einen schönen Tag noch!', 'id': '4dcb8390-3345-4f20-bb6a-fd913525546d', 'role': 'assistant'}, {'content': 'Vielen Dank, Ihnen auch einen schönen Tag. Auf Wiederhören.', 'id': 'lc_run--019ff647-e760-7880-9d9c-7c9dc6d39e4c-0', 'role': 'user'}, {'content': 'Auf Wiederhören, Herr Jung. Bis bald!', 'id': 'a63d66b4-d27d-4a20-905e-f2684b2252e2', 'role': 'assistant'}, {'content': '', 'id': 'lc_run--019ff648-007e-7362-add1-0ca8eaebf50d-0', 'role': 'user'}, {'content': 'Falls Sie noch etwas benötigen, melden Sie sich gerne wieder. Auf Wiederhören!', 'id': 'cace9ca4-3ef5-40ad-a88b-7bf1c44fbb55', 'role': 'assistant'}]",28.504676,,019ff647-9db6-7c53-b5bd-c8992bf8579d,0.0,1.0,0.1429,0.4376,0.0
Horst Kramer,015789643375,Freitag den ganzen Tag,eine Reparatur eines undichten Rohrs,surfersimmobilien+predeploy@outlook.com,"[{'content': 'Guten Tag, Sie sprechen mit der digitalen Anruf-Assistentin von Surfers Immobilien. Was kann ich heute für Sie tun?', 'role': 'assistant'}, {'content': 'Hallo, mein Name ist Horst Kramer und ich würde gerne einen Termin für eine Reparatur eines undichten Rohrs vereinbaren.', 'id': '63f968b3-bc12-4422-9eb3-d37c65e4eeb6', 'role': 'user'}, {'content': 'Für eine Reparatur gibt es die Terminart „Reparatur“. Möchten Sie diesen Termin buchen?', 'id': 'cc8e8abb-618c-41ef-926d-8a69aa826a86', 'role': 'assistant'}, {'content': 'Ja, bitte.', 'id': 'lc_run--019ff647-e6c9-77b2-ae02-6831292101e7-0', 'role': 'user'}, {'content': 'Gut, Herr Kramer. Für die Buchung benötige ich Ihre E-Mail-Adresse. Könnten Sie mir diese bitte nennen?', 'id': '0c1b9093-7fd0-42e1-a2b3-89a401e9c92f', 'role': 'assistant'}, {'content': 'Ja, gerne: surfersimmobilien+predeploy@outlook.com', 'id': 'lc_run--019ff647-f138-7413-b169-29dfb8c34df3-0', 'role': 'user'}, {'content': 'Danke. Könnten Sie mir bitte noch Ihre Telefonnummer nennen, unter der Sie erreichbar sind?', 'id': '23e57452-3fee-4d9c-a5d6-f01dc42fac1f', 'role': 'assistant'}, {'content': 'Ja, meine Telefonnummer ist 015789643375.', 'id': 'lc_run--019ff647-fb97-7ed2-afc0-412583a93f8e-0', 'role': 'user'}, {'content': 'Alles klar, Herr Kramer. Wann möchten Sie den Reparatur-Termin am liebsten wahrnehmen? Gibt es ein bestimmtes Datum oder eine Uhrzeit, die Ihnen passt?', 'id': '8d733830-1112-4691-8f11-78972e79c95e', 'role': 'assistant'}, {'content': 'Ich bin Freitag den ganzen Tag erreichbar, Termine kann ich nur freitags wahrnehmen.', 'id': 'lc_run--019ff648-0695-7030-b56b-c63fd61489a4-0', 'role': 'user'}, {'content': 'Am Freitag, den vierzehnten August zweitausendsechsundzwanzig, sind leider keine Termine für Reparaturen verfügbar. Möchten Sie einen anderen Freitag auswählen oder einen alternativen Tag vorschlagen?', 'id': '82545d9f-5a92-4776-b11f-0ed93ed39d7b', 'role': 'assistant'}, {'content': 'Gerne ein anderer Freitag, ich kann allerdings nur freitags. Haben Sie an einem anderen Freitag einen Termin frei?', 'id': 'lc_run--019ff648-1f5d-79b3-9fe9-1247cb6cf9f7-0', 'role': 'user'}, {'content': 'Ich prüfe jetzt die nächsten Freitage für Sie. Gibt es eine bestimmte Uhrzeit, die Ihnen besonders gut passt, oder sind Sie den ganzen Tag flexibel?', 'id': '3d70cf70-aa47-40d2-8992-4201b12062d7', 'role': 'assistant'}, {'content': 'Ich bin freitags den ganzen Tag flexibel.', 'id': 'lc_run--019ff648-35d3-71f0-8d83-96fe2a99da98-0', 'role': 'user'}, {'content': 'Leider sind auch an den nächsten Freitagen, dem einundzwanzigsten August, dem achtundzwanzigsten August und dem vierten September zweitausendsechsundzwanzig keine Reparatur-Termine verfügbar. Möchten Sie einen anderen Wochentag prüfen lassen oder die Anfrage anders gestalten?', 'id': 'ed206c8d-1d2b-462e-a9c6-a52a74df06ca', 'role': 'assistant'}, {'content': 'Dann möchte ich bitte von einem Mitarbeitenden zurückgerufen werden, um das persönlich zu klären.', 'id': 'lc_run--019ff648-66ea-7283-9fef-1e6a9403949a-0', 'role': 'user'}, {'content': 'Alles klar, Herr Kramer. Ich gebe Ihren Rückrufwunsch weiter, damit sich jemand persönlich bei Ihnen meldet. Vielen Dank für Ihren Anruf und einen schönen Tag!', 'id': 'a72b1fbe-ca9d-4f7c-b80c-ad184f962a82', 'role': 'assistant'}, {'content': 'Vielen Dank. Auf Wiederhören!', 'id': 'lc_run--019ff648-781c-79c1-9d3e-6ba16a843074-0', 'role': 'user'}, {'content': 'Auf Wiederhören, Herr Kramer.', 'id': '78a2647b-56d8-49a8-849f-af5215c2e032', 'role': 'assistant'}, {'content': '', 'id': 'lc_run--019ff648-8151-7491-952a-ebc135ab8db2-0', 'role': 'user'}, {'content': 'Die Verbindung wird beendet. Einen angenehmen Tag noch!', 'id': 'a253305f-ba2c-4e01-a0c5-4e0827b90d55', 'role': 'assistant'}]",47.421527,,019ff647-d2e8-7543-8354-fbf383f68538,1.0,1.0,0.1818,0.7155,1.0
Rainer Hofmann,015789643375,immer mittwochs und freitags,eine Terminabsprache für die Gartenpflege,surfersimmobilien+predeploy@outlook.com,"[{'content': 'Guten Tag, Sie sprechen mit der digitalen Anruf-Assistentin von Surfers Immobilien. Was kann ich heute für Sie tun?', 'role': 'assistant'}, {'content': 'Hallo, mein Name ist Rainer Hofmann und ich würde gerne einen Termin für eine Terminabsprache für die Gartenpflege vereinbaren.', 'id': 'e756c64b-232e-42e7-919b-b73b5649517c', 'role': 'user'}, {'content': 'Für eine Terminabsprache zur Gartenpflege passt am ehesten die Kategorie „Allgemeine Anfragen“. Möchten Sie diesen Termin buchen oder soll ich Ihnen andere Optionen nennen?', 'id': 'b16299c2-80ee-4b99-ada7-0c97441edd6a', 'role': 'assistant'}, {'content': 'Ja, gerne, ich möchte den Termin in der Kategorie „Allgemeine Anfragen“ buchen.', 'id': 'lc_run--019ff647-ef02-7062-9f65-5acdd5fa7884-0', 'role': 'user'}, {'content': 'Alles klar, Herr Hofmann. Haben Sie einen bestimmten Tag oder eine Uhrzeit im Kopf, wann Ihnen der Termin am besten passt?', 'id': 'bc7ea4e4-fc2b-4ff9-bd83-1a95863af1d9', 'role': 'assistant'}, {'content': 'Ich bin immer mittwochs und freitags erreichbar. Am besten passt mir einer dieser Tage.', 'id': 'lc_run--019ff647-f991-7a63-9655-60b283236183-0', 'role': 'user'}, {'content': 'Gut, möchten Sie lieber mittwochs oder freitags einen Termin vereinbaren? Und gibt es eine bevorzugte Uhrzeit?', 'id': '480e4616-7042-49dc-99ab-db942dcfab0e', 'role': 'assistant'}, {'content': 'Freitags wäre mir am liebsten. Eine bevorzugte Uhrzeit habe ich nicht.', 'id': 'lc_run--019ff648-0532-7a60-b802-32a32f3a7891-0', 'role': 'user'}, {'content': 'Am Freitag, vierzehnter August, sind leider keine Termine verfügbar. Möchten Sie einen anderen Freitag auswählen oder lieber einen Mittwoch?', 'id': '2e7aa69d-c2a5-4d74-995d-b5871d9b6d78', 'role': 'assistant'}, {'content': 'Dann gerne einen Mittwoch, möglichst den nächstverfügbaren Termin.', 'id': 'lc_run--019ff648-1996-7e30-8881-61d229f403d6-0', 'role': 'user'}, {'content': 'Am Mittwoch, zwölfter August, ist leider auch kein Termin frei. Soll ich den darauffolgenden Mittwoch prüfen?', 'id': 'ff162352-1dd7-485f-b79d-59a9432d8a2d', 'role': 'assistant'}, {'content': 'Ja, bitte prüfen Sie den darauffolgenden Mittwoch.', 'id': 'lc_run--019ff648-3611-7832-9625-31d44a0f5a39-0', 'role': 'user'}, {'content': 'Am Mittwoch, neunzehnter August, ist ebenfalls kein Termin verfügbar. Möchten Sie, dass ich weitere Mittwoche prüfe oder lieber einen anderen Wochentag vorschlage?', 'id': '8ca72d1c-0895-4b32-9a2c-1dff3e179ee6', 'role': 'assistant'}, {'content': 'Bitte prüfen Sie weitere Mittwoche oder Freitage. Andere Wochentage sind bei mir leider nicht möglich.', 'id': 'lc_run--019ff648-487e-7153-a50b-5fdb003d2e92-0', 'role': 'user'}, {'content': 'Leider sind auch am Freitag, einundzwanzigster August, Mittwoch, sechsundzwanzigster August und Freitag, achtundzwanzigster August keine Termine verfügbar. Möchten Sie, dass ich noch weiter in die Zukunft schaue?', 'id': '5c14b9af-f895-4585-bbd7-8e11bdcccb43', 'role': 'assistant'}, {'content': 'Ja, bitte schauen Sie noch weiter in die Zukunft, nur mittwochs oder freitags.', 'id': 'lc_run--019ff648-67c5-7e43-bb07-b9303f0f403a-0', 'role': 'user'}, {'content': 'Auch im September sind mittwochs und freitags keine Termine verfügbar. Möchten Sie, dass ich noch weiter prüfe, oder möchten Sie lieber eine Rückmeldung erhalten, sobald wieder Termine frei sind?', 'id': 'a48f4c3f-af71-4fab-bd47-76cf0d9191e1', 'role': 'assistant'}, {'content': 'Dann möchte ich bitte gerne zurückgerufen werden, sobald wieder Termine frei sind, um das persönlich zu klären.', 'id': 'lc_run--019ff648-89b8-7c02-8779-c5cb3dbc0a5b-0', 'role': 'user'}, {'content': 'Ich notiere Ihren Wunsch auf Rückruf, sobald wieder Termine verfügbar sind. Sie werden dann persönlich informiert. Vielen Dank für Ihre Geduld und einen schönen Tag noch!', 'id': '61eeb508-0bcb-496a-b088-dde72f3523f0', 'role': 'assistant'}, {'content': 'Vielen Dank. Auf Wiederhören und Ihnen auch einen schönen Tag!', 'id': 'lc_run--019ff648-9d82-71c2-bb82-8c79bc590b9c-0', 'role': 'user'}, {'content': 'Sehr gerne. Auf Wiederhören, Herr Hofmann!', 'id': '12e2d3cc-3abf-4b0f-83a9-34b600b0e0f8', 'role': 'assistant'}, {'content': '', 'id': 'lc_run--019ff648-a9f7-7053-9114-3dff55a879f5-0', 'role': 'user'}, {'content': 'Das Gespräch ist beendet. Falls Sie wieder einen Termin wünschen, stehe ich Ihnen gerne zur Verfügung. Auf Wiederhören!', 'id': '6456a278-6498-4e0e-99ea-3f3b2ce94dfd', 'role': 'assistant'}]",55.240587,,019ff647-ddef-7931-8548-460d1d6e5ee4,0.0,1.0,0.0833,0.1353,0.0
Erwin Otto,015789643375,Montag von 9 Uhr bis 12 Uhr,eine Reparatur der Klimaanlage,surfersimmobilien+predeploy@outlook.com,"[{'content': 'Guten Tag, Sie sprechen mit der digitalen Anruf-Assistentin von Surfers Immobilien. Was kann ich heute für Sie tun?', 'role': 'assistant'}, {'content': 'Hallo, mein Name ist Erwin Otto und ich würde gerne einen Termin für eine Reparatur der Klimaanlage vereinbaren.', 'id': 'a6526697-9b08-4f3c-be67-ad0527052760', 'role': 'user'}, {'content': 'Alles klar, Herr Otto. Ich helfe Ihnen gern dabei, einen Termin für die Reparatur Ihrer Klimaanlage zu buchen. Könnten Sie mir bitte sagen, um welche Art von Termin es sich genau handelt? Geht es um eine allgemeine Reparatur, eine Wartung oder etwas Spezielles?', 'id': '27b401ee-f78d-4329-80fd-40bd5fa51b4f', 'role': 'assistant'}, {'content': 'Es geht um eine Reparatur der Klimaanlage.', 'id': 'lc_run--019ff648-0a62-7680-97cc-a89eae12e776-0', 'role': 'user'}, {'content': 'Für eine Reparatur gibt es einen passenden Termin-Typ mit dem Namen „Reparatur“. Möchten Sie diesen Termin buchen?', 'id': '0e3e7aec-325f-4871-bbec-0d5b1cf8fcc5', 'role': 'assistant'}, {'content': 'Ja, bitte.', 'id': 'lc_run--019ff648-1d96-75c3-b7e9-3f61b0aecb9a-0', 'role': 'user'}, {'content': 'Gut, Herr Otto. Für die Reparatur sind keine weiteren Angaben erforderlich. Gibt es einen bestimmten Tag oder eine Uhrzeit, die Ihnen besonders gut passt?', 'id': '95e33110-89b0-439d-abbf-9c07082f39bd', 'role': 'assistant'}, {'content': 'Ja, ich bin montags von 9 bis 12 Uhr erreichbar und kann nur in diesem Zeitraum Termine wahrnehmen.', 'id': 'lc_run--019ff648-2d96-7740-b89f-24ad0b86adf3-0', 'role': 'user'}, {'content': 'Leider sind am kommenden Montag, dem siebzehnten August, zwischen neun und zwölf Uhr keine Termine verfügbar. Möchten Sie einen anderen Montag oder einen alternativen Zeitraum vorschlagen?', 'id': 'fe518060-b083-43d5-a163-ac3278cc904a', 'role': 'assistant'}, {'content': 'Ein anderer Montag zwischen 9 und 12 Uhr wäre für mich möglich.', 'id': 'lc_run--019ff648-43fb-7e82-9461-4c217f6f4540-0', 'role': 'user'}, {'content': 'Auch am Montag, dem vierundzwanzigsten August, sind zwischen neun und zwölf Uhr keine Termine frei. Soll ich den darauffolgenden Montag prüfen oder möchten Sie einen anderen Zeitraum nennen?', 'id': '61017ae4-d72c-473b-a682-5ab53a13ffaa', 'role': 'assistant'}, {'content': 'Bitte prüfen Sie den darauffolgenden Montag zwischen 9 und 12 Uhr.', 'id': 'lc_run--019ff648-587f-7e60-993d-df62c708cce4-0', 'role': 'user'}, {'content': 'Auch am Montag, dem einunddreißigsten August, sind zwischen neun und zwölf Uhr keine Termine verfügbar. Möchten Sie einen weiteren Montag prüfen lassen oder einen anderen Zeitraum wählen?', 'id': 'e6fba94d-2a5f-4974-bfaa-3eb33ad84480', 'role': 'assistant'}, {'content': 'Bitte prüfen Sie noch einen weiteren Montag zwischen 9 und 12 Uhr.', 'id': 'lc_run--019ff648-6bb5-7c30-9e2b-1705e469f800-0', 'role': 'user'}, {'content': 'Auch am Montag, dem siebten September, sind zwischen neun und zwölf Uhr keine Termine frei. Möchten Sie einen weiteren Montag prüfen oder einen anderen Zeitraum nennen?', 'id': '74e531a4-1516-42d7-aa56-a306039b87a2', 'role': 'assistant'}, {'content': 'Dann würde ich gerne von einem Mitarbeitenden zurückgerufen werden, um das persönlich zu klären.', 'id': 'lc_run--019ff648-7d53-7aa2-b362-476a3692e978-0', 'role': 'user'}, {'content': 'Das ist kein Problem. Ich gebe Ihren Rückrufwunsch weiter, damit sich ein Mitarbeitender persönlich bei Ihnen meldet. Vielen Dank für Ihren Anruf und einen schönen Tag noch.', 'id': '7464416c-5200-48c2-9b87-d602a35337ab', 'role': 'assistant'}, {'content': 'Vielen Dank, Ihnen auch einen schönen Tag. Auf Wiederhören.', 'id': 'lc_run--019ff648-8c1f-7b40-92c3-3421ff6d96e8-0', 'role': 'user'}, {'content': 'Auf Wiederhören, Herr Otto.', 'id': 'ddc576c3-bf0a-490b-a77f-b00e21270e68', 'role': 'assistant'}, {'content': '', 'id': 'lc_run--019ff648-97b5-7d60-9a8e-82559c2467d3-0', 'role': 'user'}, {'content': 'Die Verbindung wird nun beendet. Einen angenehmen Tag noch!', 'id': '2fff076b-6966-4eb8-a70f-fc86c7b40edf', 'role': 'assistant'}]",42.554054,,019ff648-00ad-71a1-bcbf-7c29b1cc5292,0.0,1.0,0.0909,0.1617,1.0
Reinhard Schuster,015789643375,den ganzen Donnerstag,eine Beschwerde über eine undichte Dachrinne,surfersimmobilien+predeploy@outlook.com,"[{'content': 'Guten Tag, Sie sprechen mit der digitalen Anruf-Assistentin von Surfers Immobilien. Was kann ich heute für Sie tun?', 'role': 'assistant'}, {'content': 'Hallo, mein Name ist Reinhard Schuster und ich würde gerne einen Termin für eine Beschwerde über eine undichte Dachrinne vereinbaren.', 'id': '04fc4887-eb65-43aa-9d22-a7e57fc5b5ea', 'role': 'user'}, {'content': 'Für Ihr Anliegen gibt es einen passenden Termin-Typ mit dem Namen ""Beschwerde"". Möchten Sie diesen auswählen, um Ihre undichte Dachrinne zu besprechen?', 'id': '429a5349-b7e6-41d0-97f3-a9a9b5c22819', 'role': 'assistant'}, {'content': 'Ja, gerne. Bitte wählen Sie den Termin-Typ „Beschwerde“ aus.', 'id': 'lc_run--019ff648-1ee2-7263-be84-0912fa9e083b-0', 'role': 'user'}, {'content': 'Im Moment sind leider keine freien Termine für „Beschwerde“ in den nächsten sieben Tagen verfügbar. Möchten Sie einen späteren Zeitraum prüfen lassen?', 'id': 'f2729e0d-1d70-4f0e-8683-ade3559ff6d4', 'role': 'assistant'}, {'content': 'Ja, bitte prüfen Sie einen späteren Zeitraum.', 'id': 'lc_run--019ff648-35c7-7810-8c95-aa4b8616a6be-0', 'role': 'user'}, {'content': 'Welchen Zeitraum wünschen Sie? Zum Beispiel ab Ende August oder lieber im September?', 'id': 'e5039595-1125-410e-8852-dd8b5091aa05', 'role': 'assistant'}, {'content': 'Gerne im September, bitte an einem Donnerstag.', 'id': 'lc_run--019ff648-3de3-7453-920c-f060c00bcfd0-0', 'role': 'user'}, {'content': 'Im September sind aktuell keine Donnerstags-Termine für „Beschwerde“ verfügbar. Soll ich nach anderen Wochentagen im September suchen oder einen späteren Monat prüfen?', 'id': 'd415937a-ecaf-476d-bd96-7e869fb2d68d', 'role': 'assistant'}, {'content': 'Bitte prüfen Sie einen späteren Monat, aber nur donnerstags.', 'id': 'lc_run--019ff648-568a-7f12-a16f-76b3baadc022-0', 'role': 'user'}, {'content': 'Welchen Monat möchten Sie prüfen lassen? Oktober, November oder noch später?', 'id': 'a1303c0f-a613-459a-ad61-b1dc1e729d12', 'role': 'assistant'}, {'content': 'Bitte prüfen Sie Oktober, nur donnerstags.', 'id': 'lc_run--019ff648-66ca-7e61-af36-6638abff6bdf-0', 'role': 'user'}, {'content': 'Im Oktober sind leider keine Donnerstags-Termine für „Beschwerde“ verfügbar. Möchten Sie einen anderen Wochentag im Oktober prüfen oder einen weiteren Monat auswählen?', 'id': '436bad6e-5f71-4144-8fba-93770b203ba1', 'role': 'assistant'}, {'content': 'Dann bitte ich um einen Rückruf durch einen Mitarbeitenden, um das Anliegen zu klären oder einen Termin zu vereinbaren.', 'id': 'lc_run--019ff648-7d58-7101-8e07-62f46c5a36a0-0', 'role': 'user'}, {'content': 'Das lässt sich einrichten. Ein Mitarbeitender wird Sie zurückrufen, um Ihr Anliegen zu besprechen oder einen Termin zu vereinbaren. Vielen Dank für Ihren Anruf und einen angenehmen Tag!', 'id': 'd23c9fcf-2104-46f7-bc59-9d2f683fe1b3', 'role': 'assistant'}, {'content': 'Vielen Dank. Auf Wiederhören.', 'id': 'lc_run--019ff648-99b4-7343-8715-a00db5dd45cb-0', 'role': 'user'}, {'content': 'Auf Wiederhören, Herr Schuster. Alles Gute für Sie!', 'id': '30b932ff-1eac-4b60-b9ca-86e5df88a6ad', 'role': 'assistant'}, {'content': '', 'id': 'lc_run--019ff648-a4cd-7442-a792-e407bb1a66cc-0', 'role': 'user'}, {'content': 'Das Gespräch ist beendet. Falls Sie wieder Unterstützung benötigen, stehe ich Ihnen gerne zur Verfügung. Einen schönen Tag noch!', 'id': '5e3d633e-dd91-44a6-9f3e-c3109f449e56', 'role': 'assistant'}]",42.104028,,019ff648-0d10-74a0-bd59-dcedc9afa1b5,0.0,1.0,0.1,0.1979,0.0
Ernst Weiß,015789643375,Dienstag von 9 Uhr bis 11 Uhr,eine Reparatur der Briefkastenanlage,surfersimmobilien+predeploy@outlook.com,"[{'content': 'Guten Tag, Sie sprechen mit der digitalen Anruf-Assistentin von Surfers Immobilien. Was kann ich heute für Sie tun?', 'role': 'assistant'}, {'content': 'Hallo, mein Name ist Ernst Weiß und ich würde gerne einen Termin für eine Reparatur der Briefkastenanlage vereinbaren.', 'id': '794cae0f-012b-4464-b65e-93e3bb97a3bd', 'role': 'user'}, {'content': 'Alles klar, Herr Weiß. Ich helfe Ihnen gern dabei, einen Termin für die Reparatur der Briefkastenanlage zu vereinbaren. Könnten Sie mir bitte sagen, um welche Art von Termin es sich genau handelt? Zum Beispiel: Ist es ein Reparaturtermin, eine Besichtigung oder etwas anderes?', 'id': '2f0bfb0e-e997-4ed3-a734-365e731d3a9f', 'role': 'assistant'}, {'content': 'Es geht um einen Reparaturtermin für die Briefkastenanlage.', 'id': 'lc_run--019ff648-9648-7a61-8059-efbe578989b8-0', 'role': 'user'}, {'content': 'Für Reparaturtermine gibt es eine passende Option. Möchten Sie einen Termin für ""Reparatur"" buchen?', 'id': '5ac6c1c8-ba57-4e37-b8db-c3cfdfc2b6a5', 'role': 'assistant'}, {'content': 'Ja, bitte.', 'id': 'lc_run--019ff648-accb-7a03-aa22-318029ea525e-0', 'role': 'user'}, {'content': 'Gut, Herr Weiß. Gibt es einen bestimmten Tag oder eine Uhrzeit, die Ihnen für den Reparaturtermin besonders gut passt?', 'id': '6facf63b-9ccd-45a6-b642-7a9e8162dbae', 'role': 'assistant'}, {'content': 'Ja, ich bin dienstags zwischen 9 und 11 Uhr verfügbar.', 'id': 'lc_run--019ff648-b5be-76f1-8293-f24126f5c803-0', 'role': 'user'}, {'content': 'Für Dienstag, den dreizehnten August, sind zwischen neun und elf Uhr leider keine Termine frei. Soll ich nach einem anderen Dienstag oder einem anderen Zeitraum suchen?', 'id': '38172b00-facb-467d-8575-ac7607cadc69', 'role': 'assistant'}, {'content': 'Ja, bitte schauen Sie nach einem anderen Dienstag zwischen 9 und 11 Uhr.', 'id': 'lc_run--019ff648-cfc9-7323-a458-543f78ef990d-0', 'role': 'user'}, {'content': 'Am Dienstag, den zwanzigsten August, sind zwischen neun und elf Uhr ebenfalls keine Termine verfügbar. Möchten Sie, dass ich den nächsten Dienstag darauf prüfe?', 'id': '63aecb59-1e8f-410a-b0be-388f72bc67e1', 'role': 'assistant'}, {'content': 'Ja, bitte prüfen Sie den nächsten Dienstag zwischen 9 und 11 Uhr.', 'id': 'lc_run--019ff648-e682-76f3-a78e-94c5edb1e2a1-0', 'role': 'user'}, {'content': 'Auch am Dienstag, den siebenundzwanzigsten August, sind zwischen neun und elf Uhr keine Termine frei. Soll ich einen anderen Zeitraum am Dienstag prüfen oder einen anderen Wochentag für Sie suchen?', 'id': '46359858-c698-49b9-b99a-34e994dc267d', 'role': 'assistant'}, {'content': 'Ich kann leider nur dienstags zwischen 9 und 11 Uhr. Dann bitte ich um einen Rückruf durch einen Mitarbeitenden zur Klärung.', 'id': 'lc_run--019ff648-fc5e-7732-b70d-073ed2ec14ed-0', 'role': 'user'}, {'content': 'Das ist notiert. Ein Mitarbeitender wird Sie zurückrufen, um einen passenden Termin zu finden. Vielen Dank für Ihren Anruf und einen angenehmen Tag für Sie.', 'id': 'f37be221-2e0c-4a49-bcb1-5520cfbad217', 'role': 'assistant'}, {'content': 'Vielen Dank. Auf Wiederhören.', 'id': 'lc_run--019ff649-1159-7e41-a961-62fa028d02e8-0', 'role': 'user'}, {'content': 'Auf Wiederhören, Herr Weiß. Alles Gute für Sie!', 'id': 'f90c0d7c-b559-449e-bf19-7d2962dbed67', 'role': 'assistant'}, {'content': '', 'id': 'lc_run--019ff649-21f8-7db1-9e0b-fc9ae6648d8c-0', 'role': 'user'}, {'content': 'Das Gespräch ist beendet. Wenn Sie wieder Unterstützung benötigen, melden Sie sich gern.', 'id': '727aa5c2-3ffe-474e-9ad8-17292e3ff400', 'role': 'assistant'}]",41.281105,,019ff648-8c26-72b1-a8bd-11d4b1d8964b,0.0,1.0,0.1,0.1979,1.0
Angelika Köhler,015789643375,den ganzen Freitag,eine Reparatur des Briefkastens,surfersimmobilien+predeploy@outlook.com,"[{'content': 'Guten Tag, Sie sprechen mit der digitalen Anruf-Assistentin von Surfers Immobilien. Wie kann ich Ihnen weiterhelfen? Was ist der Grund für Ihren Anruf?', 'role': 'assistant'}, {'content': 'Hallo, mein Name ist Angelika Köhler und ich würde gerne einen Termin für eine Reparatur des Briefkastens vereinbaren.', 'id': 'c5091adb-5a33-4c15-951c-e0ad33fa414d', 'role': 'user'}, {'content': 'Für eine Reparatur gibt es einen passenden Termin-Typ. Möchten Sie einen Termin für ""Reparatur"" buchen?', 'id': '98a35e83-768b-470d-9139-09b5c885e994', 'role': 'assistant'}, {'content': 'Ja, gerne.', 'id': 'lc_run--019ff648-bb34-7fe3-89a8-d239d4e3276b-0', 'role': 'user'}, {'content': 'Gut, Frau Köhler. Gibt es ein bestimmtes Datum oder eine Uhrzeit, die Ihnen für den Reparatur-Termin am Briefkasten besonders gut passt?', 'id': '70b3a65b-c243-4955-b3cd-32bd3c9dc489', 'role': 'assistant'}, {'content': 'Ich bin den ganzen Freitag erreichbar und kann an diesem Tag Termine wahrnehmen.', 'id': 'lc_run--019ff648-c662-79c2-b23b-ed633249b9f3-0', 'role': 'user'}, {'content': 'Am Freitag, dem vierzehnten August zweitausendsechsundzwanzig, sind leider keine freien Termine für eine Reparatur verfügbar. Soll ich nach einem anderen Tag für Sie schauen?', 'id': 'c584ee41-fbd4-4989-8e5d-2425e903ff7b', 'role': 'assistant'}, {'content': 'Leider kann ich nur freitags Termine wahrnehmen. Dann bitte ich um einen Rückruf von einem Mitarbeitenden, um das zu klären.', 'id': 'lc_run--019ff648-e206-76f3-b87a-b67bec58a328-0', 'role': 'user'}, {'content': 'Das notiere ich für Sie. Ein Mitarbeitender wird Sie zurückrufen, um alles Weitere zu besprechen. Vielen Dank für Ihren Anruf und einen schönen Tag noch.', 'id': '2926876b-3801-4b4c-be5c-90a456e96856', 'role': 'assistant'}, {'content': 'Vielen Dank. Auf Wiederhören.', 'id': 'lc_run--019ff648-fc49-77f1-a5ee-22e9a9237d7e-0', 'role': 'user'}, {'content': 'Sehr gerne. Auf Wiederhören, Frau Köhler.', 'id': 'ca597b54-4745-4605-9a73-94050a69c15c', 'role': 'assistant'}, {'content': '', 'id': 'lc_run--019ff649-0895-7782-a509-29c660d0441f-0', 'role': 'user'}, {'content': 'Das Gespräch ist beendet. Falls Sie wieder Unterstützung benötigen, stehe ich Ihnen gerne zur Verfügung. Einen schönen Tag noch!', 'id': '8a9421be-a115-4af2-a53e-424f1aed7dec', 'role': 'assistant'}]",29.050177,,019ff648-a6e8-7181-82f3-8b62c8c40154,0.0,1.0,0.1429,0.4376,1.0
August Busch,015789643375,immer dienstags und donnerstags,eine Kontrolle der Elektroinstallation,surfersimmobilien+predeploy@outlook.com,"[{'content': 'Guten Tag, Sie sprechen mit der digitalen Anruf-Assistentin von Surfers Immobilien. Wie kann ich Ihnen heute weiterhelfen? Was ist der Grund Ihres Anrufs?', 'role': 'assistant'}, {'content': 'Hallo, mein Name ist August Busch und ich würde gerne einen Termin für eine Kontrolle der Elektroinstallation vereinbaren.', 'id': '944e8cbc-d143-4d25-914b-99babcbf63d8', 'role': 'user'}, {'content': 'Für eine Kontrolle der Elektroinstallation gibt es die Auswahl zwischen ""Allgemeine Anfragen"" und ""Reparatur"". Was passt für Sie besser?', 'id': '8b6d6c5e-a473-4614-be35-bef960025fe8', 'role': 'assistant'}, {'content': 'Das passt eher zu „Allgemeine Anfragen“.', 'id': 'lc_run--019ff648-c669-71e2-a89a-95a416a4dc68-0', 'role': 'user'}, {'content': 'Alles klar, dann buche ich für Sie einen Termin unter „Allgemeine Anfragen“. Gibt es ein bestimmtes Datum oder eine Uhrzeit, die Sie bevorzugen?', 'id': 'e2ca4344-2bad-4bb6-8ac0-8af9efd91e98', 'role': 'assistant'}, {'content': 'Ich bin immer dienstags und donnerstags erreichbar. An diesen Tagen passt es mir am besten, gern vormittags.', 'id': 'lc_run--019ff648-d04e-78e1-88a4-28d2e6179477-0', 'role': 'user'}, {'content': 'Im Moment sind dienstags und donnerstags vormittags leider keine freien Zeiten verfügbar. Möchten Sie auch an anderen Tagen einen Termin wahrnehmen oder soll ich nach Nachmittagszeiten schauen?', 'id': 'd2070345-b8f4-4099-8131-09d7b04cffb4', 'role': 'assistant'}, {'content': 'Bitte schauen Sie nach Nachmittagszeiten an Dienstagen oder Donnerstagen. Andere Tage sind leider nicht möglich.', 'id': 'lc_run--019ff648-eac9-7eb0-af9b-d98e1f2ec5b6-0', 'role': 'user'}, {'content': 'Leider sind auch nachmittags an Dienstagen und Donnerstagen aktuell keine freien Termine verfügbar. Möchten Sie, dass ich Sie informiere, sobald wieder Zeiten frei werden, oder möchten Sie es zu einem späteren Zeitpunkt noch einmal versuchen?', 'id': '469fe227-343b-41ec-a6bd-43f899e5b3da', 'role': 'assistant'}, {'content': 'Dann möchte ich bitte gerne von einem Mitarbeitenden zurückgerufen werden, um das persönlich zu klären.', 'id': 'lc_run--019ff649-0d98-7c20-80da-aafe9854ba63-0', 'role': 'user'}, {'content': 'Ich gebe Ihren Rückrufwunsch weiter. Ein Mitarbeitender wird sich bei Ihnen melden, um alles persönlich zu besprechen. Vielen Dank für Ihren Anruf und einen angenehmen Tag für Sie!', 'id': '7e4a2377-16e0-4006-b01f-fe04ae3037bb', 'role': 'assistant'}, {'content': 'Vielen Dank, Ihnen auch einen angenehmen Tag. Auf Wiederhören.', 'id': 'lc_run--019ff649-1f89-7381-9e2f-d01e95593bdc-0', 'role': 'user'}, {'content': 'Auf Wiederhören, Herr Busch. Alles Gute für Sie!', 'id': 'b74ad1c4-b844-4607-be20-b1eff06a6cf7', 'role': 'assistant'}, {'content': '', 'id': 'lc_run--019ff649-2f4b-7e51-bcb9-3c26fef0727e-0', 'role': 'user'}, {'content': 'Die Verbindung ist beendet. Falls Sie wieder einen Termin buchen möchten, stehe ich Ihnen gern zur Verfügung.', 'id': '42878c5d-c490-4f19-8d46-a961783f41a0', 'role': 'assistant'}]",35.576696,,019ff648-b18a-7040-8f19-3fff43243bea,0.0,1.0,0.125,0.3247,0.0
Ilse Schulte,015789643375,nur nachmittags ab 15 Uhr,eine Terminabsprache für die Schädlingsbekämpfung,surfersimmobilien+predeploy@outlook.com,"[{'content': 'Guten Tag, Sie sprechen mit der digitalen Anruf-Assistentin von Surfers Immobilien. Wie kann ich Ihnen weiterhelfen? Was ist der Grund Ihres Anrufs?', 'role': 'assistant'}, {'content': 'Hallo, mein Name ist Ilse Schulte und ich würde gerne einen Termin für eine Terminabsprache für die Schädlingsbekämpfung vereinbaren.', 'id': '04a4e12a-7552-4bd2-a680-9c0c5cda4123', 'role': 'user'}, {'content': 'Für eine Terminabsprache zur Schädlingsbekämpfung gibt es mehrere passende Möglichkeiten: ""Allgemeine Anfragen"", ""Reparatur"" oder ""Beschwerde"". Welche dieser Optionen passt am besten zu Ihrem Anliegen?', 'id': '0bcbd366-db8a-4c99-b4ce-e922383698dc', 'role': 'assistant'}, {'content': 'Am besten passt wahrscheinlich „Allgemeine Anfragen“.', 'id': 'lc_run--019ff648-d0d2-7b30-929f-c8cc55d347cc-0', 'role': 'user'}, {'content': 'Alles klar, dann wähle ich „Allgemeine Anfragen“ für Sie aus. Gibt es ein bestimmtes Datum oder eine Uhrzeit, die Sie bevorzugen?', 'id': '043774dd-366a-45b3-9f14-ec9ba155d335', 'role': 'assistant'}, {'content': 'Ich bin nur nachmittags ab 15 Uhr erreichbar. Ein Termin ab 15 Uhr wäre mir daher am liebsten.', 'id': 'lc_run--019ff648-dc63-7e70-a090-106885f6f510-0', 'role': 'user'}, {'content': 'Im Moment sind leider keine freien Termine ab 15 Uhr verfügbar. Möchten Sie, dass ich nach anderen Tagen oder Zeitfenstern suche?', 'id': '9c89d3ce-2e0a-4a0c-8db0-2ae54f142a18', 'role': 'assistant'}, {'content': 'Da ich nur ab 15 Uhr kann, wäre es mir lieber, wenn mich ein Mitarbeitender zurückruft, um das persönlich zu klären.', 'id': 'lc_run--019ff648-f5fb-7341-a25b-ef4bd1c28909-0', 'role': 'user'}, {'content': 'Das ist kein Problem. Ein Mitarbeitender wird Sie zurückrufen, um einen passenden Termin persönlich mit Ihnen abzustimmen. Vielen Dank für Ihren Anruf und einen schönen Tag noch!', 'id': '1fc183c4-b846-49d9-905c-60a6c6f4c8a9', 'role': 'assistant'}, {'content': 'Vielen Dank, ebenfalls einen schönen Tag. Auf Wiederhören.', 'id': 'lc_run--019ff649-0665-7f82-9048-e1de21bba846-0', 'role': 'user'}, {'content': 'Auf Wiederhören, Frau Schulte. Alles Gute für Sie!', 'id': '0e025cc0-d690-4825-a8a5-1b309cfb87b7', 'role': 'assistant'}, {'content': '', 'id': 'lc_run--019ff649-1464-75f2-bdd5-522a792a8098-0', 'role': 'user'}, {'content': 'Das Gespräch ist nun beendet. Falls Sie wieder Unterstützung benötigen, stehe ich Ihnen gerne zur Verfügung. Auf Wiederhören!', 'id': '6d64de74-1929-4e1a-bc8c-44e74b8e35d9', 'role': 'assistant'}]",28.682537,,019ff648-b5b9-77e2-b1d7-e486ec669291,0.0,1.0,0.1429,0.4376,0.0
Simone Lehmann,015789643375,immer dienstags und donnerstags,eine Terminvereinbarung für einen Wohnungstausch,surfersimmobilien+predeploy@outlook.com,"[{'content': 'Guten Tag, Sie sprechen mit der digitalen Anruf-Assistentin von Surfers Immobilien. Wie kann ich Ihnen weiterhelfen? Was ist der Grund für Ihren Anruf?', 'role': 'assistant'}, {'content': 'Hallo, mein Name ist Simone Lehmann und ich würde gerne einen Termin für eine Terminvereinbarung für einen Wohnungstausch vereinbaren.', 'id': 'c6007cbb-e479-4d60-af92-5f059b4da370', 'role': 'user'}, {'content': 'Für einen Wohnungstausch gibt es aktuell keinen eigenen Termin-Typ. Es stehen folgende Möglichkeiten zur Auswahl: Allgemeine Anfragen, Reparatur, Beschwerde oder Besprechung von Dokumenten. Welcher dieser Bereiche passt am besten zu Ihrem Anliegen?', 'id': '3bd44a35-56bd-4815-b6c2-e0bc9d062c43', 'role': 'assistant'}, {'content': 'Dann passt „Allgemeine Anfragen“ am besten, danke.', 'id': 'lc_run--019ff649-2c63-7143-8de4-171ee431a678-0', 'role': 'user'}, {'content': 'Alles klar, dann buche ich für Sie einen Termin unter „Allgemeine Anfragen“. Gibt es ein bestimmtes Datum oder eine Uhrzeit, die Sie bevorzugen?', 'id': '03719811-c33d-4a31-bdbd-d7d191b3ab97', 'role': 'assistant'}, {'content': 'Ich bin immer dienstags und donnerstags erreichbar und kann nur an diesen Tagen Termine wahrnehmen. Gibt es da freie Termine?', 'id': 'lc_run--019ff649-3eae-7852-a165-c2c614857bab-0', 'role': 'user'}, {'content': 'An den kommenden Dienstagen und Donnerstagen sind aktuell keine freien Termine verfügbar. Möchten Sie, dass ich nach anderen Tagen schaue oder einen späteren Zeitraum prüfe?', 'id': 'd6392825-8102-442e-a26f-94d505fafe68', 'role': 'assistant'}, {'content': 'Bitte prüfen Sie gern einen späteren Zeitraum, aber weiterhin nur dienstags oder donnerstags.', 'id': 'lc_run--019ff649-5999-7812-b2b3-5c1077f5c5de-0', 'role': 'user'}, {'content': 'Im September sind an Dienstagen und Donnerstagen leider auch keine freien Termine verfügbar. Soll ich für Sie noch weiter in die Zukunft schauen oder möchten Sie vielleicht einen anderen Wochentag in Betracht ziehen?', 'id': 'f7c296f4-3331-45d5-beb3-89a91a2caa3d', 'role': 'assistant'}, {'content': 'Andere Wochentage sind leider nicht möglich. Wenn kein Termin verfügbar ist, würde ich gerne um einen Rückruf durch einen Mitarbeitenden bitten.', 'id': 'lc_run--019ff649-74b1-7482-8663-022c244e8bce-0', 'role': 'user'}, {'content': 'Das ist verständlich. Damit ich den Rückruf organisieren kann, benötige ich bitte noch Ihre Telefonnummer. Könnten Sie mir diese einmal durchgeben?', 'id': '8e6ae7a8-72b8-43e5-b782-472dd53614d8', 'role': 'assistant'}, {'content': 'Ja, meine Telefonnummer ist 015789643375.', 'id': 'lc_run--019ff649-866b-72d1-b835-6754051869d0-0', 'role': 'user'}, {'content': 'Danke, ich habe Ihre Nummer notiert: null, eins, fünf, sieben, acht, neun, sechs, vier, drei, drei, sieben, fünf. Gibt es eine bestimmte Uhrzeit, zu der Sie am besten erreichbar sind?', 'id': '217520ea-5c62-4148-a3f8-99a7fcadfb60', 'role': 'assistant'}, {'content': 'Am besten erreichen Sie mich dienstags oder donnerstags, die genaue Uhrzeit ist flexibel.', 'id': 'lc_run--019ff649-9738-71e1-9878-b30eb75fe4e6-0', 'role': 'user'}, {'content': 'Alles klar, ich gebe Ihren Rückrufwunsch mit diesen Angaben weiter. Ein Mitarbeitender wird sich an einem Dienstag oder Donnerstag bei Ihnen melden. Vielen Dank und einen schönen Tag noch!', 'id': '4bd2e75d-4abd-49cf-9b52-4ef3c877a9ab', 'role': 'assistant'}, {'content': 'Vielen Dank, Ihnen auch einen schönen Tag. Auf Wiederhören.', 'id': 'lc_run--019ff649-a95c-7613-8f4e-146a6b2df262-0', 'role': 'user'}, {'content': 'Auf Wiederhören, Frau Lehmann. Alles Gute für Sie!', 'id': '0af5e324-529c-454a-a243-9e8b6ab3105f', 'role': 'assistant'}, {'content': '', 'id': 'lc_run--019ff649-b5eb-76f2-afc8-0c26852890d1-0', 'role': 'user'}, {'content': 'Falls Sie noch einmal einen Termin buchen möchten, stehe ich Ihnen gern zur Verfügung. Auf Wiederhören!', 'id': '569b0c62-27c8-4e27-89cf-e2fd91a44055', 'role': 'assistant'}]",43.758761,,019ff649-1864-7190-97d6-c12a2c7277b4,1.0,1.0,0.2,0.8353,0.0
Ines Schmitt,015789643375,Mittwoch von 8 Uhr bis 10 Uhr,eine Reparatur des Balkongeländers,surfersimmobilien+predeploy@outlook.com,"[{'content': 'Guten Tag, Sie sprechen mit der digitalen Anruf-Assistentin von Surfers Immobilien. Wie kann ich Ihnen weiterhelfen? Was ist der Grund für Ihren Anruf?', 'role': 'assistant'}, {'content': 'Hallo, mein Name ist Ines Schmitt und ich würde gerne einen Termin für eine Reparatur des Balkongeländers vereinbaren.', 'id': 'd7e3f234-9506-4968-af46-d55f125d0b8a', 'role': 'user'}, {'content': 'Für eine Reparatur kann ich direkt einen passenden Termin für Sie buchen. Haben Sie einen bestimmten Tag oder eine Uhrzeit im Kopf, die Ihnen passen würde?', 'id': '7ba687c6-338d-484d-a9bf-a9975c707ad1', 'role': 'assistant'}, {'content': 'Ja, ich kann am Mittwoch zwischen 8 und 10 Uhr.', 'id': 'lc_run--019ff649-3c63-71a2-b211-98b39772b249-0', 'role': 'user'}, {'content': 'Leider sind am Mittwoch, den neunzehnten August, zwischen acht und zehn Uhr keine Termine verfügbar. Möchten Sie einen anderen Tag oder eine andere Uhrzeit vorschlagen?', 'id': '01c7daa6-7260-4a3b-9ebe-c21f4477bc76', 'role': 'assistant'}, {'content': 'Leider kann ich nur mittwochs zwischen 8 und 10 Uhr. Könnte mich bitte ein Mitarbeitender zurückrufen, um das zu klären?', 'id': 'lc_run--019ff649-5998-7ce2-90f1-4e40f4d4edb1-0', 'role': 'user'}, {'content': 'Das ist kein Problem. Ich gebe Ihren Rückrufwunsch weiter, damit sich ein Mitarbeitender bei Ihnen meldet. Vielen Dank für Ihren Anruf und einen schönen Tag noch!', 'id': '97a21c58-e0e9-4ce0-a915-a18c4cb261ea', 'role': 'assistant'}, {'content': 'Vielen Dank, Ihnen auch einen schönen Tag. Auf Wiederhören!', 'id': 'lc_run--019ff649-6ffd-7091-9d03-0d3b3336259d-0', 'role': 'user'}, {'content': 'Auf Wiederhören, Frau Schmitt!', 'id': 'f2d9064f-eab7-40aa-bae1-4bb05881b92f', 'role': 'assistant'}, {'content': '', 'id': 'lc_run--019ff649-8480-75e3-acd0-a62496dfda18-0', 'role': 'user'}, {'content': 'Das Gespräch ist nun beendet. Falls Sie wieder Unterstützung benötigen, stehe ich Ihnen gerne zur Verfügung. Auf Wiederhören!', 'id': 'bfbf6e68-ede6-4cd6-bd67-d8eab6e77b1f', 'role': 'assistant'}]",26.758805,,019ff649-25c5-7ee3-87ef-ebcd1a42b66e,0.0,1.0,0.1667,0.6065,0.0
Michael Wagner,015789643375,Donnerstag von 8 Uhr bis 11 Uhr,eine Wohnungsübergabe,surfersimmobilien+predeploy@outlook.com,"[{'content': 'Guten Tag, Sie sprechen mit der digitalen Anruf-Assistentin von Surfers Immobilien. Wie kann ich Ihnen weiterhelfen? Was ist der Grund für Ihren Anruf?', 'role': 'assistant'}, {'content': 'Hallo, mein Name ist Michael Wagner und ich würde gerne einen Termin für eine Wohnungsübergabe vereinbaren.', 'id': '6f4aee30-b9f0-44b0-b0ab-e85d3bc8a4f0', 'role': 'user'}, {'content': 'Für eine Wohnungsübergabe gibt es aktuell keinen eigenen Termin-Typ. Möchten Sie dafür einen allgemeinen Termin oder eine Besprechung von Dokumenten buchen?', 'id': '17205bf1-3b56-4b60-b625-9d3d1dc6a7a5', 'role': 'assistant'}, {'content': 'Dann gerne einen allgemeinen Termin, bitte.', 'id': 'lc_run--019ff649-4307-7461-b067-cccf37bf2fec-0', 'role': 'user'}, {'content': 'Alles klar. Gibt es ein bestimmtes Datum oder eine Uhrzeit, die Sie bevorzugen?', 'id': '2abc850d-f201-42a3-b2de-53eaa65ace8d', 'role': 'assistant'}, {'content': 'Ich bin donnerstags zwischen 8 und 11 Uhr verfügbar. In diesem Zeitraum würde es mir passen.', 'id': 'lc_run--019ff649-4fc9-7893-a245-479fafbdae58-0', 'role': 'user'}, {'content': 'Am kommenden Donnerstag zwischen acht und elf Uhr sind leider keine freien Termine verfügbar. Möchten Sie einen anderen Zeitraum vorschlagen oder soll ich nach dem nächsten verfügbaren Termin suchen?', 'id': '72d2ebe7-7bab-43de-8687-e4a1eb7dc4a5', 'role': 'assistant'}, {'content': 'Ich kann leider nur donnerstags zwischen 8 und 11 Uhr. Könnte mich bitte ein Mitarbeitender zurückrufen, um das persönlich zu klären?', 'id': 'lc_run--019ff649-7224-7280-97b9-a0f03dc9df52-0', 'role': 'user'}, {'content': 'Natürlich, ich gebe Ihren Rückrufwunsch weiter. Ein Mitarbeitender wird Sie kontaktieren, um einen passenden Termin zu finden. Vielen Dank für Ihren Anruf und einen schönen Tag!', 'id': 'c4c0ef48-14f2-4e09-92a3-6a417749673c', 'role': 'assistant'}, {'content': 'Vielen Dank. Auf Wiederhören und Ihnen auch einen schönen Tag!', 'id': 'lc_run--019ff649-88bc-7cf2-8537-137404cb8f7c-0', 'role': 'user'}, {'content': 'Auf Wiederhören, Herr Wagner! Alles Gute für Sie.', 'id': 'b946d5a6-e5b2-423e-a8ab-979c3311c4f4', 'role': 'assistant'}, {'content': '', 'id': 'lc_run--019ff649-9720-77b0-8edd-db50262cc7c4-0', 'role': 'user'}, {'content': 'Die Verbindung wird nun beendet. Falls Sie wieder Unterstützung benötigen, melden Sie sich gerne. Auf Wiederhören!', 'id': 'b7e9cb48-3b96-45ea-9052-90fc95dcb3e1', 'role': 'assistant'}]",31.101525,,019ff649-2d68-7043-ad9b-11632f18cc32,0.0,1.0,0.1429,0.4376,0.0
Achim Lorenz,015789643375,abends nach 18 Uhr,eine Besichtigung einer anderen Wohnung im selben Haus,surfersimmobilien+predeploy@outlook.com,"[{'content': 'Guten Tag, Sie sprechen mit der digitalen Anruf-Assistentin von Surfers Immobilien. Wie kann ich Ihnen weiterhelfen? Was ist der Grund für Ihren Anruf?', 'role': 'assistant'}, {'content': 'Hallo, mein Name ist Achim Lorenz und ich würde gerne einen Termin für eine Besichtigung einer anderen Wohnung im selben Haus vereinbaren.', 'id': '63209529-eeaf-41b7-953b-79029d8659f4', 'role': 'user'}, {'content': 'Für eine Wohnungsbesichtigung gibt es keinen passenden Termin-Typ in der Liste. Möchten Sie einen Termin für ""Allgemeine Anfragen"" buchen? Das wäre die beste Option für Ihr Anliegen. Ist das für Sie in Ordnung?', 'id': 'f13bcf55-8c65-4958-ba34-92752f6adaaf', 'role': 'assistant'}, {'content': 'Ja, das ist für mich in Ordnung.', 'id': 'lc_run--019ff649-51f4-7041-b3ec-7f2ca3e779fe-0', 'role': 'user'}, {'content': 'Im Moment sind leider keine freien Termine für allgemeine Anfragen in den nächsten sieben Tagen verfügbar. Möchten Sie, dass ich nach einem späteren Zeitraum schaue?', 'id': '8e41fc4f-bdb7-49c7-aeae-52c94fe7ec3a', 'role': 'assistant'}, {'content': 'Ja, bitte schauen Sie nach einem späteren Zeitraum.', 'id': 'lc_run--019ff649-6a74-7c43-9999-cbcdb02099f5-0', 'role': 'user'}, {'content': 'Auch im Zeitraum ab dem zwanzigsten August bis Ende August sind keine freien Termine verfügbar. Soll ich noch weiter in die Zukunft suchen oder möchten Sie lieber einen Rückruf vereinbaren?', 'id': 'ab9f0a05-d74a-4638-b713-c1fd4164d6a3', 'role': 'assistant'}, {'content': 'Dann würde ich lieber einen Rückruf vereinbaren, bitte.', 'id': 'lc_run--019ff649-80cf-7130-a4c5-d9e00d533c89-0', 'role': 'user'}, {'content': 'Alles klar, ich veranlasse einen Rückruf für Sie. Sie werden in Kürze von uns kontaktiert. Vielen Dank für Ihren Anruf und einen schönen Tag noch!', 'id': 'b03baa01-af82-42d7-a46c-5755c5c557da', 'role': 'assistant'}, {'content': 'Vielen Dank, auf Wiederhören.', 'id': 'lc_run--019ff649-8ec1-78a1-9820-4cc268160026-0', 'role': 'user'}, {'content': 'Sehr gerne. Auf Wiederhören und einen angenehmen Tag für Sie!', 'id': '8a4b0926-654a-4fab-abc1-d04e4d14e348', 'role': 'assistant'}, {'content': '', 'id': 'lc_run--019ff649-98e2-7782-80ad-f26b3307e01a-0', 'role': 'user'}, {'content': 'Die Verbindung wird nun beendet. Falls Sie wieder Unterstützung benötigen, sind wir gerne für Sie da. Auf Wiederhören!', 'id': '47768793-881c-4b82-83be-116de9218219', 'role': 'assistant'}]",27.89772,,019ff649-3c83-77f0-8d01-c36e3469c69f,0.0,1.0,0.1429,0.4376,0.0
Frank Klein,015789643375,abends nach 18 Uhr,eine Besichtigung des Kellerabteils,surfersimmobilien+predeploy@outlook.com,"[{'content': 'Guten Tag, Sie sprechen mit der digitalen Anruf-Assistentin von Surfers Immobilien. Wie kann ich Ihnen weiterhelfen? Was ist der Grund Ihres Anrufs?', 'role': 'assistant'}, {'content': 'Hallo, mein Name ist Frank Klein und ich würde gerne einen Termin für eine Besichtigung des Kellerabteils vereinbaren.', 'id': 'ca040d02-95f3-4568-957b-3ddd74ce77f9', 'role': 'user'}, {'content': 'Für eine Besichtigung des Kellerabteils gibt es aktuell keinen eigenen Termin-Typ. Am besten passt hier „Allgemeine Anfragen“. Möchten Sie diesen Termin-Typ für Ihre Besichtigung nutzen?', 'id': 'ff0fcf3e-0f8d-4f78-a197-2131993e3bc6', 'role': 'assistant'}, {'content': 'Ja, gerne. Das passt für mich.', 'id': 'lc_run--019ff649-9fcf-7a52-bc3f-bc89f582e02a-0', 'role': 'user'}, {'content': 'Alles klar, Herr Klein. Gibt es ein bestimmtes Datum oder eine Uhrzeit, die Ihnen für die Besichtigung besonders gut passen würde?', 'id': '7ef7d471-d0bf-48a0-8bc1-5c4d97c08e5f', 'role': 'assistant'}, {'content': 'Ich kann nur abends nach 18 Uhr. Ein Termin an einem Werktag nach 18 Uhr wäre ideal.', 'id': 'lc_run--019ff649-adc3-79a2-92b9-53814331ffff-0', 'role': 'user'}, {'content': 'Leider sind aktuell keine Termine nach achtzehn Uhr an Werktagen verfügbar. Möchten Sie stattdessen einen früheren Termin am Nachmittag oder lieber auf einen späteren Zeitraum warten?', 'id': 'b2aa12af-d710-4ba6-b4a0-cb9a3a9a7f08', 'role': 'assistant'}, {'content': 'Dann würde ich lieber um einen Rückruf von einem Mitarbeitenden bitten, um das persönlich zu klären.', 'id': 'lc_run--019ff649-c226-7e31-a606-8fe0d15f576f-0', 'role': 'user'}, {'content': 'In Ordnung, ich gebe Ihren Rückrufwunsch weiter. Ein Mitarbeitender von Surfers Immobilien wird sich bei Ihnen melden. Vielen Dank für Ihren Anruf und einen schönen Tag noch!', 'id': '1ded3cb5-6ab3-43fc-a22c-9f697373004c', 'role': 'assistant'}, {'content': 'Vielen Dank. Auf Wiederhören!', 'id': 'lc_run--019ff649-d451-7383-a379-190025f2eaef-0', 'role': 'user'}, {'content': 'Auf Wiederhören, Herr Klein!', 'id': '8586d4f6-a6d0-488c-90fd-58210f9343fd', 'role': 'assistant'}, {'content': '', 'id': 'lc_run--019ff649-f34a-7a33-bb4c-67f4db932e01-0', 'role': 'user'}, {'content': 'Das Gespräch ist beendet. Wenn Sie wieder einen Termin buchen möchten, stehe ich Ihnen gerne zur Verfügung. Einen schönen Tag!', 'id': '160123e6-fa95-40a7-bce2-f8b1f6d887d0', 'role': 'assistant'}]",29.742712,,019ff649-8e4d-77d2-898c-670bdf996e31,0.0,1.0,0.1429,0.4376,0.0
Ida Krämer,015789643375,Mittwoch von 8 Uhr bis 10 Uhr,eine Besichtigung eines Gartenanteils,surfersimmobilien+predeploy@outlook.com,"[{'content': 'Guten Tag, Sie sprechen mit der digitalen Anruf-Assistentin von Surfers Immobilien. Wie kann ich Ihnen weiterhelfen? Was ist der Grund Ihres Anrufs?', 'role': 'assistant'}, {'content': 'Hallo, mein Name ist Ida Krämer und ich würde gerne einen Termin für eine Besichtigung eines Gartenanteils vereinbaren.', 'id': '9044e3aa-3e15-4bf0-8b89-c902b34ca7a8', 'role': 'user'}, {'content': 'Für eine Besichtigung gibt es aktuell keinen eigenen Termin-Typ. Am ehesten passt „Allgemeine Anfragen“. Möchten Sie diesen Termin-Typ für Ihre Gartenbesichtigung nutzen?', 'id': '8216cd50-0002-4b54-a5be-ea3af1351c0a', 'role': 'assistant'}, {'content': 'Ja, gerne. Nutzen wir „Allgemeine Anfragen“ dafür.', 'id': 'lc_run--019ff649-ba61-73b1-95c9-2d2c2b8cdea0-0', 'role': 'user'}, {'content': 'Alles klar, Frau Krämer. Gibt es ein bestimmtes Datum oder eine Uhrzeit, die Ihnen für die Besichtigung besonders gut passen würde?', 'id': '501c9c49-9a49-4f2f-ad07-b3f057e3d688', 'role': 'assistant'}, {'content': 'Ich bin mittwochs zwischen 8 und 10 Uhr verfügbar.', 'id': 'lc_run--019ff649-c867-7821-96df-d506cd69c4b9-0', 'role': 'user'}, {'content': 'Am kommenden Mittwoch zwischen acht und zehn Uhr ist leider kein Termin frei. Möchten Sie einen anderen Tag oder eine andere Uhrzeit vorschlagen?', 'id': '3d544dc7-ec43-4120-b2db-dbee4333979e', 'role': 'assistant'}, {'content': 'Leider kann ich nur mittwochs zwischen 8 und 10 Uhr. Könnte mich bitte ein Mitarbeitender zurückrufen, um das zu klären?', 'id': 'lc_run--019ff649-e262-7e02-abc5-0d4f434d0a14-0', 'role': 'user'}, {'content': 'Natürlich, ich gebe Ihren Rückrufwunsch weiter. Ein Mitarbeitender von Surfers Immobilien wird sich bei Ihnen melden, um einen passenden Termin zu finden. Vielen Dank für Ihren Anruf und einen schönen Tag noch!', 'id': '9ae1a6f4-9ffb-4e79-8a32-5cc48cfebfce', 'role': 'assistant'}, {'content': 'Vielen Dank, Ihnen auch einen schönen Tag. Auf Wiederhören.', 'id': 'lc_run--019ff649-f87f-7303-b6e0-19652df23f04-0', 'role': 'user'}, {'content': 'Auf Wiederhören, Frau Krämer. Alles Gute für Sie!', 'id': '77f7474a-f2c2-4aee-930c-ec44ed3180d8', 'role': 'assistant'}, {'content': '', 'id': 'lc_run--019ff64a-06e7-7171-a742-52a1becf8746-0', 'role': 'user'}, {'content': 'Das Gespräch ist beendet. Wenn Sie wieder einen Termin buchen möchten, stehe ich Ihnen gerne zur Verfügung. Auf Wiederhören!', 'id': '94a7c6bb-3be1-4010-ac28-5a04d4224470', 'role': 'assistant'}]",29.599956,,019ff649-a6e7-7272-959b-ea62a5bdb357,0.0,1.0,0.1429,0.4376,0.0
Helmut Winter,015789643375,immer mittwochs und freitags,eine Reparatur der Fußbodenheizung,surfersimmobilien+predeploy@outlook.com,"[{'content': 'Guten Tag, Sie sprechen mit der digitalen Anruf-Assistentin von Surfers Immobilien. Wie kann ich Ihnen weiterhelfen? Was ist der Grund Ihres Anrufs?', 'role': 'assistant'}, {'content': 'Hallo, mein Name ist Helmut Winter und ich würde gerne einen Termin für eine Reparatur der Fußbodenheizung vereinbaren.', 'id': '4f6aa7cc-048f-47bf-a7f8-6a3fe618edd2', 'role': 'user'}, {'content': 'Für eine Reparatur gibt es einen passenden Termin-Typ. Möchten Sie einen Termin für „Reparatur“ buchen?', 'id': 'b0a23589-0a01-49a5-81c2-85a6232d132c', 'role': 'assistant'}, {'content': 'Ja, bitte. Ich möchte einen Termin für eine Reparatur buchen.', 'id': 'lc_run--019ff649-bfaf-7411-bd48-10b2e75c056f-0', 'role': 'user'}, {'content': 'Im Moment sind leider keine freien Reparatur-Termine verfügbar. Möchten Sie, dass ich nach einem späteren Zeitraum suche oder möchten Sie es zu einem anderen Zeitpunkt noch einmal versuchen?', 'id': '171d64ed-2583-49ad-b248-819c2a72db37', 'role': 'assistant'}, {'content': 'Könnten Sie bitte nach einem späteren Zeitraum suchen? Ich bin mittwochs und freitags verfügbar.', 'id': 'lc_run--019ff649-d195-7262-bfcd-141fe340fd00-0', 'role': 'user'}, {'content': 'Auch im späteren Zeitraum sind aktuell keine Reparatur-Termine frei. Möchten Sie, dass ich Sie zurückrufen lasse, sobald wieder Termine verfügbar sind?', 'id': '32ce5f29-cf73-4c8f-af59-32b8e4337104', 'role': 'assistant'}, {'content': 'Ja, bitte. Ich möchte gerne von einem Mitarbeitenden zurückgerufen werden, um das zu klären oder einen Termin zu vereinbaren.', 'id': 'lc_run--019ff649-eaca-7163-8b4a-86ab909a2606-0', 'role': 'user'}, {'content': 'Ich gebe Ihren Rückrufwunsch weiter. Ein Mitarbeitender von Surfers Immobilien meldet sich bei Ihnen, um alles Weitere zu besprechen. Vielen Dank für Ihren Anruf und einen schönen Tag!', 'id': '98a51a85-8bc7-4a17-8784-225ec65dce7c', 'role': 'assistant'}, {'content': 'Vielen Dank. Ihnen auch einen schönen Tag. Auf Wiederhören!', 'id': 'lc_run--019ff649-fc80-79e1-944c-731a6d2de2b0-0', 'role': 'user'}, {'content': 'Auf Wiederhören, Herr Winter!', 'id': '9efb33e9-bcdd-451f-b6f8-60831c3dbebc', 'role': 'assistant'}, {'content': '', 'id': 'lc_run--019ff64a-08e3-7040-a4a5-825ff62573a2-0', 'role': 'user'}, {'content': 'Die Verbindung wird nun beendet. Einen angenehmen Tag noch!', 'id': '1119a8e1-42b4-4489-ba9f-cdc5f34f89f0', 'role': 'assistant'}]",30.304791,,019ff649-a97e-7ff3-93d6-8343b8a6ea05,0.0,1.0,0.1429,0.4376,1.0
Julia Fischer,015789643375,den ganzen Freitag,eine Reparatur des Fensters,surfersimmobilien+predeploy@outlook.com,"[{'content': 'Guten Tag, Sie sprechen mit der digitalen Anruf-Assistentin von Surfers Immobilien. Wie kann ich Ihnen weiterhelfen? Was ist der Grund Ihres Anrufs?', 'role': 'assistant'}, {'content': 'Hallo, mein Name ist Julia Fischer und ich würde gerne einen Termin für eine Reparatur des Fensters vereinbaren.', 'id': '6140b205-bd54-405c-81e7-dec2fc4df4a1', 'role': 'user'}, {'content': 'Für eine Fensterreparatur kann ich einen Termin unter dem Event-Typ ""Reparatur"" buchen. Ist das für Sie in Ordnung?', 'id': '85a01a74-6e65-4fc9-aed7-f6672108981d', 'role': 'assistant'}, {'content': 'Ja, das ist in Ordnung.', 'id': 'lc_run--019ff649-d662-75e0-993f-a89bcf0d8e7d-0', 'role': 'user'}, {'content': 'Im Moment sind leider keine freien Zeiten für Reparaturtermine in den nächsten sieben Tagen verfügbar. Möchten Sie, dass ich nach einem späteren Zeitraum schaue?', 'id': 'e733fb53-c7a3-439e-9922-adac53b944fc', 'role': 'assistant'}, {'content': 'Ja, bitte schauen Sie nach einem späteren Zeitraum.', 'id': 'lc_run--019ff649-eb29-7811-9ff3-c5f264c78a8d-0', 'role': 'user'}, {'content': 'Auch im Zeitraum ab dem zwanzigsten August bis zum dritten September sind keine freien Reparaturtermine verfügbar. Möchten Sie, dass ich noch weiter in die Zukunft schaue?', 'id': '24f2c63e-a4c7-4b71-9744-ad86235a12bb', 'role': 'assistant'}, {'content': 'Ja, gerne. Ich bin allerdings nur freitags verfügbar.', 'id': 'lc_run--019ff649-fd40-7072-b2ff-ed479dfb5351-0', 'role': 'user'}, {'content': 'Leider gibt es auch an Freitagen im Zeitraum ab dem vierten September bis zum sechzehnten Oktober keine verfügbaren Reparaturtermine. Möchten Sie, dass ich noch weiter in die Zukunft schaue oder möchten Sie lieber einen Rückruf vereinbaren?', 'id': 'fb073a39-f11a-459f-b229-21136a12c18b', 'role': 'assistant'}, {'content': 'Dann würde ich gerne einen Rückruf vereinbaren.', 'id': 'lc_run--019ff64a-1b96-7e40-97cd-3310a06964b8-0', 'role': 'user'}, {'content': 'Kein Problem. Für den Rückruf benötige ich Ihre Telefonnummer. Könnten Sie mir bitte Ihre Nummer nennen?', 'id': '5a0c8ad4-117e-42b2-8b9e-246b683bf89a', 'role': 'assistant'}, {'content': 'Meine Telefonnummer ist 015789643375.', 'id': 'lc_run--019ff64a-29e0-7992-81ac-8edafe8985e9-0', 'role': 'user'}, {'content': 'Danke. An welchem Tag und zu welcher Uhrzeit möchten Sie gerne zurückgerufen werden?', 'id': 'a77aa142-7e7e-427e-aa63-a544b2bca095', 'role': 'assistant'}, {'content': 'Am liebsten am Freitag, ich bin den ganzen Tag erreichbar.', 'id': 'lc_run--019ff64a-340f-7e21-b3a7-186c8cb88007-0', 'role': 'user'}, {'content': 'Am kommenden Freitag sind leider keine Rückrufzeiten verfügbar. Soll ich für den darauffolgenden Freitag nach freien Zeiten schauen?', 'id': '300104fb-8c07-4e31-a693-881c2c4e922f', 'role': 'assistant'}, {'content': 'Ja, bitte schauen Sie für den darauffolgenden Freitag.', 'id': 'lc_run--019ff64a-4ae7-73d2-b02b-eacd2f29563c-0', 'role': 'user'}, {'content': 'Auch am Freitag, den einundzwanzigsten August, sind keine Rückrufzeiten verfügbar. Möchten Sie, dass ich noch einen weiteren Freitag prüfe?', 'id': 'a9c14d47-7c42-4a37-a357-ee790067f5e4', 'role': 'assistant'}, {'content': 'Ja, bitte prüfen Sie noch einen weiteren Freitag.', 'id': 'lc_run--019ff64a-5f50-7391-bd83-0c2144422818-0', 'role': 'user'}, {'content': 'Auch am Freitag, den achtundzwanzigsten August, sind keine Rückrufzeiten verfügbar. Soll ich noch einen weiteren Freitag prüfen oder möchten Sie lieber einen anderen Wochentag wählen?', 'id': 'e7e11590-1c72-4d5b-a1f2-b1b4ec2ee2c4', 'role': 'assistant'}, {'content': 'Bitte prüfen Sie noch einen weiteren Freitag.', 'id': 'lc_run--019ff64a-7c83-7261-93be-91ec2c368fe8-0', 'role': 'user'}, {'content': 'Auch am Freitag, den vierten September, sind keine Rückrufzeiten verfügbar. Möchten Sie, dass ich noch einen weiteren Freitag prüfe oder einen anderen Tag vorschlagen?', 'id': '1058d2c7-5fe1-4969-9b17-47d3bb5bf1b7', 'role': 'assistant'}, {'content': 'Bitte prüfen Sie noch einen weiteren Freitag.', 'id': 'lc_run--019ff64a-9374-7c93-8012-69fd4570550c-0', 'role': 'user'}, {'content': 'Auch am Freitag, den elften September, sind keine Rückrufzeiten verfügbar. Möchten Sie, dass ich noch einen weiteren Freitag prüfe oder einen anderen Tag vorschlagen?', 'id': '63154c26-2e91-4621-8249-4ecb935db33b', 'role': 'assistant'}, {'content': 'Bitte prüfen Sie noch einen weiteren Freitag.', 'id': 'lc_run--019ff64a-b483-7721-87d1-b509f1817002-0', 'role': 'user'}, {'content': 'Auch am Freitag, den achtzehnten September, sind keine Rückrufzeiten verfügbar. Möchten Sie, dass ich noch einen weiteren Freitag prüfe oder einen anderen Tag vorschlagen?', 'id': 'e266110d-a5cb-4efc-b2b9-ab7513fed481', 'role': 'assistant'}, {'content': 'Ja, bitte prüfen Sie noch einen weiteren Freitag.', 'id': 'lc_run--019ff64a-cb2a-7141-92cf-e2c0836457da-0', 'role': 'user'}, {'content': 'Auch am Freitag, den fünfundzwanzigsten September, sind keine Rückrufzeiten verfügbar. Möchten Sie, dass ich noch einen weiteren Freitag prüfe oder einen anderen Tag vorschlagen?', 'id': '459b8b75-6061-43de-8bbd-1a168fd5c102', 'role': 'assistant'}, {'content': 'Ja, bitte prüfen Sie noch einen weiteren Freitag.', 'id': 'lc_run--019ff64a-e7a9-74b1-8b9d-db9653d77aad-0', 'role': 'user'}, {'content': 'Auch am Freitag, den zweiten Oktober, sind keine Rückrufzeiten verfügbar. Möchten Sie, dass ich noch einen weiteren Freitag prüfe oder einen anderen Tag vorschlagen?', 'id': 'faff543f-db94-4002-a454-ab7afadcc0be', 'role': 'assistant'}, {'content': 'Bitte prüfen Sie noch einen weiteren Freitag.', 'id': 'lc_run--019ff64b-002b-7da1-9626-05b175c9b82e-0', 'role': 'user'}, {'content': 'Auch am Freitag, den neunten Oktober, sind keine Rückrufzeiten verfügbar. Möchten Sie, dass ich noch einen weiteren Freitag prüfe oder einen anderen Tag vorschlagen?', 'id': 'd68855f4-d63d-4c85-b78c-52c0f1b5b18f', 'role': 'assistant'}, {'content': 'Ja, bitte prüfen Sie noch einen weiteren Freitag.', 'id': 'lc_run--019ff64b-1a88-7130-bf47-2c19526d8509-0', 'role': 'user'}, {'content': 'Auch am Freitag, den sechzehnten Oktober, sind keine Rückrufzeiten verfügbar. Möchten Sie, dass ich noch einen weiteren Freitag prüfe oder einen anderen Tag vorschlagen?', 'id': 'f069fdca-7773-4723-8e10-27d70419a19e', 'role': 'assistant'}, {'content': 'Bitte prüfen Sie noch einen weiteren Freitag.', 'id': 'lc_run--019ff64b-2ff1-70d3-a26f-5c201e9012e7-0', 'role': 'user'}, {'content': 'Im Moment sind keine Rückrufzeiten an Freitagen bis Mitte Oktober verfügbar. Möchten Sie, dass ich für einen anderen Wochentag nach freien Zeiten schaue oder möchten Sie lieber einen Rückruf zu einem späteren Zeitpunkt vereinbaren?', 'id': 'db78cec1-4366-4b50-9900-5825da6458d0', 'role': 'assistant'}, {'content': 'Ich kann leider nur freitags. Dann bitte einen Rückruf zu einem späteren Zeitpunkt vereinbaren.', 'id': 'lc_run--019ff64b-40a5-7fa1-9f6c-0e607db1ec47-0', 'role': 'user'}, {'content': 'Im Moment sind keine Rückrufzeiten an Freitagen verfügbar. Ich kann Ihren Wunsch notieren und Sie werden kontaktiert, sobald ein Termin möglich ist. Vielen Dank für Ihr Verständnis und einen schönen Tag!', 'id': '89f16f52-715a-407f-b6ce-d18b8f3ee571', 'role': 'assistant'}, {'content': 'Vielen Dank. Auf Wiederhören!', 'id': 'lc_run--019ff64b-5880-7232-a6c0-76002d3af88e-0', 'role': 'user'}, {'content': 'Sehr gerne. Auf Wiederhören und einen angenehmen Tag für Sie!', 'id': '1522bbb6-1daa-4c31-b2ee-6ddb7038ca4c', 'role': 'assistant'}, {'content': '', 'id': 'lc_run--019ff64b-6682-74b3-bb2f-978d3fa48e53-0', 'role': 'user'}, {'content': 'Falls Sie noch Fragen haben, stehe ich Ihnen gerne zur Verfügung. Auf Wiederhören!', 'id': '2cc5c34f-2d2d-499a-87c5-802b046bcac6', 'role': 'assistant'}]",110.617067,,019ff649-c354-7c60-87ee-cd6aef108ada,1.0,1.0,0.0952,0.1783,1.0
Silke Keller,015789643375,Freitag von 13 Uhr bis 16 Uhr,eine Wohnungsbesichtigung für eine neue Mieterin,surfersimmobilien+predeploy@outlook.com,"[{'content': 'Guten Tag, Sie sprechen mit der digitalen Anruf-Assistentin von Surfers Immobilien. Wie kann ich Ihnen weiterhelfen? Was ist der Grund Ihres Anrufs?', 'role': 'assistant'}, {'content': 'Hallo, mein Name ist Silke Keller und ich würde gerne einen Termin für eine Wohnungsbesichtigung für eine neue Mieterin vereinbaren.', 'id': '3e51ece9-d629-4ce0-b36b-08ec9cf95966', 'role': 'user'}, {'content': 'Für eine Wohnungsbesichtigung passt vermutlich der Termin-Typ „Allgemeine Anfragen“ am besten. Möchten Sie diesen Termin-Typ für die Besichtigung nutzen?', 'id': '514cf494-8469-4a66-8475-04389f061471', 'role': 'assistant'}, {'content': 'Ja, gerne, das passt.', 'id': 'lc_run--019ff64a-1ad9-7c42-9af3-e4f8184f38ed-0', 'role': 'user'}, {'content': 'Alles klar. Für die Buchung benötige ich noch das gewünschte Datum und die Uhrzeit für die Besichtigung. Wann möchten Sie den Termin vereinbaren?', 'id': '073ad467-c963-4ae7-9b0d-d90baa84c88f', 'role': 'assistant'}, {'content': 'Ich kann freitags zwischen 13 und 16 Uhr. Gibt es in diesem Zeitraum einen freien Termin?', 'id': 'lc_run--019ff64a-2b30-7532-98a0-84350e0647ea-0', 'role': 'user'}, {'content': 'Leider ist am kommenden Freitag zwischen dreizehn und sechzehn Uhr kein Termin verfügbar. Möchten Sie einen anderen Tag oder eine andere Uhrzeit ausprobieren?', 'id': '0987d8ef-146c-4eb2-974f-a471bd0356dd', 'role': 'assistant'}, {'content': 'Ich kann leider nur freitags zwischen 13 und 16 Uhr. Könnte mich bitte ein Mitarbeitender zurückrufen, um das persönlich zu klären?', 'id': 'lc_run--019ff64a-44cb-7a32-98d3-ed5201383ac1-0', 'role': 'user'}, {'content': 'Natürlich, ich gebe Ihren Rückrufwunsch weiter. Eine Mitarbeiterin oder ein Mitarbeiter wird sich bei Ihnen melden, um alles persönlich zu besprechen. Vielen Dank für Ihren Anruf und einen schönen Tag!', 'id': 'a7b070c7-e933-4781-a57d-d59a04452403', 'role': 'assistant'}, {'content': 'Vielen Dank, ebenfalls einen schönen Tag. Auf Wiederhören.', 'id': 'lc_run--019ff64a-5b4c-7921-9fa0-dca6bef736cb-0', 'role': 'user'}, {'content': 'Auf Wiederhören, Frau Keller. Alles Gute für Sie!', 'id': 'a450b15d-4fd4-49ec-8991-5558f4e6642b', 'role': 'assistant'}, {'content': '', 'id': 'lc_run--019ff64a-671d-7062-b2c4-82bf561f719c-0', 'role': 'user'}, {'content': 'Das Gespräch ist beendet. Wenn Sie wieder einen Termin buchen möchten, stehe ich Ihnen gerne zur Verfügung.', 'id': '458de0a3-106d-408b-8726-bb6fe834781a', 'role': 'assistant'}]",30.725208,,019ff64a-027d-7981-b0d1-0a42caa3b85e,0.0,1.0,0.1429,0.4376,0.0
Ursula Jäger,015789643375,immer dienstags und donnerstags,eine Terminabsprache zur Wohnungsübergabe an den Nachmieter,surfersimmobilien+predeploy@outlook.com,"[{'content': 'Guten Tag, Sie sprechen mit der digitalen Anruf-Assistentin von Surfers Immobilien. Was kann ich heute für Sie tun?', 'role': 'assistant'}, {'content': 'Hallo, mein Name ist Ursula Jäger und ich würde gerne einen Termin für eine Terminabsprache zur Wohnungsübergabe an den Nachmieter vereinbaren.', 'id': 'a22b0772-58c6-4a63-9e99-f314d0fc4b7c', 'role': 'user'}, {'content': 'Für eine Terminabsprache zur Wohnungsübergabe passt am ehesten der Termin-Typ „Allgemeine Anfragen“ oder „Besprechung von Dokumenten“. Möchten Sie einen dieser beiden auswählen?', 'id': 'b21aa3d1-7d4c-4673-82c5-0e6f133d3fe9', 'role': 'assistant'}, {'content': 'Dann nehme ich bitte „Allgemeine Anfragen“.', 'id': 'lc_run--019ff64a-3131-75c2-b077-a1fb6b7cc92a-0', 'role': 'user'}, {'content': 'Alles klar, ich buche für Sie einen Termin unter „Allgemeine Anfragen“. Gibt es ein bestimmtes Datum oder eine Uhrzeit, die Ihnen besonders gut passt?', 'id': '5bd2f2e8-df06-466f-88ca-ca3d45274924', 'role': 'assistant'}, {'content': 'Ich bin dienstags und donnerstags erreichbar. Haben Sie an einem dieser Tage einen Termin frei?', 'id': 'lc_run--019ff64a-3d56-7f90-a5a0-b210a70d4d8d-0', 'role': 'user'}, {'content': 'Im Moment sehe ich leider keine freien Termine an einem Dienstag oder Donnerstag in den nächsten zwei Wochen. Möchten Sie stattdessen einen anderen Wochentag ausprobieren?', 'id': 'e633d9bf-586b-41f6-ac97-f06ba5a70c9d', 'role': 'assistant'}, {'content': 'Leider kann ich nur dienstags und donnerstags. Könnte mich bitte ein Mitarbeitender zurückrufen, um das zu klären oder einen Termin zu vereinbaren?', 'id': 'lc_run--019ff64a-54a5-7b80-9019-9cdc51492a82-0', 'role': 'user'}, {'content': 'Natürlich, ich gebe Ihren Rückrufwunsch weiter. Eine Mitarbeiterin oder ein Mitarbeiter von Surfers Immobilien wird sich bei Ihnen melden, um einen passenden Termin zu finden. Vielen Dank für Ihren Anruf und einen schönen Tag noch!', 'id': 'bc009071-330d-4c48-b00f-552232c78938', 'role': 'assistant'}, {'content': 'Vielen Dank, das ist sehr freundlich. Auf Wiederhören!', 'id': 'lc_run--019ff64a-6656-7c21-813c-5189d9cb2aa5-0', 'role': 'user'}, {'content': 'Sehr gerne. Auf Wiederhören, Frau Jäger!', 'id': 'f19ebfae-a45c-4122-a63a-a8382eaad8dc', 'role': 'assistant'}, {'content': '', 'id': 'lc_run--019ff64a-754e-7553-a556-4d5f481b1a6f-0', 'role': 'user'}, {'content': 'Falls Sie noch etwas benötigen, können Sie sich jederzeit melden. Einen schönen Tag noch!', 'id': 'e5bf4126-bd16-4bae-9407-0471f5bd2fbb', 'role': 'assistant'}]",27.638054,,019ff64a-1a88-7623-8693-b6deed8cae40,0.0,1.0,0.1429,0.4376,0.0
Hans Groß,015789643375,den ganzen Montag,eine Reparatur eines Wasserschadens im Bad,surfersimmobilien+predeploy@outlook.com,"[{'content': 'Guten Tag, Sie sprechen mit der digitalen Anruf-Assistentin von Surfers Immobilien. Wie kann ich Ihnen weiterhelfen? Was ist der Grund Ihres Anrufs?', 'role': 'assistant'}, {'content': 'Hallo, mein Name ist Hans Groß und ich würde gerne einen Termin für eine Reparatur eines Wasserschadens im Bad vereinbaren.', 'id': '5a7e950c-6063-414c-95da-017fd4e31d56', 'role': 'user'}, {'content': 'Für eine Reparatur gibt es einen passenden Termin-Typ mit dem Namen „Reparatur“. Möchten Sie diesen für Ihren Wasserschaden im Bad buchen?', 'id': 'd02b8764-d8cc-4973-bbe4-94b35fc89506', 'role': 'assistant'}, {'content': 'Ja, gerne. Bitte buchen Sie den Termin-Typ „Reparatur“ für den Wasserschaden im Bad.', 'id': 'lc_run--019ff64a-33cc-7370-bf2e-2ea10b0e4f84-0', 'role': 'user'}, {'content': 'Leider sind aktuell keine freien Termine für Reparaturen verfügbar. Möchten Sie, dass ich nach einem späteren Zeitraum suche oder Sie informieren, sobald wieder Termine frei sind?', 'id': 'eeb7022a-1205-49b0-b410-117c156379b8', 'role': 'assistant'}, {'content': 'Könnten Sie bitte nach einem späteren Zeitraum suchen? Ich bin montags den ganzen Tag erreichbar.', 'id': 'lc_run--019ff64a-492f-71c2-8463-301cb4a66b00-0', 'role': 'user'}, {'content': 'Auch im nächsten Monat sind leider keine freien Reparaturtermine an Montagen verfügbar. Möchten Sie, dass ich noch weiter in die Zukunft schaue, oder wünschen Sie einen Rückruf, sobald wieder Termine angeboten werden?', 'id': '3508e923-01a7-4845-9e2b-abc52f0c1676', 'role': 'assistant'}, {'content': 'Dann wünsche ich bitte einen Rückruf von einem Mitarbeitenden, um das Anliegen zu klären und einen Termin zu vereinbaren.', 'id': 'lc_run--019ff64a-5f4f-7f13-a2e2-cc98681105c7-0', 'role': 'user'}, {'content': 'Alles klar, ich gebe Ihr Anliegen für einen Rückruf weiter. Ein Mitarbeitender von Surfers Immobilien wird sich bei Ihnen melden, um den Wasserschaden im Bad zu besprechen und einen Termin zu vereinbaren.\n\nVielen Dank für Ihren Anruf und einen schönen Tag!', 'id': '95308241-f7ef-4060-9236-cedfca396604', 'role': 'assistant'}, {'content': 'Vielen Dank, ebenfalls einen schönen Tag. Auf Wiederhören.', 'id': 'lc_run--019ff64a-7533-7981-beae-b7a6bf140618-0', 'role': 'user'}, {'content': 'Auf Wiederhören, Herr Groß.', 'id': 'b49e8ccd-bd40-4a41-8feb-fc1bbd532736', 'role': 'assistant'}, {'content': '', 'id': 'lc_run--019ff64a-8149-7b42-8d82-bbc64c8420e5-0', 'role': 'user'}, {'content': 'Gibt es noch etwas, wobei ich Ihnen helfen kann?', 'id': 'bcab449e-da32-4706-8cda-68f0f598bb86', 'role': 'assistant'}]",29.54671,,019ff64a-1fe0-7451-8850-ae176f3685d9,0.0,1.0,0.1429,0.4376,0.0
Chris Tersteegen,015789643375,immer dienstags und donnerstags,eine Reparatur der Heizung,surfersimmobilien+predeploy@outlook.com,"[{'content': 'Guten Tag, Sie sprechen mit der digitalen Anruf-Assistentin von Surfers Immobilien. Wie kann ich Ihnen heute weiterhelfen? Was ist der Grund Ihres Anrufs?', 'role': 'assistant'}, {'content': 'Hallo, mein Name ist Chris Tersteegen und ich würde gerne einen Termin für eine Reparatur der Heizung vereinbaren.', 'id': 'c3683ef9-72bc-4f8d-a0b0-536447bfd925', 'role': 'user'}, {'content': 'Für eine Heizungsreparatur kann ich einen Termin unter dem Typ „Reparatur“ buchen. Ist das für Sie passend?', 'id': 'bd83120b-6867-47dc-8827-18677e277c09', 'role': 'assistant'}, {'content': 'Ja, das passt.', 'id': 'lc_run--019ff64a-8f3f-7141-82ea-7e10817098fa-0', 'role': 'user'}, {'content': 'Wann möchten Sie den Termin für die Reparatur vereinbaren? Gibt es ein bestimmtes Datum oder eine Uhrzeit, die Ihnen vorschwebt?', 'id': 'c57f90ab-168a-4008-a856-b67d99ce7820', 'role': 'assistant'}, {'content': 'Ich bin dienstags und donnerstags erreichbar. Haben Sie an einem dieser Tage einen Termin frei?', 'id': 'lc_run--019ff64a-9ec9-7243-b050-da646ff99668-0', 'role': 'user'}, {'content': 'Könnten Sie mir bitte sagen, ob Sie einen bestimmten Dienstag oder Donnerstag meinen? Zum Beispiel nächste Woche oder einen bestimmten Tag im Monat?', 'id': 'ee0eb15d-7c91-4f12-8b04-1471c7df77ba', 'role': 'assistant'}, {'content': 'Gerne nächste Woche, Dienstag oder Donnerstag, falls dort etwas frei ist.', 'id': 'lc_run--019ff64a-b464-7400-b136-109e37f4e144-0', 'role': 'user'}, {'content': 'Leider sind nächsten Dienstag, den achtzehnten August, und Donnerstag, den zwanzigsten August, keine Termine verfügbar. Möchten Sie einen anderen Zeitraum vorschlagen oder soll ich nach dem frühestmöglichen freien Termin suchen?', 'id': '82239341-7b50-4cbe-aa4d-71095e48bd98', 'role': 'assistant'}, {'content': 'Bitte suchen Sie nach dem frühestmöglichen freien Termin an einem Dienstag oder Donnerstag.', 'id': 'lc_run--019ff64a-d2f7-7502-8619-fa3ce9d65a14-0', 'role': 'user'}, {'content': 'Auch am Dienstag, den fünfundzwanzigsten August, und Donnerstag, den siebenundzwanzigsten August, sind keine Termine verfügbar. Soll ich weiter in die darauffolgende Woche schauen?', 'id': 'b81f1c42-d590-4c50-ac80-a5e130d6c78a', 'role': 'assistant'}, {'content': 'Ja, bitte schauen Sie weiter nach einem Dienstag oder Donnerstag.', 'id': 'lc_run--019ff64a-f21a-7be1-b0f8-33bf969a987a-0', 'role': 'user'}, {'content': 'Auch am Dienstag, den ersten September, und Donnerstag, den dritten September, sind keine Termine verfügbar. Möchten Sie, dass ich noch weiter in die Zukunft schaue oder bevorzugen Sie einen anderen Wochentag?', 'id': '966760e8-3dc5-422e-92db-bef1a833ce5c', 'role': 'assistant'}, {'content': 'Ich kann leider nur dienstags oder donnerstags. Wenn da nichts verfügbar ist, würde ich gerne von einem Mitarbeitenden zurückgerufen werden.', 'id': 'lc_run--019ff64b-161c-7c73-92de-d13930bc9129-0', 'role': 'user'}, {'content': 'Es sind aktuell keine freien Termine an einem Dienstag oder Donnerstag verfügbar. Ich kann einen Rückruf für Sie veranlassen. Möchten Sie dafür Ihre Telefonnummer bestätigen oder eine andere Nummer angeben?', 'id': '89d90ffe-6586-49de-bd54-5fb0dc73cebb', 'role': 'assistant'}, {'content': 'Ja, bitte unter 015789643375.', 'id': 'lc_run--019ff64b-2b4e-7743-99a2-28bd1612f8bf-0', 'role': 'user'}, {'content': 'Alles klar, ich gebe Ihre Rückrufbitte weiter. Sie werden unter null eins fünf sieben acht neun sechs vier drei drei sieben fünf kontaktiert. Vielen Dank für Ihren Anruf und einen schönen Tag!', 'id': '10a698e6-6387-4fb4-8929-997a5e33c5e3', 'role': 'assistant'}, {'content': 'Vielen Dank, auf Wiederhören.', 'id': 'lc_run--019ff64b-4081-73f1-8b0f-c7206e548bda-0', 'role': 'user'}, {'content': 'Auf Wiederhören, Herr Tersteegen.', 'id': '88515908-665b-48a6-8962-b611d6dc1954', 'role': 'assistant'}, {'content': '', 'id': 'lc_run--019ff64b-4e7c-7222-a613-8089917c502e-0', 'role': 'user'}, {'content': 'Das Gespräch ist beendet. Wenn Sie wieder Unterstützung benötigen, stehe ich Ihnen gerne zur Verfügung.', 'id': 'a2fc1134-b0bb-4eb9-8dac-10f802ab0186', 'role': 'assistant'}]",59.08871,,019ff64a-7a83-7b92-b2ac-2e1dfedb981e,1.0,1.0,0.0909,0.1617,0.0
Julius Sauer,015789643375,Freitag den ganzen Tag,eine Reparatur der Heizungsthermostate,surfersimmobilien+predeploy@outlook.com,"[{'content': 'Guten Tag, Sie sprechen mit der digitalen Anruf-Assistentin von Surfers Immobilien. Wie kann ich Ihnen weiterhelfen? Was ist der Grund für Ihren Anruf?', 'role': 'assistant'}, {'content': 'Hallo, mein Name ist Julius Sauer und ich würde gerne einen Termin für eine Reparatur der Heizungsthermostate vereinbaren.', 'id': '0f05abe0-7172-4446-98f8-3bebd096381a', 'role': 'user'}, {'content': 'Für eine Reparatur gibt es einen passenden Termin-Typ. Möchten Sie einen Termin für „Reparatur“ buchen?', 'id': '73d5cf4a-cb97-4d6b-b204-3c7d095bca1d', 'role': 'assistant'}, {'content': 'Ja, bitte.', 'id': 'lc_run--019ff64a-99e3-7250-9863-e7a45c36fead-0', 'role': 'user'}, {'content': 'Könnten Sie mir bitte sagen, wann Sie den Termin für die Reparatur der Heizungsthermostate wünschen?', 'id': '20640306-13e5-4d45-b15b-065916308cb2', 'role': 'assistant'}, {'content': 'Ich bin am Freitag den ganzen Tag verfügbar.', 'id': 'lc_run--019ff64a-a45f-7423-923a-56334040e57e-0', 'role': 'user'}, {'content': 'Am Freitag, den vierzehnten August, sind leider keine freien Termine für Reparaturen verfügbar. Möchten Sie einen anderen Tag auswählen?', 'id': 'abf476f9-9193-4704-99cc-26e8a09a07d3', 'role': 'assistant'}, {'content': 'Nein, leider kann ich nur freitags. Könnte mich bitte ein Mitarbeitender zurückrufen, um das zu klären oder einen Termin zu vereinbaren?', 'id': 'lc_run--019ff64a-c32f-75f3-a6ac-fc29ec084b60-0', 'role': 'user'}, {'content': 'Das lässt sich einrichten. Ein Mitarbeitender wird Sie zurückrufen, um alles Weitere zu besprechen und einen Termin zu vereinbaren. Vielen Dank für Ihren Anruf.', 'id': 'bcf25e83-93b8-4403-a4ff-0c17babb026e', 'role': 'assistant'}, {'content': 'Vielen Dank. Auf Wiederhören.', 'id': 'lc_run--019ff64a-dba1-71b2-a23f-2245f763f2df-0', 'role': 'user'}, {'content': 'Auf Wiederhören, Herr Sauer. Ich wünsche Ihnen einen angenehmen Tag.', 'id': '2cf7ad0e-8ea6-417f-9801-cc4f5dc29e9d', 'role': 'assistant'}, {'content': '', 'id': 'lc_run--019ff64a-e8c8-7970-9fbd-2e7501477d38-0', 'role': 'user'}, {'content': 'Das Gespräch ist beendet. Wenn Sie wieder einen Termin buchen möchten, stehe ich Ihnen gerne zur Verfügung.', 'id': 'e88692cf-d0a3-496c-b189-eb0d2a3828f4', 'role': 'assistant'}]",30.409143,,019ff64a-8680-7540-bf4e-e6283f0a1dc3,0.0,1.0,0.1429,0.4376,0.0
Kerstin Schulze,015789643375,Dienstag von 14 Uhr bis 17 Uhr,eine Reparatur des Garagentors,surfersimmobilien+predeploy@outlook.com,"[{'content': 'Guten Tag, Sie sprechen mit der digitalen Anruf-Assistentin von Surfers Immobilien. Wie kann ich Ihnen heute weiterhelfen? Was ist der Grund Ihres Anrufs?', 'role': 'assistant'}, {'content': 'Hallo, mein Name ist Kerstin Schulze und ich würde gerne einen Termin für eine Reparatur des Garagentors vereinbaren.', 'id': 'dc054875-5541-4a47-893d-557095d94340', 'role': 'user'}, {'content': 'Für eine Reparatur gibt es einen passenden Termin-Typ. Möchten Sie einen Termin für die Reparatur des Garagentors buchen?', 'id': '4fdc1dd1-82af-46b0-8418-80a397636c3b', 'role': 'assistant'}, {'content': 'Ja, gerne.', 'id': 'lc_run--019ff64a-a4cf-7422-8036-5045abe94785-0', 'role': 'user'}, {'content': 'Im Moment sind keine freien Termine für Reparaturen in dieser Woche verfügbar. Möchten Sie einen Termin zu einem späteren Zeitpunkt oder soll ich nach anderen verfügbaren Zeiträumen suchen?', 'id': '82502fa7-f47e-4437-b6d4-ba6fad8b6cd6', 'role': 'assistant'}, {'content': 'Bitte suchen Sie nach anderen verfügbaren Zeiträumen.', 'id': 'lc_run--019ff64a-ba72-7870-93af-3ef550f5278e-0', 'role': 'user'}, {'content': 'Leider sind auch im Zeitraum ab August zwanzig bis September dritte keine freien Reparatur-Termine verfügbar. Möchten Sie, dass ich noch weiter in die Zukunft schaue?', 'id': 'dc03b67b-8179-4402-b867-610e9b7c743c', 'role': 'assistant'}, {'content': 'Nein, danke. Dann würde ich gerne von einem Mitarbeitenden zurückgerufen werden, um das Anliegen zu klären oder persönlich einen Termin zu vereinbaren.', 'id': 'lc_run--019ff64a-d062-7b51-9e8a-b6b82d24a333-0', 'role': 'user'}, {'content': 'Alles klar, ich gebe Ihr Anliegen weiter. Ein Mitarbeitender wird Sie zurückrufen, um die Reparatur des Garagentors zu besprechen und einen Termin zu vereinbaren. Vielen Dank für Ihren Anruf und einen schönen Tag!', 'id': 'b5f96dcf-4efc-42f7-a09b-29e5a74871da', 'role': 'assistant'}, {'content': 'Vielen Dank, Ihnen auch einen schönen Tag. Auf Wiederhören.', 'id': 'lc_run--019ff64a-eaf4-7ce1-a8de-a759d86de0a7-0', 'role': 'user'}, {'content': 'Auf Wiederhören, Frau Schulze.', 'id': '23dcfd28-a202-499e-bc08-7fdac124aa95', 'role': 'assistant'}, {'content': '', 'id': 'lc_run--019ff64a-fd4f-7172-bcfe-4a45ccbf55fe-0', 'role': 'user'}, {'content': 'Die Verbindung wird beendet. Einen angenehmen Tag noch.', 'id': '72b14bb9-1b76-471e-9737-ad3ed06c75f1', 'role': 'assistant'}]",29.668911,,019ff64a-934d-79e2-a9e6-1621553a1268,0.0,1.0,0.1429,0.4376,1.0
Susanne Zimmermann,015789643375,Dienstag von 9 Uhr bis 11 Uhr,eine Begehung wegen eines Wasserschadens,surfersimmobilien+predeploy@outlook.com,"[{'content': 'Guten Tag, Sie sprechen mit der digitalen Anruf-Assistentin von Surfers Immobilien. Wie kann ich Ihnen heute weiterhelfen? Was ist der Grund Ihres Anrufs?', 'role': 'assistant'}, {'content': 'Hallo, mein Name ist Susanne Zimmermann und ich würde gerne einen Termin für eine Begehung wegen eines Wasserschadens vereinbaren.', 'id': 'b30885a5-688b-485d-a077-04c4788cff56', 'role': 'user'}, {'content': 'Alles klar, Frau Zimmermann. Ich helfe Ihnen gern bei der Terminvereinbarung für eine Begehung wegen des Wasserschadens. Könnten Sie mir bitte sagen, ob es sich um eine Wohnungs- oder Hausbegehung handelt?', 'id': '1790efb1-14b4-4ea3-adde-dfd2b5bbd6dd', 'role': 'assistant'}, {'content': 'Es handelt sich um eine Wohnungsbegehung.', 'id': 'lc_run--019ff64b-077a-79c0-bddb-6e3bf1c01c69-0', 'role': 'user'}, {'content': 'Für eine Wohnungsbegehung wegen eines Wasserschadens passt am besten der Termin-Typ „Reparatur“. Möchten Sie diesen Termin-Typ wählen?', 'id': 'a9d52e17-5260-42bd-9fb6-7965e8301cd0', 'role': 'assistant'}, {'content': 'Ja, gerne.', 'id': 'lc_run--019ff64b-1ef9-7521-9d5f-3fb2245bec8c-0', 'role': 'user'}, {'content': 'Gut, Frau Zimmermann. Damit ich den Termin für Sie buchen kann, benötige ich Ihre E-Mail-Adresse. Könnten Sie mir diese bitte nennen?', 'id': '48a01137-8f20-49b0-9299-626d1a0640a3', 'role': 'assistant'}, {'content': 'Ja, die E-Mail-Adresse lautet surfersimmobilien+predeploy@outlook.com.', 'id': 'lc_run--019ff64b-2d2f-7310-8ce7-b2125cef3630-0', 'role': 'user'}, {'content': 'Danke, Frau Zimmermann. Wann möchten Sie die Wohnungsbegehung wegen des Wasserschadens am liebsten durchführen? Gibt es ein bestimmtes Datum oder eine Uhrzeit, die Ihnen passt?', 'id': '6518ba2b-6286-4ae3-9c8d-2801394f4159', 'role': 'assistant'}, {'content': 'Ich bin dienstags zwischen 9 und 11 Uhr verfügbar.', 'id': 'lc_run--019ff64b-3b98-7dc2-bd1e-0dcdbdd973bf-0', 'role': 'user'}, {'content': 'Am kommenden Dienstag zwischen neun und elf Uhr ist leider kein Termin frei. Soll ich nach einem anderen Dienstag oder nach einem anderen Tag in dieser Woche schauen?', 'id': 'f84d7d0f-e69e-42b2-8c0d-b96539415a7f', 'role': 'assistant'}, {'content': 'Bitte schauen Sie nach einem anderen Dienstag zwischen 9 und 11 Uhr.', 'id': 'lc_run--019ff64b-5ba1-78d0-8bc8-0654588dd452-0', 'role': 'user'}, {'content': 'Auch am Dienstag, den ersten September, ist zwischen neun und elf Uhr kein Termin verfügbar. Möchten Sie, dass ich noch weiter in die Zukunft schaue oder lieber nach einem anderen Wochentag suche?', 'id': '695190b0-efc8-4d84-a7c6-e97b11ff791b', 'role': 'assistant'}, {'content': 'Bitte schauen Sie noch weiter in die Zukunft, aber nur dienstags zwischen 9 und 11 Uhr.', 'id': 'lc_run--019ff64b-7c7f-7bd0-9463-cb58e187c703-0', 'role': 'user'}, {'content': 'Auch am fünfzehnten September ist zwischen neun und elf Uhr kein Termin frei. Möchten Sie, dass ich noch weiter prüfe, oder möchten Sie vielleicht einen anderen Zeitraum wählen?', 'id': 'a535733a-37c4-40ca-8035-a4256069cece', 'role': 'assistant'}, {'content': 'Dann hätte ich gerne einen Rückruf von einem Mitarbeitenden, um persönlich einen Termin zu vereinbaren.', 'id': 'lc_run--019ff64b-a5b3-73f3-8d89-1b2659a8e174-0', 'role': 'user'}, {'content': 'Das ist notiert. Ein Mitarbeitender wird Sie zurückrufen, um persönlich einen Termin zu vereinbaren. Vielen Dank für Ihren Anruf und einen schönen Tag noch!', 'id': '1f92b751-3fae-4b05-a4e5-bf092dd8c5e9', 'role': 'assistant'}, {'content': 'Vielen Dank. Auf Wiederhören.', 'id': 'lc_run--019ff64b-c14b-7af3-8f34-d9b6ca34dd40-0', 'role': 'user'}, {'content': 'Auf Wiederhören, Frau Zimmermann.', 'id': 'f7de0ed5-52c9-41cd-809a-09a4813df3e0', 'role': 'assistant'}, {'content': '', 'id': 'lc_run--019ff64b-cdb3-7711-8b18-fa5e90a066d7-0', 'role': 'user'}, {'content': 'Falls Sie noch einmal Unterstützung benötigen, stehe ich Ihnen gern zur Verfügung. Einen schönen Tag noch!', 'id': 'fe97ca3a-723a-493a-acbd-0631ec91f5b1', 'role': 'assistant'}]",56.835001,,019ff64a-fd4a-7a93-8791-af6e790691a5,1.0,1.0,0.1818,0.7155,0.0
Heike Hartmann,015789643375,Montag von 14 Uhr bis 16 Uhr,eine Reparatur der Heizungsanlage im Keller,surfersimmobilien+predeploy@outlook.com,"[{'content': 'Guten Tag, Sie sprechen mit der digitalen Anruf-Assistentin von Surfers Immobilien. Wie kann ich Ihnen heute weiterhelfen? Was ist der Grund Ihres Anrufs?', 'role': 'assistant'}, {'content': 'Hallo, mein Name ist Heike Hartmann und ich würde gerne einen Termin für eine Reparatur der Heizungsanlage im Keller vereinbaren.', 'id': '40b57de4-ab80-44cc-a83a-c2e7508b3c98', 'role': 'user'}, {'content': 'Für eine Reparatur der Heizungsanlage passt der Termin-Typ „Reparatur“. Möchten Sie diesen auswählen?', 'id': '128342b5-8e58-4751-a118-55676a97d846', 'role': 'assistant'}, {'content': 'Ja, bitte wählen Sie „Reparatur“ aus.', 'id': 'lc_run--019ff64b-1c64-76c3-ac31-defbd182a01a-0', 'role': 'user'}, {'content': 'Alles klar, ich buche für Sie einen Termin für „Reparatur“. Gibt es ein bestimmtes Datum oder eine Uhrzeit, die Ihnen besonders gut passt?', 'id': '9ba6f4b8-fe0a-4307-a2db-824a58efabe3', 'role': 'assistant'}, {'content': 'Ich kann montags zwischen 14 und 16 Uhr Termine wahrnehmen.', 'id': 'lc_run--019ff64b-290f-7001-82f3-bec4845d7404-0', 'role': 'user'}, {'content': 'Leider sind montags zwischen vierzehn und sechzehn Uhr aktuell keine freien Termine verfügbar. Möchten Sie einen anderen Tag oder eine andere Uhrzeit ausprobieren?', 'id': '64395099-a96a-4da4-8359-764c36786b03', 'role': 'assistant'}, {'content': 'Leider kann ich nur montags zwischen 14 und 16 Uhr. Könnte mich bitte ein Mitarbeitender zurückrufen, um das zu klären?', 'id': 'lc_run--019ff64b-42c9-72a0-980f-966aaf64cdc9-0', 'role': 'user'}, {'content': 'Das ist kein Problem. Ein Mitarbeitender wird Sie zurückrufen, um einen passenden Termin zu finden. Vielen Dank für Ihren Anruf und einen schönen Tag!', 'id': '32531b30-683b-4d74-ae19-73f640deea36', 'role': 'assistant'}, {'content': 'Vielen Dank, auf Wiederhören.', 'id': 'lc_run--019ff64b-5878-7c31-ac67-f36da5f3e8d6-0', 'role': 'user'}, {'content': 'Auf Wiederhören, Frau Hartmann. Ich wünsche Ihnen einen angenehmen Tag!', 'id': '6b289d44-5fe4-4b96-867d-dce0c166a3ec', 'role': 'assistant'}, {'content': '', 'id': 'lc_run--019ff64b-65ab-7441-afbe-64057133b8b2-0', 'role': 'user'}, {'content': 'Falls Sie wieder einen Termin buchen möchten, stehe ich Ihnen gerne zur Verfügung. Bis zum nächsten Mal!', 'id': 'cc242b45-2fdf-4111-9349-7c698caa994f', 'role': 'assistant'}]",27.668221,,019ff64b-0734-72a0-801c-89da6d82acc5,0.0,1.0,0.1429,0.4376,0.0
Jörg Friedrich,015789643375,Donnerstag von 8 Uhr bis 11 Uhr,eine Reparatur der Türschlösser,surfersimmobilien+predeploy@outlook.com,"[{'content': 'Guten Tag, Sie sprechen mit der digitalen Anruf-Assistentin von Surfers Immobilien. Wie kann ich Ihnen heute weiterhelfen? Was ist der Grund Ihres Anrufs?', 'role': 'assistant'}, {'content': 'Hallo, mein Name ist Jörg Friedrich und ich würde gerne einen Termin für eine Reparatur der Türschlösser vereinbaren.', 'id': '9055980d-f9b5-418e-a830-88539b6a7505', 'role': 'user'}, {'content': 'Für eine Reparatur gibt es einen passenden Termin-Typ. Möchten Sie einen Termin für „Reparatur“ buchen?', 'id': '7376d7ec-4c6e-4e32-ae4a-f15e6468a15d', 'role': 'assistant'}, {'content': 'Ja, gerne.', 'id': 'lc_run--019ff64b-7730-74f1-a432-10e6462e18ef-0', 'role': 'user'}, {'content': 'Gut, Herr Friedrich. Gibt es einen bestimmten Tag oder eine Uhrzeit, die Ihnen für die Reparatur der Türschlösser besonders gut passt?', 'id': 'df4ad544-a91f-4906-811e-90fd763d8a24', 'role': 'assistant'}, {'content': 'Donnerstag zwischen 8 und 11 Uhr passt mir.', 'id': 'lc_run--019ff64b-80c9-7a21-80e1-193efa208f4b-0', 'role': 'user'}, {'content': 'Am Donnerstag, den dreizehnten August zweitausendsechsundzwanzig, zwischen acht und elf Uhr, ist leider kein Termin verfügbar. Möchten Sie einen anderen Tag oder eine andere Uhrzeit vorschlagen?', 'id': '846ae0b8-0789-4c28-ab7a-b0b996399c47', 'role': 'assistant'}, {'content': 'Leider kann ich nur donnerstags zwischen 8 und 11 Uhr. Dann würde ich gerne um einen Rückruf durch einen Mitarbeitenden bitten.', 'id': 'lc_run--019ff64b-9e83-7601-a88b-208011eae8de-0', 'role': 'user'}, {'content': 'Alles klar, Herr Friedrich. Ich gebe Ihren Wunsch nach einem Rückruf weiter. Ein Mitarbeitender wird sich bei Ihnen melden. Vielen Dank für Ihren Anruf und einen schönen Tag!', 'id': '7ad81dd3-3926-4eec-bf89-70f3f9fc3f8e', 'role': 'assistant'}, {'content': 'Vielen Dank, ebenfalls einen schönen Tag. Auf Wiederhören.', 'id': 'lc_run--019ff64b-b2b2-7893-a1b9-952623c12459-0', 'role': 'user'}, {'content': 'Auf Wiederhören, Herr Friedrich.', 'id': 'a54645cf-ae06-4924-b7e3-71be1209dde0', 'role': 'assistant'}, {'content': '', 'id': 'lc_run--019ff64b-c0e4-7120-9b66-7a7234e9f83f-0', 'role': 'user'}, {'content': 'Die Verbindung wird nun beendet. Einen angenehmen Tag noch!', 'id': '154bdd80-aba4-4c76-8bcd-6a07478009b6', 'role': 'assistant'}]",27.159083,,019ff64b-6155-7ea1-8614-2663305541f6,0.0,1.0,0.1429,0.4376,1.0
Torsten Werner,015789643375,Freitag den ganzen Tag,eine Besichtigung für die Neuvermietung,surfersimmobilien+predeploy@outlook.com,"[{'content': 'Guten Tag, Sie sprechen mit der digitalen Anruf-Assistentin von Surfers Immobilien. Wie kann ich Ihnen heute weiterhelfen? Was ist der Grund Ihres Anrufs?', 'role': 'assistant'}, {'content': 'Hallo, mein Name ist Torsten Werner und ich würde gerne einen Termin für eine Besichtigung für die Neuvermietung vereinbaren.', 'id': '8aa3bd48-edeb-44d9-8b9b-f8eac11fadea', 'role': 'user'}, {'content': 'Für eine Besichtigung zur Neuvermietung gibt es aktuell keinen eigenen Termin-Typ. Es stehen zur Auswahl: Allgemeine Anfragen, Reparatur, Beschwerde oder Besprechung von Dokumenten. Möchten Sie den Termin als allgemeine Anfrage buchen?', 'id': '1de2b68c-9fe4-4351-beb7-569bf6e28b06', 'role': 'assistant'}, {'content': 'Ja, gerne als allgemeine Anfrage.', 'id': 'lc_run--019ff64b-8c61-7d30-9f3b-ac62aa4185f6-0', 'role': 'user'}, {'content': 'Alles klar, ich buche für Sie eine allgemeine Anfrage. Für die Terminvereinbarung benötige ich bitte noch Ihre E-Mail-Adresse. Wie lautet Ihre E-Mail-Adresse?', 'id': '347c56b2-563e-4325-a3b2-7fa75bf877b6', 'role': 'assistant'}, {'content': 'Meine E-Mail-Adresse lautet surfersimmobilien+predeploy@outlook.com.', 'id': 'lc_run--019ff64b-9a63-72f1-a3b2-a57b61acf823-0', 'role': 'user'}, {'content': 'Danke, Herr Werner. Könnten Sie mir bitte noch Ihre Telefonnummer nennen, unter der Sie erreichbar sind?', 'id': '80eb2a83-f7a5-4a7c-9cfa-f2d4c2403d2f', 'role': 'assistant'}, {'content': 'Ja, meine Telefonnummer ist 015789643375.', 'id': 'lc_run--019ff64b-a677-7041-b416-870cd3368b3c-0', 'role': 'user'}, {'content': 'Danke. Haben Sie noch einen besonderen Wunsch oder ein Anliegen, das ich für den Termin notieren soll?', 'id': '94c4b83d-57de-4b41-8984-db9d46f0bfe8', 'role': 'assistant'}, {'content': 'Ja, bitte notieren Sie, dass es um eine Besichtigung für eine Neuvermietung geht.', 'id': 'lc_run--019ff64b-b0b4-7623-a658-2b3579d27367-0', 'role': 'user'}, {'content': 'Im Moment sind leider keine freien Zeiten für allgemeine Anfragen verfügbar. Möchten Sie, dass ich nach einem späteren Zeitraum suche oder möchten Sie es zu einem anderen Zeitpunkt noch einmal versuchen?', 'id': 'ddd45bcc-7d1a-4658-a2c5-68fddb614b0a', 'role': 'assistant'}, {'content': 'Könnten Sie bitte nach einem späteren Zeitraum suchen? Ich bin freitags den ganzen Tag verfügbar.', 'id': 'lc_run--019ff64b-cf1d-7b83-9191-303492fbcc51-0', 'role': 'user'}, {'content': 'Auch im späteren Zeitraum sind aktuell keine freien Zeiten für allgemeine Anfragen verfügbar. Möchten Sie es zu einem anderen Zeitpunkt noch einmal versuchen oder wünschen Sie einen Rückruf?', 'id': '5ef2073e-5027-4c37-9d84-99a0af1bb1cd', 'role': 'assistant'}, {'content': 'Dann wünsche ich bitte einen Rückruf durch einen Mitarbeitenden, um einen Termin zu vereinbaren. Vielen Dank.', 'id': 'lc_run--019ff64b-e270-7d52-b453-6ef7ab5081e3-0', 'role': 'user'}, {'content': 'Ich gebe Ihren Rückrufwunsch an das Team weiter. Sie werden unter der von Ihnen genannten Nummer kontaktiert. Vielen Dank für Ihren Anruf und einen schönen Tag noch!', 'id': 'cf54c13f-257c-4481-9d4d-c62a360e2295', 'role': 'assistant'}, {'content': 'Vielen Dank. Ihnen auch einen schönen Tag. Auf Wiederhören.', 'id': 'lc_run--019ff64b-f4e9-7ae0-8e53-28ed1d625bad-0', 'role': 'user'}, {'content': 'Auf Wiederhören, Herr Werner. Alles Gute für Sie!', 'id': '149b9d6d-0a6e-46b2-8c8f-ab94f0fd7074', 'role': 'assistant'}, {'content': '', 'id': 'lc_run--019ff64c-01a1-7572-970b-c6c0ce8ae089-0', 'role': 'user'}, {'content': 'Das Gespräch ist nun beendet. Wenn Sie wieder Unterstützung benötigen, stehe ich Ihnen gerne zur Verfügung. Auf Wiederhören!', 'id': '58cc1113-0bed-4a50-84a5-5659364ed59f', 'role': 'assistant'}]",39.42783,,019ff64b-734a-7453-bb48-18647d4740d0,1.0,1.0,0.3,0.9802,1.0
Monika Krüger,015789643375,den ganzen Dienstag,eine Besprechung zur Untervermietung,surfersimmobilien+predeploy@outlook.com,"[{'content': 'Guten Tag, Sie sprechen mit der digitalen Anruf-Assistentin von Surfers Immobilien. Wie kann ich Ihnen heute weiterhelfen? Was ist der Grund Ihres Anrufs?', 'role': 'assistant'}, {'content': 'Hallo, mein Name ist Monika Krüger und ich würde gerne einen Termin für eine Besprechung zur Untervermietung vereinbaren.', 'id': 'eb1043c9-e635-4de4-a884-ad95f87a786b', 'role': 'user'}, {'content': 'Für eine Besprechung zur Untervermietung passt am besten der Termin „Besprechung von Dokumenten“. Möchten Sie diesen Termin buchen?', 'id': 'fdc9857b-f3d8-4ac7-a7a5-4cb7de5fbc0c', 'role': 'assistant'}, {'content': 'Ja, gerne. Das passt.', 'id': 'lc_run--019ff64b-89b8-71e3-89c2-511710a2304c-0', 'role': 'user'}, {'content': 'Könnten Sie mir bitte Ihre E-Mail-Adresse nennen?', 'id': '1e81d9f5-8d92-4d3d-875f-dba176c6a713', 'role': 'assistant'}, {'content': 'Ja, gerne. Die E-Mail-Adresse lautet: surfersimmobilien+predeploy@outlook.com.', 'id': 'lc_run--019ff64b-98b8-7bf2-a918-a6dd1fe4c623-0', 'role': 'user'}, {'content': 'Danke. Haben Sie einen Wunschtermin oder ein bestimmtes Datum im Kopf?', 'id': '731a7031-229c-44ab-821f-6978d2b2a753', 'role': 'assistant'}, {'content': 'Ich bin den ganzen Dienstag erreichbar und kann Termine nur dienstags wahrnehmen.', 'id': 'lc_run--019ff64b-a708-7102-9bb0-72be33c335cd-0', 'role': 'user'}, {'content': 'Am Dienstag, den achtzehnten August zweitausendsechsundzwanzig, sind leider keine freien Termine verfügbar. Möchten Sie einen anderen Dienstag vorschlagen oder soll ich nach dem nächstmöglichen Dienstag suchen?', 'id': '34653534-4cf7-4274-9f14-76fedf712a63', 'role': 'assistant'}, {'content': 'Bitte suchen Sie nach dem nächstmöglichen Dienstag.', 'id': 'lc_run--019ff64b-c530-70f3-9fac-586dfc04afa8-0', 'role': 'user'}, {'content': 'Auch am Dienstag, den fünfundzwanzigsten August zweitausendsechsundzwanzig, gibt es keine freien Termine. Soll ich den darauffolgenden Dienstag prüfen?', 'id': '3049b9e5-5c91-47df-a8ab-f2be6713b456', 'role': 'assistant'}, {'content': 'Ja, bitte prüfen Sie den darauffolgenden Dienstag.', 'id': 'lc_run--019ff64b-e8be-7701-ba07-4fbba140a8f8-0', 'role': 'user'}, {'content': 'Auch am Dienstag, den ersten September zweitausendsechsundzwanzig, ist kein Termin frei. Möchten Sie, dass ich weiter die Dienstage prüfe, oder möchten Sie einen anderen Wochentag in Betracht ziehen?', 'id': 'ece1f360-9e6e-4d0a-86c7-e84db9ccba3d', 'role': 'assistant'}, {'content': 'Ich kann leider nur dienstags. Wenn kein Termin verfügbar ist, bitte ich um einen Rückruf durch einen Mitarbeitenden.', 'id': 'lc_run--019ff64b-fee9-7ad2-a32c-79ccf95489cf-0', 'role': 'user'}, {'content': 'Es tut mir leid, dass aktuell kein Termin an einem Dienstag verfügbar ist. Ich gebe Ihren Rückrufwunsch an das Team weiter. Sie werden zeitnah von einer Mitarbeiterin oder einem Mitarbeiter kontaktiert. Vielen Dank für Ihren Anruf und einen schönen Tag noch!', 'id': '403eca13-cfb7-4058-b1bf-44e22359638e', 'role': 'assistant'}, {'content': 'Vielen Dank. Auf Wiederhören und einen schönen Tag.', 'id': 'lc_run--019ff64c-23b5-7770-a634-896bb8822f3f-0', 'role': 'user'}, {'content': 'Sehr gerne. Auf Wiederhören und Ihnen ebenfalls einen schönen Tag!', 'id': '6232609a-fe0f-438c-a5a0-6e5db5b4a9c4', 'role': 'assistant'}, {'content': '', 'id': 'lc_run--019ff64c-30cb-7bf1-92e1-7b8f830c529e-0', 'role': 'user'}, {'content': 'Falls Sie wieder Unterstützung brauchen, stehe ich Ihnen gerne zur Verfügung. Auf Wiederhören!', 'id': 'ee4d12fe-0d90-4f79-99ef-e922ecef93b4', 'role': 'assistant'}]",53.422322,,019ff64b-736e-7511-85aa-886b2e42a3da,1.0,1.0,0.2,0.8353,0.0
Hildegard Kaiser,015789643375,jeden Tag außer donnerstags,eine Reparatur einer verstopften Toilette,surfersimmobilien+predeploy@outlook.com,"[{'content': 'Guten Tag, Sie sprechen mit der digitalen Anruf-Assistentin von Surfers Immobilien. Wie kann ich Ihnen weiterhelfen? Was ist der Grund Ihres Anrufs?', 'role': 'assistant'}, {'content': 'Hallo, mein Name ist Hildegard Kaiser und ich würde gerne einen Termin für eine Reparatur einer verstopften Toilette vereinbaren.', 'id': '5c6cfaec-a8c3-4fcf-938f-817a0e79698b', 'role': 'user'}, {'content': 'Für eine Reparatur kann ich einen passenden Termin für Sie buchen. Möchten Sie das so machen?', 'id': '64cb5a82-d003-4a23-aaaa-240a23ca3df4', 'role': 'assistant'}, {'content': 'Ja, bitte. Das wäre sehr gut.', 'id': 'lc_run--019ff64b-de51-7f73-b321-5a26f0dc6aef-0', 'role': 'user'}, {'content': 'Leider sind aktuell keine freien Termine für Reparaturen in den nächsten sieben Tagen verfügbar. Möchten Sie, dass ich nach einem späteren Zeitpunkt suche?', 'id': 'b536379c-f563-4272-a377-8f3ba96668d0', 'role': 'assistant'}, {'content': 'Ja, bitte suchen Sie nach einem späteren Zeitpunkt.', 'id': 'lc_run--019ff64b-f82e-7da2-a42d-d91d785a0a12-0', 'role': 'user'}, {'content': 'Auch in der darauffolgenden Woche sind leider keine freien Reparaturtermine verfügbar. Möchten Sie, dass ich noch weiter in die Zukunft schaue?', 'id': '4793d06f-852c-40f0-950d-f2f9893e61f2', 'role': 'assistant'}, {'content': 'Wenn keine Termine verfügbar sind, würde ich gerne von einem Mitarbeitenden zurückgerufen werden, um das persönlich zu klären.', 'id': 'lc_run--019ff64c-0939-7581-83f2-c415388ffcb1-0', 'role': 'user'}, {'content': 'Das ist notiert. Ein Mitarbeitender wird Sie zurückrufen, um Ihr Anliegen persönlich zu besprechen. Vielen Dank für Ihren Anruf und einen angenehmen Tag für Sie!', 'id': '470200ce-f65c-4adf-a853-1b0d0820af49', 'role': 'assistant'}, {'content': 'Vielen Dank. Auf Wiederhören.', 'id': 'lc_run--019ff64c-19ff-7072-9f67-6fb4d842d9d2-0', 'role': 'user'}, {'content': 'Auf Wiederhören, Frau Kaiser. Alles Gute für Sie!', 'id': '4e13b27c-868d-466f-81a7-b60c6bbb43bb', 'role': 'assistant'}, {'content': '', 'id': 'lc_run--019ff64c-247c-7021-aa93-377a880857cf-0', 'role': 'user'}, {'content': 'Das Gespräch ist beendet. Wenn Sie wieder Unterstützung benötigen, melden Sie sich gerne. Auf Wiederhören!', 'id': 'b30568a5-a6d4-42f2-bf72-f1d493809dc6', 'role': 'assistant'}]",25.260089,,019ff64b-cb6d-7170-b8e8-ff64ef03898e,0.0,1.0,0.1429,0.4376,0.0
Kurt Haas,015789643375,Donnerstag von 8 Uhr bis 11 Uhr,eine Klärung von Fragen zur Kaution,surfersimmobilien+predeploy@outlook.com,"[{'content': 'Guten Tag, Sie sprechen mit der digitalen Anruf-Assistentin von Surfers Immobilien. Wie kann ich Ihnen weiterhelfen? Was ist der Grund Ihres Anrufs?', 'role': 'assistant'}, {'content': 'Hallo, mein Name ist Kurt Haas und ich würde gerne einen Termin für eine Klärung von Fragen zur Kaution vereinbaren.', 'id': 'ccb3f56c-2e69-474c-b667-a669cbd706eb', 'role': 'user'}, {'content': 'Für Fragen zur Kaution passt am besten der Termin-Typ „Allgemeine Anfragen“. Möchten Sie diesen Termin buchen?', 'id': '8fbf5ed8-aa62-4188-8804-b56715804d72', 'role': 'assistant'}, {'content': 'Ja, gerne.', 'id': 'lc_run--019ff64b-f5a8-7850-8505-7023e897eb41-0', 'role': 'user'}, {'content': 'Wann möchten Sie den Termin für die Klärung Ihrer Kautionsfragen wahrnehmen? Gibt es einen bestimmten Tag oder eine Uhrzeit, die Ihnen passt?', 'id': '1dd25659-3d2f-47f4-903a-1b6c7ecfa79b', 'role': 'assistant'}, {'content': 'Ich bin donnerstags zwischen 8 und 11 Uhr verfügbar.', 'id': 'lc_run--019ff64b-ff22-74b3-9952-5487140d6255-0', 'role': 'user'}, {'content': 'Am Donnerstag, den dreizehnten August, sind zwischen acht und elf Uhr leider keine freien Termine verfügbar. Möchten Sie einen anderen Tag oder eine andere Uhrzeit wählen?', 'id': '94b572b9-1c0d-4e9f-bbcb-b355d103ab59', 'role': 'assistant'}, {'content': 'Leider kann ich nur donnerstags zwischen 8 und 11 Uhr. Dann würde ich gerne um einen Rückruf durch einen Mitarbeitenden bitten.', 'id': 'lc_run--019ff64c-4c55-7e92-aa44-52c7e2f39fd2-0', 'role': 'user'}, {'content': 'Alles klar, ich gebe Ihren Rückrufwunsch weiter. Ein Mitarbeitender von Surfers Immobilien wird sich bei Ihnen melden. Vielen Dank für Ihren Anruf und einen schönen Tag noch!', 'id': '3e1e5881-6168-45d5-b3f8-725b82a95ceb', 'role': 'assistant'}, {'content': 'Vielen Dank. Ihnen auch einen schönen Tag. Auf Wiederhören.', 'id': 'lc_run--019ff64c-6768-75a1-94d8-4eb60bb0edae-0', 'role': 'user'}, {'content': 'Auf Wiederhören, Herr Haas.', 'id': '94752206-a5be-4d3b-9e42-70a0ad51db14', 'role': 'assistant'}, {'content': '', 'id': 'lc_run--019ff64c-7683-7793-9903-dd743fc7e645-0', 'role': 'user'}, {'content': 'Falls Sie noch einmal einen Termin buchen möchten, stehe ich Ihnen gerne zur Verfügung. Auf Wiederhören!', 'id': 'f47fcbd1-5601-4ef1-bf23-a8985a74e776', 'role': 'assistant'}]",44.051151,,019ff64b-db4e-7f93-b0b4-325dec92a81e,0.0,1.0,0.1429,0.4376,0.0
Bernhard Stein,015789643375,den ganzen Mittwoch,eine Besichtigung des Gartens,surfersimmobilien+predeploy@outlook.com,"[{'content': 'Guten Tag, Sie sprechen mit der digitalen Anruf-Assistentin von Surfers Immobilien. Wie kann ich Ihnen weiterhelfen? Was ist der Grund Ihres Anrufs?', 'role': 'assistant'}, {'content': 'Hallo, mein Name ist Bernhard Stein und ich würde gerne einen Termin für eine Besichtigung des Gartens vereinbaren.', 'id': '00f36813-8392-4a11-ba49-bbf53457537b', 'role': 'user'}, {'content': 'Für eine Gartenbesichtigung gibt es aktuell keinen eigenen Termin-Typ. Am besten passt hier der Termin für „Allgemeine Anfragen“. Möchten Sie diesen Termin für Ihre Gartenbesichtigung nutzen?', 'id': '57e0d6f3-b5e1-4f4d-b91e-d359c4d3d638', 'role': 'assistant'}, {'content': 'Ja, gerne. Das passt für meine Gartenbesichtigung.', 'id': 'lc_run--019ff64c-23fb-7f51-b4d0-1f7d76e73c21-0', 'role': 'user'}, {'content': 'Alles klar, Herr Stein. Gibt es ein bestimmtes Datum oder eine Uhrzeit, die Ihnen für die Besichtigung besonders gut passen würde?', 'id': '251968da-18f4-44d9-9d0d-3d7970cc9c74', 'role': 'assistant'}, {'content': 'Ich bin den ganzen Mittwoch erreichbar und kann auch nur mittwochs Termine wahrnehmen.', 'id': 'lc_run--019ff64c-30b8-7dc0-9490-5fc298122659-0', 'role': 'user'}, {'content': 'Am Mittwoch, den neunzehnten August zweitausendsechsundzwanzig, sind leider keine freien Zeiten verfügbar. Soll ich nach einem anderen Mittwoch suchen?', 'id': '023f1e5a-85be-4cc0-b41e-a1a1990b4388', 'role': 'assistant'}, {'content': 'Ja, bitte schauen Sie nach einem anderen Mittwoch.', 'id': 'lc_run--019ff64c-50ca-7f81-a08c-f92c12700e83-0', 'role': 'user'}, {'content': 'Auch am Mittwoch, den sechsundzwanzigsten August zweitausendsechsundzwanzig, gibt es keine freien Zeiten. Möchten Sie, dass ich den darauffolgenden Mittwoch prüfe?', 'id': 'bf593efd-708f-49fb-88bf-deb2f6ef68cb', 'role': 'assistant'}, {'content': 'Ja, bitte prüfen Sie auch den darauffolgenden Mittwoch.', 'id': 'lc_run--019ff64c-667d-7b10-a02d-6e682eab0e7b-0', 'role': 'user'}, {'content': 'Am Mittwoch, den zweiten September zweitausendsechsundzwanzig, sind ebenfalls keine freien Zeiten verfügbar. Soll ich weiter nach dem nächsten Mittwoch suchen?', 'id': '3e6e487b-9529-4c3f-acac-72a8ccd89bf9', 'role': 'assistant'}, {'content': 'Ja, bitte suchen Sie weiter nach dem nächsten Mittwoch.', 'id': 'lc_run--019ff64c-7bb8-79c1-b505-c7c01c59e0a8-0', 'role': 'user'}, {'content': 'Auch am Mittwoch, den neunten September zweitausendsechsundzwanzig, gibt es keine freien Termine. Möchten Sie, dass ich noch einen weiteren Mittwoch prüfe?', 'id': '8987e861-1797-4476-a853-5302ad20a356', 'role': 'assistant'}, {'content': 'Ja, gerne. Bitte prüfen Sie noch einen weiteren Mittwoch.', 'id': 'lc_run--019ff64c-8f2e-7711-abcb-95a0f33761e0-0', 'role': 'user'}, {'content': 'Auch am Mittwoch, den sechzehnten September zweitausendsechsundzwanzig, sind keine freien Zeiten verfügbar. Möchten Sie, dass ich noch einen weiteren Mittwoch prüfe?', 'id': '0cc9b905-4379-4c98-9c01-6be38b665ca9', 'role': 'assistant'}, {'content': 'Wenn mittwochs nichts frei ist, würde ich gerne um einen Rückruf durch einen Mitarbeitenden bitten.', 'id': 'lc_run--019ff64c-a316-7fa3-a5e0-b5dcfea7ac80-0', 'role': 'user'}, {'content': 'Das ist notiert. Ein Mitarbeitender wird Sie zurückrufen, um einen passenden Termin zu finden. Vielen Dank für Ihren Anruf und einen schönen Tag noch!', 'id': 'd6a9dc28-dc58-4706-8e97-79a7dfa0e9c1', 'role': 'assistant'}, {'content': 'Vielen Dank. Ihnen auch einen schönen Tag, auf Wiederhören.', 'id': 'lc_run--019ff64c-ba57-7191-ad33-01afcddbcf83-0', 'role': 'user'}, {'content': 'Auf Wiederhören, Herr Stein. Alles Gute für Sie!', 'id': '3fa5b009-f221-4650-b2ca-5f881628cf0a', 'role': 'assistant'}, {'content': '', 'id': 'lc_run--019ff64c-c7ba-7e02-a34f-4258d8fa0cbe-0', 'role': 'user'}, {'content': 'Das Gespräch ist beendet. Falls Sie wieder einen Termin buchen möchten, stehe ich Ihnen gerne zur Verfügung. Auf Wiederhören!', 'id': 'b5c352fd-c300-4db4-80fc-5f607a3d4aef', 'role': 'assistant'}]",51.318244,,019ff64c-0d4f-7c81-83da-6a1ead9947a6,0.0,1.0,0.0909,0.1617,0.0
Karl Peters,015789643375,Dienstag den ganzen Tag,eine Reparatur des Hoftors,surfersimmobilien+predeploy@outlook.com,"[{'content': 'Guten Tag, Sie sprechen mit der digitalen Anruf-Assistentin von Surfers Immobilien. Wie kann ich Ihnen weiterhelfen? Was ist der Grund Ihres Anrufs?', 'role': 'assistant'}, {'content': 'Hallo, mein Name ist Karl Peters und ich würde gerne einen Termin für eine Reparatur des Hoftors vereinbaren.', 'id': '282d8603-fbf2-45c2-b014-1ab679af6af6', 'role': 'user'}, {'content': 'Für eine Reparatur gibt es einen passenden Termin-Typ. Möchten Sie einen Termin für „Reparatur“ buchen?', 'id': '6a0a2872-c03b-47eb-8e3c-ebe02374c1d7', 'role': 'assistant'}, {'content': 'Ja, genau, ich möchte einen Termin für eine Reparatur buchen.', 'id': 'lc_run--019ff64c-49da-7571-ab42-1eb590a2d0f7-0', 'role': 'user'}, {'content': 'Im Moment sind leider keine freien Termine für Reparaturen verfügbar. Möchten Sie, dass ich nach einem späteren Zeitraum schaue oder Sie informiere, sobald wieder Termine frei sind?', 'id': '2596caf5-2392-4266-8555-6e5719ffe8a6', 'role': 'assistant'}, {'content': 'Könnte mich bitte ein Mitarbeitender zurückrufen, um das Anliegen zu klären oder persönlich einen Termin zu vereinbaren?', 'id': 'lc_run--019ff64c-61a2-7a22-aea9-0fdde4c3648f-0', 'role': 'user'}, {'content': 'Natürlich, ich gebe Ihr Anliegen weiter. Ein Mitarbeitender wird Sie zurückrufen, um alles persönlich zu besprechen und einen Termin zu vereinbaren. Vielen Dank für Ihren Anruf. Auf Wiederhören!', 'id': 'f8433b99-dac0-4db7-b02e-50c3a6000de3', 'role': 'assistant'}, {'content': 'Vielen Dank. Auf Wiederhören!', 'id': 'lc_run--019ff64c-71e3-7e61-8397-775978616cdf-0', 'role': 'user'}, {'content': 'Auf Wiederhören, Herr Peters!', 'id': '4c9542f4-0c6d-4364-9cd7-98645a14f1ed', 'role': 'assistant'}, {'content': '', 'id': 'lc_run--019ff64c-7c44-7b83-9c2e-c12d6f825bd4-0', 'role': 'user'}, {'content': 'Das Gespräch ist beendet. Wenn Sie wieder einen Termin buchen möchten, stehe ich Ihnen gerne zur Verfügung.', 'id': 'a90bdd02-a426-4664-a552-d60071981fa6', 'role': 'assistant'}]",28.473183,,019ff64c-2e1a-73d2-b83c-c8f76a5ac79e,0.0,1.0,0.1667,0.6065,1.0
Werner Lange,015789643375,nur am späten Nachmittag,eine Kontrolle der Rauchmelder,surfersimmobilien+predeploy@outlook.com,"[{'content': 'Guten Tag, Sie sprechen mit der digitalen Anruf-Assistentin von Surfers Immobilien. Was kann ich heute für Sie tun?', 'role': 'assistant'}, {'content': 'Hallo, mein Name ist Werner Lange und ich würde gerne einen Termin für eine Kontrolle der Rauchmelder vereinbaren.', 'id': '3b4ad34e-9a8c-46d5-a812-006b263c84fc', 'role': 'user'}, {'content': 'Für eine Kontrolle der Rauchmelder passt am ehesten der Termin-Typ „Reparatur“. Möchten Sie diesen auswählen?', 'id': 'f295c360-351e-440c-8cf4-af89cfef65c4', 'role': 'assistant'}, {'content': 'Ja, gerne. Wählen wir bitte „Reparatur“ aus.', 'id': 'lc_run--019ff64c-58b2-7a51-bb69-f150e58c0831-0', 'role': 'user'}, {'content': 'Alles klar, ich buche für Sie einen Termin für „Reparatur“. Gibt es ein bestimmtes Datum oder eine Uhrzeit, die Ihnen besonders gut passt?', 'id': 'd4171b02-6dba-453e-b31e-b476a9440ec1', 'role': 'assistant'}, {'content': 'Ich bin nur am späten Nachmittag erreichbar. Gibt es da freie Termine?', 'id': 'lc_run--019ff64c-6664-7f91-ba2b-a20eee74171c-0', 'role': 'user'}, {'content': 'Heute am späten Nachmittag sind leider keine freien Termine verfügbar. Möchten Sie einen anderen Tag vorschlagen oder soll ich nach dem nächsten verfügbaren Nachmittagstermin suchen?', 'id': '5811b6b4-8dad-469b-ab79-69b8e2cb3e2c', 'role': 'assistant'}, {'content': 'Bitte suchen Sie nach dem nächsten verfügbaren Termin am späten Nachmittag.', 'id': 'lc_run--019ff64c-8b32-73e2-a8d0-5f912e61bc3c-0', 'role': 'user'}, {'content': 'Ich prüfe jetzt die nächsten Nachmittage für Sie... Gibt es bestimmte Wochentage, die Sie bevorzugen, oder soll ich einfach den frühestmöglichen Termin nehmen?', 'id': '778973e6-fd50-47f0-8cd1-30ea270f1483', 'role': 'assistant'}, {'content': 'Bitte nehmen Sie einfach den frühestmöglichen Termin am späten Nachmittag.', 'id': 'lc_run--019ff64c-9d8a-7d93-8160-c38b2851b15e-0', 'role': 'user'}, {'content': 'Im Zeitraum bis zum zwanzigsten August gibt es am späten Nachmittag leider auch keine freien Termine. Möchten Sie, dass ich nach Terminen am Vormittag oder Mittag schaue, oder soll ich einen späteren Zeitraum prüfen?', 'id': '9169b87f-1e35-42e5-bbe3-5568b08d6e49', 'role': 'assistant'}, {'content': 'Bitte prüfen Sie einen späteren Zeitraum am späten Nachmittag.', 'id': 'lc_run--019ff64c-b3d8-7302-93ca-62aa42d98767-0', 'role': 'user'}, {'content': 'Auch im Zeitraum vom einundzwanzigsten August bis zum vierten September gibt es am späten Nachmittag keine freien Termine. Möchten Sie, dass ich noch weiter in die Zukunft schaue, oder passt Ihnen vielleicht doch ein Termin am Vormittag oder Mittag?', 'id': '1961ec8b-d227-480c-8cfe-ebec98bb6f56', 'role': 'assistant'}, {'content': 'Bitte schauen Sie noch weiter in die Zukunft, aber nur am späten Nachmittag.', 'id': 'lc_run--019ff64c-caa4-7812-b24a-b1789c17538f-0', 'role': 'user'}, {'content': 'Im Zeitraum vom fünften bis zum neunzehnten September gibt es weiterhin keine freien Termine am späten Nachmittag. Soll ich noch weiter suchen, oder möchten Sie vielleicht einen Termin zu einer anderen Tageszeit buchen?', 'id': '7c0944cd-5fd9-4880-935e-16ad97385cfb', 'role': 'assistant'}, {'content': 'Dann würde ich gerne von einem Mitarbeitenden zurückgerufen werden, um das persönlich zu klären.', 'id': 'lc_run--019ff64c-e30a-7790-9bfa-cd185b73c9bd-0', 'role': 'user'}, {'content': 'Das lässt sich einrichten. Ein Mitarbeitender wird Sie zurückrufen, um alles persönlich zu besprechen. Vielen Dank für Ihren Anruf und einen schönen Tag noch!', 'id': 'c2c6ab11-5007-45c1-b94b-cdfe474ddb25', 'role': 'assistant'}, {'content': 'Vielen Dank, Ihnen auch einen schönen Tag. Auf Wiederhören.', 'id': 'lc_run--019ff64c-f32e-7770-828a-6f68cb4b0d72-0', 'role': 'user'}, {'content': 'Auf Wiederhören, Herr Lange.', 'id': '2749a2b3-343b-41c8-a9fb-2c5499c62057', 'role': 'assistant'}, {'content': '', 'id': 'lc_run--019ff64d-01b6-7133-8edd-ee57b035561d-0', 'role': 'user'}, {'content': 'Gibt es noch etwas, wobei ich Ihnen helfen kann?', 'id': 'e83a63a1-6fa4-4026-b7b9-033e8a1ddf3d', 'role': 'assistant'}]",54.170597,,019ff64c-441d-7ce2-8046-118088449c06,0.0,1.0,0.0909,0.1617,0.0
Markus Schmidt,015789643375,Montag von 9 Uhr bis 12 Uhr,eine Reparatur der Waschmaschine,surfersimmobilien+predeploy@outlook.com,"[{'content': 'Guten Tag, Sie sprechen mit der digitalen Anruf-Assistentin von Surfers Immobilien. Wie kann ich Ihnen weiterhelfen? Was ist der Grund Ihres Anrufs?', 'role': 'assistant'}, {'content': 'Hallo, mein Name ist Markus Schmidt und ich würde gerne einen Termin für eine Reparatur der Waschmaschine vereinbaren.', 'id': '3cc4556b-e0bc-4e1d-879d-3bc2dbae8fdc', 'role': 'user'}, {'content': 'Für eine Reparatur gibt es einen passenden Termin-Typ. Möchten Sie einen Termin für „Reparatur“ buchen?', 'id': 'b5df3d75-b6d4-47d8-a38a-f85be9a93b7e', 'role': 'assistant'}, {'content': 'Ja, gerne.', 'id': 'lc_run--019ff64c-9da3-73b1-b399-1532ba04c2b0-0', 'role': 'user'}, {'content': 'Leider sind aktuell keine freien Termine für Reparaturen in dieser Woche verfügbar. Möchten Sie einen Termin in einer späteren Woche buchen?', 'id': '01ed265f-9f56-4544-8823-4ad5934fb6bc', 'role': 'assistant'}, {'content': 'Ja, gerne. Ich kann allerdings nur montags zwischen 9 und 12 Uhr.', 'id': 'lc_run--019ff64c-be63-73a1-aebe-d0315d90f2a8-0', 'role': 'user'}, {'content': 'Auch an den kommenden Montagen zwischen neun und zwölf Uhr sind leider keine Termine frei. Möchten Sie, dass ich nach anderen Tagen oder Zeitfenstern suche?', 'id': '1dc6e009-300e-47bf-9bc2-8e2eb678e90e', 'role': 'assistant'}, {'content': 'Nein, danke. Dann würde ich gerne von einem Mitarbeitenden zurückgerufen werden, um das persönlich zu klären.', 'id': 'lc_run--019ff64c-d1e7-7673-ac0e-909495df53b5-0', 'role': 'user'}, {'content': 'Alles klar, ich gebe Ihren Rückrufwunsch weiter. Ein Mitarbeitender wird sich bei Ihnen melden. Vielen Dank für Ihren Anruf und einen schönen Tag noch!', 'id': '8c46fb58-0ae6-4819-b1aa-64922c9fb2e4', 'role': 'assistant'}, {'content': 'Vielen Dank, Ihnen auch einen schönen Tag. Auf Wiederhören.', 'id': 'lc_run--019ff64c-e864-7912-bf14-a7f1906e94e3-0', 'role': 'user'}, {'content': 'Auf Wiederhören, Herr Schmidt!', 'id': '2275b8dd-90d5-4569-b4a8-02eac3d083e7', 'role': 'assistant'}, {'content': '', 'id': 'lc_run--019ff64c-f5dd-79c1-a0f2-891793f997a9-0', 'role': 'user'}, {'content': 'Das Gespräch ist beendet. Wenn Sie wieder einen Termin buchen möchten, stehe ich Ihnen gerne zur Verfügung. Auf Wiederhören!', 'id': '3060c130-8c2e-4452-bbe6-8a54c2784e1d', 'role': 'assistant'}]",32.440673,,019ff64c-8763-7982-a623-dded2473f5c7,0.0,1.0,0.1429,0.4376,0.0
Cornelia Vogel,015789643375,Mittwoch von 10 Uhr bis 13 Uhr,eine Besichtigung des Dachbodens,surfersimmobilien+predeploy@outlook.com,"[{'content': 'Guten Tag, Sie sprechen mit der digitalen Anruf-Assistentin von Surfers Immobilien. Wie kann ich Ihnen weiterhelfen? Was ist der Grund Ihres Anrufs?', 'role': 'assistant'}, {'content': 'Hallo, mein Name ist Cornelia Vogel und ich würde gerne einen Termin für eine Besichtigung des Dachbodens vereinbaren.', 'id': 'c8c61488-4627-4799-98af-71f99cee2f6c', 'role': 'user'}, {'content': 'Für eine Besichtigung gibt es keinen eigenen Termin-Typ, aber „Allgemeine Anfragen“ passt am besten. Möchten Sie diesen Termin-Typ für Ihre Dachboden-Besichtigung nutzen?', 'id': '3f7f6e0a-22e5-4604-abb3-3e63fda14afe', 'role': 'assistant'}, {'content': 'Ja, gerne. Das passt für die Dachboden-Besichtigung.', 'id': 'lc_run--019ff64c-b0cc-7443-81de-1849a12b51ea-0', 'role': 'user'}, {'content': 'Alles klar, Frau Vogel. Gibt es ein bestimmtes Datum oder eine Uhrzeit, die Ihnen für die Besichtigung besonders gut passen würde?', 'id': '060adbb9-1091-4095-a25d-676e5167e641', 'role': 'assistant'}, {'content': 'Ich kann mittwochs zwischen 10 und 13 Uhr. Haben Sie in diesem Zeitraum einen Termin frei?', 'id': 'lc_run--019ff64c-bcc2-71d1-af80-0b2ea51a48a9-0', 'role': 'user'}, {'content': 'Diesen Mittwoch, also am zwölften August zweitausendsechsundzwanzig, ist zwischen zehn und dreizehn Uhr leider kein Termin frei. Soll ich nach einem anderen Mittwoch oder einem anderen Tag für Sie schauen?', 'id': '4e145f62-218c-4e87-997b-97330fcc0081', 'role': 'assistant'}, {'content': 'Ja, bitte schauen Sie gerne nach einem anderen Mittwoch zwischen 10 und 13 Uhr.', 'id': 'lc_run--019ff64c-d196-7121-868e-7b16d976a7f5-0', 'role': 'user'}, {'content': 'Auch am sechsundzwanzigsten August zweitausendsechsundzwanzig ist mittwochs zwischen zehn und dreizehn Uhr kein Termin frei. Möchten Sie einen anderen Wochentag oder eine andere Uhrzeit ausprobieren?', 'id': '45d1339a-983a-4dd0-b321-4c3620945423', 'role': 'assistant'}, {'content': 'Nein, leider kann ich nur mittwochs zwischen 10 und 13 Uhr. Könnte mich bitte ein Mitarbeitender zurückrufen, um das zu klären?', 'id': 'lc_run--019ff64c-f2cb-7491-a6f2-930223b2bc14-0', 'role': 'user'}, {'content': 'Natürlich, Frau Vogel. Ein Mitarbeitender wird Sie zurückrufen, um einen passenden Termin für die Dachboden-Besichtigung zu finden. Vielen Dank für Ihren Anruf und einen schönen Tag!', 'id': '570188e2-f98b-489a-b34b-2040e8931e32', 'role': 'assistant'}, {'content': 'Vielen Dank, Ihnen auch einen schönen Tag. Auf Wiederhören.', 'id': 'lc_run--019ff64d-026f-7df0-b03b-4884f1f2183e-0', 'role': 'user'}, {'content': 'Auf Wiederhören, Frau Vogel!', 'id': '8f7a399a-653b-4b2c-89fd-c59981f559ff', 'role': 'assistant'}, {'content': '', 'id': 'lc_run--019ff64d-2337-7d81-9fce-50c67d987597-0', 'role': 'user'}, {'content': 'Das Gespräch ist nun beendet. Wenn Sie wieder einen Termin buchen möchten, stehe ich Ihnen gerne zur Verfügung. Auf Wiederhören!', 'id': 'dc05c885-74da-48ea-a6ef-d3bcd7d7e835', 'role': 'assistant'}]",38.385597,,019ff64c-9d55-7af0-a256-7e924f560bb8,0.0,1.0,0.125,0.3247,0.0
Nadine Meyer,015789643375,Mittwoch von 10 Uhr bis 13 Uhr,eine Reparatur des Aufzugs,surfersimmobilien+predeploy@outlook.com,"[{'content': 'Guten Tag, Sie sprechen mit der digitalen Anruf-Assistentin von Surfers Immobilien. Wie kann ich Ihnen weiterhelfen? Was ist der Grund Ihres Anrufs?', 'role': 'assistant'}, {'content': 'Hallo, mein Name ist Nadine Meyer und ich würde gerne einen Termin für eine Reparatur des Aufzugs vereinbaren.', 'id': 'de4d6f86-bb3b-47bf-a209-294166ab751d', 'role': 'user'}, {'content': 'Für eine Reparatur gibt es einen passenden Termin-Typ. Möchten Sie einen Termin für „Reparatur“ buchen?', 'id': '9cca5b60-49eb-4072-ac91-f3c0c3131fa9', 'role': 'assistant'}, {'content': 'Ja, gerne.', 'id': 'lc_run--019ff64c-ec65-7172-bcaf-3cd8baa7ff81-0', 'role': 'user'}, {'content': 'Könnten Sie mir bitte sagen, wann Sie den Reparatur-Termin wünschen?', 'id': '4748ab80-94ba-495f-ab75-5b507cc790e4', 'role': 'assistant'}, {'content': 'Am Mittwoch zwischen 10 und 13 Uhr, bitte.', 'id': 'lc_run--019ff64c-f3f4-7ae0-be80-ad23dfeec5fc-0', 'role': 'user'}, {'content': 'Am Mittwoch, den neunzehnten August, sind zwischen zehn und dreizehn Uhr leider keine Termine frei. Möchten Sie einen anderen Tag oder eine andere Uhrzeit vorschlagen?', 'id': '450b80c0-232c-426d-91e7-e824333ed450', 'role': 'assistant'}, {'content': 'Leider kann ich nur mittwochs zwischen 10 und 13 Uhr. Könnte mich bitte ein Mitarbeitender zurückrufen, um das zu klären?', 'id': 'lc_run--019ff64d-0de4-7613-9c21-f4c98f92f095-0', 'role': 'user'}, {'content': 'Natürlich, ich gebe Ihren Rückrufwunsch weiter. Ein Mitarbeitender wird sich bei Ihnen melden, um alles Weitere zu besprechen. Vielen Dank für Ihren Anruf und einen schönen Tag!', 'id': '4bf930b5-c7ab-4aea-9630-17c255a92ca4', 'role': 'assistant'}, {'content': 'Vielen Dank, Ihnen auch einen schönen Tag. Auf Wiederhören.', 'id': 'lc_run--019ff64d-1fc7-7200-a4fd-292f03d1eec2-0', 'role': 'user'}, {'content': 'Auf Wiederhören, Frau Meyer.', 'id': 'f3a25e04-c1a1-4af0-b074-1b5c8cf9c8a2', 'role': 'assistant'}, {'content': '', 'id': 'lc_run--019ff64d-29fe-71e0-b013-b0922a01d028-0', 'role': 'user'}, {'content': 'Das Gespräch ist beendet. Wenn Sie wieder einen Termin buchen möchten, stehe ich Ihnen gerne zur Verfügung.', 'id': '5a6ea0ca-fac6-4d39-af81-ee5aeb798939', 'role': 'assistant'}]",26.043162,,019ff64c-d5c6-78a3-a23d-dcbb4b90216c,0.0,1.0,0.1429,0.4376,0.0
Anna Herrmann,015789643375,den ganzen Mittwoch,eine Wohnungsabnahme,surfersimmobilien+predeploy@outlook.com,"[{'content': 'Guten Tag, Sie sprechen mit der digitalen Anruf-Assistentin von Surfers Immobilien. Wie kann ich Ihnen weiterhelfen? Was ist der Grund Ihres Anrufs?', 'role': 'assistant'}, {'content': 'Hallo, mein Name ist Anna Herrmann und ich würde gerne einen Termin für eine Wohnungsabnahme vereinbaren.', 'id': '86b4932c-2d68-4140-a270-d57992c240e1', 'role': 'user'}, {'content': 'Für eine Wohnungsabnahme gibt es aktuell keinen eigenen Termin-Typ. Es stehen zur Auswahl: Allgemeine Anfragen, Reparatur, Beschwerde oder Besprechung von Dokumenten. Was passt für Sie am besten?', 'id': 'bee06b50-30f4-4010-8e2f-cb9f6f365572', 'role': 'assistant'}, {'content': 'Dann passt am besten „Allgemeine Anfragen“, danke.', 'id': 'lc_run--019ff64d-179a-7791-93d9-1f19f9fee067-0', 'role': 'user'}, {'content': 'Alles klar, dann buche ich für Sie einen Termin unter „Allgemeine Anfragen“. An welchem Tag möchten Sie den Termin wahrnehmen?', 'id': '364e0f7a-5586-4137-997e-cf770f2d7ec7', 'role': 'assistant'}, {'content': 'Am Mittwoch, bitte. Da bin ich den ganzen Tag erreichbar.', 'id': 'lc_run--019ff64d-27fd-7c70-bf84-07b2115145cf-0', 'role': 'user'}, {'content': 'Am Mittwoch, den neunzehnten August zweitausendsechsundzwanzig, sind leider keine freien Zeiten verfügbar. Möchten Sie einen anderen Tag auswählen?', 'id': 'e4d6ab32-66c3-4acd-9643-1671fcccd698', 'role': 'assistant'}, {'content': 'Leider kann ich nur am Mittwoch. Könnte mich bitte ein Mitarbeitender zurückrufen, um einen Termin zu vereinbaren?', 'id': 'lc_run--019ff64d-452f-7091-a227-71870111d066-0', 'role': 'user'}, {'content': 'Natürlich, ich gebe Ihren Rückrufwunsch weiter. Ein Mitarbeitender wird Sie kontaktieren, um einen Termin zu vereinbaren. Vielen Dank für Ihren Anruf und einen schönen Tag noch!', 'id': '66c8e273-bb4f-403c-9427-ff3d9c0432a7', 'role': 'assistant'}, {'content': 'Vielen Dank. Einen schönen Tag noch, auf Wiederhören.', 'id': 'lc_run--019ff64d-594c-70e0-8336-abe94262547a-0', 'role': 'user'}, {'content': 'Auf Wiederhören, Frau Herrmann. Ihnen ebenfalls einen schönen Tag!', 'id': 'e1d92a52-9827-4cc6-84be-feec37f4e110', 'role': 'assistant'}, {'content': '', 'id': 'lc_run--019ff64d-641b-7621-8357-93b6ec24097d-0', 'role': 'user'}, {'content': 'Das Gespräch ist beendet. Wenn Sie wieder einen Termin buchen möchten, stehe ich Ihnen gerne zur Verfügung. Auf Wiederhören!', 'id': '5b7a2931-5b38-4e42-84d1-dbea29cf0d2d', 'role': 'assistant'}]",31.036829,,019ff64d-061c-79e2-aa37-3b936cca5d9c,0.0,1.0,0.1429,0.4376,0.0
Norbert Ludwig,015789643375,Donnerstag von 13 Uhr bis 15 Uhr,eine Reparatur des Lichtschalters,surfersimmobilien+predeploy@outlook.com,"[{'content': 'Guten Tag, Sie sprechen mit der digitalen Anruf-Assistentin von Surfers Immobilien. Wie kann ich Ihnen heute weiterhelfen? Was ist der Grund Ihres Anrufs?', 'role': 'assistant'}, {'content': 'Hallo, mein Name ist Norbert Ludwig und ich würde gerne einen Termin für eine Reparatur des Lichtschalters vereinbaren.', 'id': 'dbe00fca-e5fb-48c3-b754-65ccc63a2901', 'role': 'user'}, {'content': 'Für eine Reparatur kann ich einen passenden Termin für Sie buchen. Gibt es einen bestimmten Tag oder eine Uhrzeit, die Ihnen besonders gut passt?', 'id': 'e91d8be0-779a-4977-b7e2-72605688d3ea', 'role': 'assistant'}, {'content': 'Ja, ich bin donnerstags zwischen 13 und 15 Uhr erreichbar und kann nur in diesem Zeitraum Termine wahrnehmen.', 'id': 'lc_run--019ff64d-29ff-7730-b530-e46cc443aa0f-0', 'role': 'user'}, {'content': 'Alles klar, Sie möchten donnerstags zwischen dreizehn und fünfzehn Uhr einen Termin. Möchten Sie den nächsten Donnerstag, also den dreizehnten August, oder einen späteren Donnerstag?', 'id': '64cc0582-9615-40ad-b988-8656d0d5d350', 'role': 'assistant'}, {'content': 'Der nächste Donnerstag, der 13. August, passt mir gut, bitte zwischen 13 und 15 Uhr.', 'id': 'lc_run--019ff64d-3f97-7d60-94ff-2a86156a5050-0', 'role': 'user'}, {'content': 'Am Donnerstag, den dreizehnten August, sind zwischen dreizehn und fünfzehn Uhr aktuell keine freien Termine verfügbar. Möchten Sie einen anderen Donnerstag auswählen oder einen alternativen Zeitraum nennen?', 'id': '0e899ada-cab3-4341-9835-bbf315bd3d3e', 'role': 'assistant'}, {'content': 'Dann gerne einen anderen Donnerstag zwischen 13 und 15 Uhr. Falls das nicht möglich ist, bitte ich um einen Rückruf durch einen Mitarbeitenden.', 'id': 'lc_run--019ff64d-5b30-7732-bf07-7c0392abb0fe-0', 'role': 'user'}, {'content': 'Auch am Donnerstag, den zwanzigsten August, sind zwischen dreizehn und fünfzehn Uhr keine Termine frei. Möchten Sie, dass ich einen Rückruf für Sie veranlasse, oder soll ich noch weitere Donnerstage prüfen?', 'id': 'c3b8b7ec-51b6-46ed-b014-dd235cc012d3', 'role': 'assistant'}, {'content': 'Bitte veranlassen Sie einen Rückruf für mich.', 'id': 'lc_run--019ff64d-7855-7e13-a0d5-3c79eed4f3a9-0', 'role': 'user'}, {'content': 'Ich gebe Ihren Rückrufwunsch an unser Team weiter. Sie werden zeitnah von einer Mitarbeiterin oder einem Mitarbeiter kontaktiert. Vielen Dank für Ihren Anruf und einen schönen Tag noch!', 'id': '6e75a131-c1fb-4d33-b266-48f973d4c4d5', 'role': 'assistant'}, {'content': 'Vielen Dank, auf Wiederhören.', 'id': 'lc_run--019ff64d-994e-72d1-a58f-7bb915233be3-0', 'role': 'user'}, {'content': 'Auf Wiederhören, Herr Ludwig. Alles Gute für Sie!', 'id': '4d5fdd3c-aa08-4323-9eb8-874505ec0bd4', 'role': 'assistant'}, {'content': '', 'id': 'lc_run--019ff64d-a269-73e1-89fd-d527da7b934a-0', 'role': 'user'}, {'content': 'Das Gespräch ist beendet. Falls Sie wieder Unterstützung benötigen, stehe ich Ihnen gerne zur Verfügung.', 'id': '840960c0-4686-429f-a20c-5fb2411d474e', 'role': 'assistant'}]",39.260848,,019ff64d-17b9-7de3-a581-6bf4754c12fc,0.0,1.0,0.125,0.3247,1.0
Emil Nowak,015789643375,nur am späten Nachmittag,eine Beschwerde über eine kaputte Türklingel,surfersimmobilien+predeploy@outlook.com,"[{'content': 'Guten Tag, Sie sprechen mit der digitalen Anruf-Assistentin von Surfers Immobilien. Wie kann ich Ihnen weiterhelfen? Was ist der Grund Ihres Anrufs?', 'role': 'assistant'}, {'content': 'Hallo, mein Name ist Emil Nowak und ich würde gerne einen Termin für eine Beschwerde über eine kaputte Türklingel vereinbaren.', 'id': '410e4f9c-237d-48cc-af45-0432948a6c6d', 'role': 'user'}, {'content': 'Für Ihr Anliegen gibt es einen Termin-Typ „Beschwerde“. Möchten Sie diesen auswählen, um Ihre Beschwerde zur kaputten Türklingel zu besprechen?', 'id': '57486004-b863-4dd1-874c-4539efd14956', 'role': 'assistant'}, {'content': 'Ja, bitte. Das passt.', 'id': 'lc_run--019ff64d-48cb-79b0-bb34-b17a0f227203-0', 'role': 'user'}, {'content': 'Im Moment sind leider keine freien Termine für eine Beschwerde in den nächsten sieben Tagen verfügbar. Möchten Sie, dass ich nach einem späteren Zeitpunkt suche?', 'id': 'd4a3479e-67c4-48f9-ba62-0782c9a7a3be', 'role': 'assistant'}, {'content': 'Ja, gerne. Bitte suchen Sie nach einem späteren Termin, möglichst am späten Nachmittag.', 'id': 'lc_run--019ff64d-5f9a-7e41-96c9-c816d601c0ba-0', 'role': 'user'}, {'content': 'Auch in der darauffolgenden Woche sind keine freien Termine für eine Beschwerde verfügbar. Möchten Sie, dass ich noch weiter in die Zukunft schaue, oder möchten Sie lieber einen Rückruf vereinbaren?', 'id': '0f094b22-5c95-459d-a9ac-4d34bba025fe', 'role': 'assistant'}, {'content': 'Dann würde ich lieber einen Rückruf vereinbaren, bitte.', 'id': 'lc_run--019ff64d-7464-7820-a009-11986d12b813-0', 'role': 'user'}, {'content': 'Kein Problem. Damit ich den Rückruf einplanen kann, benötige ich bitte Ihre Telefonnummer. Könnten Sie mir diese einmal durchgeben?', 'id': '3c885fa3-2720-4d56-a2e6-e8d6a8ab5688', 'role': 'assistant'}, {'content': 'Ja, meine Telefonnummer ist 015789643375.', 'id': 'lc_run--019ff64d-8332-7bb1-a79e-e57024b3c6e4-0', 'role': 'user'}, {'content': 'Danke. Zu welcher Uhrzeit am Tag passt Ihnen ein Rückruf am besten?', 'id': 'fc2e6d7a-4977-4a84-a12b-1c724e43647c', 'role': 'assistant'}, {'content': 'Am besten am späten Nachmittag, bitte.', 'id': 'lc_run--019ff64d-9131-7e90-b772-fc9f707fcee5-0', 'role': 'user'}, {'content': 'Alles klar. Ich plane den Rückruf für den späten Nachmittag ein. Gibt es einen bestimmten Tag, der Ihnen besonders gut passt?', 'id': 'f91688fe-39f9-4cb8-813a-e418f6b44825', 'role': 'assistant'}, {'content': 'Ein Werktag am späten Nachmittag wäre gut. Ich bin da relativ flexibel.', 'id': 'lc_run--019ff64d-9f1f-7d82-ae00-ce71128a06cc-0', 'role': 'user'}, {'content': 'In Ordnung, ich notiere einen Rückruf an einem Werktag am späten Nachmittag. Sie werden dann unter der von Ihnen angegebenen Nummer kontaktiert. Gibt es sonst noch etwas, wobei ich Ihnen helfen kann?', 'id': 'ff8f3f08-a499-4b7c-948b-7679fccafeb7', 'role': 'assistant'}, {'content': 'Nein, danke. Das war alles. Auf Wiederhören.', 'id': 'lc_run--019ff64d-b018-7121-ab1f-a03f21a0442f-0', 'role': 'user'}, {'content': 'Vielen Dank für Ihren Anruf. Einen schönen Tag noch und auf Wiederhören.', 'id': '333f7b6b-a903-490a-853e-a27d85e92dac', 'role': 'assistant'}, {'content': '', 'id': 'lc_run--019ff64d-c082-7901-a466-51f8b4a0c0e1-0', 'role': 'user'}, {'content': 'Falls Sie wieder Unterstützung benötigen, stehe ich Ihnen gerne zur Verfügung. Auf Wiederhören.', 'id': '7f972420-cf42-4e52-9c36-616d03b1ceaa', 'role': 'assistant'}]",38.854233,,019ff64d-3348-77b3-8785-319c9151df13,1.0,1.0,0.2,0.8353,0.0
Andreas Schulz,015789643375,nur vormittags unter der Woche,eine Besprechung zur Kündigung des Mietvertrags,surfersimmobilien+predeploy@outlook.com,"[{'content': 'Guten Tag, Sie sprechen mit der digitalen Anruf-Assistentin von Surfers Immobilien. Was kann ich heute für Sie tun?', 'role': 'assistant'}, {'content': 'Hallo, mein Name ist Andreas Schulz und ich würde gerne einen Termin für eine Besprechung zur Kündigung des Mietvertrags vereinbaren.', 'id': 'dbe1162f-6d4b-4c47-bdab-e92d28ee2c35', 'role': 'user'}, {'content': 'Für eine Besprechung zur Kündigung des Mietvertrags passt am besten der Termin „Besprechung von Dokumenten“. Möchten Sie diesen Termin buchen?', 'id': 'bdecb743-3465-4ea9-8ded-01aba9db3510', 'role': 'assistant'}, {'content': 'Ja, gerne. Das passt.', 'id': 'lc_run--019ff64d-4e68-7682-bbd1-a46b56aaccae-0', 'role': 'user'}, {'content': 'Alles klar. Haben Sie einen Wunschtag oder eine bevorzugte Uhrzeit für die Besprechung?', 'id': 'd315f50f-e975-47d6-a4fc-9915094a6b5a', 'role': 'assistant'}, {'content': 'Am liebsten vormittags unter der Woche. Ein konkreter Wunschtag ist mir nicht so wichtig.', 'id': 'lc_run--019ff64d-5932-7470-9456-283e1df1240a-0', 'role': 'user'}, {'content': 'Leider sind aktuell keine Vormittagstermine unter der Woche verfügbar. Möchten Sie stattdessen einen Termin am Nachmittag oder an einem anderen Tag?', 'id': 'a28601c1-b4a7-45d4-bdda-499698800536', 'role': 'assistant'}, {'content': 'Nachmittags kann ich leider nicht. Dann würde ich gerne um einen Rückruf durch einen Mitarbeitenden bitten, um das persönlich zu klären.', 'id': 'lc_run--019ff64d-6dfd-7722-b373-ad1d4164e9af-0', 'role': 'user'}, {'content': 'Das ist notiert. Ein Mitarbeitender wird Sie zurückrufen, um alles persönlich zu besprechen. Vielen Dank für Ihren Anruf und einen schönen Tag.', 'id': 'f5b63c40-1e3e-4331-baf0-86b7c2475202', 'role': 'assistant'}, {'content': 'Vielen Dank. Ihnen auch einen schönen Tag. Auf Wiederhören.', 'id': 'lc_run--019ff64d-7fd7-7bd1-b1af-452d734acc1b-0', 'role': 'user'}, {'content': 'Auf Wiederhören, Herr Schulz.', 'id': '29eb9001-6220-4450-8240-231856f3a9b4', 'role': 'assistant'}, {'content': '', 'id': 'lc_run--019ff64d-9156-7471-bd5a-361147b69570-0', 'role': 'user'}, {'content': 'Das Gespräch ist beendet. Wenn Sie wieder einen Termin buchen möchten, stehe ich Ihnen gerne zur Verfügung. Auf Wiederhören.', 'id': '8aaf4ecc-89e5-4a7a-8dbf-327dd7ce2f8f', 'role': 'assistant'}]",24.840482,,019ff64d-3b83-7002-937e-eaed095868f6,0.0,1.0,0.1429,0.4376,0.0
Theodor Engel,015789643375,den ganzen Mittwoch,eine Reparatur eines defekten Rauchmelders,surfersimmobilien+predeploy@outlook.com,"[{'content': 'Guten Tag, Sie sprechen mit der digitalen Anruf-Assistentin von Surfers Immobilien. Wie kann ich Ihnen weiterhelfen? Was ist der Grund Ihres Anrufs?', 'role': 'assistant'}, {'content': 'Hallo, mein Name ist Theodor Engel und ich würde gerne einen Termin für eine Reparatur eines defekten Rauchmelders vereinbaren.', 'id': '548ef5d6-5442-44d2-82cf-f42269043448', 'role': 'user'}, {'content': 'Für eine Reparatur gibt es einen passenden Termin-Typ. Möchten Sie einen Termin für ""Reparatur"" buchen?', 'id': '0405d82f-19be-4077-ae32-7ce06c7fe807', 'role': 'assistant'}, {'content': 'Ja, bitte.', 'id': 'lc_run--019ff64d-9265-78e3-87dc-b3976a9df693-0', 'role': 'user'}, {'content': 'Alles klar, Herr Engel. Damit ich den Termin für die Reparatur buchen kann, benötige ich Ihre Telefonnummer. Könnten Sie mir diese bitte nennen?', 'id': 'b60feab7-0854-4e59-9664-a84c096661eb', 'role': 'assistant'}, {'content': 'Meine Telefonnummer ist 015789643375.', 'id': 'lc_run--019ff64d-9eb9-7043-8506-12c28006db1d-0', 'role': 'user'}, {'content': 'Im Moment sind leider keine freien Termine für Reparaturen verfügbar. Möchten Sie, dass ich nach einem späteren Zeitraum suche oder möchten Sie es zu einem anderen Zeitpunkt noch einmal versuchen?', 'id': '7cceeea6-16b8-475b-bf0d-e468c0fc36e2', 'role': 'assistant'}, {'content': 'Könnte mich bitte ein Mitarbeitender zurückrufen, um das Anliegen zu klären oder persönlich einen Termin zu vereinbaren?', 'id': 'lc_run--019ff64d-b36d-7781-abef-2d5534ab831d-0', 'role': 'user'}, {'content': 'Natürlich, ich gebe Ihr Anliegen weiter. Ein Mitarbeitender wird Sie unter der von Ihnen genannten Nummer zurückrufen, um alles Weitere persönlich zu besprechen.\n\nVielen Dank für Ihren Anruf. Auf Wiederhören!', 'id': 'ec3e83db-f35c-4431-a487-5463f400950c', 'role': 'assistant'}, {'content': 'Vielen Dank. Auf Wiederhören!', 'id': 'lc_run--019ff64d-c464-7b30-bdcf-cc79c469b4c6-0', 'role': 'user'}, {'content': 'Sehr gerne. Einen schönen Tag noch und auf Wiederhören!', 'id': 'f42aea15-0c4e-4f9f-8e7e-d88c2cdb4db5', 'role': 'assistant'}, {'content': '', 'id': 'lc_run--019ff64d-cf31-74b3-b49f-09aad945981e-0', 'role': 'user'}, {'content': 'Das Gespräch ist beendet. Wenn Sie wieder Unterstützung benötigen, stehe ich Ihnen gerne zur Verfügung.', 'id': 'b41eeef4-720b-455e-90e1-dbdacd85a5a5', 'role': 'assistant'}]",25.166061,,019ff64d-7f5a-7790-bcc3-694ad614ffd0,0.0,1.0,0.1429,0.4376,0.0
