input.Kundennummer,input.Name,input.Telefon,input.availability,input.call_intent,input.email,outputs.trajectory,execution_time,error,id,feedback.all_info_callback,feedback.call_reason_identified,feedback.danke_avg,feedback.danke_score,feedback.info_duplicate,feedback.offer_callback,assistant_turns,total_turns,avg_turn_duration
KN8644,Lars Schmid,015789643375,Montag von 9 Uhr bis 12 Uhr,eine fehlerhafte Rechnung reklamieren,surfersimmobilien+predeploy@outlook.com,"[{'content': 'Guten Tag, Sie sprechen mit der digitalen Anruf-Assistentin von Surfers Immobilien. Wie kann ich Ihnen heute weiterhelfen?', 'role': 'assistant'}, {'content': 'Hallo, ich würde gerne eine fehlerhafte Rechnung reklamieren und möchte bitte dafür einmal zurückgerufen werden.', 'id': '62bbbc5b-fccf-4fa9-a1ac-02c933b8a505', 'role': 'user'}, {'content': 'Einen Rückruf kann ich leider nicht veranlassen. Wenn Sie möchten, kann ich Ihnen aber gerne Informationen zum Vorgehen bei einer fehlerhaften Rechnung geben oder Ihre Anfrage aufnehmen. Wie möchten Sie weiter vorgehen?', 'id': '7c10e1d5-86cb-43c9-9997-34527622dd1b', 'role': 'assistant'}, {'content': 'Nein danke, mir geht es ausschließlich um einen Rückruf. Dann versuche ich es später noch einmal. Auf Wiederhören.', 'id': 'lc_run--01a000e8-b8ce-7ea0-a907-655669eb8924-0', 'role': 'user'}, {'content': 'Alles klar, dann wünsche ich Ihnen einen angenehmen Tag. Auf Wiederhören.', 'id': '6db4a1ba-c255-473f-a0eb-83920694d70a', 'role': 'assistant'}, {'content': '', 'id': 'lc_run--01a000e8-cb2f-7f42-bb0c-09471dd73580-0', 'role': 'user'}, {'content': 'Das Gespräch ist nun beendet. Wenn Sie wieder Unterstützung benötigen, stehe ich Ihnen gerne zur Verfügung.', 'id': '5f416c18-2e3d-441a-9ed4-1f6a4055798d', 'role': 'assistant'}]",10.55984,,01a000e8-afbb-7001-b309-7cb4ea705f8f,0.0,1.0,0.0,0.0111,0.0,0.0,3,5,1.5085
KN5057,Horst Kramer,015789643375,Freitag den ganzen Tag,eine Störung der Heizkörper melden,surfersimmobilien+predeploy@outlook.com,"[{'content': 'Guten Tag, Sie sprechen mit der digitalen Anruf-Assistentin von Surfers Immobilien. Wie kann ich Ihnen heute weiterhelfen?', 'role': 'assistant'}, {'content': 'Hallo, ich würde gerne eine Störung der Heizkörper melden und möchte bitte dafür einmal zurückgerufen werden.', 'id': '31230665-10d5-464f-b271-371269048994', 'role': 'user'}, {'content': 'Ich kann Ihren Rückrufwunsch leider nicht entgegennehmen. Möchten Sie mir die Störung der Heizkörper kurz schildern? Dann kann ich die Information gerne aufnehmen oder Ihnen weiterhelfen.', 'id': 'f3c5af3b-fe72-4849-974b-e5ef47b527fb', 'role': 'assistant'}, {'content': 'Danke, aber ich möchte das ausschließlich telefonisch per Rückruf klären. Dann versuche ich es später noch einmal. Auf Wiederhören.', 'id': 'lc_run--01a000e8-bd3a-7b00-8d8a-25c73326b003-0', 'role': 'user'}, {'content': 'Alles klar, ich verstehe. Dann wünsche ich Ihnen einen angenehmen Tag. Auf Wiederhören.', 'id': '08c7bc33-38eb-42da-b1c6-8743d52a63b2', 'role': 'assistant'}, {'content': '', 'id': 'lc_run--01a000e8-d362-77f1-9fe2-9561e0aacac1-0', 'role': 'user'}, {'content': 'Gibt es noch etwas, wobei ich Ihnen helfen kann?', 'id': '371f912d-57b1-49ab-bdce-8c2c73e7bbbc', 'role': 'assistant'}]",11.036619,,01a000e8-b361-7593-b210-f8dc52212811,0.0,1.0,0.0,0.0111,0.0,0.0,3,5,1.5767
KN6537,Frieda Möller,015789643375,den ganzen Donnerstag,eine Frage zur Kabelanschlussrechnung klären,surfersimmobilien+predeploy@outlook.com,"[{'content': 'Guten Tag, Sie sprechen mit der digitalen Anruf-Assistentin von Surfers Immobilien. Wie kann ich Ihnen weiterhelfen? Was ist der Grund Ihres Anrufs?', 'role': 'assistant'}, {'content': 'Hallo, ich würde gerne eine Frage zur Kabelanschlussrechnung klären und möchte bitte dafür einmal zurückgerufen werden.', 'id': 'c74358da-56b0-49ee-93fc-8b5cc2460014', 'role': 'user'}, {'content': 'Es tut mir leid, aber einen Rückruf kann ich nicht anbieten. Gerne beantworte ich Ihre Frage zur Kabelanschlussrechnung direkt hier. Was möchten Sie dazu wissen?', 'id': 'a2269d99-065c-4743-80a2-6d27d6a79479', 'role': 'assistant'}, {'content': 'Danke, aber ich möchte das nicht direkt hier klären. Dann versuche ich es später noch einmal. Auf Wiederhören.', 'id': 'lc_run--01a000e8-d6bb-75e3-8f60-c7aaee39a578-0', 'role': 'user'}, {'content': 'Alles klar, das ist in Ordnung. Falls Sie es sich anders überlegen, bin ich gerne für Sie da. Auf Wiederhören.', 'id': '223831bb-489d-426e-beb7-1b4ea2b39e1b', 'role': 'assistant'}, {'content': '', 'id': 'lc_run--01a000e8-e4c8-76f0-a5f8-8dd4dea4899d-0', 'role': 'user'}, {'content': 'Das Gespräch ist beendet. Ich wünsche Ihnen einen angenehmen Tag.', 'id': '0f47e855-b836-4a17-929d-ef1b8ec2eadf', 'role': 'assistant'}]",9.194581,,01a000e8-cdba-7182-8f99-b3d4dbd9da3f,0.0,1.0,0.0,0.0111,0.0,0.0,3,5,1.3135
KN7063,Rainer Hofmann,015789643375,immer mittwochs und freitags,einen Rohrbruch melden,surfersimmobilien+predeploy@outlook.com,"[{'content': 'Guten Tag, Sie sprechen mit der digitalen Anruf-Assistentin von Surfers Immobilien. Wie kann ich Ihnen heute weiterhelfen?', 'role': 'assistant'}, {'content': 'Hallo, ich würde gerne einen Rohrbruch melden und möchte bitte dafür einmal zurückgerufen werden.', 'id': '1a86aa00-b2f2-4e31-b62f-039add9000c0', 'role': 'user'}, {'content': 'Es tut mir leid, aber ich kann keinen Rückruf organisieren. Möchten Sie den Rohrbruch melden? Ich kann Ihnen dazu Informationen geben oder Sie unterstützen.', 'id': 'd090a827-b989-4bba-a563-cd02776e640a', 'role': 'assistant'}, {'content': 'Danke, aber ich möchte das ausschließlich telefonisch mit einem Rückruf klären. Dann versuche ich es später noch einmal. Auf Wiederhören.', 'id': 'lc_run--01a000e8-d6da-75a2-b14c-7325f20144ec-0', 'role': 'user'}, {'content': 'Alles klar, ich wünsche Ihnen einen angenehmen Tag. Auf Wiederhören.', 'id': 'd9778968-0a4d-49cf-b947-4e9333a6bfb7', 'role': 'assistant'}, {'content': '', 'id': 'lc_run--01a000e8-e37f-7100-b647-5c4e4ef20996-0', 'role': 'user'}, {'content': 'Gibt es noch etwas, wobei ich Ihnen helfen kann?', 'id': '42ca740a-8280-4a21-8033-00f1fbe51c87', 'role': 'assistant'}]",8.44117,,01a000e8-ce19-7fb0-b870-b341bb1e42c4,0.0,1.0,0.0,0.0111,1.0,0.0,3,5,1.2059
KN5466,Simone Lehmann,015789643375,immer dienstags und donnerstags,meinen Vertrag kündigen,surfersimmobilien+predeploy@outlook.com,"[{'content': 'Guten Tag, Sie sprechen mit der digitalen Anruf-Assistentin von Surfers Immobilien. Wie kann ich Ihnen weiterhelfen? Was ist der Grund Ihres Anrufs?', 'role': 'assistant'}, {'content': 'Hallo, ich würde gerne meinen Vertrag kündigen und möchte bitte dafür einmal zurückgerufen werden.', 'id': '093cd3d4-edfb-4a75-9084-e03ef079c645', 'role': 'user'}, {'content': 'Einen Rückruf kann ich leider nicht veranlassen. Wenn Sie Fragen zur Kündigung Ihres Vertrags haben oder Informationen dazu benötigen, helfe ich Ihnen gerne direkt hier weiter. Möchten Sie wissen, wie Sie Ihren Vertrag kündigen können?', 'id': '9f690e18-63d6-45cf-b8a2-b41c6a8f8a12', 'role': 'assistant'}, {'content': 'Danke, ich möchte das lieber telefonisch per Rückruf klären. Dann versuche ich es später noch einmal. Auf Wiederhören.', 'id': 'lc_run--01a000e8-e176-7b60-ad46-8fae4d0e4bf8-0', 'role': 'user'}, {'content': 'Alles klar, ich wünsche Ihnen einen angenehmen Tag. Auf Wiederhören.', 'id': '81129c40-a2b7-47c9-9473-bd7075445575', 'role': 'assistant'}, {'content': '', 'id': 'lc_run--01a000e8-f1ec-7d90-bae0-a3994f32f5f1-0', 'role': 'user'}, {'content': 'Haben Sie noch weitere Fragen?', 'id': 'b104bc24-e1a7-4a48-a367-06eb3c37931b', 'role': 'assistant'}]",10.582102,,01a000e8-d8fc-7401-9f57-5016c1695f2f,0.0,1.0,0.0,0.0111,0.0,0.0,3,5,1.5117
KN6969,Manfred Franke,015789643375,Mittwoch und Freitag vormittags,eine Störung der Türsprechanlage melden,surfersimmobilien+predeploy@outlook.com,"[{'content': 'Guten Tag, Sie sprechen mit der digitalen Anruf-Assistentin von Surfers Immobilien. Wie kann ich Ihnen heute weiterhelfen?', 'role': 'assistant'}, {'content': 'Hallo, ich würde gerne eine Störung der Türsprechanlage melden und möchte bitte dafür einmal zurückgerufen werden.', 'id': 'd2f8b1c8-fe52-4a60-983e-a6fb6a7593d6', 'role': 'user'}, {'content': 'Es tut mir leid, aber ich kann keinen Rückruf organisieren. Möchten Sie die Störung der Türsprechanlage trotzdem melden? Ich kann die Information aufnehmen und weitergeben.', 'id': '78878249-cca8-4790-b371-5e16b19a56cd', 'role': 'assistant'}, {'content': 'Nein danke, mir geht es ausschließlich um einen Rückruf. Dann versuche ich es später noch einmal. Auf Wiederhören.', 'id': 'lc_run--01a000e8-e60f-7373-9821-b7dcf3eea2ed-0', 'role': 'user'}, {'content': 'Alles klar, dann wünsche ich Ihnen einen angenehmen Tag. Auf Wiederhören.', 'id': 'b2eb1d86-448a-4a3f-807e-fd1bd9de9510', 'role': 'assistant'}, {'content': '', 'id': 'lc_run--01a000e8-f397-71b1-be2e-4f7419993303-0', 'role': 'user'}, {'content': 'Das Gespräch ist nun beendet. Wenn Sie wieder Unterstützung benötigen, stehe ich Ihnen gerne zur Verfügung.', 'id': '5f6d5ff7-6d7e-4ac4-8906-8e8b3c17e0e2', 'role': 'assistant'}]",10.111939,,01a000e8-de7f-7d52-9ff1-e77b4a7a9f30,0.0,1.0,0.0,0.0111,0.0,0.0,3,5,1.4446
KN8877,Brigitte Sommer,015789643375,Dienstag von 14 Uhr bis 17 Uhr,eine Übertragung des Mietvertrags besprechen,surfersimmobilien+predeploy@outlook.com,"[{'content': 'Guten Tag, Sie sprechen mit der digitalen Anruf-Assistentin von Surfers Immobilien. Wie kann ich Ihnen heute weiterhelfen?', 'role': 'assistant'}, {'content': 'Hallo, ich würde gerne eine Übertragung des Mietvertrags besprechen und möchte bitte dafür einmal zurückgerufen werden.', 'id': '6f331d29-a64a-419c-b09d-dca314335da3', 'role': 'user'}, {'content': 'Leider kann ich keinen Rückruf anbieten. Wenn Sie Fragen zur Übertragung Ihres Mietvertrags haben, können Sie diese gerne jetzt stellen. Ich unterstütze Sie direkt hier.', 'id': 'fcf8a1ba-f29b-4024-ac7f-49906d8da652', 'role': 'assistant'}, {'content': 'Danke, ich möchte das bitte nur mit einer zuständigen Person per Rückruf besprechen. Dann versuche ich es später noch einmal. Auf Wiederhören.', 'id': 'lc_run--01a000e8-f7f6-7570-a49c-be0032124e31-0', 'role': 'user'}, {'content': 'Alles klar, das habe ich verstanden. Einen Rückruf kann ich leider nicht veranlassen. Ich wünsche Ihnen trotzdem einen angenehmen Tag. Auf Wiederhören.', 'id': '57e4c02b-be7e-4c2e-b3be-51da4edef1ee', 'role': 'assistant'}, {'content': '', 'id': 'lc_run--01a000e9-0c71-7473-96fa-93e33fe2e6f9-0', 'role': 'user'}, {'content': 'Das Gespräch ist beendet. Wenn Sie wieder Fragen haben, stehe ich Ihnen gerne zur Verfügung.', 'id': 'cc190865-16c7-4adf-b389-52711ec281da', 'role': 'assistant'}]",11.146439,,01a000e8-ef13-7c53-ad7d-0a0991c7ff8e,0.0,1.0,0.0,0.0111,0.0,0.0,3,5,1.5923
KN7432,Walter Kuhn,015789643375,Montag und Mittwoch von 9 bis 12 Uhr,eine Verspätung der Nebenkostenabrechnung reklamieren,surfersimmobilien+predeploy@outlook.com,"[{'content': 'Guten Tag, Sie sprechen mit der digitalen Anruf-Assistentin von Surfers Immobilien. Wie kann ich Ihnen weiterhelfen? Was ist der Grund für Ihren Anruf?', 'role': 'assistant'}, {'content': 'Hallo, ich würde gerne eine Verspätung der Nebenkostenabrechnung reklamieren und möchte bitte dafür einmal zurückgerufen werden.', 'id': 'f2421494-93bc-4107-b026-0fa1cfff688d', 'role': 'user'}, {'content': 'Ich kann leider keinen Rückruf veranlassen. Wenn Sie möchten, kann ich Ihnen aber Informationen zur Verspätung der Nebenkostenabrechnung geben oder Ihr Anliegen aufnehmen. Wie möchten Sie weiter vorgehen?', 'id': '39878e5e-8e23-4e2d-81bd-1402ded798ec', 'role': 'assistant'}, {'content': 'Danke, aber ich möchte ausschließlich einen Rückruf dazu. Wenn das nicht möglich ist, versuche ich es später noch einmal. Auf Wiederhören.', 'id': 'lc_run--01a000e8-fb84-7c93-9394-18d710d88889-0', 'role': 'user'}, {'content': 'Alles klar, ich verstehe. Einen Rückruf kann ich leider nicht anbieten. Ich wünsche Ihnen einen angenehmen Tag. Auf Wiederhören.', 'id': 'b110227d-dd11-4b6b-8a29-b536057977cf', 'role': 'assistant'}, {'content': '', 'id': 'lc_run--01a000e9-0cad-7222-9255-0757023f61ac-0', 'role': 'user'}, {'content': 'Gibt es noch etwas, womit ich Ihnen helfen kann?', 'id': 'cf729ac1-8e5e-4c01-a75d-bf81b7ae82f7', 'role': 'assistant'}]",9.782823,,01a000e8-f1a6-7351-938a-db3177f355a7,0.0,1.0,0.0,0.0111,0.0,0.0,3,5,1.3975
KN9057,Ernst Weiß,015789643375,Dienstag von 9 Uhr bis 11 Uhr,eine verspätete Rückzahlung meiner Kaution reklamieren,surfersimmobilien+predeploy@outlook.com,"[{'content': 'Guten Tag, Sie sprechen mit der digitalen Anruf-Assistentin von Surfers Immobilien. Wie kann ich Ihnen heute weiterhelfen?', 'role': 'assistant'}, {'content': 'Hallo, ich würde gerne eine verspätete Rückzahlung meiner Kaution reklamieren und möchte bitte dafür einmal zurückgerufen werden.', 'id': '6c4dae4a-cd4d-4a06-a9f2-b4c27419618a', 'role': 'user'}, {'content': 'Ich kann leider keinen Rückruf veranlassen. Gerne unterstütze ich Sie aber direkt hier bei Ihrem Anliegen zur verspäteten Rückzahlung der Kaution. Möchten Sie mir kurz schildern, worum es genau geht?', 'id': '33d5e0dc-b440-4d09-b60f-6aa4d6ef2eb9', 'role': 'assistant'}, {'content': 'Danke, aber ich möchte das Anliegen nicht hier klären, sondern ausschließlich per Rückruf. Dann versuche ich es später noch einmal. Auf Wiederhören.', 'id': 'lc_run--01a000e9-0ba0-7823-8885-9cffbb180c90-0', 'role': 'user'}, {'content': 'Alles klar, das habe ich verstanden. Ich wünsche Ihnen einen angenehmen Tag. Auf Wiederhören.', 'id': 'b01446d0-9c04-488c-bd42-6c458e056680', 'role': 'assistant'}, {'content': '', 'id': 'lc_run--01a000e9-1aa4-7063-9f5c-8397ed3a7caa-0', 'role': 'user'}, {'content': 'Das Gespräch ist nun beendet. Falls Sie wieder Unterstützung benötigen, stehe ich Ihnen gerne zur Verfügung.', 'id': 'f4623a9a-816a-4904-b1b8-7a67a0a28704', 'role': 'assistant'}]",10.44334,,01a000e9-0253-7243-a097-fa1fd3acdde4,0.0,1.0,0.0,0.0111,0.0,0.0,3,5,1.4919
KN4719,Jörg Friedrich,015789643375,Donnerstag von 8 Uhr bis 11 Uhr,eine Frage zur Kündigungsfrist klären,surfersimmobilien+predeploy@outlook.com,"[{'content': 'Guten Tag, Sie sprechen mit der digitalen Anruf-Assistentin von Surfers Immobilien. Wie kann ich Ihnen weiterhelfen? Was ist der Grund Ihres Anrufs?', 'role': 'assistant'}, {'content': 'Hallo, ich würde gerne eine Frage zur Kündigungsfrist klären und möchte bitte dafür einmal zurückgerufen werden.', 'id': '508fe2dc-4ea9-4cf2-b3d6-a96164caee39', 'role': 'user'}, {'content': 'Einen Rückruf kann ich leider nicht anbieten. Gerne beantworte ich aber Ihre Frage zur Kündigungsfrist direkt hier. Was möchten Sie dazu wissen?', 'id': '8e38311a-7d8c-4f45-952c-99077f5f9d52', 'role': 'assistant'}, {'content': 'Danke, aber ich möchte das lieber telefonisch mit einem Mitarbeiter klären. Dann versuche ich es später noch einmal. Auf Wiederhören.', 'id': 'lc_run--01a000e9-0f7c-7712-9bb3-8c7c07fd5d08-0', 'role': 'user'}, {'content': 'Alles klar, dann wünsche ich Ihnen einen angenehmen Tag. Auf Wiederhören.', 'id': '8a126ccf-e3d9-4f29-bbe7-e942ae5c486d', 'role': 'assistant'}, {'content': '', 'id': 'lc_run--01a000e9-1ed9-7c01-9593-be08ba45dfb0-0', 'role': 'user'}, {'content': 'Das Gespräch ist nun beendet. Falls Sie wieder Fragen haben, stehe ich Ihnen gerne zur Verfügung.', 'id': '658a8dcd-34a6-44dd-9626-576a4039631d', 'role': 'assistant'}]",9.923266,,01a000e9-0600-72e3-ba9b-70398612d977,0.0,1.0,0.0,0.0111,0.0,0.0,3,5,1.4176
KN7842,Silke Keller,015789643375,Freitag von 13 Uhr bis 16 Uhr,meine Meldeadresse aktualisieren,surfersimmobilien+predeploy@outlook.com,"[{'content': 'Guten Tag, Sie sprechen mit der digitalen Anruf-Assistentin von Surfers Immobilien. Wie kann ich Ihnen weiterhelfen? Was ist der Grund Ihres Anrufs?', 'role': 'assistant'}, {'content': 'Hallo, ich würde gerne meine Meldeadresse aktualisieren und möchte bitte dafür einmal zurückgerufen werden.', 'id': '363812f0-4428-46c6-a4f6-b2ee0dc45f1f', 'role': 'user'}, {'content': 'Es tut mir leid, aber ich kann keinen Rückruf veranlassen. Wenn Sie Fragen zur Aktualisierung Ihrer Meldeadresse haben, kann ich Ihnen gerne Informationen dazu geben. Möchten Sie wissen, wie Sie Ihre Meldeadresse bei Surfers Immobilien ändern können?', 'id': 'acb230c2-104a-4079-a663-888f0df2167a', 'role': 'assistant'}, {'content': 'Nein danke, ich möchte das gerne telefonisch per Rückruf klären. Dann versuche ich es später noch einmal. Auf Wiederhören.', 'id': 'lc_run--01a000e9-21c2-7b03-9d97-daa35b01fabb-0', 'role': 'user'}, {'content': 'Alles klar, dann wünsche ich Ihnen einen angenehmen Tag. Auf Wiederhören.', 'id': '5d42c2a6-f95b-4c3a-99d9-c3ed9627166a', 'role': 'assistant'}, {'content': '', 'id': 'lc_run--01a000e9-30de-72c3-a1cb-74a57f32de22-0', 'role': 'user'}, {'content': 'Das Gespräch ist beendet. Wenn Sie wieder Fragen haben, stehe ich Ihnen gerne zur Verfügung.', 'id': 'c87443cb-eee3-41b3-909b-1bb960293e40', 'role': 'assistant'}]",10.31365,,01a000e9-17de-7853-b5e2-2bec17708d15,0.0,1.0,0.0,0.0111,0.0,0.0,3,5,1.4734
KN7790,Christine Kraus,015789643375,Montag von 14 Uhr bis 16 Uhr,eine falsche Nebenkostenabrechnung reklamieren,surfersimmobilien+predeploy@outlook.com,"[{'content': 'Guten Tag, Sie sprechen mit der digitalen Anruf-Assistentin von Surfers Immobilien. Wie kann ich Ihnen weiterhelfen? Was ist der Grund für Ihren Anruf?', 'role': 'assistant'}, {'content': 'Hallo, ich würde gerne eine falsche Nebenkostenabrechnung reklamieren und möchte bitte dafür einmal zurückgerufen werden.', 'id': '821c8d41-5c7a-4156-8a0d-7abde8f19ca4', 'role': 'user'}, {'content': 'Ich kann leider keinen Rückruf veranlassen. Wenn Sie möchten, kann ich Ihnen aber Informationen zum Vorgehen bei einer Reklamation der Nebenkostenabrechnung geben. Möchten Sie dazu mehr wissen?', 'id': '7eb6a25d-a608-43c5-bbe2-1c835b92521a', 'role': 'assistant'}, {'content': 'Nein, danke. Ich möchte dazu gerne persönlich zurückgerufen werden. Dann versuche ich es später noch einmal. Auf Wiederhören.', 'id': 'lc_run--01a000e9-24ac-7060-bd21-4a55ba7eaf2a-0', 'role': 'user'}, {'content': 'Alles klar. Dann wünsche ich Ihnen einen angenehmen Tag. Auf Wiederhören.', 'id': '79163d03-26ea-42e0-8c41-74f974bbdc36', 'role': 'assistant'}, {'content': '', 'id': 'lc_run--01a000e9-34ad-7dc0-82ce-374a7f57e0f3-0', 'role': 'user'}, {'content': 'Das Gespräch ist nun beendet. Wenn Sie wieder Unterstützung benötigen, stehe ich Ihnen gerne zur Verfügung.', 'id': 'ae504297-a58e-4b3a-915f-1ec1303f30bc', 'role': 'assistant'}]",10.121579,,01a000e9-1a9f-7e63-b23a-7a0cf25ee396,0.0,1.0,0.0,0.0111,0.0,0.0,3,5,1.4459
KN6206,Nicole Winkler,015789643375,"am Wochenende, Samstag oder Sonntag",eine Verlängerung meines Mietvertrags besprechen,surfersimmobilien+predeploy@outlook.com,"[{'content': 'Guten Tag, Sie sprechen mit der digitalen Anruf-Assistentin von Surfers Immobilien. Wie kann ich Ihnen weiterhelfen?', 'role': 'assistant'}, {'content': 'Hallo, ich würde gerne eine Verlängerung meines Mietvertrags besprechen und möchte bitte dafür einmal zurückgerufen werden.', 'id': '75dfdca0-870d-4186-90b8-41c6c4b3f50a', 'role': 'user'}, {'content': 'Ich kann leider keinen Rückruf veranlassen. Wenn Sie Fragen zur Verlängerung Ihres Mietvertrags haben, können Sie mir diese gerne direkt stellen. Ich unterstütze Sie gerne mit den Informationen, die ich habe.', 'id': 'a3a6b177-4154-4da6-9bc6-d909428e1674', 'role': 'assistant'}, {'content': 'Danke, aber ich möchte das gerne persönlich mit einem Rückruf klären. Dann versuche ich es später noch einmal. Auf Wiederhören.', 'id': 'lc_run--01a000e9-340f-7ef1-a81e-1a95904161b0-0', 'role': 'user'}, {'content': 'Alles klar, ich wünsche Ihnen einen angenehmen Tag. Auf Wiederhören.', 'id': '244a9756-eb27-43eb-af3d-d50a0ba3bef1', 'role': 'assistant'}, {'content': '', 'id': 'lc_run--01a000e9-4787-71f1-8de3-185aa111d315-0', 'role': 'user'}, {'content': 'Das Gespräch ist nun beendet. Wenn Sie wieder Fragen haben, stehe ich Ihnen gerne zur Verfügung.', 'id': 'a736738b-35ac-43c8-8d07-fa4249c2cbb4', 'role': 'assistant'}]",11.120235,,01a000e9-2b1f-7d80-9dec-91a76bd0bb86,0.0,1.0,0.0,0.0111,0.0,0.0,3,5,1.5886
KN4190,Rudolf Graf,015789643375,nur vormittags unter der Woche,eine Frage zur Wohnungsübergabe klären,surfersimmobilien+predeploy@outlook.com,"[{'content': 'Guten Tag, Sie sprechen mit der digitalen Anruf-Assistentin von Surfers Immobilien. Wie kann ich Ihnen weiterhelfen? Was ist der Grund Ihres Anrufs?', 'role': 'assistant'}, {'content': 'Hallo, ich würde gerne eine Frage zur Wohnungsübergabe klären und möchte bitte dafür einmal zurückgerufen werden.', 'id': '59292bb5-1992-4d43-9fcc-0903f780be44', 'role': 'user'}, {'content': 'Einen Rückruf kann ich leider nicht anbieten. Gerne beantworte ich Ihre Frage zur Wohnungsübergabe direkt hier. Was möchten Sie dazu wissen?', 'id': 'dec2789f-37fe-4853-8003-a2554bb043b1', 'role': 'assistant'}, {'content': 'Danke, aber ich möchte das lieber telefonisch mit einem Mitarbeiter klären. Dann versuche ich es später noch einmal. Auf Wiederhören.', 'id': 'lc_run--01a000e9-3600-7e32-ad6f-8590a3f6a223-0', 'role': 'user'}, {'content': 'Alles klar, dann wünsche ich Ihnen einen angenehmen Tag. Auf Wiederhören.', 'id': '79b615f1-2ed7-406e-9bc6-7f20ad073069', 'role': 'assistant'}, {'content': '', 'id': 'lc_run--01a000e9-42b7-70d3-8547-bead63fb8d46-0', 'role': 'user'}, {'content': 'Das Gespräch ist nun beendet. Falls Sie später noch Fragen haben, stehe ich Ihnen gerne wieder zur Verfügung.', 'id': '7870c39a-9b06-414b-bcd5-01f3756f23ec', 'role': 'assistant'}]",8.967138,,01a000e9-2cc4-7073-a560-7f3056e0140b,0.0,1.0,0.0,0.0111,0.0,0.0,3,5,1.281
KN4662,Reinhard Schuster,015789643375,den ganzen Donnerstag,eine Frage zu meiner letzten Rechnung klären,surfersimmobilien+predeploy@outlook.com,"[{'content': 'Guten Tag, Sie sprechen mit der digitalen Anruf-Assistentin von Surfers Immobilien. Wie kann ich Ihnen weiterhelfen? Was ist der Grund Ihres Anrufs?', 'role': 'assistant'}, {'content': 'Hallo, ich würde gerne eine Frage zu meiner letzten Rechnung klären und möchte bitte dafür einmal zurückgerufen werden.', 'id': 'c084f462-2185-4f81-9c95-377cae78a23e', 'role': 'user'}, {'content': 'Einen Rückruf kann ich leider nicht anbieten. Gerne beantworte ich aber Ihre Frage zu Ihrer letzten Rechnung direkt hier. Worum geht es genau?', 'id': '2a3a852e-6b47-4eab-aeb9-8e8b2bcfe8f0', 'role': 'assistant'}, {'content': 'Danke, dann versuche ich es später noch einmal. Auf Wiederhören.', 'id': 'lc_run--01a000e9-49d2-71c1-8851-e291b8273545-0', 'role': 'user'}, {'content': 'Alles klar. Falls Sie später noch Fragen haben, stehe ich Ihnen gerne zur Verfügung. Auf Wiederhören.', 'id': 'e970089a-204e-40cc-9a77-f3dff6454e07', 'role': 'assistant'}, {'content': '', 'id': 'lc_run--01a000e9-572d-7492-a8d3-70183913cf04-0', 'role': 'user'}, {'content': 'Gibt es noch etwas, wobei ich Ihnen helfen kann?', 'id': '0e801370-5a15-45d2-8ab5-9a22a309bfcc', 'role': 'assistant'}]",8.733208,,01a000e9-4028-7d01-919e-3ce96304709f,0.0,1.0,0.0,0.0111,0.0,0.0,3,5,1.2476
KN9605,Wolfgang Schäfer,015789643375,"flexibel, außer montags",meine Kaution zurückfordern,surfersimmobilien+predeploy@outlook.com,"[{'content': 'Guten Tag, Sie sprechen mit der digitalen Anruf-Assistentin von Surfers Immobilien. Wie kann ich Ihnen weiterhelfen?', 'role': 'assistant'}, {'content': 'Hallo, ich würde gerne meine Kaution zurückfordern und möchte bitte dafür einmal zurückgerufen werden.', 'id': 'c79b6936-cdce-4740-bb0b-c9b5fa124c02', 'role': 'user'}, {'content': 'Einen Rückruf kann ich leider nicht veranlassen. Wenn Sie Fragen zur Rückzahlung Ihrer Kaution haben, kann ich Ihnen gerne Informationen dazu geben oder Hinweise zum weiteren Vorgehen nennen. Möchten Sie dazu mehr wissen?', 'id': '92605176-7615-4b37-83b7-64f801cdd462', 'role': 'assistant'}, {'content': 'Nein danke, ich möchte ausschließlich zurückgerufen werden. Dann versuche ich es später noch einmal. Auf Wiederhören.', 'id': 'lc_run--01a000e9-4ba0-78c3-af9b-42d66048d7ee-0', 'role': 'user'}, {'content': 'Alles klar, ich wünsche Ihnen einen angenehmen Tag. Auf Wiederhören.', 'id': 'e302ef2c-acb4-4b35-ab10-19cebb756cb0', 'role': 'assistant'}, {'content': '', 'id': 'lc_run--01a000e9-5c95-7ed0-a7f3-4ead447bc7ec-0', 'role': 'user'}, {'content': 'Das Gespräch ist nun beendet. Sollten Sie später noch Fragen haben, stehe ich Ihnen gerne zur Verfügung.', 'id': 'fc924d22-7dc4-4423-abf1-2a66e7483a32', 'role': 'assistant'}]",9.631855,,01a000e9-4229-7b70-98a5-730d49e6615e,0.0,1.0,0.0,0.0111,0.0,0.0,3,5,1.376
KN6700,Paul Schubert,015789643375,immer mittwochs und freitags,eine defekte Klimaanlage melden,surfersimmobilien+predeploy@outlook.com,"[{'content': 'Guten Tag, Sie sprechen mit der digitalen Anruf-Assistentin von Surfers Immobilien. Wie kann ich Ihnen heute weiterhelfen?', 'role': 'assistant'}, {'content': 'Hallo, ich würde gerne eine defekte Klimaanlage melden und möchte bitte dafür einmal zurückgerufen werden.', 'id': '8518fb84-a701-4fbe-a8d4-b1bbe01c4f85', 'role': 'user'}, {'content': 'Ich kann Ihren Rückrufwunsch leider nicht entgegennehmen oder einen Rückruf organisieren. Möchten Sie mir das Problem mit der defekten Klimaanlage genauer schildern? Dann kann ich Ihnen direkt weiterhelfen oder die passende Information für Sie heraussuchen.', 'id': 'c32442e0-aab6-4fc3-9e51-ef493703e38c', 'role': 'assistant'}, {'content': 'Danke, aber ich möchte das bitte telefonisch mit einem Mitarbeiter klären. Wenn kein Rückruf möglich ist, versuche ich es später noch einmal. Auf Wiederhören.', 'id': 'lc_run--01a000e9-5a1d-7181-84dc-3afa9b82a9dd-0', 'role': 'user'}, {'content': 'Alles klar, das kann ich nachvollziehen. Ich wünsche Ihnen einen angenehmen Tag. Auf Wiederhören.', 'id': '40cd97e2-8400-4844-8d31-c79dbf6265b6', 'role': 'assistant'}, {'content': '', 'id': 'lc_run--01a000e9-690c-7bd2-9f48-9857182745c3-0', 'role': 'user'}, {'content': 'Gibt es noch etwas, wobei ich Ihnen behilflich sein kann?', 'id': '68d7466e-97da-4cab-bc7b-e79471e65d4d', 'role': 'assistant'}]",9.556257,,01a000e9-4fcc-7e12-a29a-ff15fc554a10,0.0,1.0,0.0,0.0111,0.0,0.0,3,5,1.3652
KN7320,Ida Krämer,015789643375,Mittwoch von 8 Uhr bis 10 Uhr,eine Frage zu meinem Nachmieter klären,surfersimmobilien+predeploy@outlook.com,"[{'content': 'Guten Tag, Sie sprechen mit der digitalen Anruf-Assistentin von Surfers Immobilien. Wie kann ich Ihnen weiterhelfen?', 'role': 'assistant'}, {'content': 'Hallo, ich würde gerne eine Frage zu meinem Nachmieter klären und möchte bitte dafür einmal zurückgerufen werden.', 'id': 'afb5e813-9d7c-4edc-b51b-7319ab97e8b3', 'role': 'user'}, {'content': 'Einen Rückruf kann ich leider nicht veranlassen. Gerne beantworte ich Ihre Frage zu Ihrem Nachmieter direkt hier. Was möchten Sie dazu wissen?', 'id': 'bf0aecfc-262b-4af9-a343-437df49eba31', 'role': 'assistant'}, {'content': 'Danke, aber ich möchte das lieber telefonisch mit einer zuständigen Person klären. Dann versuche ich es später noch einmal. Auf Wiederhören.', 'id': 'lc_run--01a000e9-6034-74f1-9c19-3d69b1f41a09-0', 'role': 'user'}, {'content': 'Alles klar, ich wünsche Ihnen einen angenehmen Tag. Auf Wiederhören.', 'id': '140f609f-917f-49db-bb69-0553e1581568', 'role': 'assistant'}, {'content': '', 'id': 'lc_run--01a000e9-6ee4-71d3-9688-30c343d0508b-0', 'role': 'user'}, {'content': 'Haben Sie noch weitere Fragen?', 'id': '91d12a37-d17a-45b8-941c-4e87db2c47aa', 'role': 'assistant'}]",11.115302,,01a000e9-5691-7690-aed8-fe65cf4af377,0.0,1.0,0.0,0.0111,0.0,0.0,3,5,1.5879
KN5170,Alfred Scholz,015789643375,immer freitags,eine defekte Wasserpumpe melden,surfersimmobilien+predeploy@outlook.com,"[{'content': 'Guten Tag, Sie sprechen mit der digitalen Anruf-Assistentin von Surfers Immobilien. Wie kann ich Ihnen weiterhelfen? Was ist der Grund für Ihren Anruf?', 'role': 'assistant'}, {'content': 'Hallo, ich würde gerne eine defekte Wasserpumpe melden und möchte bitte dafür einmal zurückgerufen werden.', 'id': 'c628cb53-afce-4979-b323-6bae29db3dcf', 'role': 'user'}, {'content': 'Ich kann Ihr Anliegen aufnehmen, allerdings kann ich keinen Rückruf veranlassen. Möchten Sie mir bitte die Details zum Defekt der Wasserpumpe schildern? Dann kann ich die Information für Sie weitergeben.', 'id': 'bcbd7a67-0b3d-4a5f-a412-412b31d03389', 'role': 'assistant'}, {'content': 'Danke, aber ich möchte das ausschließlich telefonisch per Rückruf klären. Wenn kein Rückruf möglich ist, versuche ich es später noch einmal. Auf Wiederhören.', 'id': 'lc_run--01a000e9-6c32-7480-bda5-384e796b56f7-0', 'role': 'user'}, {'content': 'Alles klar, das habe ich verstanden. Ich wünsche Ihnen einen angenehmen Tag. Auf Wiederhören.', 'id': 'b338bb6b-2f95-4fbf-9271-343774347262', 'role': 'assistant'}, {'content': '', 'id': 'lc_run--01a000e9-7944-7f60-a9d5-528377b2a5c4-0', 'role': 'user'}, {'content': 'Das Gespräch ist beendet. Wenn Sie wieder Fragen haben, stehe ich Ihnen gerne zur Verfügung.', 'id': '3a829ca9-c07a-458a-9ab1-27a10361e19e', 'role': 'assistant'}]",10.2593,,01a000e9-6247-7c80-982b-d20b4a3a7738,0.0,1.0,0.0,0.0111,0.0,0.0,3,5,1.4656
KN6057,Michael Wagner,015789643375,Donnerstag von 8 Uhr bis 11 Uhr,eine Lärmbeschwerde einreichen,surfersimmobilien+predeploy@outlook.com,"[{'content': 'Guten Tag, Sie sprechen mit der digitalen Anruf-Assistentin von Surfers Immobilien. Wie kann ich Ihnen heute weiterhelfen?', 'role': 'assistant'}, {'content': 'Hallo, ich würde gerne eine Lärmbeschwerde einreichen und möchte bitte dafür einmal zurückgerufen werden.', 'id': '0a1ae3d9-515d-4bde-9e7f-c70ba411c31b', 'role': 'user'}, {'content': 'Ich kann leider keinen Rückruf veranlassen. Wenn Sie möchten, kann ich Ihre Lärmbeschwerde aber gerne aufnehmen oder Ihnen Informationen zum weiteren Vorgehen geben. Wie möchten Sie fortfahren?', 'id': '9a1b87f3-67aa-497e-a9d0-efa74a4831f9', 'role': 'assistant'}, {'content': 'Danke, aber ich möchte die Beschwerde nicht direkt aufnehmen lassen, sondern nur einen Rückruf. Dann versuche ich es später noch einmal. Auf Wiederhören.', 'id': 'lc_run--01a000e9-714c-77c2-839d-af53ccb0404b-0', 'role': 'user'}, {'content': 'Alles klar, ich wünsche Ihnen einen angenehmen Tag. Auf Wiederhören.', 'id': 'ad1f77fd-95b5-4dcc-a0a4-39a6fc2db82f', 'role': 'assistant'}, {'content': '', 'id': 'lc_run--01a000e9-827a-7192-af5c-47c2125f047a-0', 'role': 'user'}, {'content': 'Gibt es noch etwas, wobei ich Ihnen helfen kann?', 'id': 'e9d87905-f763-4c34-9635-8f115676bd89', 'role': 'assistant'}]",10.50751,,01a000e9-67ca-7be2-8009-4e7ec46cda6d,0.0,1.0,0.0,0.0111,0.0,0.0,3,5,1.5011
KN9177,Karl Peters,015789643375,Dienstag den ganzen Tag,eine Beschwerde über eine defekte Straßenlaterne einreichen,surfersimmobilien+predeploy@outlook.com,"[{'content': 'Guten Tag, Sie sprechen mit der digitalen Anruf-Assistentin von Surfers Immobilien. Wie kann ich Ihnen weiterhelfen? Was ist der Grund für Ihren Anruf?', 'role': 'assistant'}, {'content': 'Hallo, ich würde gerne eine Beschwerde über eine defekte Straßenlaterne einreichen und möchte bitte dafür einmal zurückgerufen werden.', 'id': '6a54416b-3914-4c08-b01d-5e3f27a9a8f0', 'role': 'user'}, {'content': 'Ich kann Ihren Rückrufwunsch leider nicht entgegennehmen oder einen Rückruf organisieren. Möchten Sie mir die Details zur defekten Straßenlaterne nennen? Dann kann ich Ihre Beschwerde aufnehmen und weitergeben.', 'id': '03995efe-f60a-4198-b739-9f3357c3ef4d', 'role': 'assistant'}, {'content': 'Nein danke, ich möchte ausschließlich zurückgerufen werden. Dann versuche ich es später noch einmal. Auf Wiederhören.', 'id': 'lc_run--01a000e9-83f5-7dc0-814e-3637df70c13b-0', 'role': 'user'}, {'content': 'Alles klar, ich wünsche Ihnen einen angenehmen Tag. Auf Wiederhören.', 'id': 'b76da7d7-9830-42a9-9d1c-2d3dc58e55a1', 'role': 'assistant'}, {'content': '', 'id': 'lc_run--01a000e9-92a4-76d0-81c2-ab0943fe6770-0', 'role': 'user'}, {'content': 'Gibt es noch etwas, wobei ich Ihnen helfen kann?', 'id': '2502e666-b899-4830-8606-7b49287f1880', 'role': 'assistant'}]",11.83633,,01a000e9-7521-76d0-b663-aa5f6abc49e6,0.0,1.0,0.0,0.0111,0.0,0.0,3,5,1.6909
KN5091,Stefan Weber,015789643375,immer montags und mittwochs,eine Mieterhöhung besprechen,surfersimmobilien+predeploy@outlook.com,"[{'content': 'Guten Tag, Sie sprechen mit der digitalen Anruf-Assistentin von Surfers Immobilien. Wie kann ich Ihnen weiterhelfen? Was ist der Grund Ihres Anrufs?', 'role': 'assistant'}, {'content': 'Hallo, ich würde gerne eine Mieterhöhung besprechen und möchte bitte dafür einmal zurückgerufen werden.', 'id': 'd8256013-eec2-4631-a3b8-57b095d7db26', 'role': 'user'}, {'content': 'Einen Rückruf kann ich leider nicht veranlassen. Wenn Sie Fragen zur Mieterhöhung haben, können Sie diese gerne direkt hier stellen. Ich unterstütze Sie gern mit den Informationen, die ich habe.', 'id': 'd82161b2-ccaa-4994-8854-3a9006375d16', 'role': 'assistant'}, {'content': 'Danke, aber ich möchte das nicht direkt hier besprechen, sondern ausschließlich telefonisch mit einem Rückruf. Dann versuche ich es später noch einmal. Auf Wiederhören.', 'id': 'lc_run--01a000e9-8ca3-7e20-8729-fb8da914fd41-0', 'role': 'user'}, {'content': 'Alles klar, ich habe Ihre Entscheidung zur Kenntnis genommen. Falls Sie es sich anders überlegen oder doch Informationen benötigen, stehe ich Ihnen hier jederzeit zur Verfügung. Auf Wiederhören.', 'id': 'b09e77c5-17ae-411b-ab9b-745aca6b1deb', 'role': 'assistant'}, {'content': '', 'id': 'lc_run--01a000e9-9cae-76d1-887f-b4b2e15589e2-0', 'role': 'user'}, {'content': 'Das Gespräch ist nun beendet. Ich wünsche Ihnen einen angenehmen Tag.', 'id': '3efa215c-3081-4bc3-9b60-19efa7e84030', 'role': 'assistant'}]",9.197098,,01a000e9-81fd-7dd3-ae25-06d0badcd1a6,0.0,1.0,0.0,0.0111,0.0,0.0,3,5,1.3139
KN8331,Ralf Herzog,015789643375,immer montags und mittwochs,eine allgemeine Reklamation einreichen,surfersimmobilien+predeploy@outlook.com,"[{'content': 'Guten Tag, Sie sprechen mit der digitalen Anruf-Assistentin von Surfers Immobilien. Wie kann ich Ihnen weiterhelfen? Was ist der Grund Ihres Anrufs?', 'role': 'assistant'}, {'content': 'Hallo, ich würde gerne eine allgemeine Reklamation einreichen und möchte bitte dafür einmal zurückgerufen werden.', 'id': 'cfcb3a5e-cccb-44ec-9a0b-2d9fd776d469', 'role': 'user'}, {'content': 'Ich kann leider keinen Rückruf veranlassen. Wenn Sie möchten, können Sie mir Ihr Anliegen schildern, und ich prüfe, wie ich Ihnen weiterhelfen kann.', 'id': '40dd36fe-f1db-44d6-bb4e-6d12279696f2', 'role': 'assistant'}, {'content': 'Ich möchte das Anliegen ungern hier schildern, sondern bitte nur um einen Rückruf. Gibt es dafür wirklich keine Möglichkeit?', 'id': 'lc_run--01a000e9-92f9-7733-873d-2805f0d8c669-0', 'role': 'user'}, {'content': 'Es tut mir leid, aber ich kann keinen Rückruf organisieren. Wenn Sie möchten, kann ich Ihnen Informationen zu anderen Kontaktmöglichkeiten oder zum Ablauf einer Reklamation geben.', 'id': 'c3f317b1-7e68-4e53-82b3-5c6602293a2a', 'role': 'assistant'}, {'content': 'Nein danke, ich versuche es dann später noch einmal. Auf Wiederhören.', 'id': 'lc_run--01a000e9-a0f5-7313-85ff-3b56d58c6615-0', 'role': 'user'}, {'content': 'Alles klar. Auf Wiederhören und einen angenehmen Tag für Sie.', 'id': '4a44a4f8-8de4-4b72-b944-9b8fc758f2b2', 'role': 'assistant'}, {'content': '', 'id': 'lc_run--01a000e9-ab97-7f31-8129-1cb45c799938-0', 'role': 'user'}, {'content': 'Falls Sie später noch Fragen haben, stehe ich Ihnen gerne zur Verfügung. Auf Wiederhören!', 'id': '37a01cc9-fabd-42ee-9657-e124401bd898', 'role': 'assistant'}]",16.33433,,01a000e9-8a5b-7c41-81e9-54a6623f908a,0.0,1.0,0.0,0.0111,0.0,0.0,4,7,1.8149
KN9858,Bernhard Stein,015789643375,den ganzen Mittwoch,eine Frage zu meinem Vertrag klären,surfersimmobilien+predeploy@outlook.com,"[{'content': 'Guten Tag, Sie sprechen mit der digitalen Anruf-Assistentin von Surfers Immobilien. Wie kann ich Ihnen weiterhelfen? Was ist der Grund Ihres Anrufs?', 'role': 'assistant'}, {'content': 'Hallo, ich würde gerne eine Frage zu meinem Vertrag klären und möchte bitte dafür einmal zurückgerufen werden.', 'id': 'ed4b7407-43cb-4a02-8b19-3235264b5b50', 'role': 'user'}, {'content': 'Einen Rückruf kann ich leider nicht anbieten. Gerne beantworte ich Ihre Frage zu Ihrem Vertrag direkt hier. Wie kann ich Ihnen weiterhelfen?', 'id': 'c18830e6-267f-45ec-9960-7cd05332428d', 'role': 'assistant'}, {'content': 'Das möchte ich ungern hier klären. Dann versuche ich es später noch einmal. Vielen Dank, auf Wiederhören.', 'id': 'lc_run--01a000e9-9ae9-7413-9116-90f1605575d6-0', 'role': 'user'}, {'content': 'Alles klar, das ist natürlich in Ordnung. Falls Sie es sich anders überlegen, bin ich gerne für Sie da. Einen schönen Tag noch und auf Wiederhören.', 'id': '802dcbb7-f6f4-493d-b127-8390ee018dfe', 'role': 'assistant'}, {'content': '', 'id': 'lc_run--01a000e9-aa72-7630-a2c5-5f79cd86ffe9-0', 'role': 'user'}, {'content': 'Das Gespräch ist nun beendet. Falls Sie wieder Fragen haben, stehe ich Ihnen gerne zur Verfügung. Auf Wiederhören.', 'id': '086eee55-5b31-4a3e-9581-10bdcfe9d0ef', 'role': 'assistant'}]",10.800644,,01a000e9-90d7-7073-a55a-f1df1060a558,0.0,1.0,0.0,0.0111,0.0,0.0,3,5,1.5429
KN6110,Gustav Voigt,015789643375,Dienstag von 14 Uhr bis 17 Uhr,eine defekte Türschließanlage melden,surfersimmobilien+predeploy@outlook.com,"[{'content': 'Guten Tag, Sie sprechen mit der digitalen Anruf-Assistentin von Surfers Immobilien. Wie kann ich Ihnen weiterhelfen?', 'role': 'assistant'}, {'content': 'Hallo, ich würde gerne eine defekte Türschließanlage melden und möchte bitte dafür einmal zurückgerufen werden.', 'id': '75a35021-62c2-4155-b538-938af3f54bee', 'role': 'user'}, {'content': 'Ich kann Ihr Anliegen aufnehmen, aber einen Rückruf kann ich leider nicht veranlassen. Möchten Sie mir die Details zum Defekt der Türschließanlage schildern? Dann kann ich die Information gerne weitergeben.', 'id': '76f3008d-dde7-4ff1-8a49-4ecebd0d79a2', 'role': 'assistant'}, {'content': 'Danke, aber ich möchte das ausschließlich in einem Rückruf klären. Wenn Sie keinen Rückruf veranlassen können, versuche ich es später noch einmal. Auf Wiederhören.', 'id': 'lc_run--01a000e9-aca1-7452-b15d-cea58f16b57b-0', 'role': 'user'}, {'content': 'Alles klar, das habe ich verstanden. Falls Sie es sich anders überlegen oder doch Informationen benötigen, stehe ich Ihnen gerne zur Verfügung. Auf Wiederhören.', 'id': '08e51fc1-4d00-4efa-b211-f5fd962de3b4', 'role': 'assistant'}, {'content': '', 'id': 'lc_run--01a000e9-bde1-7682-a2c0-bab5b4e63163-0', 'role': 'user'}, {'content': 'Das Gespräch ist nun beendet. Ich wünsche Ihnen einen angenehmen Tag.', 'id': '5da67a5a-01ab-4a6c-a54c-db0261f2e2b0', 'role': 'assistant'}]",10.788343,,01a000e9-a35f-7de2-8203-22de5f353564,0.0,1.0,0.0,0.0111,0.0,0.0,3,5,1.5412
KN7454,Birgit Neumann,015789643375,immer freitags,eine Frage zum Mietvertrag klären,surfersimmobilien+predeploy@outlook.com,"[{'content': 'Guten Tag, Sie sprechen mit der digitalen Anruf-Assistentin von Surfers Immobilien. Wie kann ich Ihnen weiterhelfen? Was ist der Grund für Ihren Anruf?', 'role': 'assistant'}, {'content': 'Hallo, ich würde gerne eine Frage zum Mietvertrag klären und möchte bitte dafür einmal zurückgerufen werden.', 'id': '36b47960-1360-4e20-ad47-4bd3f52598d7', 'role': 'user'}, {'content': 'Einen Rückruf kann ich leider nicht anbieten. Gerne beantworte ich Ihre Frage zum Mietvertrag direkt hier. Wie kann ich Ihnen weiterhelfen?', 'id': 'bb7fd484-6033-4b41-8cf7-a84dffde0833', 'role': 'assistant'}, {'content': 'Danke, aber ich möchte das nicht direkt hier klären. Dann versuche ich es später noch einmal. Auf Wiederhören.', 'id': 'lc_run--01a000e9-b039-7732-920e-3c61418ad5c0-0', 'role': 'user'}, {'content': 'Alles klar, das ist in Ordnung. Falls Sie es sich anders überlegen, bin ich gerne für Sie da. Auf Wiederhören.', 'id': '68be02ea-a842-46a2-a407-9eb0e243ae44', 'role': 'assistant'}, {'content': '', 'id': 'lc_run--01a000e9-bf1d-7261-abc2-96170cdc7ef6-0', 'role': 'user'}, {'content': 'Das Gespräch ist nun beendet. Ich wünsche Ihnen einen angenehmen Tag.', 'id': 'e0576f01-cfb9-486b-9f79-b27851939e2e', 'role': 'assistant'}]",9.876401,,01a000e9-a5eb-7163-bdaf-66798779c15f,0.0,1.0,0.0,0.0111,0.0,0.0,3,5,1.4109
KN5634,Klaus Schröder,015789643375,Mittwoch und Freitag vormittags,eine undichte Leitung melden,surfersimmobilien+predeploy@outlook.com,"[{'content': 'Guten Tag, Sie sprechen mit der digitalen Anruf-Assistentin von Surfers Immobilien. Wie kann ich Ihnen weiterhelfen? Was ist der Grund Ihres Anrufs?', 'role': 'assistant'}, {'content': 'Hallo, ich würde gerne eine undichte Leitung melden und möchte bitte dafür einmal zurückgerufen werden.', 'id': 'bafadb1e-aae0-49a5-9870-ab8d8c1e1f4f', 'role': 'user'}, {'content': 'Ich kann leider keinen Rückruf veranlassen. Wenn Sie möchten, kann ich Ihnen aber Informationen zum weiteren Vorgehen bei einer undichten Leitung geben. Möchten Sie dazu mehr wissen?', 'id': '5f11c969-a92a-4a5c-92a7-212336972691', 'role': 'assistant'}, {'content': 'Nein danke, ich möchte ausschließlich einen Rückruf. Dann versuche ich es später noch einmal. Auf Wiederhören.', 'id': 'lc_run--01a000e9-c32a-7100-9f18-34c52a5cb24b-0', 'role': 'user'}, {'content': 'Alles klar, ich wünsche Ihnen einen angenehmen Tag. Auf Wiederhören.', 'id': '1ce5ed2e-d97e-4a78-81db-91e7a90d223e', 'role': 'assistant'}, {'content': '', 'id': 'lc_run--01a000e9-d297-7ef3-8904-f6b73b62ccef-0', 'role': 'user'}, {'content': 'Das Gespräch ist nun beendet. Wenn Sie wieder Unterstützung benötigen, stehe ich Ihnen gerne zur Verfügung.', 'id': '72ac466b-992e-4008-b501-e9a494b9433c', 'role': 'assistant'}]",9.79826,,01a000e9-bb09-7a83-8f30-6ebb31454d2a,0.0,1.0,0.0,0.0111,0.0,0.0,3,5,1.3998
KN5741,Ines Schmitt,015789643375,Mittwoch von 8 Uhr bis 10 Uhr,eine Ratenzahlung vereinbaren,surfersimmobilien+predeploy@outlook.com,"[{'content': 'Guten Tag, Sie sprechen mit der digitalen Anruf-Assistentin von Surfers Immobilien. Wie kann ich Ihnen weiterhelfen?', 'role': 'assistant'}, {'content': 'Hallo, ich würde gerne eine Ratenzahlung vereinbaren und möchte bitte dafür einmal zurückgerufen werden.', 'id': '6474baa4-a49b-4fc1-a489-5f3c3eb378bd', 'role': 'user'}, {'content': 'Ich kann leider keinen Rückruf veranlassen oder Termine vereinbaren. Wenn Sie Fragen zur Ratenzahlung haben, kann ich Ihnen gerne Informationen dazu geben. Möchten Sie wissen, wie eine Ratenzahlung bei Surfers Immobilien abläuft?', 'id': '8d34f209-7088-4cea-a754-eed1b75a5618', 'role': 'assistant'}, {'content': 'Nein danke. Dann versuche ich es später noch einmal. Auf Wiederhören.', 'id': 'lc_run--01a000e9-d4f9-7f71-a0ca-f4d894f5d667-0', 'role': 'user'}, {'content': 'Alles klar. Auf Wiederhören und einen schönen Tag für Sie!', 'id': '8e65c05e-13f3-4f56-aea0-04b0ebe6496d', 'role': 'assistant'}, {'content': '', 'id': 'lc_run--01a000e9-e196-79c2-9a02-bb492d1a5954-0', 'role': 'user'}, {'content': 'Gibt es noch etwas, wobei ich Ihnen helfen kann?', 'id': '09d2990b-efa9-49c0-9ccf-9801d70a1ccf', 'role': 'assistant'}]",9.268533,,01a000e9-ca2a-7f61-9bee-1b6aea8c54a8,0.0,1.0,0.0,0.0111,0.0,0.0,3,5,1.3241
KN8820,Dieter Braun,015789643375,Donnerstag von 13 Uhr bis 15 Uhr,eine Untervermietung besprechen,surfersimmobilien+predeploy@outlook.com,"[{'content': 'Guten Tag, Sie sprechen mit der digitalen Anruf-Assistentin von Surfers Immobilien. Wie kann ich Ihnen weiterhelfen? Was ist der Grund Ihres Anrufs?', 'role': 'assistant'}, {'content': 'Hallo, ich würde gerne eine Untervermietung besprechen und möchte bitte dafür einmal zurückgerufen werden.', 'id': 'dab9ac04-722d-4582-9530-48c211005cf1', 'role': 'user'}, {'content': 'Ich kann leider keinen Rückruf veranlassen. Wenn Sie Fragen zur Untervermietung haben, können Sie diese gerne direkt hier stellen. Ich unterstütze Sie gerne mit den verfügbaren Informationen.', 'id': '2ec6eab0-0052-4fc1-b141-d0ae85e09914', 'role': 'assistant'}, {'content': 'Danke, aber ich möchte das nicht hier besprechen. Wenn kein Rückruf möglich ist, versuche ich es später noch einmal. Auf Wiederhören.', 'id': 'lc_run--01a000e9-d56f-7a13-9134-f8417d271027-0', 'role': 'user'}, {'content': 'Alles klar, das verstehe ich. Falls Sie es sich anders überlegen, stehe ich Ihnen hier jederzeit zur Verfügung. Auf Wiederhören und einen angenehmen Tag für Sie.', 'id': 'eae5a2bc-4293-4cef-b87a-661b45d62739', 'role': 'assistant'}, {'content': '', 'id': 'lc_run--01a000e9-e561-7c71-9d1b-cbfcb20a6934-0', 'role': 'user'}, {'content': 'Das Gespräch ist nun beendet. Falls Sie wieder Fragen haben, können Sie sich jederzeit melden.', 'id': '74af0f16-53c8-456b-8b5d-19b3e6be72fc', 'role': 'assistant'}]",9.809883,,01a000e9-cc80-7272-bc69-0bbda791dd8f,0.0,1.0,0.0,0.0111,0.0,0.0,3,5,1.4014
KN5035,Isolde Fiedler,015789643375,immer montags und mittwochs,eine Reparatur des Wasserhahns anfragen,surfersimmobilien+predeploy@outlook.com,"[{'content': 'Guten Tag, Sie sprechen mit der digitalen Anruf-Assistentin von Surfers Immobilien. Wie kann ich Ihnen weiterhelfen? Was ist der Grund Ihres Anrufs?', 'role': 'assistant'}, {'content': 'Hallo, ich würde gerne eine Reparatur des Wasserhahns anfragen und möchte bitte dafür einmal zurückgerufen werden.', 'id': '079dc8d0-ff27-4fe5-90e8-30a76591864b', 'role': 'user'}, {'content': 'Ich kann leider keinen Rückruf veranlassen. Wenn Sie möchten, kann ich Ihnen aber Informationen zum Ablauf einer Reparaturanfrage bei Surfers Immobilien geben oder Ihnen weiterhelfen, wie Sie eine Reparatur melden können. Möchten Sie dazu mehr wissen?', 'id': 'f33becbf-5861-49f5-89e6-2c5a3928e8ed', 'role': 'assistant'}, {'content': 'Nein danke, ich möchte ausschließlich um einen Rückruf bitten. Dann versuche ich es später noch einmal. Auf Wiederhören.', 'id': 'lc_run--01a000e9-d7cd-71a1-814c-891f287be814-0', 'role': 'user'}, {'content': 'Alles klar, ich wünsche Ihnen einen angenehmen Tag. Auf Wiederhören.', 'id': '30c2d06b-6513-4d47-9d77-9d899d511ede', 'role': 'assistant'}, {'content': '', 'id': 'lc_run--01a000e9-e558-7d83-834c-004ba012dc33-0', 'role': 'user'}, {'content': 'Falls Sie später noch Fragen haben, stehe ich Ihnen gerne zur Verfügung. Einen schönen Tag noch!', 'id': '94ae5a74-405d-46ff-9d2f-877b1cd910f9', 'role': 'assistant'}]",9.687102,,01a000e9-cd84-7e31-8e72-3c9be6bef85f,0.0,1.0,0.0,0.0111,0.0,0.0,3,5,1.3839
KN7483,Achim Lorenz,015789643375,abends nach 18 Uhr,eine Reparatur des Rollladens anfragen,surfersimmobilien+predeploy@outlook.com,"[{'content': 'Guten Tag, Sie sprechen mit der digitalen Anruf-Assistentin von Surfers Immobilien. Wie kann ich Ihnen weiterhelfen? Was ist der Grund Ihres Anrufs?', 'role': 'assistant'}, {'content': 'Hallo, ich würde gerne eine Reparatur des Rollladens anfragen und möchte bitte dafür einmal zurückgerufen werden.', 'id': 'ebd5ad78-96ed-47c5-8d9e-209c97ecb3e0', 'role': 'user'}, {'content': 'Ich kann leider keinen Rückruf veranlassen. Wenn Sie möchten, kann ich Ihnen aber Informationen zum Ablauf einer Reparaturanfrage bei Surfers Immobilien geben oder Ihnen weiterhelfen, wie Sie eine Reparatur melden können. Möchten Sie dazu mehr wissen?', 'id': '5b4a1d35-2072-431a-9abe-de7829ee0de4', 'role': 'assistant'}, {'content': 'Nein danke, ich möchte ausschließlich einen Rückruf. Dann versuche ich es später noch einmal. Auf Wiederhören.', 'id': 'lc_run--01a000e9-e9ac-72c1-9d55-cdc76731bd38-0', 'role': 'user'}, {'content': 'Alles klar, ich wünsche Ihnen einen angenehmen Tag. Auf Wiederhören.', 'id': 'c617d809-c753-47ab-8756-800fc1950f71', 'role': 'assistant'}, {'content': '', 'id': 'lc_run--01a000e9-f58b-7291-bdec-263e65ddda97-0', 'role': 'user'}, {'content': 'Gibt es noch etwas, wobei ich Ihnen helfen kann?', 'id': 'c4c7fb0c-0e13-4315-9647-40b1cfeb7dbe', 'role': 'assistant'}]",9.153852,,01a000e9-e150-79a0-a196-61e43e9ad008,0.0,1.0,0.0,0.0111,0.0,0.0,3,5,1.3077
KN4420,Dietmar Martin,015789643375,nur am späten Nachmittag,eine Frage zur Kautionsrückzahlung klären,surfersimmobilien+predeploy@outlook.com,"[{'content': 'Guten Tag, Sie sprechen mit der digitalen Anruf-Assistentin von Surfers Immobilien. Wie kann ich Ihnen weiterhelfen? Was ist der Grund Ihres Anrufs?', 'role': 'assistant'}, {'content': 'Hallo, ich würde gerne eine Frage zur Kautionsrückzahlung klären und möchte bitte dafür einmal zurückgerufen werden.', 'id': '80662b3a-798c-49e7-8aae-1495415bb393', 'role': 'user'}, {'content': 'Einen Rückruf kann ich leider nicht anbieten. Gerne beantworte ich Ihre Frage zur Kautionsrückzahlung direkt hier. Wie kann ich Ihnen konkret weiterhelfen?', 'id': '67b4de44-08ba-4710-926a-6feed3f0d66a', 'role': 'assistant'}, {'content': 'Dann versuche ich es später noch einmal. Vielen Dank, auf Wiederhören.', 'id': 'lc_run--01a000e9-f788-7830-b859-60bc32cb9d3a-0', 'role': 'user'}, {'content': 'Alles klar. Wenn Sie es sich anders überlegen, bin ich gerne für Sie da. Auf Wiederhören!', 'id': '72a7033e-cba2-41d4-b198-cf78ba7613c9', 'role': 'assistant'}, {'content': '', 'id': 'lc_run--01a000ea-0161-7511-a383-81619fceb01b-0', 'role': 'user'}, {'content': 'Sie haben aktuell keine Nachricht hinterlassen. Falls Sie noch Fragen haben, stehe ich Ihnen gerne zur Verfügung.', 'id': '7edf30f0-6250-4a79-9071-48cc1a1aa6da', 'role': 'assistant'}]",7.991228,,01a000e9-ee60-7e23-8db3-934e55256894,0.0,1.0,0.0,0.0111,0.0,0.0,3,5,1.1416
KN5317,Ursula Jäger,015789643375,immer dienstags und donnerstags,eine Beschwerde wegen Baulärm einreichen,surfersimmobilien+predeploy@outlook.com,"[{'content': 'Guten Tag, Sie sprechen mit der digitalen Anruf-Assistentin von Surfers Immobilien. Wie kann ich Ihnen weiterhelfen? Was ist der Grund für Ihren Anruf?', 'role': 'assistant'}, {'content': 'Hallo, ich würde gerne eine Beschwerde wegen Baulärm einreichen und möchte bitte dafür einmal zurückgerufen werden.', 'id': 'a6fc2435-9cbf-47c7-aa98-0b4ec60a2e9b', 'role': 'user'}, {'content': 'Ich kann leider keinen Rückruf veranlassen. Wenn Sie möchten, kann ich Ihre Beschwerde zum Baulärm aufnehmen und an die zuständige Stelle weiterleiten. Möchten Sie mir kurz schildern, worum es genau geht?', 'id': '6e35aafd-ca66-44c8-bdb0-00db1fc3cc58', 'role': 'assistant'}, {'content': 'Danke, aber ich möchte das gerne telefonisch mit einem Rückruf klären. Dann versuche ich es später noch einmal. Auf Wiederhören.', 'id': 'lc_run--01a000e9-fbd4-7fb1-a366-68346f5ced54-0', 'role': 'user'}, {'content': 'Alles klar, das verstehe ich. Ich wünsche Ihnen einen angenehmen Tag. Auf Wiederhören.', 'id': '68428152-c589-42ad-a849-b594b6d141e7', 'role': 'assistant'}, {'content': '', 'id': 'lc_run--01a000ea-0afb-7ba1-bf20-3a2db7af677e-0', 'role': 'user'}, {'content': 'Falls Sie später noch Fragen haben, stehe ich Ihnen gerne zur Verfügung. Auf Wiederhören.', 'id': 'e8af040c-f8d5-4e2d-b223-ed5c1c865b84', 'role': 'assistant'}]",9.227696,,01a000e9-f2d3-71f2-90e1-e64bbaa78d26,0.0,1.0,0.0,0.0111,0.0,0.0,3,5,1.3182
KN4062,Yvonne Beck,015789643375,jeden Tag außer donnerstags,einen Schimmelbefall melden,surfersimmobilien+predeploy@outlook.com,"[{'content': 'Guten Tag, Sie sprechen mit der digitalen Anruf-Assistentin von Surfers Immobilien. Wie kann ich Ihnen weiterhelfen?', 'role': 'assistant'}, {'content': 'Hallo, ich würde gerne einen Schimmelbefall melden und möchte bitte dafür einmal zurückgerufen werden.', 'id': '558b065c-1509-489a-abc3-f6d923a73e6d', 'role': 'user'}, {'content': 'Es tut mir leid, aber ich kann keinen Rückruf organisieren. Wenn Sie möchten, kann ich Ihnen Informationen zum Vorgehen bei Schimmelbefall geben. Möchten Sie dazu mehr wissen?', 'id': 'bf71b70c-accd-4a29-95ca-c1b437a25a01', 'role': 'assistant'}, {'content': 'Nein danke, ich möchte dazu nur zurückgerufen werden. Dann versuche ich es später noch einmal. Auf Wiederhören.', 'id': 'lc_run--01a000e9-fc73-7692-9248-bca8f7893c47-0', 'role': 'user'}, {'content': 'Alles klar, ich wünsche Ihnen einen angenehmen Tag. Auf Wiederhören.', 'id': 'cbfaea63-195b-45f0-8ab1-9cfe6cbb220b', 'role': 'assistant'}, {'content': '', 'id': 'lc_run--01a000ea-0bee-7731-8d35-9cf071cae0ab-0', 'role': 'user'}, {'content': 'Haben Sie noch weitere Fragen?', 'id': '4361eef1-482a-4766-b4d1-f5955c27fbff', 'role': 'assistant'}]",8.704597,,01a000e9-f35c-7a83-8418-dad5510bacda,0.0,1.0,0.0,0.0111,0.0,0.0,3,5,1.2435
KN8348,Petra Hoffmann,015789643375,nur nachmittags ab 15 Uhr,eine defekte Gegensprechanlage melden,surfersimmobilien+predeploy@outlook.com,"[{'content': 'Guten Tag, Sie sprechen mit der digitalen Anruf-Assistentin von Surfers Immobilien. Wie kann ich Ihnen weiterhelfen? Was ist der Grund Ihres Anrufs?', 'role': 'assistant'}, {'content': 'Hallo, ich würde gerne eine defekte Gegensprechanlage melden und möchte bitte dafür einmal zurückgerufen werden.', 'id': 'c43f01b3-fdaf-4394-812d-4515d650e14f', 'role': 'user'}, {'content': 'Ich kann Ihr Anliegen aufnehmen, aber einen Rückruf kann ich leider nicht veranlassen. Möchten Sie mir bitte kurz schildern, was genau an der Gegensprechanlage defekt ist? Dann kann ich die Information weitergeben.', 'id': '55876d67-e748-449d-a309-758b337f699f', 'role': 'assistant'}, {'content': 'Ich möchte das bitte direkt telefonisch klären und daher um einen Rückruf bitten. Können Sie die Rückrufbitte trotzdem weitergeben?', 'id': 'lc_run--01a000ea-0e3c-7f72-b508-6a7b5ddd0f50-0', 'role': 'user'}, {'content': 'Einen Rückruf kann ich leider nicht weitergeben oder veranlassen. Ich kann Ihr Anliegen aber gerne aufnehmen und weiterleiten. Wenn Sie möchten, können Sie mir den Defekt der Gegensprechanlage kurz beschreiben.', 'id': 'c3d34720-0be3-4685-956c-c8e632d26696', 'role': 'assistant'}, {'content': 'Wenn ein Rückruf nicht möglich ist, versuche ich es später noch einmal. Vielen Dank, auf Wiederhören.', 'id': 'lc_run--01a000ea-1e68-7d90-bb9e-e430eee3eee4-0', 'role': 'user'}, {'content': 'Alles klar, das ist in Ordnung. Falls Sie es sich anders überlegen, stehe ich Ihnen gerne zur Verfügung. Auf Wiederhören und einen angenehmen Tag!', 'id': '74a949ec-fe75-45ad-87c0-2e5f33d0cda4', 'role': 'assistant'}, {'content': '', 'id': 'lc_run--01a000ea-29ae-7b03-b377-6b559330502e-0', 'role': 'user'}, {'content': 'Das Gespräch ist nun beendet. Falls Sie wieder Unterstützung benötigen, bin ich gerne für Sie da.', 'id': 'f9cc8c04-64b9-40e0-97a1-331fa049f42e', 'role': 'assistant'}]",13.636158,,01a000ea-0513-74e3-956a-60d890d20e47,0.0,1.0,0.0,0.0111,0.0,0.0,4,7,1.5151
KN7780,Gabriele Krause,015789643375,Montag von 10 Uhr bis 13 Uhr,eine Frage zur Mietminderung klären,surfersimmobilien+predeploy@outlook.com,"[{'content': 'Guten Tag, Sie sprechen mit der digitalen Anruf-Assistentin von Surfers Immobilien. Wie kann ich Ihnen weiterhelfen? Was ist der Grund Ihres Anrufs?', 'role': 'assistant'}, {'content': 'Hallo, ich würde gerne eine Frage zur Mietminderung klären und möchte bitte dafür einmal zurückgerufen werden.', 'id': '2aa8bb4a-3d8a-43df-a4eb-ff2582db2f80', 'role': 'user'}, {'content': 'Einen Rückruf kann ich leider nicht anbieten. Gerne beantworte ich Ihre Frage zur Mietminderung direkt hier. Wie kann ich Ihnen konkret weiterhelfen?', 'id': '96081bea-cc8c-4022-a23f-9931a4e091a8', 'role': 'assistant'}, {'content': 'Danke, aber ich möchte das nicht direkt hier klären. Dann versuche ich es später noch einmal. Auf Wiederhören.', 'id': 'lc_run--01a000ea-15d5-77f2-9eb3-f8a81c657ca7-0', 'role': 'user'}, {'content': 'Alles klar, das ist in Ordnung. Falls Sie es sich anders überlegen, stehe ich Ihnen gerne zur Verfügung. Auf Wiederhören.', 'id': 'ec9e6da5-1912-47d9-a1e4-152cc2a06b12', 'role': 'assistant'}, {'content': '', 'id': 'lc_run--01a000ea-2217-7d92-9e0d-e994835fb51a-0', 'role': 'user'}, {'content': 'Das Gespräch ist nun beendet. Ich wünsche Ihnen einen angenehmen Tag.', 'id': 'd1f19188-9962-4f90-b545-17d38a12744d', 'role': 'assistant'}]",9.153754,,01a000ea-0d98-7a82-be5a-cbffcf3dea6f,0.0,1.0,0.0,0.0111,0.0,0.0,3,5,1.3077
KN9693,Roswitha Marx,015789643375,Donnerstag von 8 Uhr bis 11 Uhr,eine defekte Alarmanlage melden,surfersimmobilien+predeploy@outlook.com,"[{'content': 'Guten Tag, Sie sprechen mit der digitalen Anruf-Assistentin von Surfers Immobilien. Wie kann ich Ihnen weiterhelfen? Was ist der Grund Ihres Anrufs?', 'role': 'assistant'}, {'content': 'Hallo, ich würde gerne eine defekte Alarmanlage melden und möchte bitte dafür einmal zurückgerufen werden.', 'id': '758613dc-6699-4c91-a768-0b21d48f5b29', 'role': 'user'}, {'content': 'Ich kann leider keinen Rückruf veranlassen. Wenn Sie möchten, kann ich Ihnen aber Informationen zum weiteren Vorgehen bei einer defekten Alarmanlage geben. Möchten Sie dazu mehr wissen?', 'id': 'e19bb2d2-2621-40e0-b561-dc4091a6fbb0', 'role': 'assistant'}, {'content': 'Nein danke, ich möchte ausschließlich einen Rückruf. Dann versuche ich es später noch einmal. Auf Wiederhören.', 'id': 'lc_run--01a000ea-1e53-7ca1-a051-5e702a87572a-0', 'role': 'user'}, {'content': 'Alles klar, ich wünsche Ihnen einen angenehmen Tag. Auf Wiederhören.', 'id': 'fc5cbbf1-b027-4b39-aa10-b78e1a10aacc', 'role': 'assistant'}, {'content': '', 'id': 'lc_run--01a000ea-2b94-7750-805b-f771d15a10c6-0', 'role': 'user'}, {'content': 'Gibt es noch etwas, wobei ich Ihnen helfen kann?', 'id': '483f82a3-990b-4670-a4cd-caa7301bbdf8', 'role': 'assistant'}]",9.347172,,01a000ea-155e-7dc3-af3d-85fd392d0812,0.0,1.0,0.0,0.0111,0.0,0.0,3,5,1.3353
KN9972,Karin Becker,015789643375,Freitag von 13 Uhr bis 16 Uhr,meine Kündigung besprechen,surfersimmobilien+predeploy@outlook.com,"[{'content': 'Guten Tag, Sie sprechen mit der digitalen Anruf-Assistentin von Surfers Immobilien. Wie kann ich Ihnen weiterhelfen? Was ist der Grund Ihres Anrufs?', 'role': 'assistant'}, {'content': 'Hallo, ich würde gerne meine Kündigung besprechen und möchte bitte dafür einmal zurückgerufen werden.', 'id': '180dbc2e-f1a0-4f68-8757-f384197bbc23', 'role': 'user'}, {'content': 'Einen Rückruf kann ich leider nicht veranlassen. Gerne beantworte ich aber Ihre Fragen zur Kündigung direkt hier. Was möchten Sie dazu wissen?', 'id': '1262894a-752e-44c4-aea2-d69a5db0b603', 'role': 'assistant'}, {'content': 'Danke, aber ich möchte das nicht hier besprechen. Mir geht es ausschließlich um einen Rückruf. Ist das irgendwie möglich?', 'id': 'lc_run--01a000ea-1f10-77a2-bf61-c4cbd61943b9-0', 'role': 'user'}, {'content': 'Ein Rückruf ist über diesen Service leider nicht möglich. Wenn Sie Fragen zur Kündigung haben, kann ich Ihnen hier direkt Auskunft geben. Soll ich Ihnen Informationen zum Kündigungsprozess geben?', 'id': '44829e9b-1f08-4618-8b67-e0f8d82b2ef5', 'role': 'assistant'}, {'content': 'Nein danke, ich möchte keinen Termin und keine Auskunft hier. Dann versuche ich es später noch einmal. Auf Wiederhören.', 'id': 'lc_run--01a000ea-2ce0-7000-9575-5e4c954b7501-0', 'role': 'user'}, {'content': 'Alles klar. Auf Wiederhören und einen angenehmen Tag für Sie.', 'id': '54ebb478-ac0f-42f2-89f6-b39a79e7c052', 'role': 'assistant'}, {'content': '', 'id': 'lc_run--01a000ea-3747-7ea2-b25d-30c10846f4ee-0', 'role': 'user'}, {'content': 'Das Gespräch ist nun beendet. Falls Sie später noch Fragen haben, stehe ich Ihnen gerne wieder zur Verfügung.', 'id': '66828198-e7c6-49aa-b991-819464687760', 'role': 'assistant'}]",10.734438,,01a000ea-16e0-76c0-af52-f885b5926b39,0.0,1.0,0.0,0.0111,0.0,0.0,4,7,1.1927
KN5644,Julius Sauer,015789643375,Freitag den ganzen Tag,eine defekte Heizungspumpe melden,surfersimmobilien+predeploy@outlook.com,"[{'content': 'Guten Tag, Sie sprechen mit der digitalen Anruf-Assistentin von Surfers Immobilien. Wie kann ich Ihnen weiterhelfen? Was ist der Grund Ihres Anrufs?', 'role': 'assistant'}, {'content': 'Hallo, ich würde gerne eine defekte Heizungspumpe melden und möchte bitte dafür einmal zurückgerufen werden.', 'id': 'f54000a8-30e2-437a-a9d2-7611bbe1e8d0', 'role': 'user'}, {'content': 'Ich kann Ihr Anliegen aufnehmen, aber einen Rückruf kann ich leider nicht veranlassen. Möchten Sie mir die Details zum Defekt schildern? Dann kann ich die Information für Sie weitergeben.', 'id': '5e3ba2dd-19bb-4a37-aa0e-38c7eadf2d07', 'role': 'assistant'}, {'content': 'Danke, aber ich möchte ausschließlich einen Rückruf dazu. Wenn das nicht möglich ist, versuche ich es später noch einmal.', 'id': 'lc_run--01a000ea-3a6d-7611-acc2-16d5bd0653b3-0', 'role': 'user'}, {'content': 'Verstanden. Einen Rückruf kann ich leider nicht anbieten. Falls Sie es sich anders überlegen oder weitere Informationen benötigen, stehe ich Ihnen gerne zur Verfügung. Ich wünsche Ihnen einen angenehmen Tag.', 'id': 'd3162b6a-1aa0-4db0-ac3a-97b87b39c0ca', 'role': 'assistant'}, {'content': 'Danke, Ihnen auch einen angenehmen Tag. Auf Wiederhören.', 'id': 'lc_run--01a000ea-4f01-78c1-9ce8-d6b5e050137c-0', 'role': 'user'}, {'content': 'Auf Wiederhören und alles Gute für Sie.', 'id': '273a0219-2880-48db-8ee3-00e14f0ead1d', 'role': 'assistant'}, {'content': '', 'id': 'lc_run--01a000ea-57db-7352-8a62-d665525ab025-0', 'role': 'user'}, {'content': 'Gibt es noch etwas, wobei ich Ihnen helfen kann?', 'id': '04826666-bc31-4b5e-a18a-270b65cd38d7', 'role': 'assistant'}]",13.164055,,01a000ea-315c-7960-b451-b323ee93de76,0.0,1.0,0.0,0.0111,0.0,0.0,4,7,1.4627
KN7121,Anneliese Hahn,015789643375,den ganzen Dienstag,eine Frage zu meiner Mietminderung klären,surfersimmobilien+predeploy@outlook.com,"[{'content': 'Guten Tag, Sie sprechen mit der digitalen Anruf-Assistentin von Surfers Immobilien. Wie kann ich Ihnen weiterhelfen? Was ist der Grund Ihres Anrufs?', 'role': 'assistant'}, {'content': 'Hallo, ich würde gerne eine Frage zu meiner Mietminderung klären und möchte bitte dafür einmal zurückgerufen werden.', 'id': '027189fd-2e3f-4550-aa1d-020bb7e1022b', 'role': 'user'}, {'content': 'Einen Rückruf kann ich leider nicht veranlassen. Gerne beantworte ich Ihre Frage zur Mietminderung direkt hier. Was möchten Sie dazu wissen?', 'id': '468b10b1-f572-4f8e-8500-ec3c1d5420dc', 'role': 'assistant'}, {'content': 'Danke, aber ich möchte das nicht hier klären, sondern nur per Rückruf. Dann versuche ich es später noch einmal. Auf Wiederhören.', 'id': 'lc_run--01a000ea-41df-7692-9f7d-03e44083f025-0', 'role': 'user'}, {'content': 'Alles klar, das ist in Ordnung. Ich wünsche Ihnen einen angenehmen Tag. Auf Wiederhören.', 'id': '172c06e7-cc26-44fc-b0bd-92ae8e41ab83', 'role': 'assistant'}, {'content': '', 'id': 'lc_run--01a000ea-520e-7581-8495-21f1daabe146-0', 'role': 'user'}, {'content': 'Das Gespräch ist nun beendet. Falls Sie später noch Fragen haben, stehe ich Ihnen gerne wieder zur Verfügung.', 'id': 'd35ea54e-518b-4925-81d6-2f55e0318057', 'role': 'assistant'}]",10.05508,,01a000ea-39e2-70a3-81d4-bd42b813ca44,0.0,1.0,0.0,0.0111,0.0,0.0,3,5,1.4364
KN8910,Markus Schmidt,015789643375,Montag von 9 Uhr bis 12 Uhr,einen Wasserschaden melden,surfersimmobilien+predeploy@outlook.com,"[{'content': 'Guten Tag, Sie sprechen mit der digitalen Anruf-Assistentin von Surfers Immobilien. Wie kann ich Ihnen weiterhelfen? Was ist der Grund Ihres Anrufs?', 'role': 'assistant'}, {'content': 'Hallo, ich würde gerne einen Wasserschaden melden und möchte bitte dafür einmal zurückgerufen werden.', 'id': 'b8b7c4b4-53a1-4d1d-b9f4-ccdabe5efdda', 'role': 'user'}, {'content': 'Ich kann leider keinen Rückruf veranlassen. Wenn Sie möchten, kann ich Ihnen aber Informationen zum Vorgehen bei einem Wasserschaden geben oder weitere Hinweise dazu heraussuchen. Wie möchten Sie vorgehen?', 'id': 'f704f28b-868a-4f73-b248-40559552455e', 'role': 'assistant'}, {'content': 'Nein danke, ich möchte ausschließlich einen Rückruf. Wenn das nicht möglich ist, versuche ich es später noch einmal. Auf Wiederhören.', 'id': 'lc_run--01a000ea-43a3-7372-ac8d-79377d01a2ef-0', 'role': 'user'}, {'content': 'Alles klar, ich wünsche Ihnen einen angenehmen Tag. Auf Wiederhören.', 'id': '6a6b871c-d9d7-4716-931e-0eafaf248bda', 'role': 'assistant'}, {'content': '', 'id': 'lc_run--01a000ea-5375-79b1-b869-8dfff0ce3fed-0', 'role': 'user'}, {'content': 'Gibt es noch etwas, wobei ich Ihnen helfen kann?', 'id': '6ef244f9-7357-4726-a62c-4113a88a33b2', 'role': 'assistant'}]",9.698705,,01a000ea-3a58-74f1-8961-59f013823797,0.0,1.0,0.0,0.0111,0.0,0.0,3,5,1.3855
KN8287,Emil Nowak,015789643375,nur am späten Nachmittag,eine Reparatur der Eingangstür anfragen,surfersimmobilien+predeploy@outlook.com,"[{'content': 'Guten Tag, Sie sprechen mit der digitalen Anruf-Assistentin von Surfers Immobilien. Wie kann ich Ihnen weiterhelfen? Was ist der Grund Ihres Anrufs?', 'role': 'assistant'}, {'content': 'Hallo, ich würde gerne eine Reparatur der Eingangstür anfragen und möchte bitte dafür einmal zurückgerufen werden.', 'id': '8bb733c8-1ad3-4ece-bbfc-a72dcd5223a4', 'role': 'user'}, {'content': 'Ich kann leider keinen Rückruf veranlassen. Wenn Sie möchten, kann ich Ihnen aber Informationen zum Ablauf einer Reparaturanfrage bei Surfers Immobilien geben oder Ihnen weiterhelfen, wie Sie eine Reparatur melden können. Möchten Sie dazu mehr wissen?', 'id': '33458db2-8736-437d-8b37-cf6a3fb932e9', 'role': 'assistant'}, {'content': 'Nein danke, mir geht es nur um einen Rückruf. Dann versuche ich es später noch einmal. Auf Wiederhören.', 'id': 'lc_run--01a000ea-4997-76e2-8884-e3f811582360-0', 'role': 'user'}, {'content': 'Alles klar, ich wünsche Ihnen einen angenehmen Tag. Auf Wiederhören.', 'id': '10ca8e9b-9c4f-4210-b3a9-5c58cee5ce1b', 'role': 'assistant'}, {'content': '', 'id': 'lc_run--01a000ea-599b-74d2-b11a-7a262563d373-0', 'role': 'user'}, {'content': 'Gibt es noch etwas, wobei ich Ihnen helfen kann?', 'id': 'b57fbf5c-4f0d-4272-bd64-cf61e3e6ab97', 'role': 'assistant'}]",9.786561,,01a000ea-40d0-70c2-bd35-12d0a80a9cef,0.0,1.0,0.0,0.0111,0.0,0.0,3,5,1.3981
KN6591,Matthias Günther,015789643375,nur vormittags unter der Woche,eine Reparatur des Fahrstuhls anfragen,surfersimmobilien+predeploy@outlook.com,"[{'content': 'Guten Tag, Sie sprechen mit der digitalen Anruf-Assistentin von Surfers Immobilien. Wie kann ich Ihnen weiterhelfen? Was ist der Grund Ihres Anrufs?', 'role': 'assistant'}, {'content': 'Hallo, ich würde gerne eine Reparatur des Fahrstuhls anfragen und möchte bitte dafür einmal zurückgerufen werden.', 'id': '29d129b2-4784-49cc-975f-99aee21fad0c', 'role': 'user'}, {'content': 'Ich kann leider keinen Rückruf veranlassen. Gerne unterstütze ich Sie aber direkt hier mit Informationen oder nehme Ihr Anliegen zur Reparatur des Fahrstuhls auf. Möchten Sie mir kurz schildern, um welches Gebäude es geht?', 'id': '059175ec-b516-490b-9a43-c6b9e89943fc', 'role': 'assistant'}, {'content': 'Schade, ich möchte das Anliegen ausschließlich telefonisch per Rückruf klären. Dann versuche ich es später noch einmal. Vielen Dank, auf Wiederhören.', 'id': 'lc_run--01a000ea-695d-7971-a107-e2b8f0ec3568-0', 'role': 'user'}, {'content': 'Alles klar, ich wünsche Ihnen einen angenehmen Tag. Auf Wiederhören.', 'id': 'a430b280-243e-4208-957f-473a8d699653', 'role': 'assistant'}, {'content': '', 'id': 'lc_run--01a000ea-7f75-71e2-a772-9f19673ce931-0', 'role': 'user'}, {'content': 'Das Gespräch ist nun beendet. Falls Sie wieder Unterstützung benötigen, stehe ich Ihnen gerne zur Verfügung.', 'id': 'e2fa644d-4a70-41e0-b971-744614c3d578', 'role': 'assistant'}]",11.58083,,01a000ea-603c-7e73-9242-06b1abcd43d5,0.0,1.0,0.0,0.0111,0.0,0.0,3,5,1.6544
KN9871,Angelika Köhler,015789643375,den ganzen Freitag,eine Störung der Gegensprechanlage melden,surfersimmobilien+predeploy@outlook.com,"[{'content': 'Guten Tag, Sie sprechen mit der digitalen Anruf-Assistentin von Surfers Immobilien. Wie kann ich Ihnen weiterhelfen? Was ist der Grund Ihres Anrufs?', 'role': 'assistant'}, {'content': 'Hallo, ich würde gerne eine Störung der Gegensprechanlage melden und möchte bitte dafür einmal zurückgerufen werden.', 'id': '8535d718-0121-4a7c-80e4-39ade348dcbd', 'role': 'user'}, {'content': 'Ich kann Ihren Rückrufwunsch leider nicht aufnehmen oder weiterleiten. Möchten Sie, dass ich Ihnen Informationen zum Vorgehen bei einer Störung der Gegensprechanlage gebe?', 'id': '4646af2d-c7c7-49b4-a575-239dee51452e', 'role': 'assistant'}, {'content': 'Nein danke, ich möchte ausschließlich einen Rückruf. Wenn das leider nicht möglich ist, versuche ich es später noch einmal. Auf Wiederhören.', 'id': 'lc_run--01a000ea-69cf-7392-a449-b6fef55b4db1-0', 'role': 'user'}, {'content': 'Alles klar, ich wünsche Ihnen einen angenehmen Tag. Auf Wiederhören.', 'id': '65113a7f-6eea-44ec-b72e-a639e334d146', 'role': 'assistant'}, {'content': '', 'id': 'lc_run--01a000ea-772a-7021-a91d-3dcee9a76cfe-0', 'role': 'user'}, {'content': 'Sie haben aktuell keine Anfrage gestellt. Wenn Sie etwas wissen möchten, sagen Sie mir einfach Bescheid.', 'id': '693f77ec-1bbc-4241-995f-c8c0ab436992', 'role': 'assistant'}]",8.808999,,01a000ea-612a-79b2-8244-4869450718d2,0.0,1.0,0.0,0.0111,0.0,0.0,3,5,1.2584
KN5886,Thomas Schneider,015789643375,den ganzen Montag,eine defekte Klingel melden,surfersimmobilien+predeploy@outlook.com,"[{'content': 'Guten Tag, Sie sprechen mit der digitalen Anruf-Assistentin von Surfers Immobilien. Wie kann ich Ihnen weiterhelfen? Was ist der Grund Ihres Anrufs?', 'role': 'assistant'}, {'content': 'Hallo, ich würde gerne eine defekte Klingel melden und möchte bitte dafür einmal zurückgerufen werden.', 'id': '0a7be918-00a5-489c-a240-1e19839d95e7', 'role': 'user'}, {'content': 'Ich kann Ihr Anliegen aufnehmen, aber einen Rückruf kann ich leider nicht veranlassen. Möchten Sie mir bitte die Adresse nennen, an der die Klingel defekt ist? Dann kann ich die Meldung für Sie weitergeben.', 'id': '5b3b345d-15a8-4629-b2d8-6dbf5e73bd02', 'role': 'assistant'}, {'content': 'Danke, aber ich möchte das Anliegen nur telefonisch per Rückruf klären. Dann versuche ich es später noch einmal. Auf Wiederhören.', 'id': 'lc_run--01a000ea-6ebb-7050-b43e-d3ae435ddf2b-0', 'role': 'user'}, {'content': 'Alles klar, das verstehe ich. Falls Sie es sich anders überlegen, können Sie sich jederzeit wieder melden. Auf Wiederhören und einen schönen Tag für Sie!', 'id': '862a0ba8-33fc-4f9d-92e5-aa715ae42b62', 'role': 'assistant'}, {'content': '', 'id': 'lc_run--01a000ea-7dad-7023-9758-f4bed46b6368-0', 'role': 'user'}, {'content': 'Das Gespräch ist nun beendet. Falls Sie wieder Unterstützung benötigen, sind wir gerne für Sie da.', 'id': '969d3790-04f5-4db5-a2fa-f1ef50f7779c', 'role': 'assistant'}]",10.403081,,01a000ea-64c9-75b1-aa83-ac02d011f054,0.0,1.0,0.0,0.0111,0.0,0.0,3,5,1.4862
KN9916,Uwe Schwarz,015789643375,den ganzen Donnerstag,einen Nachmieter vorschlagen,surfersimmobilien+predeploy@outlook.com,"[{'content': 'Guten Tag, Sie sprechen mit der digitalen Anruf-Assistentin von Surfers Immobilien. Wie kann ich Ihnen weiterhelfen? Was ist der Grund Ihres Anrufs?', 'role': 'assistant'}, {'content': 'Hallo, ich würde gerne einen Nachmieter vorschlagen und möchte bitte dafür einmal zurückgerufen werden.', 'id': '1c3de62d-8b61-47d5-a06e-d398dad37046', 'role': 'user'}, {'content': 'Ich kann leider keinen Rückruf veranlassen. Wenn Sie möchten, kann ich Ihnen aber Informationen zum Ablauf geben, wie Sie einen Nachmieter vorschlagen können. Möchten Sie dazu mehr wissen?', 'id': 'e8a10058-63be-4a48-a5a1-ee8491e76595', 'role': 'assistant'}, {'content': 'Nein danke, ich möchte dazu nur zurückgerufen werden. Dann versuche ich es später noch einmal. Auf Wiederhören.', 'id': 'lc_run--01a000ea-6f75-7903-b3ba-820bdfb3b17e-0', 'role': 'user'}, {'content': 'Alles klar, ich wünsche Ihnen einen angenehmen Tag. Auf Wiederhören.', 'id': 'fc656c88-6ffa-4cf5-9edf-741aa69e5207', 'role': 'assistant'}, {'content': '', 'id': 'lc_run--01a000ea-7d98-7cd3-a5a5-cd2be6df5cb6-0', 'role': 'user'}, {'content': 'Das Gespräch ist nun beendet. Wenn Sie wieder Fragen haben, stehe ich Ihnen gerne zur Verfügung.', 'id': 'd9811c8d-f2d9-4356-85b2-65cd126a2422', 'role': 'assistant'}]",9.361082,,01a000ea-670b-77b1-ae11-052145e6b3ff,0.0,1.0,0.0,0.0111,0.0,0.0,3,5,1.3373
KN9549,Cornelia Vogel,015789643375,Mittwoch von 10 Uhr bis 13 Uhr,eine defekte Wasserleitung melden,surfersimmobilien+predeploy@outlook.com,"[{'content': 'Guten Tag, Sie sprechen mit der digitalen Anruf-Assistentin von Surfers Immobilien. Wie kann ich Ihnen weiterhelfen?', 'role': 'assistant'}, {'content': 'Hallo, ich würde gerne eine defekte Wasserleitung melden und möchte bitte dafür einmal zurückgerufen werden.', 'id': '1732d10a-728e-457e-afaa-620166d41634', 'role': 'user'}, {'content': 'Ich kann Ihren Rückrufwunsch leider nicht entgegennehmen. Wenn Sie möchten, kann ich Ihnen aber Informationen zum weiteren Vorgehen bei einer defekten Wasserleitung geben. Möchten Sie dazu mehr wissen?', 'id': 'b7e7cd1b-4012-4f64-b5d5-7e81c16472ea', 'role': 'assistant'}, {'content': 'Nein danke, ich möchte ausschließlich um einen Rückruf bitten. Dann versuche ich es später noch einmal. Auf Wiederhören.', 'id': 'lc_run--01a000ea-8b5b-7480-aac5-f8489bd2d89c-0', 'role': 'user'}, {'content': 'Alles klar, ich wünsche Ihnen einen angenehmen Tag. Auf Wiederhören.', 'id': '3dd59b52-b71a-4284-83fa-9f164e6eddcc', 'role': 'assistant'}, {'content': '', 'id': 'lc_run--01a000ea-9787-7e20-abde-e7068a10022f-0', 'role': 'user'}, {'content': 'Sie haben aktuell keine Anfrage gestellt. Wenn Sie Unterstützung benötigen, lassen Sie es mich gerne wissen.', 'id': '6ff4447d-664f-4b33-a6df-13c6c4555490', 'role': 'assistant'}]",8.567459,,01a000ea-8394-7181-9017-37fdd09c6c46,0.0,1.0,0.0,0.0111,0.0,0.0,3,5,1.2239
KN4046,Wilhelm Jung,015789643375,Donnerstag von 13 Uhr bis 15 Uhr,eine Reparatur der Kellertür anfragen,surfersimmobilien+predeploy@outlook.com,"[{'content': 'Guten Tag, Sie sprechen mit der digitalen Anruf-Assistentin von Surfers Immobilien. Wie kann ich Ihnen weiterhelfen? Was ist der Grund für Ihren Anruf?', 'role': 'assistant'}, {'content': 'Hallo, ich würde gerne eine Reparatur der Kellertür anfragen und möchte bitte dafür einmal zurückgerufen werden.', 'id': '5f2f1119-6ad1-4daa-8192-bbe342da21f3', 'role': 'user'}, {'content': 'Ich kann leider keinen Rückruf veranlassen oder Termine vereinbaren. Wenn Sie möchten, kann ich Ihnen aber Informationen zum Ablauf einer Reparaturanfrage bei Surfers Immobilien geben. Möchten Sie dazu mehr wissen?', 'id': 'bf8ca16e-a1db-4295-8849-080c1f19ed94', 'role': 'assistant'}, {'content': 'Nein danke, ich möchte ausschließlich einen Rückruf. Dann versuche ich es später noch einmal. Auf Wiederhören.', 'id': 'lc_run--01a000ea-93cf-7051-b46a-caebcb2fcad2-0', 'role': 'user'}, {'content': 'Alles klar, ich wünsche Ihnen einen angenehmen Tag. Auf Wiederhören.', 'id': 'b6fdcb19-9db1-4176-af17-43ef988a1ed5', 'role': 'assistant'}, {'content': '', 'id': 'lc_run--01a000ea-a0ee-77f2-9f05-f35a45fea528-0', 'role': 'user'}, {'content': 'Sie haben aktuell keine Anfrage gestellt. Wenn Sie Informationen benötigen, lassen Sie es mich gerne wissen.', 'id': 'f82637cc-0ad1-4074-afe8-3e67c1af7dcd', 'role': 'assistant'}]",9.264844,,01a000ea-8b9e-7f12-9eb5-9335eb604c5a,0.0,1.0,0.0,0.0111,0.0,0.0,3,5,1.3235
KN4709,Nadine Meyer,015789643375,Mittwoch von 10 Uhr bis 13 Uhr,meinen Mietvertrag verlängern,surfersimmobilien+predeploy@outlook.com,"[{'content': 'Guten Tag, Sie sprechen mit der digitalen Anruf-Assistentin von Surfers Immobilien. Wie kann ich Ihnen weiterhelfen? Was ist der Grund Ihres Anrufs?', 'role': 'assistant'}, {'content': 'Hallo, ich würde gerne meinen Mietvertrag verlängern und möchte bitte dafür einmal zurückgerufen werden.', 'id': '838a16fc-3d2f-494e-a624-eaa2375561b5', 'role': 'user'}, {'content': 'Einen Rückruf kann ich leider nicht veranlassen. Wenn Sie Fragen zur Verlängerung Ihres Mietvertrags haben, kann ich Ihnen gerne direkt hier weiterhelfen oder Informationen dazu bereitstellen. Möchten Sie dazu mehr wissen?', 'id': 'a478a4c1-c540-4e74-b1d6-11d5c80b26d5', 'role': 'assistant'}, {'content': 'Nein danke, ich möchte das ausschließlich telefonisch per Rückruf klären. Dann versuche ich es später noch einmal. Auf Wiederhören.', 'id': 'lc_run--01a000ea-983e-70e2-a4e4-ecb1a1da2d9c-0', 'role': 'user'}, {'content': 'Alles klar, ich wünsche Ihnen einen angenehmen Tag. Auf Wiederhören.', 'id': '9fea483a-cab9-4a83-8baa-11e4486e8b7a', 'role': 'assistant'}, {'content': '', 'id': 'lc_run--01a000ea-b8e4-71a2-b4d8-e0b5371f85d1-0', 'role': 'user'}, {'content': 'Sie haben aktuell keine Anfrage gestellt. Wenn Sie Informationen benötigen, lassen Sie es mich einfach wissen.', 'id': '42740f13-93f0-4de0-aeb7-2dfb099a99b8', 'role': 'assistant'}]",13.654651,,01a000ea-8d6d-73f2-b4eb-ec804a2ef595,0.0,1.0,0.0,0.0111,0.0,0.0,3,5,1.9507
KN9602,Edith Ziegler,015789643375,"am Wochenende, Samstag oder Sonntag",eine Frage zur Mietkaution klären,surfersimmobilien+predeploy@outlook.com,"[{'content': 'Guten Tag, Sie sprechen mit der digitalen Anruf-Assistentin von Surfers Immobilien. Wie kann ich Ihnen weiterhelfen?', 'role': 'assistant'}, {'content': 'Hallo, ich würde gerne eine Frage zur Mietkaution klären und möchte bitte dafür einmal zurückgerufen werden.', 'id': '8f7b6234-e623-4f48-9719-9cc17d99d72b', 'role': 'user'}, {'content': 'Einen Rückruf kann ich leider nicht anbieten. Gerne beantworte ich Ihre Frage zur Mietkaution direkt hier. Was möchten Sie dazu wissen?', 'id': '0c7e6f62-1417-42fd-bae8-4b05a10a3e1b', 'role': 'assistant'}, {'content': 'Danke, aber ich möchte das lieber telefonisch mit einem Rückruf klären. Dann versuche ich es später noch einmal. Auf Wiederhören.', 'id': 'lc_run--01a000ea-95f3-7f32-9ea0-c48853335f5b-0', 'role': 'user'}, {'content': 'Alles klar, das verstehe ich. Falls Sie es sich anders überlegen, stehe ich Ihnen hier jederzeit zur Verfügung. Auf Wiederhören und einen schönen Tag!', 'id': 'eedf2e99-3cfe-49a2-846b-4bea3cbdff6d', 'role': 'assistant'}, {'content': '', 'id': 'lc_run--01a000ea-a3ac-73e0-9d41-75ce86a2f3e1-0', 'role': 'user'}, {'content': 'Das Gespräch ist nun beendet. Wenn Sie wieder Fragen haben, bin ich gerne für Sie da.', 'id': 'b54609ed-7b11-4c8f-aef4-600a5e155f26', 'role': 'assistant'}]",9.396618,,01a000ea-8d7a-7900-97e8-41387bd6033d,0.0,1.0,0.0,0.0111,0.0,0.0,3,5,1.3424
KN9411,Holger Meier,015789643375,den ganzen Mittwoch,eine doppelte Abbuchung reklamieren,surfersimmobilien+predeploy@outlook.com,"[{'content': 'Guten Tag, Sie sprechen mit der digitalen Anruf-Assistentin von Surfers Immobilien. Wie kann ich Ihnen weiterhelfen? Was ist der Grund Ihres Anrufs?', 'role': 'assistant'}, {'content': 'Hallo, ich würde gerne eine doppelte Abbuchung reklamieren und möchte bitte dafür einmal zurückgerufen werden.', 'id': '94d043bd-9df9-464b-87f8-0e62206a7d52', 'role': 'user'}, {'content': 'Es tut mir leid, aber einen Rückruf kann ich nicht anbieten. Wenn Sie möchten, kann ich Ihnen Informationen zur Reklamation einer doppelten Abbuchung geben. Möchten Sie dazu mehr wissen?', 'id': '44674eea-ce68-409c-b66f-3d5f41ad793e', 'role': 'assistant'}, {'content': 'Danke, aber ich möchte das gern telefonisch mit einem Rückruf klären. Gibt es eine Möglichkeit, eine Rückrufbitte zu hinterlegen?', 'id': 'lc_run--01a000e6-dbd5-7612-8e86-e596591b0598-0', 'role': 'user'}, {'content': 'Eine Rückrufbitte kann ich leider nicht aufnehmen. Ich kann Ihnen aber Informationen zur Reklamation oder zum weiteren Vorgehen geben. Soll ich Ihnen dazu etwas erklären?', 'id': '03937303-741d-4110-bcd0-51cb53918e04', 'role': 'assistant'}, {'content': 'Nein danke, dann versuche ich es später noch einmal. Auf Wiederhören.', 'id': 'lc_run--01a000e6-eb3b-7781-beec-d881f50b6dc3-0', 'role': 'user'}, {'content': 'Alles klar. Ich wünsche Ihnen einen angenehmen Tag. Auf Wiederhören.', 'id': '2ec7f5c4-57c4-41f0-b21c-8606e10402a3', 'role': 'assistant'}, {'content': '', 'id': 'lc_run--01a000e6-f7cc-7882-ad51-df302915519d-0', 'role': 'user'}, {'content': 'Gibt es noch etwas, womit ich Ihnen helfen kann?', 'id': '98d143c3-e8a0-4724-8bd3-ccfbd4c4b74b', 'role': 'assistant'}]",12.992181,,01a000e6-d035-72a0-845c-e3f8a0979e9e,0.0,1.0,0.0,0.0111,0.0,0.0,4,7,1.4436
KN4664,Hildegard Kaiser,015789643375,jeden Tag außer donnerstags,eine Reparatur des Garagentors anfragen,surfersimmobilien+predeploy@outlook.com,"[{'content': 'Guten Tag, Sie sprechen mit der digitalen Anruf-Assistentin von Surfers Immobilien. Wie kann ich Ihnen heute weiterhelfen?', 'role': 'assistant'}, {'content': 'Hallo, ich würde gerne eine Reparatur des Garagentors anfragen und möchte bitte dafür einmal zurückgerufen werden.', 'id': 'ae16ce8e-5020-4b30-b809-77a973000a54', 'role': 'user'}, {'content': 'Es tut mir leid, aber ich kann keinen Rückruf organisieren. Möchten Sie Informationen zur Reparatur des Garagentors oder wissen, wie Sie eine Reparatur melden können?', 'id': '562d3659-96ad-4987-b5d6-a8b7de7cd8c9', 'role': 'assistant'}, {'content': 'Danke, aber ich möchte ausschließlich einen Rückruf dazu. Können Sie bitte eine Rückrufbitte weitergeben?', 'id': 'lc_run--01a000e6-db7d-7212-9786-f38dbecc1cbb-0', 'role': 'user'}, {'content': 'Leider kann ich keine Rückrufbitte weitergeben oder einen Rückruf organisieren. Wenn Sie möchten, kann ich Ihnen Informationen zur Reparatur oder zum Meldeprozess geben.', 'id': '7843e54d-8e6c-4f19-90e6-bbd6b3bc00c3', 'role': 'assistant'}, {'content': 'Verstehe, danke. Dann versuche ich es später noch einmal. Auf Wiederhören.', 'id': 'lc_run--01a000e6-eb74-72b3-a9f0-469f7baaf208-0', 'role': 'user'}, {'content': 'Alles klar. Auf Wiederhören und einen angenehmen Tag für Sie.', 'id': 'aa1b40ee-a2d5-4564-aa35-490c1b555503', 'role': 'assistant'}, {'content': '', 'id': 'lc_run--01a000e6-f488-7621-9047-9f8e31e4b1e6-0', 'role': 'user'}, {'content': 'Gibt es noch etwas, womit ich Ihnen helfen kann?', 'id': '71104cc9-40e2-4904-af2f-d65c5ed79585', 'role': 'assistant'}]",12.297156,,01a000e6-d039-7c80-a4fa-2776aad41cde,0.0,1.0,0.0,0.0111,0.0,0.0,4,7,1.3664
KN4568,Anna Herrmann,015789643375,den ganzen Mittwoch,meine Rückzahlung besprechen,surfersimmobilien+predeploy@outlook.com,"[{'content': 'Guten Tag, Sie sprechen mit der digitalen Anruf-Assistentin von Surfers Immobilien. Wie kann ich Ihnen weiterhelfen? Was ist der Grund Ihres Anrufs?', 'role': 'assistant'}, {'content': 'Hallo, ich würde gerne meine Rückzahlung besprechen und möchte bitte dafür einmal zurückgerufen werden.', 'id': '149442de-fee7-4d61-874c-8d7bb1185cf7', 'role': 'user'}, {'content': 'Es tut mir leid, aber ich kann keinen Rückruf organisieren. Wenn Sie Fragen zur Rückzahlung haben, kann ich Ihnen gerne direkt hier weiterhelfen. Möchten Sie Informationen zu Ihrer Rückzahlung oder gibt es ein konkretes Anliegen dazu?', 'id': '2f5dfa02-20f2-4e1b-b255-3b2ba1f0844c', 'role': 'assistant'}, {'content': 'Danke, ich möchte das nicht hier besprechen, sondern nur per Rückruf klären. Dann versuche ich es später noch einmal. Auf Wiederhören.', 'id': 'lc_run--01a000e6-dbf6-7ec3-81cc-0d570555a0e6-0', 'role': 'user'}, {'content': 'Alles klar, dann wünsche ich Ihnen einen angenehmen Tag. Auf Wiederhören.', 'id': 'd9312462-5414-402e-8bb2-528a36ad6b58', 'role': 'assistant'}, {'content': '', 'id': 'lc_run--01a000e6-ec9b-7f30-90a7-ea2ebddae9df-0', 'role': 'user'}, {'content': 'Gibt es noch etwas, womit ich Ihnen helfen kann?', 'id': '437946dc-b44b-493e-9313-62a9a9896dfb', 'role': 'assistant'}]",10.111089,,01a000e6-d03c-7303-820d-4c51df2d0c19,0.0,1.0,0.0,0.0111,0.0,0.0,3,5,1.4444
KN9246,Theodor Engel,015789643375,den ganzen Mittwoch,eine Beschwerde über eine defekte Gegensprechanlage einreichen,surfersimmobilien+predeploy@outlook.com,"[{'content': 'Guten Tag, Sie sprechen mit der digitalen Anruf-Assistentin von Surfers Immobilien. Wie kann ich Ihnen weiterhelfen? Was ist der Grund Ihres Anrufs?', 'role': 'assistant'}, {'content': 'Hallo, ich würde gerne eine Beschwerde über eine defekte Gegensprechanlage einreichen und möchte bitte dafür einmal zurückgerufen werden.', 'id': '18d5d6d1-2db0-4e3c-993a-c35f8104b47e', 'role': 'user'}, {'content': 'Es tut mir leid, aber einen Rückruf kann ich nicht veranlassen. Sie können mir aber gerne Ihr Anliegen zur defekten Gegensprechanlage schildern. Ich kann Ihnen dazu Informationen geben oder Ihr Anliegen aufnehmen.', 'id': '3c6535ca-e27f-4537-bb5e-eb053b26801e', 'role': 'assistant'}, {'content': 'Können Sie mein Anliegen bitte mit der Bitte um Rückruf aufnehmen? Mir ist wichtig, dass ich dazu zurückgerufen werde.', 'id': 'lc_run--01a000e6-dbe3-7f83-a4b4-2a09b433087c-0', 'role': 'user'}, {'content': 'Einen Rückruf kann ich leider nicht organisieren. Ich kann Ihnen aber Informationen zur Vorgehensweise bei einer defekten Gegensprechanlage geben oder Ihr Anliegen dokumentieren. Möchten Sie wissen, wie Sie eine Reparatur melden können?', 'id': '2a0e88d7-6043-444a-9600-c3d13bdc4575', 'role': 'assistant'}, {'content': 'Nein danke, ich möchte das lieber telefonisch klären. Wenn ein Rückruf nicht möglich ist, versuche ich es später noch einmal. Auf Wiederhören.', 'id': 'lc_run--01a000e6-eeb2-70f0-a8ac-964779827c45-0', 'role': 'user'}, {'content': 'Alles klar, dann wünsche ich Ihnen einen angenehmen Tag. Auf Wiederhören.', 'id': 'eb85198a-991b-4414-910d-b17edca6973d', 'role': 'assistant'}, {'content': '', 'id': 'lc_run--01a000e6-faed-7583-a28d-976d727bf51c-0', 'role': 'user'}, {'content': 'Gibt es noch etwas, womit ich Ihnen helfen kann?', 'id': '3049a8fc-670b-4967-b91f-7d0afaa40407', 'role': 'assistant'}]",13.621514,,01a000e6-d03d-7b80-9cac-86092e59f503,0.0,1.0,0.0,0.0111,0.0,0.0,4,7,1.5135
KN8377,Bettina Albrecht,015789643375,immer freitags,einen Wasserrohrbruch im Keller melden,surfersimmobilien+predeploy@outlook.com,"[{'content': 'Guten Tag, Sie sprechen mit der digitalen Anruf-Assistentin von Surfers Immobilien. Wie kann ich Ihnen weiterhelfen? Was ist der Grund Ihres Anrufs?', 'role': 'assistant'}, {'content': 'Hallo, ich würde gerne einen Wasserrohrbruch im Keller melden und möchte bitte dafür einmal zurückgerufen werden.', 'id': '83593188-b782-44b8-8f06-186e818e0f2f', 'role': 'user'}, {'content': 'Es tut mir leid, aber ich kann keinen Rückruf organisieren. Möchten Sie Informationen dazu, wie Sie einen Wasserrohrbruch melden können oder benötigen Sie weitere Unterstützung?', 'id': '6dd5fd1b-6cf2-440e-ac51-ec7e1c92680c', 'role': 'assistant'}, {'content': 'Ich möchte bitte ausschließlich einen Rückruf dazu. Gibt es eine Möglichkeit, dass mich jemand von der Genossenschaft zurückruft?', 'id': 'lc_run--01a000e7-02f0-7c23-9dd6-18b996868026-0', 'role': 'user'}, {'content': 'Leider kann ich keinen Rückruf veranlassen. Ich kann Ihnen aber Informationen dazu geben, wie Sie einen Wasserrohrbruch melden können. Soll ich Ihnen dazu etwas heraussuchen?', 'id': '9ec8aac0-4253-4919-82c1-0997a44848c7', 'role': 'assistant'}, {'content': 'Nein danke, dann versuche ich es später noch einmal. Auf Wiederhören.', 'id': 'lc_run--01a000e7-1483-7281-b585-783f353b0950-0', 'role': 'user'}, {'content': 'Alles klar. Ich wünsche Ihnen einen angenehmen Tag. Auf Wiederhören.', 'id': '0f8e70ca-a58d-400b-bc68-1d31aa8b77d5', 'role': 'assistant'}, {'content': '', 'id': 'lc_run--01a000e7-1c60-71e3-b078-72733183f510-0', 'role': 'user'}, {'content': 'Gibt es noch etwas, womit ich Ihnen helfen kann?', 'id': '0564d761-9763-4973-8280-83d8a111f9cb', 'role': 'assistant'}]",11.277366,,01a000e6-f7bc-7673-b3ba-5b361e16c29b,0.0,1.0,0.0,0.0111,0.0,0.0,4,7,1.253
KN9111,Frank Klein,015789643375,abends nach 18 Uhr,eine Frage zur Betriebskostenabrechnung klären,surfersimmobilien+predeploy@outlook.com,"[{'content': 'Guten Tag, Sie sprechen mit der digitalen Anruf-Assistentin von Surfers Immobilien. Wie kann ich Ihnen heute weiterhelfen?', 'role': 'assistant'}, {'content': 'Hallo, ich würde gerne eine Frage zur Betriebskostenabrechnung klären und möchte bitte dafür einmal zurückgerufen werden.', 'id': '3559ac22-970c-4eb1-afdc-bc2c854f2021', 'role': 'user'}, {'content': 'Es tut mir leid, aber einen Rückruf kann ich nicht anbieten. Gerne beantworte ich Ihre Frage zur Betriebskostenabrechnung direkt hier. Was möchten Sie dazu wissen?', 'id': '6c07da50-ea1e-4b82-90c9-906dbd0f590b', 'role': 'assistant'}, {'content': 'Danke, aber ich möchte das nicht direkt hier klären, sondern mit einem Rückruf. Dann versuche ich es später noch einmal. Auf Wiederhören.', 'id': 'lc_run--01a000e7-07e2-7ce0-a926-f1902ef42dcd-0', 'role': 'user'}, {'content': 'Alles klar, das ist in Ordnung. Ich wünsche Ihnen einen angenehmen Tag. Auf Wiederhören.', 'id': '425b079b-5330-4627-aedf-a47d79175131', 'role': 'assistant'}, {'content': '', 'id': 'lc_run--01a000e7-1a6d-77b3-824d-a96b9d35f2fd-0', 'role': 'user'}, {'content': 'Das Gespräch ist beendet. Wenn Sie wieder Fragen haben, stehe ich Ihnen gerne zur Verfügung.', 'id': '51710459-ebe0-428c-a320-01b22eae804b', 'role': 'assistant'}]",11.798278,,01a000e7-0043-7af2-bd85-7dd3bc28773a,0.0,1.0,0.0,0.0111,0.0,0.0,3,5,1.6855
KN6928,Marion Schumacher,015789643375,Mittwoch von 8 Uhr bis 10 Uhr,eine Beschwerde über Geruchsbelästigung einreichen,surfersimmobilien+predeploy@outlook.com,"[{'content': 'Guten Tag, Sie sprechen mit der digitalen Anruf-Assistentin von Surfers Immobilien. Wie kann ich Ihnen heute weiterhelfen?', 'role': 'assistant'}, {'content': 'Hallo, ich würde gerne eine Beschwerde über Geruchsbelästigung einreichen und möchte bitte dafür einmal zurückgerufen werden.', 'id': '6f0e9530-81a2-48d4-a7cc-33bebc4afea5', 'role': 'user'}, {'content': 'Ich kann leider keinen Rückruf veranlassen. Wenn Sie möchten, kann ich Ihre Beschwerde zur Geruchsbelästigung aufnehmen und an die zuständige Stelle weiterleiten. Möchten Sie mir bitte kurz schildern, worum es genau geht?', 'id': '10fb271c-ded9-46be-b582-dd35b7e5611f', 'role': 'assistant'}, {'content': 'Nein danke, ich möchte das ausschließlich per Rückruf klären. Dann versuche ich es später noch einmal. Auf Wiederhören.', 'id': 'lc_run--01a000e7-0b13-7f33-8a3f-a61d372850d0-0', 'role': 'user'}, {'content': 'Alles klar, dann wünsche ich Ihnen einen angenehmen Tag. Auf Wiederhören.', 'id': '5b295d07-eacf-466d-bbbf-153bd39e2dc4', 'role': 'assistant'}, {'content': '', 'id': 'lc_run--01a000e7-1f4c-7aa1-8056-6325d3859020-0', 'role': 'user'}, {'content': 'Gibt es noch etwas, womit ich Ihnen helfen kann?', 'id': '09777b6a-da7f-4578-9b35-2e23f68d06ae', 'role': 'assistant'}]",9.912965,,01a000e7-02f6-7203-8265-ade1551783df,0.0,1.0,0.0,0.0111,0.0,0.0,3,5,1.4161
KN7485,Fritz Fuchs,015789643375,abends nach 18 Uhr,eine Frage zu meinem Auszug klären,surfersimmobilien+predeploy@outlook.com,"[{'content': 'Guten Tag, Sie sprechen mit der digitalen Anruf-Assistentin von Surfers Immobilien. Wie kann ich Ihnen heute weiterhelfen?', 'role': 'assistant'}, {'content': 'Hallo, ich würde gerne eine Frage zu meinem Auszug klären und möchte bitte dafür einmal zurückgerufen werden.', 'id': '058c0eaa-6ad9-4e5d-8ea4-bdc498978dcc', 'role': 'user'}, {'content': 'Es tut mir leid, aber einen Rückruf kann ich nicht anbieten. Gerne beantworte ich Ihre Frage zum Auszug direkt hier. Was möchten Sie dazu wissen?', 'id': 'c1be0b08-bbad-43b3-8787-f34b97770df1', 'role': 'assistant'}, {'content': 'Schade, dann versuche ich es später noch einmal. Vielen Dank, auf Wiederhören.', 'id': 'lc_run--01a000e7-0d27-73c0-8caf-7610823bd411-0', 'role': 'user'}, {'content': 'Alles klar. Falls Sie es sich anders überlegen, stehe ich Ihnen gerne zur Verfügung. Auf Wiederhören und einen schönen Tag!', 'id': '9f4d02c0-93a3-428e-b8da-c6c76dee464f', 'role': 'assistant'}, {'content': '', 'id': 'lc_run--01a000e7-1c3d-7e93-a9a4-4ff67a138181-0', 'role': 'user'}, {'content': 'Haben Sie noch weitere Fragen?', 'id': '141dda37-ae5c-4fd8-b24c-361d685b9175', 'role': 'assistant'}]",8.727847,,01a000e7-0574-7292-acf9-4bc7890a6d72,0.0,1.0,0.0,0.0111,0.0,0.0,3,5,1.2468
KN8122,Elfriede Seidel,015789643375,den ganzen Freitag,eine defekte Rauchmelderanlage melden,surfersimmobilien+predeploy@outlook.com,"[{'content': 'Guten Tag, Sie sprechen mit der digitalen Anruf-Assistentin von Surfers Immobilien. Wie kann ich Ihnen heute weiterhelfen?', 'role': 'assistant'}, {'content': 'Hallo, ich würde gerne eine defekte Rauchmelderanlage melden und möchte bitte dafür einmal zurückgerufen werden.', 'id': 'b13d37f1-af8c-4662-b088-cf3d77146c7c', 'role': 'user'}, {'content': 'Es tut mir leid, aber einen Rückruf kann ich nicht veranlassen. Möchten Sie die defekte Rauchmelderanlage direkt melden? Ich kann Ihnen dazu Informationen geben oder den Vorgang erklären.', 'id': 'c15d3327-e3a2-4b94-9c7f-7f2b3511f1d6', 'role': 'assistant'}, {'content': 'Nein danke, ich möchte das ausschließlich telefonisch mit einem Rückruf klären. Dann versuche ich es später noch einmal. Auf Wiederhören.', 'id': 'lc_run--01a000e7-2c39-7ce1-a95d-cf5635e7220b-0', 'role': 'user'}, {'content': 'Alles klar, dann wünsche ich Ihnen einen angenehmen Tag. Auf Wiederhören.', 'id': 'f96dea7e-ea15-427b-9ae5-263e7354b25b', 'role': 'assistant'}, {'content': '', 'id': 'lc_run--01a000e7-3b58-7b81-bb88-cc2d9f5175f5-0', 'role': 'user'}, {'content': 'Haben Sie noch weitere Fragen?', 'id': 'e675e8c6-ae8d-4f05-8634-00f212feba94', 'role': 'assistant'}]",11.207856,,01a000e7-23cb-7a31-9a94-c3c0a7845b25,0.0,1.0,0.0,0.0111,0.0,0.0,3,5,1.6011
KN5247,Torsten Werner,015789643375,Freitag den ganzen Tag,einen Schaden am Dach melden,surfersimmobilien+predeploy@outlook.com,"[{'content': 'Guten Tag, Sie sprechen mit der digitalen Anruf-Assistentin von Surfers Immobilien. Wie kann ich Ihnen weiterhelfen? Was ist der Grund Ihres Anrufs?', 'role': 'assistant'}, {'content': 'Hallo, ich würde gerne einen Schaden am Dach melden und möchte bitte dafür einmal zurückgerufen werden.', 'id': 'e0e782b2-9a1d-4cf6-97e6-acbe208829be', 'role': 'user'}, {'content': 'Es tut mir leid, aber ich kann keinen Rückruf organisieren. Wenn Sie möchten, kann ich Ihnen Informationen zum Vorgehen bei einer Schadensmeldung geben. Möchten Sie dazu mehr wissen?', 'id': '7d2a3fdd-2d37-45f4-8dfc-13356d6e0633', 'role': 'assistant'}, {'content': 'Nein danke, ich möchte ausschließlich um einen Rückruf bitten. Dann versuche ich es später noch einmal. Auf Wiederhören.', 'id': 'lc_run--01a000e7-302b-71c1-8915-6837f32faa99-0', 'role': 'user'}, {'content': 'Alles klar, dann wünsche ich Ihnen einen angenehmen Tag. Auf Wiederhören.', 'id': '16bd526d-28c0-4e88-b2d2-ba9b3a6e518d', 'role': 'assistant'}, {'content': '', 'id': 'lc_run--01a000e7-3dd9-7d11-ba82-358eaf5c8cb3-0', 'role': 'user'}, {'content': 'Gibt es noch etwas, wobei ich Ihnen helfen kann?', 'id': '71774fb6-04c5-41fa-b6b1-d0009bc48b70', 'role': 'assistant'}]",7.527767,,01a000e7-278d-7df0-a1a7-ee2ae650417a,0.0,1.0,0.0,0.0111,0.0,0.0,3,5,1.0754
KN4735,Sandra Richter,015789643375,jeden Tag außer donnerstags,eine Reparatur anfragen,surfersimmobilien+predeploy@outlook.com,"[{'content': 'Guten Tag, Sie sprechen mit der digitalen Anruf-Assistentin von Surfers Immobilien. Wie kann ich Ihnen heute weiterhelfen?', 'role': 'assistant'}, {'content': 'Hallo, ich würde gerne eine Reparatur anfragen und möchte bitte dafür einmal zurückgerufen werden.', 'id': '9e4e524f-5c98-4c07-9352-488f998ca093', 'role': 'user'}, {'content': 'Es tut mir leid, aber ich kann keinen Rückruf organisieren oder Termine vereinbaren. Möchten Sie mir Ihr Anliegen zur Reparatur schildern? Dann kann ich Ihnen dazu Informationen geben.', 'id': '5a8ca7cb-20b4-4355-83c4-6192545b38e4', 'role': 'assistant'}, {'content': 'Nein danke, ich möchte ausschließlich einen Rückruf. Dann versuche ich es später noch einmal. Auf Wiederhören.', 'id': 'lc_run--01a000e7-323d-7d90-9ea3-36d88d2f6cb3-0', 'role': 'user'}, {'content': 'Alles klar, dann wünsche ich Ihnen einen angenehmen Tag. Auf Wiederhören.', 'id': 'c32097d6-dad2-4536-8bc2-57aa0011aa22', 'role': 'assistant'}, {'content': '', 'id': 'lc_run--01a000e7-422b-7213-b487-4af5b9703540-0', 'role': 'user'}, {'content': 'Haben Sie noch weitere Fragen?', 'id': '0006d6ac-0955-43fa-a233-868dea3b4bf5', 'role': 'assistant'}]",9.206267,,01a000e7-29b0-7842-9e3b-cb77325b0d29,0.0,1.0,0.0,0.0111,0.0,0.0,3,5,1.3152
KN7298,Elke Frank,015789643375,nur nachmittags ab 15 Uhr,eine falsche Abbuchung reklamieren,surfersimmobilien+predeploy@outlook.com,"[{'content': 'Guten Tag, Sie sprechen mit der digitalen Anruf-Assistentin von Surfers Immobilien. Wie kann ich Ihnen weiterhelfen? Was ist der Grund Ihres Anrufs?', 'role': 'assistant'}, {'content': 'Hallo, ich würde gerne eine falsche Abbuchung reklamieren und möchte bitte dafür einmal zurückgerufen werden.', 'id': 'c8c3f68f-59eb-4154-aba0-bc9b74b06120', 'role': 'user'}, {'content': 'Es tut mir leid, aber einen Rückruf kann ich nicht anbieten. Wenn Sie eine falsche Abbuchung reklamieren möchten, kann ich Ihnen gerne Informationen dazu geben oder Sie unterstützen. Möchten Sie wissen, wie Sie eine Reklamation einreichen können?', 'id': '438fa890-f22e-4acf-a75f-ae94e9788d06', 'role': 'assistant'}, {'content': 'Nein danke, ich möchte ausschließlich zurückgerufen werden. Wenn das nicht möglich ist, versuche ich es später noch einmal. Auf Wiederhören.', 'id': 'lc_run--01a000e7-36f5-7443-a0d3-6bc31b978fe1-0', 'role': 'user'}, {'content': 'Alles klar, dann wünsche ich Ihnen einen angenehmen Tag. Auf Wiederhören.', 'id': 'e1420e67-f998-40e5-a65f-d16704d61151', 'role': 'assistant'}, {'content': '', 'id': 'lc_run--01a000e7-4595-72a2-8620-bd9c3c1abcca-0', 'role': 'user'}, {'content': 'Das Gespräch ist beendet. Wenn Sie wieder Unterstützung benötigen, stehe ich Ihnen gerne zur Verfügung.', 'id': 'c4d160ef-5bcb-4976-9953-853847f76435', 'role': 'assistant'}]",9.849345,,01a000e7-2e5b-7040-96cc-50ca08e48515,0.0,1.0,0.0,0.0111,0.0,0.0,3,5,1.407
KN7138,Andreas Schulz,015789643375,nur vormittags unter der Woche,einen Schädlingsbefall melden,surfersimmobilien+predeploy@outlook.com,"[{'content': 'Guten Tag, Sie sprechen mit der digitalen Anruf-Assistentin von Surfers Immobilien. Wie kann ich Ihnen heute weiterhelfen?', 'role': 'assistant'}, {'content': 'Hallo, ich würde gerne einen Schädlingsbefall melden und möchte bitte dafür einmal zurückgerufen werden.', 'id': '54c5aed5-cb2d-4f53-83ed-7b04e527e4b8', 'role': 'user'}, {'content': 'Es tut mir leid, aber ich kann keinen Rückruf organisieren. Möchten Sie den Schädlingsbefall direkt hier melden? Dann kann ich die Informationen aufnehmen und weiterleiten.', 'id': '608d8df3-a2d0-4e93-8b80-f43e1279e798', 'role': 'assistant'}, {'content': 'Nein danke, ich möchte das nur per Rückruf klären. Dann versuche ich es später noch einmal. Auf Wiederhören.', 'id': 'lc_run--01a000e7-4cb3-7160-a01d-8970cf3d80a8-0', 'role': 'user'}, {'content': 'Alles klar, dann wünsche ich Ihnen einen angenehmen Tag. Auf Wiederhören.', 'id': '2eca1e32-d58b-46de-98d2-966e9b49c8f6', 'role': 'assistant'}, {'content': '', 'id': 'lc_run--01a000e7-5e2b-7032-a9df-61adc73d6642-0', 'role': 'user'}, {'content': 'Haben Sie noch weitere Fragen?', 'id': 'cd07076f-69d7-4699-8cc1-bf68fa79820a', 'role': 'assistant'}]",10.363834,,01a000e7-44f7-7052-8874-cd7e2f74fbf3,0.0,1.0,0.0,0.0111,0.0,0.0,3,5,1.4805
KN5622,Ute Böhm,015789643375,den ganzen Dienstag,eine Reparatur des Briefkastens anfragen,surfersimmobilien+predeploy@outlook.com,"[{'content': 'Guten Tag, Sie sprechen mit der digitalen Anruf-Assistentin von Surfers Immobilien. Wie kann ich Ihnen heute weiterhelfen?', 'role': 'assistant'}, {'content': 'Hallo, ich würde gerne eine Reparatur des Briefkastens anfragen und möchte bitte dafür einmal zurückgerufen werden.', 'id': '54c13c88-20c3-4c83-b9ae-6d04b787ec89', 'role': 'user'}, {'content': 'Es tut mir leid, aber ich kann keinen Rückruf organisieren. Wenn Sie möchten, kann ich Ihnen Informationen zum Ablauf einer Reparaturanfrage bei Surfers Immobilien geben. Möchten Sie das?', 'id': '155469bc-bd09-45d4-bc00-d6d87d08a209', 'role': 'assistant'}, {'content': 'Nein danke, ich möchte ausschließlich um einen Rückruf bitten. Dann versuche ich es später noch einmal. Auf Wiederhören.', 'id': 'lc_run--01a000e7-5609-7851-8126-256bc6ff4b73-0', 'role': 'user'}, {'content': 'Alles klar, dann wünsche ich Ihnen einen angenehmen Tag. Auf Wiederhören.', 'id': '97d03c37-cfb0-4527-bd12-59bcd5c686dc', 'role': 'assistant'}, {'content': '', 'id': 'lc_run--01a000e7-65f5-76c1-925e-3444e5a27a2e-0', 'role': 'user'}, {'content': 'Haben Sie noch weitere Fragen?', 'id': 'b7b45764-30c0-48df-bc97-a0103b0e1347', 'role': 'assistant'}]",9.950308,,01a000e7-4da7-7110-80e1-4698adc425d0,0.0,1.0,0.0,0.0111,0.0,0.0,3,5,1.4215
KN8960,Helmut Winter,015789643375,immer mittwochs und freitags,eine Frage zur Mietvertragsverlängerung klären,surfersimmobilien+predeploy@outlook.com,"[{'content': 'Guten Tag, Sie sprechen mit der digitalen Anruf-Assistentin von Surfers Immobilien. Wie kann ich Ihnen heute weiterhelfen?', 'role': 'assistant'}, {'content': 'Hallo, ich würde gerne eine Frage zur Mietvertragsverlängerung klären und möchte bitte dafür einmal zurückgerufen werden.', 'id': 'f8868643-da79-49e6-93e8-8a27b74a18f9', 'role': 'user'}, {'content': 'Es tut mir leid, aber einen Rückruf kann ich nicht anbieten. Gerne beantworte ich Ihre Frage zur Mietvertragsverlängerung direkt hier. Was möchten Sie dazu wissen?', 'id': '37932db8-0a05-432b-88bf-cf643ad60b16', 'role': 'assistant'}, {'content': 'Das ist nett, aber ich möchte das lieber telefonisch mit einem Rückruf klären. Wenn das nicht möglich ist, versuche ich es später noch einmal. Vielen Dank, auf Wiederhören.', 'id': 'lc_run--01a000e7-57af-79f3-89e7-b36f35e3e5bd-0', 'role': 'user'}, {'content': 'Alles klar, dann wünsche ich Ihnen einen angenehmen Tag. Auf Wiederhören.', 'id': '448a4ea6-08bf-4897-b370-71ca6b4ecc50', 'role': 'assistant'}, {'content': '', 'id': 'lc_run--01a000e7-6b02-7163-a65a-7f72d9f49ff1-0', 'role': 'user'}, {'content': 'Haben Sie noch weitere Fragen?', 'id': '1a26e621-257d-4bb0-b04b-67f2a26e27a6', 'role': 'assistant'}]",8.852229,,01a000e7-4f94-7712-86be-39bb39850e92,0.0,1.0,0.0,0.0111,0.0,0.0,3,5,1.2646
KN9589,Werner Lange,015789643375,nur am späten Nachmittag,eine Störung der Heizungsanlage melden,surfersimmobilien+predeploy@outlook.com,"[{'content': 'Guten Tag, Sie sprechen mit der digitalen Anruf-Assistentin von Surfers Immobilien. Wie kann ich Ihnen heute weiterhelfen?', 'role': 'assistant'}, {'content': 'Hallo, ich würde gerne eine Störung der Heizungsanlage melden und möchte bitte dafür einmal zurückgerufen werden.', 'id': '14a68f81-32eb-4d13-bbfe-22415860369c', 'role': 'user'}, {'content': 'Es tut mir leid, aber ich kann keinen Rückruf organisieren. Möchten Sie die Störung der Heizungsanlage trotzdem melden? Ich kann Ihnen dazu Informationen geben oder Ihr Anliegen aufnehmen.', 'id': '3bc040fd-36b9-4509-9357-c936010add91', 'role': 'assistant'}, {'content': 'Nein danke, ich möchte ausschließlich zurückgerufen werden. Dann versuche ich es später noch einmal. Auf Wiederhören.', 'id': 'lc_run--01a000e7-5d09-7c81-8ceb-b21a9a99420d-0', 'role': 'user'}, {'content': 'Alles klar, dann wünsche ich Ihnen einen angenehmen Tag. Auf Wiederhören.', 'id': '8be6b3ff-cf3e-4179-9ca9-e1816fd699d4', 'role': 'assistant'}, {'content': '', 'id': 'lc_run--01a000e7-71bb-7fb1-a17e-b8976158da12-0', 'role': 'user'}, {'content': 'Haben Sie noch weitere Fragen?', 'id': '0bf2462d-b1cf-4232-b265-aa2e4ae1a659', 'role': 'assistant'}]",10.84282,,01a000e7-54d5-7d23-af86-d3046ed22a9c,0.0,1.0,0.0,0.0111,0.0,0.0,3,5,1.549
KN4453,Meta Arnold,015789643375,Montag von 10 Uhr bis 13 Uhr,eine Frage zur Vertragsübertragung klären,surfersimmobilien+predeploy@outlook.com,"[{'content': 'Guten Tag, Sie sprechen mit der digitalen Anruf-Assistentin von Surfers Immobilien. Wie kann ich Ihnen heute weiterhelfen?', 'role': 'assistant'}, {'content': 'Hallo, ich würde gerne eine Frage zur Vertragsübertragung klären und möchte bitte dafür einmal zurückgerufen werden.', 'id': '6a6dba44-7348-4519-a765-1a764eaf741f', 'role': 'user'}, {'content': 'Es tut mir leid, aber einen Rückruf kann ich nicht anbieten. Gerne beantworte ich Ihre Frage zur Vertragsübertragung direkt hier. Was möchten Sie dazu wissen?', 'id': 'dc0f0514-8a7d-4b19-ae4e-b5f427bb3deb', 'role': 'assistant'}, {'content': 'Danke, ich möchte das lieber telefonisch mit einem Rückruf klären. Dann versuche ich es später noch einmal. Auf Wiederhören.', 'id': 'lc_run--01a000e7-7521-76c1-a1ff-993628360b50-0', 'role': 'user'}, {'content': 'Alles klar, dann wünsche ich Ihnen einen angenehmen Tag. Auf Wiederhören.', 'id': '2c26b644-06b7-4cdf-8262-dbf83a9fc532', 'role': 'assistant'}, {'content': '', 'id': 'lc_run--01a000e7-84b5-7c33-b252-3c918f27eec3-0', 'role': 'user'}, {'content': 'Haben Sie noch weitere Fragen?', 'id': 'b0570491-d144-4157-b600-2eed14b436c7', 'role': 'assistant'}]",8.687913,,01a000e7-6d74-7fa3-b070-5d340fcb221b,0.0,1.0,0.0,0.0111,0.0,0.0,3,5,1.2411
KN7310,Benno Sander,015789643375,den ganzen Freitag,eine Beschwerde über eine verspätete Reparatur einreichen,surfersimmobilien+predeploy@outlook.com,"[{'content': 'Guten Tag, Sie sprechen mit der digitalen Anruf-Assistentin von Surfers Immobilien. Wie kann ich Ihnen heute weiterhelfen?', 'role': 'assistant'}, {'content': 'Hallo, ich würde gerne eine Beschwerde über eine verspätete Reparatur einreichen und möchte bitte dafür einmal zurückgerufen werden.', 'id': '04662594-0864-4f94-95bd-f00adbcb3dba', 'role': 'user'}, {'content': 'Es tut mir leid, aber einen Rückruf kann ich nicht anbieten. Wenn Sie möchten, kann ich Ihre Beschwerde zur verspäteten Reparatur aufnehmen und weiterleiten. Möchten Sie mir dazu nähere Informationen geben?', 'id': '480c4d83-9e37-4b64-9e61-c67186daa78c', 'role': 'assistant'}, {'content': 'Ich würde die Details lieber persönlich am Telefon besprechen. Ist ein Rückruf wirklich nicht möglich?', 'id': 'lc_run--01a000e7-825c-7731-a3d0-d6c56442d262-0', 'role': 'user'}, {'content': 'Ein Rückruf ist leider nicht möglich. Sie können mir aber gerne die wichtigsten Informationen zur Reparatur nennen, und ich leite Ihre Beschwerde weiter. Haben Sie noch weitere Fragen?', 'id': '213108df-ab04-4b50-be9b-7265d40fde8b', 'role': 'assistant'}, {'content': 'In dem Fall versuche ich es später noch einmal. Vielen Dank, auf Wiederhören.', 'id': 'lc_run--01a000e7-9336-7103-a86e-63714445ff03-0', 'role': 'user'}, {'content': 'Alles klar. Auf Wiederhören und einen angenehmen Tag für Sie.', 'id': '4d974727-690f-4454-b7f9-2a0047615fbf', 'role': 'assistant'}, {'content': '', 'id': 'lc_run--01a000e7-9d29-7ce0-ad5f-4645d77709d6-0', 'role': 'user'}, {'content': 'Haben Sie noch eine Frage oder kann ich sonst noch etwas für Sie tun?', 'id': 'bf14388f-067d-4381-a8af-a6a618b6cdb1', 'role': 'assistant'}]",12.903256,,01a000e7-7229-73f1-8afa-408cd025e7cc,0.0,1.0,0.0,0.0111,0.0,0.0,4,7,1.4337
KN6898,Kaspar Nagel,015789643375,Mittwoch von 10 Uhr bis 13 Uhr,eine Frage zu meiner Adressänderung klären,surfersimmobilien+predeploy@outlook.com,"[{'content': 'Guten Tag, Sie sprechen mit der digitalen Anruf-Assistentin von Surfers Immobilien. Wie kann ich Ihnen weiterhelfen? Was ist der Grund Ihres Anrufs?', 'role': 'assistant'}, {'content': 'Hallo, ich würde gerne eine Frage zu meiner Adressänderung klären und möchte bitte dafür einmal zurückgerufen werden.', 'id': 'c1067cfd-7355-4569-9fe4-51b514f74124', 'role': 'user'}, {'content': 'Es tut mir leid, aber einen Rückruf kann ich nicht anbieten. Gerne beantworte ich Ihre Frage zur Adressänderung direkt hier. Was möchten Sie dazu wissen?', 'id': 'b5191fde-a27e-4f32-8745-cc6be55de90f', 'role': 'assistant'}, {'content': 'Danke, aber ich möchte das lieber telefonisch mit einem Rückruf klären. Dann versuche ich es später noch einmal. Auf Wiederhören.', 'id': 'lc_run--01a000e7-7f11-7e12-8519-f7ec21934206-0', 'role': 'user'}, {'content': 'Alles klar, dann wünsche ich Ihnen einen angenehmen Tag. Auf Wiederhören.', 'id': '7b99f9b1-d2d4-477b-bb7a-0ab474ce8dd1', 'role': 'assistant'}, {'content': '', 'id': 'lc_run--01a000e7-8bdb-7da1-b1a4-08225d8c8cee-0', 'role': 'user'}, {'content': 'Das Gespräch ist beendet. Wenn Sie wieder Fragen haben, stehe ich Ihnen gerne zur Verfügung.', 'id': '51606c55-defc-409d-b6af-2d88d169d03c', 'role': 'assistant'}]",9.572206,,01a000e7-7487-7d13-93a3-4cad931e24b9,0.0,1.0,0.0,0.0111,0.0,0.0,3,5,1.3675
KN4899,Gisela Schreiber,015789643375,Freitag von 13 Uhr bis 16 Uhr,eine falsche Buchung reklamieren,surfersimmobilien+predeploy@outlook.com,"[{'content': 'Guten Tag, Sie sprechen mit der digitalen Anruf-Assistentin von Surfers Immobilien. Wie kann ich Ihnen weiterhelfen? Was ist der Grund Ihres Anrufs?', 'role': 'assistant'}, {'content': 'Hallo, ich würde gerne eine falsche Buchung reklamieren und möchte bitte dafür einmal zurückgerufen werden.', 'id': '59e53307-eb4a-4a16-8f7c-070cae9ad3c7', 'role': 'user'}, {'content': 'Es tut mir leid, aber einen Rückruf kann ich nicht anbieten. Wenn Sie möchten, kann ich Ihnen Informationen zur Reklamation einer falschen Buchung geben. Möchten Sie dazu mehr erfahren?', 'id': '0e19e8c2-2dfb-44b3-b082-6307027e4121', 'role': 'assistant'}, {'content': 'Nein danke. Ich möchte ausschließlich einen Rückruf. Dann versuche ich es später noch einmal. Auf Wiederhören.', 'id': 'lc_run--01a000e7-886c-7042-b28c-02394f173d73-0', 'role': 'user'}, {'content': 'Alles klar. Dann wünsche ich Ihnen einen angenehmen Tag. Auf Wiederhören.', 'id': '1da98dee-b08a-4ac8-bdf7-e3227be2da89', 'role': 'assistant'}, {'content': '', 'id': 'lc_run--01a000e7-a39f-7283-b101-9a5f036033ee-0', 'role': 'user'}, {'content': 'Gibt es noch etwas, wobei ich Ihnen helfen kann?', 'id': 'efac5782-4c61-4829-84d1-953378267366', 'role': 'assistant'}]",12.993998,,01a000e7-7f31-76e0-a6f0-d14f9a628315,0.0,1.0,0.0,0.0111,0.0,0.0,3,5,1.8563
KN4704,Margarete Lang,015789643375,Mittwoch und Freitag vormittags,eine Änderung meiner Kontodaten besprechen,surfersimmobilien+predeploy@outlook.com,"[{'content': 'Guten Tag, Sie sprechen mit der digitalen Anruf-Assistentin von Surfers Immobilien. Wie kann ich Ihnen heute weiterhelfen?', 'role': 'assistant'}, {'content': 'Hallo, ich würde gerne eine Änderung meiner Kontodaten besprechen und möchte bitte dafür einmal zurückgerufen werden.', 'id': 'bd0b0f23-f433-4753-9015-86f488f7c196', 'role': 'user'}, {'content': 'Es tut mir leid, aber ich kann keinen Rückruf organisieren oder Kontodaten ändern. Haben Sie noch weitere Fragen zu unseren Wohnungen oder zur Mitgliedschaft?', 'id': 'bf7fe0fa-ff73-41ca-beb0-78edc1d793c1', 'role': 'assistant'}, {'content': 'Nein, danke. Dann versuche ich es später noch einmal. Auf Wiederhören.', 'id': 'lc_run--01a000e7-9738-7262-a794-95a24b8d9ef7-0', 'role': 'user'}, {'content': 'Alles klar. Ich wünsche Ihnen einen angenehmen Tag. Auf Wiederhören.', 'id': '345cef00-c803-4f81-8a70-6416a06129c7', 'role': 'assistant'}, {'content': '', 'id': 'lc_run--01a000e7-a3b2-70e0-a445-c5a638ded8a0-0', 'role': 'user'}, {'content': 'Gibt es noch etwas, womit ich Ihnen helfen kann?', 'id': 'a3beb62e-617a-495b-ba6b-6f1d12e5ca8a', 'role': 'assistant'}]",6.817526,,01a000e7-8f65-71a1-be79-445d59d3ca63,0.0,1.0,0.0,0.0111,0.0,0.0,3,5,0.9739
KN5402,Ilse Schulte,015789643375,nur nachmittags ab 15 Uhr,eine Kündigungsbestätigung anfragen,surfersimmobilien+predeploy@outlook.com,"[{'content': 'Guten Tag, Sie sprechen mit der digitalen Anruf-Assistentin von Surfers Immobilien. Wie kann ich Ihnen heute weiterhelfen?', 'role': 'assistant'}, {'content': 'Hallo, ich würde gerne eine Kündigungsbestätigung anfragen und möchte bitte dafür einmal zurückgerufen werden.', 'id': '860a1706-3a59-4fba-924a-f36ece729b82', 'role': 'user'}, {'content': 'Es tut mir leid, aber einen Rückruf kann ich nicht anbieten. Möchten Sie Informationen zur Kündigungsbestätigung oder zu den weiteren Schritten erhalten?', 'id': 'f5f03668-9282-4826-b686-ec7fe7a5f6b7', 'role': 'assistant'}, {'content': 'Nein, danke. Ich möchte ausschließlich zurückgerufen werden. Dann versuche ich es später noch einmal. Auf Wiederhören.', 'id': 'lc_run--01a000e7-a151-7771-9f57-7287f4a885f5-0', 'role': 'user'}, {'content': 'Alles klar, dann wünsche ich Ihnen einen angenehmen Tag. Auf Wiederhören.', 'id': '11a1fee9-b283-47ea-9a9c-36f5562e69cc', 'role': 'assistant'}, {'content': '', 'id': 'lc_run--01a000e7-b264-7240-8b8d-70fff7039351-0', 'role': 'user'}, {'content': 'Haben Sie noch weitere Fragen?', 'id': '2229cec5-87f4-43cb-8bc2-68dbc005b072', 'role': 'assistant'}]",8.862948,,01a000e7-99ec-7e20-8a1a-74713cfedcf6,0.0,1.0,0.0,0.0111,0.0,0.0,3,5,1.2661
KN7785,Doris Simon,015789643375,Dienstag von 9 Uhr bis 11 Uhr,eine Ummeldung meiner Wohnung besprechen,surfersimmobilien+predeploy@outlook.com,"[{'content': 'Guten Tag, Sie sprechen mit der digitalen Anruf-Assistentin von Surfers Immobilien. Wie kann ich Ihnen heute weiterhelfen?', 'role': 'assistant'}, {'content': 'Hallo, ich würde gerne eine Ummeldung meiner Wohnung besprechen und möchte bitte dafür einmal zurückgerufen werden.', 'id': 'b1b4fc7e-88f4-45e8-8d72-f5d120d2fffd', 'role': 'user'}, {'content': 'Es tut mir leid, aber ich kann keinen Rückruf organisieren. Gerne beantworte ich Ihre Fragen zur Ummeldung Ihrer Wohnung direkt hier. Was möchten Sie dazu wissen?', 'id': '589cfaf5-7502-4ac5-b2a9-8c5c59896ba0', 'role': 'assistant'}, {'content': 'Danke, aber ich möchte das lieber telefonisch mit einem Rückruf klären. Dann versuche ich es später noch einmal. Auf Wiederhören.', 'id': 'lc_run--01a000e7-ab98-7d41-9b88-6023159c36b9-0', 'role': 'user'}, {'content': 'Alles klar, ich verstehe. Falls Sie später Fragen haben, stehe ich Ihnen gerne zur Verfügung. Auf Wiederhören.', 'id': 'c124b330-169e-49c9-9345-a32e19b4a9c6', 'role': 'assistant'}, {'content': '', 'id': 'lc_run--01a000e7-b874-7293-aff0-0b226702ea73-0', 'role': 'user'}, {'content': 'Haben Sie noch weitere Fragen?', 'id': '604cac66-e367-4de9-b05b-9b8db546104b', 'role': 'assistant'}]",7.662642,,01a000e7-a492-78f2-9040-047cf190227b,0.0,1.0,0.0,0.0111,0.0,0.0,3,5,1.0947
KN8412,Jürgen Bauer,015789643375,Montag und Mittwoch von 9 bis 12 Uhr,meine Adresse ändern,surfersimmobilien+predeploy@outlook.com,"[{'content': 'Guten Tag, Sie sprechen mit der digitalen Anruf-Assistentin von Surfers Immobilien. Wie kann ich Ihnen heute weiterhelfen?', 'role': 'assistant'}, {'content': 'Hallo, ich würde gerne meine Adresse ändern und möchte bitte dafür einmal zurückgerufen werden.', 'id': 'c62baf9b-da92-42b1-beb3-65fade31f227', 'role': 'user'}, {'content': 'Es tut mir leid, aber einen Rückruf kann ich nicht anbieten. Wenn Sie Ihre Adresse ändern möchten, kann ich Ihnen dazu gerne Informationen geben. Möchten Sie wissen, wie Sie Ihre Adresse bei Surfers Immobilien aktualisieren können?', 'id': '3800a84e-0ef7-4f75-9d46-860f1ce42061', 'role': 'assistant'}, {'content': 'Ich möchte das gerne per Rückruf klären. Wenn das nicht möglich ist, versuche ich es später noch einmal. Vielen Dank, auf Wiederhören.', 'id': 'lc_run--01a000e7-b208-7441-8df0-3cbe693e5e73-0', 'role': 'user'}, {'content': 'Alles klar, ich wünsche Ihnen einen angenehmen Tag. Auf Wiederhören.', 'id': '22f3d23f-e64f-48b2-b39b-c42a0c9cf49b', 'role': 'assistant'}, {'content': '', 'id': 'lc_run--01a000e7-c525-7452-b4ae-aa3c84f6081b-0', 'role': 'user'}, {'content': 'Haben Sie noch weitere Fragen?', 'id': 'a5fbe0de-2e94-4240-9276-2d8c3f89de6f', 'role': 'assistant'}]",9.937822,,01a000e7-aa07-7282-91db-dcd7928a8bc2,0.0,1.0,0.0,0.0111,0.0,0.0,3,5,1.4197
KN4349,Volker Berger,015789643375,"flexibel, außer montags",eine Frage zur Nebenkostenabrechnung stellen,surfersimmobilien+predeploy@outlook.com,"[{'content': 'Guten Tag, Sie sprechen mit der digitalen Anruf-Assistentin von Surfers Immobilien. Wie kann ich Ihnen heute weiterhelfen?', 'role': 'assistant'}, {'content': 'Hallo, ich würde gerne eine Frage zur Nebenkostenabrechnung stellen und möchte bitte dafür einmal zurückgerufen werden.', 'id': '6637af45-949b-40ef-8dfa-bacb3e0faea5', 'role': 'user'}, {'content': 'Es tut mir leid, aber Rückrufe kann ich nicht anbieten. Wenn Sie möchten, können Sie Ihre Frage zur Nebenkostenabrechnung direkt stellen. Ich helfe Ihnen gerne weiter.', 'id': 'aca32d28-3890-459f-9fa5-bce429c1e1cd', 'role': 'assistant'}, {'content': 'Danke, aber ich möchte das gerne telefonisch mit einem Rückruf klären. Dann versuche ich es später noch einmal. Auf Wiederhören.', 'id': 'lc_run--01a000e7-ba1b-7e41-b586-0f0694dfc775-0', 'role': 'user'}, {'content': 'Alles klar, ich verstehe. Falls Sie doch eine Frage haben, können Sie sich jederzeit melden. Auf Wiederhören.', 'id': 'e3e708b9-7489-48ee-a96e-7f7b7a392a38', 'role': 'assistant'}, {'content': '', 'id': 'lc_run--01a000e7-c9c4-7d21-ab56-6b3ecb997582-0', 'role': 'user'}, {'content': 'Gibt es noch etwas, wobei ich Ihnen helfen kann?', 'id': 'af85906a-c326-4b03-ab3e-c9b65e7c52a0', 'role': 'assistant'}]",8.874273,,01a000e7-b1f5-7f80-a72f-1ebedd368132,0.0,1.0,0.0,0.0111,0.0,0.0,3,5,1.2678
KN5732,August Busch,015789643375,immer dienstags und donnerstags,eine Reparatur der Fußbodenheizung anfragen,surfersimmobilien+predeploy@outlook.com,"[{'content': 'Guten Tag, Sie sprechen mit der digitalen Anruf-Assistentin von Surfers Immobilien. Wie kann ich Ihnen heute weiterhelfen?', 'role': 'assistant'}, {'content': 'Hallo, ich würde gerne eine Reparatur der Fußbodenheizung anfragen und möchte bitte dafür einmal zurückgerufen werden.', 'id': 'd6e42166-1203-48b3-a978-e171a5f5f149', 'role': 'user'}, {'content': 'Es tut mir leid, aber ich kann keinen Rückruf organisieren oder Termine vereinbaren. Möchten Sie Informationen zum Ablauf einer Reparatur oder zu den zuständigen Ansprechpartnern?', 'id': '4c39504f-c3e2-42cd-8677-2f8245104a5e', 'role': 'assistant'}, {'content': 'Nein danke, ich möchte ausschließlich einen Rückruf. Dann versuche ich es später noch einmal. Auf Wiederhören.', 'id': 'lc_run--01a000e7-c41f-79f0-80c0-e2a0ed2d7dd6-0', 'role': 'user'}, {'content': 'Alles klar, dann wünsche ich Ihnen einen angenehmen Tag. Auf Wiederhören.', 'id': 'b5915da4-7453-4636-93d4-0b728f67ff73', 'role': 'assistant'}, {'content': '', 'id': 'lc_run--01a000e7-d408-7b01-96ea-632c8873c481-0', 'role': 'user'}, {'content': 'Haben Sie noch weitere Fragen?', 'id': 'f9f1a5d6-0812-433e-a6db-223763d3a781', 'role': 'assistant'}]",9.546337,,01a000e7-bc8c-7a70-839a-ec616d820839,0.0,1.0,0.0,0.0111,0.0,0.0,3,5,1.3638
KN5768,Renate Vogt,015789643375,Montag von 10 Uhr bis 13 Uhr,eine Verzögerung bei der Kautionsrückzahlung klären,surfersimmobilien+predeploy@outlook.com,"[{'content': 'Guten Tag, Sie sprechen mit der digitalen Anruf-Assistentin von Surfers Immobilien. Wie kann ich Ihnen heute weiterhelfen?', 'role': 'assistant'}, {'content': 'Hallo, ich würde gerne eine Verzögerung bei der Kautionsrückzahlung klären und möchte bitte dafür einmal zurückgerufen werden.', 'id': 'ef2aeedf-030f-412c-9123-33e2ca0166b4', 'role': 'user'}, {'content': 'Ich kann leider keinen Rückruf veranlassen. Gerne unterstütze ich Sie aber direkt hier bei Ihrem Anliegen zur Verzögerung der Kautionsrückzahlung. Möchten Sie mir kurz schildern, worum es genau geht?', 'id': '6a45a567-b2f5-41a0-a220-4cc01d7a4d18', 'role': 'assistant'}, {'content': 'Danke, aber ich möchte das nicht direkt hier klären, sondern ausschließlich telefonisch per Rückruf. Wenn das nicht möglich ist, versuche ich es später noch einmal. Auf Wiederhören.', 'id': 'lc_run--01a000e7-cab6-7f31-8624-fb34075ab20f-0', 'role': 'user'}, {'content': 'Alles klar, ich verstehe. Einen Rückruf kann ich leider nicht anbieten. Wenn Sie es später noch einmal versuchen möchten, wünsche ich Ihnen einen angenehmen Tag. Auf Wiederhören.', 'id': '2e497146-4778-4470-b1c6-3c11f20080a6', 'role': 'assistant'}, {'content': '', 'id': 'lc_run--01a000e7-db47-77a3-b61e-86e3d023b766-0', 'role': 'user'}, {'content': 'Falls Sie noch Fragen haben, stehe ich Ihnen gerne zur Verfügung.', 'id': 'a0263dac-674c-4a3c-9219-b10a2c8c63dd', 'role': 'assistant'}]",8.590524,,01a000e7-c282-7711-9fb8-b46d4798139c,0.0,1.0,0.0,0.0111,0.0,0.0,3,5,1.2272
KN5112,Gertrud Vogler,015789643375,Montag von 14 Uhr bis 16 Uhr,eine Beschwerde über eine falsche Abrechnung einreichen,surfersimmobilien+predeploy@outlook.com,"[{'content': 'Guten Tag, Sie sprechen mit der digitalen Anruf-Assistentin von Surfers Immobilien. Wie kann ich Ihnen weiterhelfen?', 'role': 'assistant'}, {'content': 'Hallo, ich würde gerne eine Beschwerde über eine falsche Abrechnung einreichen und möchte bitte dafür einmal zurückgerufen werden.', 'id': '523fd28a-952b-4ff3-81fd-c81cbca4e50d', 'role': 'user'}, {'content': 'Es tut mir leid, aber ich kann keinen Rückruf veranlassen. Wenn Sie möchten, kann ich Ihnen Informationen zur Vorgehensweise bei einer Beschwerde wegen einer falschen Abrechnung geben. Möchten Sie dazu mehr wissen?', 'id': '81eef6a3-6883-4770-a710-9b9e775a1402', 'role': 'assistant'}, {'content': 'Nein danke. Mir geht es nur um einen Rückruf. Dann versuche ich es später noch einmal. Auf Wiederhören.', 'id': 'lc_run--01a000e7-da3d-73d3-8fc2-4a0304aec8bf-0', 'role': 'user'}, {'content': 'Alles klar. Auf Wiederhören und einen angenehmen Tag für Sie.', 'id': 'daf7fd3a-2360-4872-935e-6c6c543f879e', 'role': 'assistant'}, {'content': '', 'id': 'lc_run--01a000e7-e78c-7a02-9864-66cb689b2238-0', 'role': 'user'}, {'content': 'Gibt es noch etwas, wobei ich Ihnen helfen kann?', 'id': '5189d602-fa81-4fb1-a8db-3f1432de9ab8', 'role': 'assistant'}]",8.493003,,01a000e7-d0da-7f10-b22c-1ed580bdd545,0.0,1.0,0.0,0.0111,0.0,0.0,3,5,1.2133
KN5441,Erika Brandt,015789643375,Mittwoch von 10 Uhr bis 13 Uhr,eine Beschwerde über einen Nachbarn einreichen,surfersimmobilien+predeploy@outlook.com,"[{'content': 'Guten Tag, Sie sprechen mit der digitalen Anruf-Assistentin von Surfers Immobilien. Wie kann ich Ihnen heute weiterhelfen?', 'role': 'assistant'}, {'content': 'Hallo, ich würde gerne eine Beschwerde über einen Nachbarn einreichen und möchte bitte dafür einmal zurückgerufen werden.', 'id': '16414d31-7e5c-43e3-86e2-cb64e5baba18', 'role': 'user'}, {'content': 'Einen Rückruf kann ich leider nicht veranlassen. Wenn Sie möchten, können Sie mir Ihr Anliegen schildern, und ich prüfe, wie ich Ihnen weiterhelfen kann.', 'id': 'e19cb5f3-3ae6-4868-befe-a9c20d0fb05c', 'role': 'assistant'}, {'content': 'Ich möchte mein Anliegen lieber telefonisch mit einer zuständigen Person besprechen. Gibt es eine Möglichkeit, dass ich zurückgerufen werde?', 'id': 'lc_run--01a000e7-dbd6-72d1-9c64-7fc3c5d9a133-0', 'role': 'user'}, {'content': 'Ein Rückruf ist leider nicht möglich. Sie können Ihr Anliegen aber gerne hier schildern, und ich informiere Sie, wie Sie weiter vorgehen können.', 'id': '24d92bb9-8969-4225-aa9b-d4ea4c665a75', 'role': 'assistant'}, {'content': 'Das möchte ich ungern hier besprechen. Wenn ein Rückruf nicht möglich ist, versuche ich es später noch einmal. Vielen Dank, auf Wiederhören.', 'id': 'lc_run--01a000e7-e77f-7463-aa45-f9a2bc639035-0', 'role': 'user'}, {'content': 'Alles klar. Wenn Sie es sich anders überlegen, stehe ich Ihnen gerne zur Verfügung. Auf Wiederhören.', 'id': '9691edc6-0c96-496d-908b-e9e52c9d458d', 'role': 'assistant'}, {'content': '', 'id': 'lc_run--01a000e7-f263-7741-8944-10cecc9d46b2-0', 'role': 'user'}, {'content': 'Haben Sie noch weitere Fragen?', 'id': '61f95716-494b-4315-9df6-8f4271ff5bd1', 'role': 'assistant'}]",10.957677,,01a000e7-d4a0-7262-b8ae-1e18330fb991,0.0,1.0,0.0,0.0111,0.0,0.0,4,7,1.2175
KN7618,Erwin Otto,015789643375,Montag von 9 Uhr bis 12 Uhr,eine Reparatur der Fenster anfragen,surfersimmobilien+predeploy@outlook.com,"[{'content': 'Guten Tag, Sie sprechen mit der digitalen Anruf-Assistentin von Surfers Immobilien. Wie kann ich Ihnen heute weiterhelfen?', 'role': 'assistant'}, {'content': 'Hallo, ich würde gerne eine Reparatur der Fenster anfragen und möchte bitte dafür einmal zurückgerufen werden.', 'id': 'cd9896a9-d1d5-46a5-b192-8a56bef31926', 'role': 'user'}, {'content': 'Es tut mir leid, aber ich kann keinen Rückruf organisieren. Möchten Sie Informationen zum Ablauf einer Fensterreparatur oder wie Sie eine Reparatur bei Surfers Immobilien melden können?', 'id': 'f5cc02c3-100f-4002-b6d5-d63248419ef9', 'role': 'assistant'}, {'content': 'Nein danke, ich möchte ausschließlich einen Rückruf. Dann versuche ich es später noch einmal. Auf Wiederhören.', 'id': 'lc_run--01a000e7-eb5f-7940-8224-178c895431a8-0', 'role': 'user'}, {'content': 'Alles klar, ich wünsche Ihnen einen angenehmen Tag. Auf Wiederhören.', 'id': '8768cf34-bcec-4af1-98f6-10f482b307ae', 'role': 'assistant'}, {'content': '', 'id': 'lc_run--01a000e7-f771-7550-8112-76567333f6e2-0', 'role': 'user'}, {'content': 'Haben Sie noch weitere Fragen?', 'id': '626e1495-93fd-4c9f-8c31-0d6c216ede2e', 'role': 'assistant'}]",8.441485,,01a000e7-e1d8-7c72-9151-82518b36d0c0,0.0,1.0,0.0,0.0111,0.0,0.0,3,5,1.2059
KN4679,Bernd Maier,015789643375,den ganzen Montag,eine Beschwerde über den Hausmeister einreichen,surfersimmobilien+predeploy@outlook.com,"[{'content': 'Guten Tag, Sie sprechen mit der digitalen Anruf-Assistentin von Surfers Immobilien. Wie kann ich Ihnen weiterhelfen? Was ist der Grund Ihres Anrufs?', 'role': 'assistant'}, {'content': 'Hallo, ich würde gerne eine Beschwerde über den Hausmeister einreichen und möchte bitte dafür einmal zurückgerufen werden.', 'id': 'a054902a-3c69-48d1-a160-4da89fc4f8dc', 'role': 'user'}, {'content': 'Ich kann leider keinen Rückruf veranlassen. Wenn Sie möchten, kann ich Ihre Beschwerde aufnehmen oder Ihnen Informationen zum weiteren Vorgehen geben. Wie möchten Sie fortfahren?', 'id': '95292750-3c2f-4b4c-868b-62382e2ebef0', 'role': 'assistant'}, {'content': 'Dann versuche ich es später noch einmal. Vielen Dank, auf Wiederhören.', 'id': 'lc_run--01a000e7-ec8f-7e31-8a08-9b5e4dc795e4-0', 'role': 'user'}, {'content': 'Alles klar. Wenn Sie noch Fragen haben, stehe ich Ihnen gerne zur Verfügung. Auf Wiederhören und einen schönen Tag.', 'id': 'd484c4bb-4775-4361-a8ab-e69a4fea164f', 'role': 'assistant'}, {'content': '', 'id': 'lc_run--01a000e7-f74b-72a1-b2b0-bb72c563c086-0', 'role': 'user'}, {'content': 'Gibt es noch etwas, wobei ich Ihnen helfen kann?', 'id': '04d71c72-e5f1-478f-acba-f14af594fb1e', 'role': 'assistant'}]",8.092427,,01a000e7-e411-7a83-a125-f38d39df9809,0.0,1.0,0.0,0.0111,0.0,0.0,3,5,1.1561
KN4303,Kurt Haas,015789643375,Donnerstag von 8 Uhr bis 11 Uhr,eine Reparatur der Türschlösser anfragen,surfersimmobilien+predeploy@outlook.com,"[{'content': 'Guten Tag, Sie sprechen mit der digitalen Anruf-Assistentin von Surfers Immobilien. Wie kann ich Ihnen weiterhelfen? Was ist der Grund Ihres Anrufs?', 'role': 'assistant'}, {'content': 'Hallo, ich würde gerne eine Reparatur der Türschlösser anfragen und möchte bitte dafür einmal zurückgerufen werden.', 'id': '5b1ecde6-91d2-4c54-9693-b443a3bb361b', 'role': 'user'}, {'content': 'Es tut mir leid, aber ich kann keinen Rückruf organisieren oder Termine vereinbaren. Möchten Sie Informationen dazu, wie Sie eine Reparatur der Türschlösser bei Surfers Immobilien melden können?', 'id': '970c77c2-e9e2-4eb7-95bd-52c6c43221e0', 'role': 'assistant'}, {'content': 'Nein danke, ich möchte ausschließlich einen Rückruf. Dann versuche ich es später noch einmal. Auf Wiederhören.', 'id': 'lc_run--01a000e7-fb24-7fa1-a698-e82d348639ed-0', 'role': 'user'}, {'content': 'Alles klar, dann wünsche ich Ihnen einen angenehmen Tag. Auf Wiederhören.', 'id': '0a36eb39-58fd-4522-926b-7ff6023a461e', 'role': 'assistant'}, {'content': '', 'id': 'lc_run--01a000e8-0d4f-7832-adef-3762469ea482-0', 'role': 'user'}, {'content': 'Haben Sie noch weitere Fragen?', 'id': '24da82ba-f58c-400a-b47a-09bbbe07a3da', 'role': 'assistant'}]",9.595036,,01a000e7-f208-7a62-a44a-b8955ba18a38,0.0,1.0,0.0,0.0111,0.0,0.0,3,5,1.3707
KN5464,Sabine Müller,015789643375,Dienstag von 14 Uhr bis 17 Uhr,meine Kontodaten aktualisieren,surfersimmobilien+predeploy@outlook.com,"[{'content': 'Guten Tag, Sie sprechen mit der digitalen Anruf-Assistentin von Surfers Immobilien. Wie kann ich Ihnen heute weiterhelfen?', 'role': 'assistant'}, {'content': 'Hallo, ich würde gerne meine Kontodaten aktualisieren und möchte bitte dafür einmal zurückgerufen werden.', 'id': 'a9cddd57-3e4b-4517-ad46-1c8193b532dd', 'role': 'user'}, {'content': 'Es tut mir leid, aber ich kann keinen Rückruf organisieren. Wenn Sie Fragen zu Ihren Kontodaten haben, kann ich Ihnen gerne Informationen dazu geben. Haben Sie noch weitere Fragen?', 'id': 'e6e561be-f2bf-4f2f-8198-ea630f9af06c', 'role': 'assistant'}, {'content': 'Nein danke, ich möchte ausschließlich zurückgerufen werden. Dann versuche ich es später noch einmal. Auf Wiederhören.', 'id': 'lc_run--01a000e8-0df1-7ad3-8d03-32c44391699d-0', 'role': 'user'}, {'content': 'Das Gespräch ist nun beendet.', 'id': '56bc8bdf-0545-4653-ab61-c1146685b297', 'role': 'assistant'}, {'content': '', 'id': 'lc_run--01a000e8-2212-70c2-b536-253cff37fa92-0', 'role': 'user'}, {'content': 'Gibt es noch etwas, womit ich Ihnen helfen kann?', 'id': '1da50c35-41e1-4108-8836-e0ec8f7fe147', 'role': 'assistant'}]",11.806132,,01a000e7-ff6f-7933-ad23-38c1e7c46552,0.0,1.0,0.0,0.0111,0.0,0.0,3,5,1.6866
KN9023,Susanne Zimmermann,015789643375,Dienstag von 9 Uhr bis 11 Uhr,eine defekte Türklingel melden,surfersimmobilien+predeploy@outlook.com,"[{'content': 'Guten Tag, Sie sprechen mit der digitalen Anruf-Assistentin von Surfers Immobilien. Wie kann ich Ihnen weiterhelfen? Was ist der Grund Ihres Anrufs?', 'role': 'assistant'}, {'content': 'Hallo, ich würde gerne eine defekte Türklingel melden und möchte bitte dafür einmal zurückgerufen werden.', 'id': '931d883b-a3e3-41f6-8dbf-69e5b4f4cae5', 'role': 'user'}, {'content': 'Ich kann Ihr Anliegen aufnehmen, aber einen Rückruf kann ich leider nicht veranlassen. Möchten Sie, dass ich die Meldung zur defekten Türklingel für Sie weitergebe?', 'id': '52249648-b23e-4fbf-a35b-2c1c938cce2b', 'role': 'assistant'}, {'content': 'Nein danke, ich möchte dazu ausschließlich zurückgerufen werden. Dann versuche ich es später noch einmal. Auf Wiederhören.', 'id': 'lc_run--01a000e8-0e10-7941-815c-9ac65a40ebe0-0', 'role': 'user'}, {'content': 'Alles klar, dann wünsche ich Ihnen einen angenehmen Tag. Auf Wiederhören.', 'id': 'bc8db87f-ca89-482e-b48a-4f8cc06b331b', 'role': 'assistant'}, {'content': '', 'id': 'lc_run--01a000e8-1ef0-70b0-b09f-3d634506b6cf-0', 'role': 'user'}, {'content': 'Haben Sie noch weitere Fragen?', 'id': '85f87d41-1f2c-4c4f-8324-d510afd0da7a', 'role': 'assistant'}]",10.382536,,01a000e8-02d2-7343-b055-90b3ac337a3a,0.0,1.0,0.0,0.0111,0.0,0.0,3,5,1.4832
KN7880,Herbert Dietrich,015789643375,"flexibel, außer montags",eine defekte Steckdose melden,surfersimmobilien+predeploy@outlook.com,"[{'content': 'Guten Tag, Sie sprechen mit der digitalen Anruf-Assistentin von Surfers Immobilien. Wie kann ich Ihnen weiterhelfen? Was ist der Grund Ihres Anrufs?', 'role': 'assistant'}, {'content': 'Hallo, ich würde gerne eine defekte Steckdose melden und möchte bitte dafür einmal zurückgerufen werden.', 'id': 'eb59bd9d-c1d9-427f-8d4e-e40cdcaacf43', 'role': 'user'}, {'content': 'Ich kann Ihren Rückrufwunsch leider nicht entgegennehmen oder einen Rückruf veranlassen. Möchten Sie mir stattdessen den Defekt der Steckdose genauer beschreiben? Dann kann ich Ihnen direkt weiterhelfen oder die Information aufnehmen.', 'id': '7803f090-c638-4750-8123-4273eff3c190', 'role': 'assistant'}, {'content': 'Nein, danke. Mir wäre ein Rückruf wichtig. Dann versuche ich es später noch einmal. Auf Wiederhören.', 'id': 'lc_run--01a000e8-0f6f-7af0-9106-ac6ff84e5844-0', 'role': 'user'}, {'content': 'Alles klar, das habe ich verstanden. Einen schönen Tag noch und auf Wiederhören.', 'id': '9238d6dd-3169-4808-944d-414b41cec407', 'role': 'assistant'}, {'content': '', 'id': 'lc_run--01a000e8-22b4-7301-b7e3-f47ed038a4d1-0', 'role': 'user'}, {'content': 'Gibt es noch etwas, wobei ich Ihnen helfen kann?', 'id': 'd7b73965-be54-4726-b21e-ff98fc4378f9', 'role': 'assistant'}]",10.714058,,01a000e8-03af-71e3-abdb-87899bc72021,0.0,1.0,0.0,0.0111,0.0,0.0,3,5,1.5306
KN4512,Chris Tersteegen,015789643375,immer dienstags und donnerstags,mein Einzugsdatum ändern,surfersimmobilien+predeploy@outlook.com,"[{'content': 'Guten Tag, Sie sprechen mit der digitalen Anruf-Assistentin von Surfers Immobilien. Wie kann ich Ihnen heute weiterhelfen?', 'role': 'assistant'}, {'content': 'Hallo, ich würde gerne mein Einzugsdatum ändern und möchte bitte dafür einmal zurückgerufen werden.', 'id': '0e6ab1f4-53d0-493b-9fcb-37333211a0e8', 'role': 'user'}, {'content': 'Es tut mir leid, aber einen Rückruf kann ich nicht veranlassen. Wenn Sie Ihr Einzugsdatum ändern möchten, kann ich Ihnen gerne Informationen dazu geben oder prüfen, wie das bei Surfers Immobilien geregelt ist. Möchten Sie dazu mehr wissen?', 'id': '00f42e8c-daa4-4cda-b636-2415ead8ab23', 'role': 'assistant'}, {'content': 'Danke, aber ich möchte das lieber direkt telefonisch mit einer zuständigen Person klären. Wenn kein Rückruf möglich ist, versuche ich es später noch einmal. Auf Wiederhören.', 'id': 'lc_run--01a000e8-21ea-76b3-a7d9-8f4995e7cd06-0', 'role': 'user'}, {'content': 'Alles klar, das verstehe ich. Ich wünsche Ihnen einen angenehmen Tag. Auf Wiederhören.', 'id': '58b7b5c7-716b-44b0-bc78-7354dd1bde1b', 'role': 'assistant'}, {'content': '', 'id': 'lc_run--01a000e8-304d-7782-8c9e-3c8a421d4d82-0', 'role': 'user'}, {'content': 'Gibt es noch etwas, wobei ich Ihnen helfen kann?', 'id': 'a2059ea3-7693-41a7-88fe-9277158f259b', 'role': 'assistant'}]",8.928424,,01a000e8-1785-7a72-972a-e4a324814c2f,0.0,1.0,0.0,0.0111,0.0,0.0,3,5,1.2755
KN6775,Kerstin Schulze,015789643375,Dienstag von 14 Uhr bis 17 Uhr,eine Frage zur Heizkostenabrechnung klären,surfersimmobilien+predeploy@outlook.com,"[{'content': 'Guten Tag, Sie sprechen mit der digitalen Anruf-Assistentin von Surfers Immobilien. Wie kann ich Ihnen heute weiterhelfen?', 'role': 'assistant'}, {'content': 'Hallo, ich würde gerne eine Frage zur Heizkostenabrechnung klären und möchte bitte dafür einmal zurückgerufen werden.', 'id': '9729e9db-2afe-48d4-846d-b207f3601d48', 'role': 'user'}, {'content': 'Es tut mir leid, aber Rückrufe kann ich nicht anbieten. Wenn Sie möchten, können Sie Ihre Frage zur Heizkostenabrechnung direkt stellen. Ich helfe Ihnen gerne weiter.', 'id': 'abb1263d-b2f8-4d08-bf3d-23eef3065491', 'role': 'assistant'}, {'content': 'Danke, aber ich möchte das lieber telefonisch mit einem Rückruf klären. Dann versuche ich es später noch einmal. Auf Wiederhören.', 'id': 'lc_run--01a000e8-34a0-7073-8367-261724bbd950-0', 'role': 'user'}, {'content': 'Alles klar, ich verstehe. Falls Sie doch eine Frage haben, können Sie sich jederzeit melden. Auf Wiederhören und einen schönen Tag.', 'id': '603f01fe-33e5-4432-93cc-0c838bef8c1e', 'role': 'assistant'}, {'content': '', 'id': 'lc_run--01a000e8-4310-7030-ad64-29117db8f9cd-0', 'role': 'user'}, {'content': 'Haben Sie noch weitere Fragen?', 'id': '53e84a83-0eb0-40ee-911b-3952b71fe94e', 'role': 'assistant'}]",8.594543,,01a000e8-2b62-71b0-8323-b9886e099169,0.0,1.0,0.0,0.0111,0.0,0.0,3,5,1.2278
KN8570,Gerd Roth,015789643375,Montag und Mittwoch von 9 bis 12 Uhr,eine Mietminderung beantragen,surfersimmobilien+predeploy@outlook.com,"[{'content': 'Guten Tag, Sie sprechen mit der digitalen Anruf-Assistentin von Surfers Immobilien. Wie kann ich Ihnen heute weiterhelfen?', 'role': 'assistant'}, {'content': 'Hallo, ich würde gerne eine Mietminderung beantragen und möchte bitte dafür einmal zurückgerufen werden.', 'id': '60542e12-2521-4cf9-a982-af216a0cc019', 'role': 'user'}, {'content': 'Es tut mir leid, aber ich kann keinen Rückruf organisieren. Wenn Sie Fragen zur Mietminderung haben oder Informationen dazu benötigen, kann ich Ihnen gerne weiterhelfen. Möchten Sie dazu etwas wissen?', 'id': 'cfeef281-fc97-4b19-96c0-d6d99454035c', 'role': 'assistant'}, {'content': 'Nein danke, ich möchte dazu ausschließlich zurückgerufen werden. Wenn das nicht möglich ist, versuche ich es später noch einmal. Auf Wiederhören.', 'id': 'lc_run--01a000e8-3632-7a52-b191-f36c5f3d171b-0', 'role': 'user'}, {'content': 'Alles klar, dann wünsche ich Ihnen einen angenehmen Tag. Auf Wiederhören.', 'id': 'd4c4f392-3ebb-481e-912d-d28263bf0d97', 'role': 'assistant'}, {'content': '', 'id': 'lc_run--01a000e8-43cd-7c72-bc48-e30019bf2ab3-0', 'role': 'user'}, {'content': 'Das Gespräch ist nun beendet. Wenn Sie wieder Fragen haben, stehe ich Ihnen gerne zur Verfügung.', 'id': '2c533f08-e926-4c61-bcf8-91f48a6075ff', 'role': 'assistant'}]",9.891223,,01a000e8-2d8b-75f0-87ee-f2bdee9f4494,0.0,1.0,0.0,0.0111,0.0,0.0,3,5,1.413
KN9409,Otto Heinrich,015789643375,immer montags und mittwochs,eine Frage zu meinem Konto klären,surfersimmobilien+predeploy@outlook.com,"[{'content': 'Guten Tag, Sie sprechen mit der digitalen Anruf-Assistentin von Surfers Immobilien. Wie kann ich Ihnen weiterhelfen? Was ist der Grund Ihres Anrufs?', 'role': 'assistant'}, {'content': 'Hallo, ich würde gerne eine Frage zu meinem Konto klären und möchte bitte dafür einmal zurückgerufen werden.', 'id': 'f7ebe5d4-ee6d-4ae1-8b19-9beab1fb611d', 'role': 'user'}, {'content': 'Es tut mir leid, aber ich kann keinen Rückruf anbieten. Wenn Sie möchten, können Sie Ihre Frage zu Ihrem Konto direkt hier stellen. Ich helfe Ihnen gerne weiter.', 'id': '85f53d6a-d371-4669-93a8-1b29023685aa', 'role': 'assistant'}, {'content': 'Danke, aber ich möchte das nicht direkt hier klären. Können Sie bitte eine Rückrufbitte an Surfers Immobilien weitergeben?', 'id': 'lc_run--01a000e8-37ba-7b41-a0c8-65c512e37f29-0', 'role': 'user'}, {'content': 'Leider kann ich keine Rückrufbitte weitergeben. Wenn Sie Fragen haben, können Sie diese gerne hier stellen. Ich unterstütze Sie so gut wie möglich.', 'id': '52a9b13e-4ed7-409d-afae-2866808f2e02', 'role': 'assistant'}, {'content': 'Verstehe. Dann versuche ich es später noch einmal. Vielen Dank, auf Wiederhören.', 'id': 'lc_run--01a000e8-4602-7281-addb-f51f59db87a2-0', 'role': 'user'}, {'content': 'Alles klar. Auf Wiederhören und einen angenehmen Tag für Sie.', 'id': '06280afa-f345-45a2-9ac9-1fb05906593b', 'role': 'assistant'}, {'content': '', 'id': 'lc_run--01a000e8-506a-7ec1-a783-84e2c337ba3a-0', 'role': 'user'}, {'content': 'Gibt es noch etwas, wobei ich Ihnen helfen kann?', 'id': '97b382d3-3483-4478-9509-aabaf28c4777', 'role': 'assistant'}]",13.937741,,01a000e8-2d8e-7c80-ba6f-38d54f33e13b,0.0,1.0,0.0,0.0111,0.0,0.0,4,7,1.5486
KN8008,Martina Wolf,015789643375,Dienstag den ganzen Tag,meine Bankverbindung aktualisieren,surfersimmobilien+predeploy@outlook.com,"[{'content': 'Guten Tag, Sie sprechen mit der digitalen Anruf-Assistentin von Surfers Immobilien. Wie kann ich Ihnen heute weiterhelfen?', 'role': 'assistant'}, {'content': 'Hallo, ich würde gerne meine Bankverbindung aktualisieren und möchte bitte dafür einmal zurückgerufen werden.', 'id': 'd45dadbf-7902-429e-880f-f95dbdd73956', 'role': 'user'}, {'content': 'Es tut mir leid, aber ich kann keinen Rückruf organisieren. Möchten Sie wissen, wie Sie Ihre Bankverbindung bei Surfers Immobilien aktualisieren können?', 'id': 'bcf13700-25e6-4c50-a270-4ffc2ccaeceb', 'role': 'assistant'}, {'content': 'Nein danke, ich möchte ausschließlich einen Rückruf. Dann versuche ich es später noch einmal. Auf Wiederhören.', 'id': 'lc_run--01a000e8-416b-72f0-8a44-cd03a7ba6cd1-0', 'role': 'user'}, {'content': 'Alles klar, dann wünsche ich Ihnen einen angenehmen Tag. Auf Wiederhören.', 'id': '04270097-4f3c-41fb-b870-2bd4c4e4d59e', 'role': 'assistant'}, {'content': '', 'id': 'lc_run--01a000e8-4fb7-7a12-8976-0a75d06bd6cc-0', 'role': 'user'}, {'content': 'Falls Sie später noch Fragen haben, stehe ich Ihnen gerne zur Verfügung. Einen schönen Tag noch.', 'id': 'cf7fb7b7-9876-4561-93e5-30412c6c72d6', 'role': 'assistant'}]",8.830646,,01a000e8-3a66-7f52-94fa-00d9867ab994,0.0,1.0,0.0,0.0111,0.0,0.0,3,5,1.2615
KN9738,Claudia Koch,015789643375,"am Wochenende, Samstag oder Sonntag",einen kaputten Aufzug melden,surfersimmobilien+predeploy@outlook.com,"[{'content': 'Guten Tag, Sie sprechen mit der digitalen Anruf-Assistentin von Surfers Immobilien. Wie kann ich Ihnen weiterhelfen? Was ist der Grund für Ihren Anruf?', 'role': 'assistant'}, {'content': 'Hallo, ich würde gerne einen kaputten Aufzug melden und möchte bitte dafür einmal zurückgerufen werden.', 'id': '080d35ab-bc29-4797-a5fc-504715e2ff44', 'role': 'user'}, {'content': 'Es tut mir leid, aber ich kann keinen Rückruf organisieren. Wenn Sie möchten, kann ich Ihnen Informationen zum Vorgehen bei einem defekten Aufzug geben. Möchten Sie dazu mehr wissen?', 'id': '8b9cac47-ffb8-4da5-8542-9925fc791de2', 'role': 'assistant'}, {'content': 'Nein danke, ich möchte dazu nur zurückgerufen werden. Dann versuche ich es später noch einmal. Auf Wiederhören.', 'id': 'lc_run--01a000e8-598a-7fa1-ae00-a2034d127231-0', 'role': 'user'}, {'content': 'Alles klar. Dann wünsche ich Ihnen einen angenehmen Tag. Auf Wiederhören.', 'id': '316f4e5c-3c71-47c5-b7eb-9eac7701ac3d', 'role': 'assistant'}, {'content': '', 'id': 'lc_run--01a000e8-67b7-7a70-ae13-ffb21f86cf38-0', 'role': 'user'}, {'content': 'Gibt es noch etwas, wobei ich Ihnen helfen kann?', 'id': 'a092f603-b055-4220-81e2-0f7f6102093b', 'role': 'assistant'}]",9.751031,,01a000e8-4cf6-7e01-a45f-fbf45824d9fd,0.0,1.0,0.0,0.0111,0.0,0.0,3,5,1.393
KN7628,Christa Pfeiffer,015789643375,Montag von 9 Uhr bis 12 Uhr,eine Frage zu meiner Ummeldung klären,surfersimmobilien+predeploy@outlook.com,"[{'content': 'Guten Tag, Sie sprechen mit der digitalen Anruf-Assistentin von Surfers Immobilien. Wie kann ich Ihnen weiterhelfen? Was ist der Grund Ihres Anrufs?', 'role': 'assistant'}, {'content': 'Hallo, ich würde gerne eine Frage zu meiner Ummeldung klären und möchte bitte dafür einmal zurückgerufen werden.', 'id': 'e73c00b6-87b1-428b-ae58-5f892d4c8bc8', 'role': 'user'}, {'content': 'Es tut mir leid, aber einen Rückruf kann ich nicht anbieten. Gerne können Sie Ihre Frage zur Ummeldung direkt stellen. Ich unterstütze Sie so gut ich kann.', 'id': '1a609c67-f9ee-48d9-bfb3-b9b0462dbad8', 'role': 'assistant'}, {'content': 'Ich möchte die Frage ungern direkt klären, sondern bitte um einen Rückruf. Gibt es eine Möglichkeit, eine Rückrufbitte zu hinterlassen?', 'id': 'lc_run--01a000e8-5c8b-7ef2-96b6-4ab38f7dfc37-0', 'role': 'user'}, {'content': 'Eine Rückrufbitte kann ich leider nicht aufnehmen oder weiterleiten. Wenn Sie möchten, können Sie Ihre Frage zur Ummeldung jetzt stellen. Ich helfe Ihnen gerne weiter.', 'id': 'd67d05db-0c2f-4905-828d-72ebd3a4c398', 'role': 'assistant'}, {'content': 'Dann versuche ich es später noch einmal. Vielen Dank, auf Wiederhören.', 'id': 'lc_run--01a000e8-6aa6-78f1-aedf-859311fa2c8b-0', 'role': 'user'}, {'content': 'Alles klar. Auf Wiederhören und einen angenehmen Tag für Sie.', 'id': '453e49a9-11fc-422a-8a3a-3d96d7d7da29', 'role': 'assistant'}, {'content': '', 'id': 'lc_run--01a000e8-7481-7b50-8b1e-b751166f1460-0', 'role': 'user'}, {'content': 'Haben Sie noch weitere Fragen?', 'id': '7a87a7a7-84ce-4764-9976-aa8b12bb4ac7', 'role': 'assistant'}]",11.297881,,01a000e8-542f-7310-a58e-290b8756af70,0.0,1.0,0.0,0.0111,0.0,0.0,4,7,1.2553
KN8468,Luise Bergmann,015789643375,den ganzen Montag,eine Frage zu meiner Kündigung klären,surfersimmobilien+predeploy@outlook.com,"[{'content': 'Guten Tag, Sie sprechen mit der digitalen Anruf-Assistentin von Surfers Immobilien. Wie kann ich Ihnen heute weiterhelfen?', 'role': 'assistant'}, {'content': 'Hallo, ich würde gerne eine Frage zu meiner Kündigung klären und möchte bitte dafür einmal zurückgerufen werden.', 'id': '0c3d852a-fd85-4626-b137-d0ce8a42b4ee', 'role': 'user'}, {'content': 'Es tut mir leid, aber einen Rückruf kann ich nicht anbieten. Gerne beantworte ich Ihre Frage zur Kündigung direkt hier. Was möchten Sie dazu wissen?', 'id': '7f626a8d-ab8c-4183-b533-0a7f18704b35', 'role': 'assistant'}, {'content': 'Danke, aber ich möchte das gerne telefonisch mit einer zuständigen Person klären. Gibt es wirklich keine Möglichkeit, einen Rückruf zu veranlassen?', 'id': 'lc_run--01a000e8-645c-7d53-8e1a-fdac00afa1ba-0', 'role': 'user'}, {'content': 'Leider kann ich keinen Rückruf veranlassen. Wenn Sie möchten, können Sie Ihre Frage zur Kündigung direkt stellen, und ich gebe Ihnen die Informationen, die mir vorliegen.', 'id': '3c1311a6-e153-4f6f-a008-035a36eafd92', 'role': 'assistant'}, {'content': 'Verstehe, danke. Dann versuche ich es später noch einmal. Auf Wiederhören.', 'id': 'lc_run--01a000e8-7415-7522-8b90-f978e56c8fb6-0', 'role': 'user'}, {'content': 'Alles klar. Falls Sie später noch Fragen haben, stehe ich Ihnen gerne zur Verfügung. Auf Wiederhören.', 'id': 'b434bfcf-87f0-4b19-8357-d4aafaec28bb', 'role': 'assistant'}, {'content': '', 'id': 'lc_run--01a000e8-7d26-7c51-bf3c-38093e63911a-0', 'role': 'user'}, {'content': 'Gibt es noch etwas, wobei ich Ihnen helfen kann?', 'id': '9ee4b8d0-fe71-49b1-a264-bc710401782e', 'role': 'assistant'}]",11.38261,,01a000e8-5ce6-72f2-9a85-18e49ad3edb9,0.0,1.0,0.0,0.0111,0.0,0.0,4,7,1.2647
KN8248,Norbert Ludwig,015789643375,Donnerstag von 13 Uhr bis 15 Uhr,eine defekte Beleuchtung im Treppenhaus melden,surfersimmobilien+predeploy@outlook.com,"[{'content': 'Guten Tag, Sie sprechen mit der digitalen Anruf-Assistentin von Surfers Immobilien. Wie kann ich Ihnen weiterhelfen? Was ist der Grund für Ihren Anruf?', 'role': 'assistant'}, {'content': 'Hallo, ich würde gerne eine defekte Beleuchtung im Treppenhaus melden und möchte bitte dafür einmal zurückgerufen werden.', 'id': '8e48b579-fa3c-4901-8419-52cf1f23dabb', 'role': 'user'}, {'content': 'Ich kann Ihren Rückrufwunsch leider nicht entgegennehmen oder einen Rückruf organisieren. Möchten Sie die defekte Beleuchtung im Treppenhaus direkt melden? Ich kann Ihnen dazu gerne Informationen geben.', 'id': 'bf7d448b-31a3-4c06-b286-668e58389f6f', 'role': 'assistant'}, {'content': 'Nein danke, ich möchte ausschließlich zurückgerufen werden. Wenn das nicht möglich ist, versuche ich es später noch einmal. Auf Wiederhören.', 'id': 'lc_run--01a000e8-6d54-7d22-80b6-05ff620fb736-0', 'role': 'user'}, {'content': 'Das Gespräch ist beendet.', 'id': '4896df14-1ec3-48ee-90b9-1bb5eb637383', 'role': 'assistant'}, {'content': '', 'id': 'lc_run--01a000e8-7a6c-75d2-b185-3a2d45ce7ea3-0', 'role': 'user'}, {'content': 'Haben Sie noch weitere Fragen?', 'id': 'bd7bbc43-06a1-492e-b8ce-5662790fbb4d', 'role': 'assistant'}]",8.557559,,01a000e8-6401-7d50-bf59-6ef5bc2b28af,0.0,1.0,0.0,0.0111,0.0,0.0,3,5,1.2225
KN6035,Julia Fischer,015789643375,den ganzen Freitag,meine Nebenkostenabrechnung klären,surfersimmobilien+predeploy@outlook.com,"[{'content': 'Guten Tag, Sie sprechen mit der digitalen Anruf-Assistentin von Surfers Immobilien. Wie kann ich Ihnen heute weiterhelfen?', 'role': 'assistant'}, {'content': 'Hallo, ich würde gerne meine Nebenkostenabrechnung klären und möchte bitte dafür einmal zurückgerufen werden.', 'id': 'a58a6e61-b169-48ec-88f3-264245049324', 'role': 'user'}, {'content': 'Einen Rückruf kann ich leider nicht veranlassen. Wenn Sie Fragen zu Ihrer Nebenkostenabrechnung haben, können Sie diese gerne direkt hier stellen. Ich unterstütze Sie so gut wie möglich.', 'id': '0a86ff7e-4c6f-4a7f-907d-247d6303468d', 'role': 'assistant'}, {'content': 'Ich möchte das ungern hier klären. Gibt es vielleicht doch eine Möglichkeit, eine Rückrufbitte an die zuständige Stelle weiterzugeben?', 'id': 'lc_run--01a000e8-7be2-79b0-b679-b65ffdb1e389-0', 'role': 'user'}, {'content': 'Es tut mir leid, aber ich kann keine Rückrufbitte weiterleiten oder einen Rückruf organisieren. Wenn Sie möchten, können Sie Ihre Fragen zu den Nebenkostenabrechnungen direkt hier stellen. Ich helfe Ihnen gerne weiter.', 'id': 'e7c5d730-1678-4ac0-92cc-b72833c27eed', 'role': 'assistant'}, {'content': 'Verstehe. Dann versuche ich es später noch einmal. Vielen Dank, auf Wiederhören.', 'id': 'lc_run--01a000e8-8b8f-7db3-a090-b3b3ad417397-0', 'role': 'user'}, {'content': 'Alles klar. Auf Wiederhören und einen angenehmen Tag für Sie.', 'id': 'db1498c2-5d26-41c5-84e6-03bf4f90e862', 'role': 'assistant'}, {'content': '', 'id': 'lc_run--01a000e8-95ac-7042-82de-4e8011549c32-0', 'role': 'user'}, {'content': 'Haben Sie noch weitere Fragen? Wenn nicht, wünsche ich Ihnen einen schönen Tag.', 'id': '2890ce91-da94-47fb-9047-32eac4fad9d6', 'role': 'assistant'}]",12.925879,,01a000e8-730e-7f81-8ca0-66b9777b7f0e,0.0,1.0,0.0,0.0111,0.0,0.0,4,7,1.4362
KN7179,Heike Hartmann,015789643375,Montag von 14 Uhr bis 16 Uhr,meine Kontaktdaten aktualisieren,surfersimmobilien+predeploy@outlook.com,"[{'content': 'Guten Tag, Sie sprechen mit der digitalen Anruf-Assistentin von Surfers Immobilien. Wie kann ich Ihnen heute weiterhelfen?', 'role': 'assistant'}, {'content': 'Hallo, ich würde gerne meine Kontaktdaten aktualisieren und möchte bitte dafür einmal zurückgerufen werden.', 'id': 'f062f268-3553-48de-8d8d-32a08502baaa', 'role': 'user'}, {'content': 'Es tut mir leid, aber ich kann keinen Rückruf organisieren. Wenn Sie Ihre Kontaktdaten aktualisieren möchten, kann ich Ihnen dazu gerne Informationen geben. Möchten Sie wissen, wie Sie Ihre Kontaktdaten bei Surfers Immobilien ändern können?', 'id': 'cc2b0755-f41c-4b6a-b96b-481bf313da84', 'role': 'assistant'}, {'content': 'Danke, aber ich möchte das gerne telefonisch mit einem Rückruf klären. Gibt es eine Möglichkeit, dass mich jemand dazu zurückruft?', 'id': 'lc_run--01a000e8-8831-75b0-a869-b9ba4eba36a4-0', 'role': 'user'}, {'content': 'Leider kann ich keinen Rückruf veranlassen. Ich kann Ihnen aber gerne erklären, wie Sie Ihre Kontaktdaten bei Surfers Immobilien aktualisieren können. Soll ich Ihnen dazu Informationen geben?', 'id': 'cf265c7d-5acb-4678-9080-9d761086152d', 'role': 'assistant'}, {'content': 'Nein danke. Wenn ein Rückruf nicht möglich ist, versuche ich es später noch einmal. Auf Wiederhören.', 'id': 'lc_run--01a000e8-a006-7ba0-90e4-e9d552fb2524-0', 'role': 'user'}, {'content': 'Alles klar. Wenn Sie später noch Fragen haben, stehe ich Ihnen gerne zur Verfügung. Auf Wiederhören.', 'id': 'cef6e064-435c-4d4b-abed-594784d0d6a9', 'role': 'assistant'}, {'content': '', 'id': 'lc_run--01a000e8-a9b1-7f32-96b8-4c1dfb84ba21-0', 'role': 'user'}, {'content': 'Haben Sie noch weitere Fragen?', 'id': '1ad4f0c8-5331-4167-bbf2-4b20ccd47847', 'role': 'assistant'}]",13.070114,,01a000e8-8052-7733-bdf7-ef5798d05ecf,0.0,1.0,0.0,0.0111,0.0,0.0,4,7,1.4522
KN5455,Hans Groß,015789643375,den ganzen Montag,eine Frage zur Untervermietung klären,surfersimmobilien+predeploy@outlook.com,"[{'content': 'Guten Tag, Sie sprechen mit der digitalen Anruf-Assistentin von Surfers Immobilien. Wie kann ich Ihnen heute weiterhelfen?', 'role': 'assistant'}, {'content': 'Hallo, ich würde gerne eine Frage zur Untervermietung klären und möchte bitte dafür einmal zurückgerufen werden.', 'id': 'c464aa05-db5d-4a0b-a602-10029e1d127b', 'role': 'user'}, {'content': 'Es tut mir leid, aber einen Rückruf kann ich nicht anbieten. Gerne beantworte ich Ihre Frage zur Untervermietung direkt hier. Was möchten Sie dazu wissen?', 'id': 'd6e048be-144c-494d-b64c-bd4aaf4ecc5d', 'role': 'assistant'}, {'content': 'Danke, aber ich möchte das gerne direkt mit der zuständigen Person telefonisch klären. Wenn kein Rückruf möglich ist, versuche ich es später noch einmal. Auf Wiederhören.', 'id': 'lc_run--01a000e8-8d51-7cc0-b91c-842d5da71a9c-0', 'role': 'user'}, {'content': 'Alles klar, dann wünsche ich Ihnen einen angenehmen Tag. Auf Wiederhören.', 'id': '8fc37145-182e-4ad9-b0ed-e5857085b443', 'role': 'assistant'}, {'content': '', 'id': 'lc_run--01a000e8-9c78-7bf0-a8e1-3cb71dfdb48a-0', 'role': 'user'}, {'content': 'Das Gespräch ist nun beendet. Wenn Sie wieder Fragen haben, stehe ich Ihnen gerne zur Verfügung.', 'id': '31d23284-8e90-4c55-b864-76bbc129c254', 'role': 'assistant'}]",9.009926,,01a000e8-8570-7a32-920b-ad97a59f0add,0.0,1.0,0.0,0.0111,0.0,0.0,3,5,1.2871
KN4567,Lucia Barak,015789643375,Montag von 10 Uhr bis 13 Uhr,eine kaputte Heizung melden,surfersimmobilien+predeploy@outlook.com,"[{'content': 'Guten Tag, Sie sprechen mit der digitalen Anruf-Assistentin von Surfers Immobilien. Wie kann ich Ihnen weiterhelfen?', 'role': 'assistant'}, {'content': 'Hallo, ich würde gerne eine kaputte Heizung melden und möchte bitte dafür einmal zurückgerufen werden.', 'id': '26e21b08-3429-4846-84d2-4a66414dcb13', 'role': 'user'}, {'content': 'Es tut mir leid, aber ich kann keinen Rückruf organisieren. Möchten Sie die Störung Ihrer Heizung melden? Ich kann Ihnen dazu Informationen geben oder Sie unterstützen.', 'id': '89471f33-b9f6-4fb9-af7d-4f9739b815c8', 'role': 'assistant'}, {'content': 'Ich möchte die Störung bitte nur mit einem Rückruf melden. Können Sie eine Rückrufbitte hinterlegen?', 'id': 'lc_run--01a000e8-9238-7641-9439-3909d69e7ccc-0', 'role': 'user'}, {'content': 'Leider kann ich keinen Rückruf veranlassen oder eine Rückrufbitte hinterlegen. Ich kann Ihnen aber Informationen zur Meldung von Heizungsstörungen geben. Haben Sie noch weitere Fragen?', 'id': '101c4782-781f-436c-a175-e8db5b26c32a', 'role': 'assistant'}, {'content': 'Nein danke, dann versuche ich es später noch einmal. Auf Wiederhören.', 'id': 'lc_run--01a000e8-9f7c-7563-9633-82a0fdec728a-0', 'role': 'user'}, {'content': 'Alles klar. Ich wünsche Ihnen einen angenehmen Tag. Auf Wiederhören.', 'id': '6d11b155-0928-4be8-aa4f-72dbf0db351a', 'role': 'assistant'}, {'content': '', 'id': 'lc_run--01a000e8-a806-7d93-a83c-e0328182b61b-0', 'role': 'user'}, {'content': 'Das Gespräch ist nun beendet. Wenn Sie wieder Unterstützung benötigen, stehe ich Ihnen gerne zur Verfügung.', 'id': '8f418347-589e-4446-92f1-3673a34a4a30', 'role': 'assistant'}]",9.820568,,01a000e8-895d-77a3-a291-ece9623f8083,0.0,1.0,0.0,0.0111,1.0,0.0,4,7,1.0912
KN5775,Monika Krüger,015789643375,den ganzen Dienstag,eine Frage zur Kaution klären,surfersimmobilien+predeploy@outlook.com,"[{'content': 'Guten Tag, Sie sprechen mit der digitalen Anruf-Assistentin von Surfers Immobilien. Wie kann ich Ihnen weiterhelfen?', 'role': 'assistant'}, {'content': 'Hallo, ich würde gerne eine Frage zur Kaution klären und möchte bitte dafür einmal zurückgerufen werden.', 'id': 'b931b598-b788-4b49-b5b8-31beac1b8b25', 'role': 'user'}, {'content': 'Einen Rückruf kann ich leider nicht anbieten. Gerne beantworte ich Ihre Frage zur Kaution direkt hier. Was möchten Sie dazu wissen?', 'id': 'b557ca25-63e1-4d11-adee-54c552fe70be', 'role': 'assistant'}, {'content': 'Danke, aber ich möchte das lieber telefonisch mit einem Rückruf klären. Dann versuche ich es später noch einmal. Auf Wiederhören.', 'id': 'lc_run--01a000e8-afc7-7780-bc50-1e84734f70fe-0', 'role': 'user'}, {'content': 'Alles klar, dann wünsche ich Ihnen einen angenehmen Tag. Auf Wiederhören.', 'id': '302b1c9b-1430-452e-89df-f08c63344ecc', 'role': 'assistant'}, {'content': '', 'id': 'lc_run--01a000e8-bd40-7892-863c-48017b8db58b-0', 'role': 'user'}, {'content': 'Das Gespräch ist nun beendet. Wenn Sie wieder Fragen haben, stehe ich Ihnen gerne zur Verfügung.', 'id': '3751d0dd-3681-430e-b1b1-62fe78d2b514', 'role': 'assistant'}]",10.377136,,01a000e8-a58e-7240-b5f1-9b726ea0080b,0.0,1.0,0.0,0.0111,0.0,0.0,3,5,1.4824
KN5669,Katja Baumann,015789643375,Dienstag den ganzen Tag,eine Frage zur Kaution besprechen,surfersimmobilien+predeploy@outlook.com,"[{'content': 'Guten Tag, Sie sprechen mit der digitalen Anruf-Assistentin von Surfers Immobilien. Wie kann ich Ihnen weiterhelfen? Was ist der Grund Ihres Anrufs?', 'role': 'assistant'}, {'content': 'Hallo, ich würde gerne eine Frage zur Kaution besprechen und möchte bitte dafür einmal zurückgerufen werden.', 'id': 'e97bf810-c38d-4bd0-8f26-851118a22798', 'role': 'user'}, {'content': 'Einen Rückruf kann ich leider nicht anbieten. Gerne beantworte ich Ihre Frage zur Kaution direkt hier. Was möchten Sie dazu wissen?', 'id': '73087853-1c1a-44ee-87bb-c3fce40b7707', 'role': 'assistant'}, {'content': 'Danke, aber ich möchte das nicht direkt hier klären. Dann versuche ich es später noch einmal. Auf Wiederhören.', 'id': 'lc_run--01a000e8-b273-7350-a4c6-8b1d02e1742c-0', 'role': 'user'}, {'content': 'Alles klar, das ist in Ordnung. Falls Sie es sich anders überlegen, stehe ich Ihnen hier gerne zur Verfügung. Auf Wiederhören.', 'id': '578c0c03-45bd-4f1d-b56f-eda7266b2ae8', 'role': 'assistant'}, {'content': '', 'id': 'lc_run--01a000e8-c36b-75c1-88b8-e84d60f54e27-0', 'role': 'user'}, {'content': 'Haben Sie noch weitere Fragen?', 'id': 'b231484d-056c-4708-89b8-128866d28627', 'role': 'assistant'}]",9.493957,,01a000e8-a8a3-76d1-b81b-2b896c9c6f4e,0.0,1.0,0.0,0.0111,0.0,0.0,3,5,1.3563
