input.Name,input.Telefon,input.availability,input.call_intent,input.email,outputs.trajectory,execution_time,error,id,feedback.all_info_appointment_telemail,feedback.call_reason_identified,feedback.danke_avg,feedback.danke_score,feedback.hallucinate_appointment,feedback.info_duplicate,feedback.no_cal_disclosure,feedback.offer_callback_appointment,assistant_turns,total_turns,avg_turn_duration
Horst Kramer,015789643375,Freitag den ganzen Tag,eine Reparatur eines undichten Rohrs,surfersimmobilien+predeploy@outlook.com,"[{'content': 'Guten Tag, Sie sprechen mit der digitalen Anruf-Assistentin von Surfers Immobilien. Wie kann ich Ihnen weiterhelfen? Was ist der Grund Ihres Anrufs?', 'role': 'assistant'}, {'content': 'Hallo, mein Name ist Horst Kramer und ich würde gerne einen Termin für eine Reparatur eines undichten Rohrs vereinbaren.', 'id': 'a810d90b-c222-4b9d-8fed-47cfc7c3e193', 'role': 'user'}, {'content': 'Herr Kramer, ich kann leider keine Termine vereinbaren. Möchten Sie stattdessen Informationen zum Vorgehen bei Reparaturen oder zur Meldung von Schäden?', 'id': 'be47df73-bfe2-4591-bcda-c7f2563dab50', 'role': 'assistant'}, {'content': 'Ja, gerne. Da es um ein undichtes Rohr geht, möchte ich den Schaden melden und bitte um einen Rückruf von einem Mitarbeitenden zur Terminvereinbarung.', 'id': 'lc_run--01a000c1-676c-7481-9b28-effb3c9b87bf-0', 'role': 'user'}, {'content': 'Sie können den Schaden während der Geschäftszeiten entweder über das Kundenportal oder telefonisch über die Hotline melden. Bei einem akuten Notfall wie einem Wasserrohrbruch sollten Sie sofort die Notfallhotline unter der Nummer null, acht, null, null, vier, fünf, sechs, sieben, acht, neun, eins anrufen. \n\nHaben Sie noch weitere Fragen?', 'id': 'af12b6d7-9483-4a70-82a2-07aac61c4ca8', 'role': 'assistant'}, {'content': 'Ja, könnten Sie bitte veranlassen, dass mich ein Mitarbeitender zur Terminvereinbarung zurückruft?', 'id': 'lc_run--01a000c1-81a9-7df3-938b-b15e691c7931-0', 'role': 'user'}, {'content': 'Das kann ich leider nicht veranlassen. Bitte melden Sie den Schaden direkt über das Kundenportal oder rufen Sie die Hotline an. Nur so kann Ihr Anliegen schnell bearbeitet werden.', 'id': 'cd9d8c62-7707-43b5-b740-0a732fa43dd4', 'role': 'assistant'}, {'content': 'Verstehe, dann werde ich den Schaden über die Hotline melden. Vielen Dank für die Auskunft. Auf Wiederhören.', 'id': 'lc_run--01a000c1-96c9-7d50-9f48-d2a4c4bb9b2f-0', 'role': 'user'}, {'content': 'Gern geschehen. Ich wünsche Ihnen viel Erfolg bei der Schadensmeldung. Auf Wiederhören und einen angenehmen Tag!', 'id': '5a211d0f-6be5-4683-ab98-1c1d04faa092', 'role': 'assistant'}, {'content': '', 'id': 'lc_run--01a000c1-a200-7d02-b34b-ea43858cf564-0', 'role': 'user'}, {'content': 'Das Gespräch ist nun beendet. Falls Sie wieder Unterstützung benötigen, stehe ich Ihnen gerne zur Verfügung.', 'id': '37c77136-21e9-4f7f-b9cd-0a8a329c6a16', 'role': 'assistant'}]",30.121988,,01a000c1-5f1f-7511-ba84-0b45abdbf6b3,0.0,1.0,0.0,0.0111,0.0,0.0,1.0,0.0,5,9,2.7384
Erika Brandt,015789643375,Mittwoch von 10 Uhr bis 13 Uhr,eine Besichtigung eines Dachgeschosses,surfersimmobilien+predeploy@outlook.com,"[{'content': 'Guten Tag, Sie sprechen mit der digitalen Anruf-Assistentin von Surfers Immobilien. Wie kann ich Ihnen weiterhelfen? Was ist der Grund Ihres Anrufs?', 'role': 'assistant'}, {'content': 'Hallo, mein Name ist Erika Brandt und ich würde gerne einen Termin für eine Besichtigung eines Dachgeschosses vereinbaren.', 'id': '5de41e66-13bb-4219-86f7-41694f565604', 'role': 'user'}, {'content': 'Frau Brandt, ich kann leider keine Termine vereinbaren. Gibt es sonst etwas, wobei ich Ihnen behilflich sein kann?', 'id': '18cdf4d8-243e-4b29-b078-aff3fbe653b8', 'role': 'assistant'}, {'content': 'Ja, gerne. Dann würde ich mich über einen Rückruf von einem Mitarbeitenden freuen, um die Besichtigung persönlich zu vereinbaren.', 'id': 'lc_run--01a000c1-79b4-7813-b62c-51bc3a26e413-0', 'role': 'user'}, {'content': 'Frau Brandt, ich kann leider keinen Rückruf veranlassen. Gibt es noch etwas, wobei ich Sie unterstützen kann?', 'id': '706382fb-9625-4e18-9e52-9ed7866a8384', 'role': 'assistant'}, {'content': 'Schade, dann leider nicht. Vielen Dank trotzdem. Auf Wiederhören.', 'id': 'lc_run--01a000c1-874f-76d3-b86b-8933838ec95c-0', 'role': 'user'}, {'content': 'Gern geschehen, Frau Brandt. Einen schönen Tag noch und auf Wiederhören.', 'id': 'f1319ebb-e64d-47c6-8f1e-45091d18d7f0', 'role': 'assistant'}, {'content': '', 'id': 'lc_run--01a000c1-918a-7580-afef-03c0c0c79644-0', 'role': 'user'}, {'content': 'Falls Sie später noch Fragen haben, stehe ich Ihnen gerne zur Verfügung. Auf Wiederhören.', 'id': '7efcb8ba-799c-4a7f-8a1c-47bcbf3782d7', 'role': 'assistant'}]",10.218867,,01a000c1-7130-75d1-b91d-a2ffa4eaa9cf,0.0,1.0,0.0,0.0111,0.0,0.0,1.0,0.0,4,7,1.1354
Wolfgang Schäfer,015789643375,"flexibel, außer montags",eine Besprechung zur Mieterhöhung,surfersimmobilien+predeploy@outlook.com,"[{'content': 'Guten Tag, Sie sprechen mit der digitalen Anruf-Assistentin von Surfers Immobilien. Wie kann ich Ihnen weiterhelfen?', 'role': 'assistant'}, {'content': 'Hallo, mein Name ist Wolfgang Schäfer und ich würde gerne einen Termin für eine Besprechung zur Mieterhöhung vereinbaren.', 'id': 'e34d9c9d-0561-42de-9447-88e4b02c5d74', 'role': 'user'}, {'content': 'Herr Schäfer, ich kann leider keine Termine vereinbaren. Gibt es etwas, das ich Ihnen zur Mieterhöhung direkt beantworten oder erklären kann?', 'id': '0e85ed10-3305-4fa9-93a0-4fa7549de5ea', 'role': 'assistant'}, {'content': 'Danke, ich hätte dazu gerne ein persönliches Gespräch. Könnte mich bitte ein Mitarbeitender zurückrufen, um das Anliegen zu klären oder einen Termin zu vereinbaren?', 'id': 'lc_run--01a000c1-92b8-71d0-8f55-36585b439185-0', 'role': 'user'}, {'content': 'Herr Schäfer, ich kann leider keinen Rückruf veranlassen oder Termine vermitteln. Wenn Sie möchten, kann ich Ihnen aber Informationen zur Mieterhöhung geben. Gibt es dazu eine konkrete Frage?', 'id': '859efe17-d74f-4021-aaf7-d58dba2591ed', 'role': 'assistant'}, {'content': 'Verstehe. Können Sie mir bitte sagen, wie ich am besten einen Mitarbeitenden direkt erreiche, um das persönlich zu klären?', 'id': 'lc_run--01a000c1-a28d-7ff2-b1a6-1152a578f087-0', 'role': 'user'}, {'content': 'Sie erreichen Mitarbeitende von Surfers Immobilien über die zentrale Hotline. Eine direkte Durchwahl wird aus Datenschutzgründen nicht vergeben. Die Hotline ist der beste Weg, um Ihr Anliegen persönlich zu klären.', 'id': '93fadc0c-6e17-46d4-b266-4d2bcd969474', 'role': 'assistant'}, {'content': 'Alles klar, danke für die Auskunft. Dann melde ich mich über die zentrale Hotline. Auf Wiederhören.', 'id': 'lc_run--01a000c1-b5eb-7470-9996-afdd259620eb-0', 'role': 'user'}, {'content': 'Das Gespräch ist nun beendet. Falls Sie wieder Fragen haben, stehe ich Ihnen gerne zur Verfügung.', 'id': '09374576-4209-42e5-8f8c-7135abbf5756', 'role': 'assistant'}, {'content': '', 'id': 'lc_run--01a000c1-c769-7b91-aa1c-04d7bdf77730-0', 'role': 'user'}, {'content': 'Falls Sie noch einmal Unterstützung benötigen, bin ich gerne für Sie da. Einen schönen Tag noch!', 'id': '2281cb71-a270-4b17-861b-945e8c378933', 'role': 'assistant'}]",20.489093,,01a000c1-8a59-7f10-bde4-75b64f3a346d,0.0,1.0,0.0,0.0111,0.0,0.0,1.0,0.0,5,9,1.8626
Lars Schmid,015789643375,Montag von 9 Uhr bis 12 Uhr,eine Beratung zur Mietvertragsänderung,surfersimmobilien+predeploy@outlook.com,"[{'content': 'Guten Tag, Sie sprechen mit der digitalen Anruf-Assistentin von Surfers Immobilien. Wie kann ich Ihnen weiterhelfen? Was ist der Grund Ihres Anrufs?', 'role': 'assistant'}, {'content': 'Hallo, mein Name ist Lars Schmid und ich würde gerne einen Termin für eine Beratung zur Mietvertragsänderung vereinbaren.', 'id': '91e4961e-a265-43fb-881c-3deee332d861', 'role': 'user'}, {'content': 'Herr Schmid, ich kann leider keine Termine vereinbaren. Gibt es etwas, das ich Ihnen direkt zu Mietvertragsänderungen erklären oder beantworten kann?', 'id': 'd6ef1dbb-82cb-4988-bc0a-b8ccb2875d8d', 'role': 'assistant'}, {'content': 'Danke, ich hätte gerne einen Rückruf von einem Mitarbeitenden, um mein Anliegen zu klären oder persönlich einen Termin zu vereinbaren.', 'id': 'lc_run--01a000c1-92d4-7e02-a30d-4e974cf138ee-0', 'role': 'user'}, {'content': 'Herr Schmid, ich kann leider keinen Rückruf veranlassen. Wenn Sie möchten, kann ich Ihnen aber Informationen rund um Mietvertragsänderungen geben oder Ihre Fragen dazu beantworten.', 'id': '4434d68c-a7f6-4034-8d07-e3d4d053ab53', 'role': 'assistant'}, {'content': 'Verstehe, danke. Dann wende ich mich direkt an die Geschäftsstelle. Auf Wiederhören.', 'id': 'lc_run--01a000c1-9e7e-7e12-a28b-11372fbb290d-0', 'role': 'user'}, {'content': 'Alles klar, Herr Schmid. Ich wünsche Ihnen einen angenehmen Tag. Auf Wiederhören.', 'id': '742d7c4c-dfe8-4e5e-8f8d-0dd4751f275c', 'role': 'assistant'}, {'content': '', 'id': 'lc_run--01a000c1-a9e0-7d01-8e00-f511588197dd-0', 'role': 'user'}, {'content': 'Das Gespräch ist nun beendet. Falls Sie wieder Fragen haben, stehe ich Ihnen gerne zur Verfügung.', 'id': '14d05f50-7f97-46bd-99d7-77ecf59d942b', 'role': 'assistant'}]",12.333496,,01a000c1-8a77-7c61-ba20-25fe79855acf,0.0,1.0,0.0,0.0111,0.0,0.0,1.0,0.0,4,7,1.3704
August Busch,015789643375,immer dienstags und donnerstags,eine Kontrolle der Elektroinstallation,surfersimmobilien+predeploy@outlook.com,"[{'content': 'Guten Tag, Sie sprechen mit der digitalen Anruf-Assistentin von Surfers Immobilien. Wie kann ich Ihnen weiterhelfen? Was ist der Grund Ihres Anrufs?', 'role': 'assistant'}, {'content': 'Hallo, mein Name ist August Busch und ich würde gerne einen Termin für eine Kontrolle der Elektroinstallation vereinbaren.', 'id': 'cf68dc97-e93c-4fd2-8ab1-b5f983299097', 'role': 'user'}, {'content': 'Herr Busch, ich kann leider keine Termine vereinbaren. Gibt es sonst etwas, wobei ich Ihnen behilflich sein kann?', 'id': 'fcac2eb1-b5e3-4b00-9bf2-eb93989fdcbe', 'role': 'assistant'}, {'content': 'Ja, dann würde ich gerne um einen Rückruf durch einen Mitarbeitenden bitten, um das Anliegen zu klären oder persönlich einen Termin zu vereinbaren.', 'id': 'lc_run--01a000c1-a1de-74d1-84f7-4e99ea24d071-0', 'role': 'user'}, {'content': 'Herr Busch, ich kann leider keinen Rückruf veranlassen. Gibt es noch etwas, wobei ich Sie unterstützen kann?', 'id': 'ca887530-a825-4132-912f-be29da76e993', 'role': 'assistant'}, {'content': 'Nein, danke. Dann werde ich es zu einem späteren Zeitpunkt noch einmal versuchen. Auf Wiederhören.', 'id': 'lc_run--01a000c1-accf-71a0-b2af-75e615a827b8-0', 'role': 'user'}, {'content': 'Alles klar, Herr Busch. Ich wünsche Ihnen einen angenehmen Tag. Auf Wiederhören.', 'id': 'acde84d5-2907-409c-9984-ec06ed2388c8', 'role': 'assistant'}, {'content': '', 'id': 'lc_run--01a000c1-b787-7012-8dc5-35c4e2829b78-0', 'role': 'user'}, {'content': 'Das Gespräch ist nun beendet. Wenn Sie wieder Unterstützung benötigen, stehe ich Ihnen gerne zur Verfügung.', 'id': 'd104074c-1f59-4d2b-aac2-c9eb10dbd8fe', 'role': 'assistant'}]",12.0032,,01a000c1-991c-7eb0-9a7e-29ce86468318,0.0,1.0,0.0,0.0111,0.0,0.0,1.0,0.0,4,7,1.3337
Klaus Schröder,015789643375,Mittwoch und Freitag vormittags,eine Reparatur der Klingelanlage,surfersimmobilien+predeploy@outlook.com,"[{'content': 'Guten Tag, Sie sprechen mit der digitalen Anruf-Assistentin von Surfers Immobilien. Wie kann ich Ihnen weiterhelfen?', 'role': 'assistant'}, {'content': 'Hallo, mein Name ist Klaus Schröder und ich würde gerne einen Termin für eine Reparatur der Klingelanlage vereinbaren.', 'id': '48043a07-fab5-47c6-a59e-36260892139d', 'role': 'user'}, {'content': 'Herr Schröder, ich kann leider keine Termine vereinbaren. Gibt es sonst etwas, wobei ich Ihnen behilflich sein kann?', 'id': 'd2a717d2-1b0a-403d-b267-c36199b2a21a', 'role': 'assistant'}, {'content': 'Dann bitte ich um einen Rückruf von einem Mitarbeitenden, damit wir das Anliegen klären und einen Termin vereinbaren können.', 'id': 'lc_run--01a000c1-c477-7181-80ed-92aa82004aef-0', 'role': 'user'}, {'content': 'Herr Schröder, ich kann leider keinen Rückruf veranlassen. Gibt es noch etwas, wobei ich Sie unterstützen kann?', 'id': '85edbc9d-7dd0-463c-92e2-35b41d435a9b', 'role': 'assistant'}, {'content': 'Nein, danke. Dann werde ich es zu einem späteren Zeitpunkt noch einmal versuchen. Auf Wiederhören.', 'id': 'lc_run--01a000c1-d0cb-7b41-a742-84647f90a095-0', 'role': 'user'}, {'content': 'Alles klar, Herr Schröder. Ich wünsche Ihnen einen angenehmen Tag. Auf Wiederhören!', 'id': '5eab89d2-96e1-4870-ae42-ba186c9f2a2e', 'role': 'assistant'}, {'content': '', 'id': 'lc_run--01a000c1-db0d-70c0-84f0-6a65fa0d6c29-0', 'role': 'user'}, {'content': 'Das Gespräch ist nun beendet. Wenn Sie wieder Unterstützung benötigen, stehe ich Ihnen gerne zur Verfügung.', 'id': '213367bb-5c9f-4473-8422-3cf8a7f6adb5', 'role': 'assistant'}]",12.306744,,01a000c1-baa6-7463-adf6-6180063e57af,0.0,1.0,0.0,0.0111,0.0,0.0,1.0,0.0,4,7,1.3674
Torsten Werner,015789643375,Freitag den ganzen Tag,eine Besichtigung für die Neuvermietung,surfersimmobilien+predeploy@outlook.com,"[{'content': 'Guten Tag, Sie sprechen mit der digitalen Anruf-Assistentin von Surfers Immobilien. Wie kann ich Ihnen weiterhelfen? Was ist der Grund Ihres Anrufs?', 'role': 'assistant'}, {'content': 'Hallo, mein Name ist Torsten Werner und ich würde gerne einen Termin für eine Besichtigung für die Neuvermietung vereinbaren.', 'id': '2ccd430c-3724-4528-ad37-7882c386ec9b', 'role': 'user'}, {'content': 'Herr Werner, ich kann leider keine Termine vereinbaren. Gibt es sonst etwas, wobei ich Ihnen behilflich sein kann?', 'id': 'f51e4282-af28-4bbd-8762-68b4216f84d7', 'role': 'assistant'}, {'content': 'Ja, gerne. Dann würde ich um einen Rückruf durch eine Mitarbeiterin oder einen Mitarbeiter bitten, um die Besichtigung persönlich zu vereinbaren.', 'id': 'lc_run--01a000c1-d04e-7df1-9cd9-3734b45d84ba-0', 'role': 'user'}, {'content': 'Herr Werner, ich kann leider keinen Rückruf veranlassen. Gibt es noch etwas, wobei ich Sie unterstützen kann?', 'id': '64dec93f-e033-4f33-a479-58f97428107e', 'role': 'assistant'}, {'content': 'Nein, danke. Dann versuche ich es zu einem späteren Zeitpunkt noch einmal. Auf Wiederhören.', 'id': 'lc_run--01a000c1-e40d-7792-b872-f342a365394a-0', 'role': 'user'}, {'content': 'Alles klar, Herr Werner. Ich wünsche Ihnen einen angenehmen Tag. Auf Wiederhören.', 'id': 'a3d72f42-3ac9-46f1-b052-6c2cbddd3529', 'role': 'assistant'}, {'content': '', 'id': 'lc_run--01a000c1-ee60-7a10-b3a5-a4c30ef151f1-0', 'role': 'user'}, {'content': 'Falls Sie später noch Fragen haben, stehe ich Ihnen gerne zur Verfügung. Einen schönen Tag noch!', 'id': 'b1de38c6-b2bc-477d-81c8-a7953621bfa6', 'role': 'assistant'}]",13.681806,,01a000c1-c800-7a32-988f-948aa087ea56,0.0,1.0,0.0,0.0111,0.0,0.0,1.0,0.0,4,7,1.5202
Ursula Jäger,015789643375,immer dienstags und donnerstags,eine Terminabsprache zur Wohnungsübergabe an den Nachmieter,surfersimmobilien+predeploy@outlook.com,"[{'content': 'Guten Tag, Sie sprechen mit der digitalen Anruf-Assistentin von Surfers Immobilien. Wie kann ich Ihnen weiterhelfen? Was ist der Grund Ihres Anrufs?', 'role': 'assistant'}, {'content': 'Hallo, mein Name ist Ursula Jäger und ich würde gerne einen Termin für eine Terminabsprache zur Wohnungsübergabe an den Nachmieter vereinbaren.', 'id': 'fa5822e7-c606-453b-a3c9-8dbbac6a080e', 'role': 'user'}, {'content': 'Frau Jäger, ich kann leider keine Termine vereinbaren. Gibt es sonst etwas, wobei ich Ihnen behilflich sein kann?', 'id': '1f41cde8-00e7-4a5a-92f3-de77c0233000', 'role': 'assistant'}, {'content': 'Ja, dann würde ich gerne um einen Rückruf durch einen Mitarbeitenden bitten, um das persönlich zu klären.', 'id': 'lc_run--01a000c1-de78-74d0-a077-ea2c6f68ce5f-0', 'role': 'user'}, {'content': 'Frau Jäger, ich kann leider keinen Rückruf veranlassen. Gibt es eine Information rund um die Wohnungsübergabe, bei der ich Ihnen direkt weiterhelfen kann?', 'id': 'd47cc42e-2a0c-45d9-b8f8-c53c46d2e0ae', 'role': 'assistant'}, {'content': 'Dann würde ich gerne wissen, wie ich am besten einen Mitarbeitenden erreichen kann, um einen Termin zur Wohnungsübergabe zu vereinbaren.', 'id': 'lc_run--01a000c1-ef07-7471-9a58-6b33cc37b51a-0', 'role': 'user'}, {'content': 'Sie erreichen die Mitarbeitenden von Surfers Immobilien über die zentrale Hotline. Der Hausmeister ist von Montag bis Freitag zwischen acht Uhr und sechzehn Uhr vor Ort und ebenfalls über die zentrale Hotline erreichbar. Eine direkte Durchwahl wird aus Datenschutzgründen nicht herausgegeben.', 'id': 'e75dda83-1769-4109-8c54-7a63d40246aa', 'role': 'assistant'}, {'content': 'Vielen Dank für die Information. Dann versuche ich es über die zentrale Hotline. Auf Wiederhören.', 'id': 'lc_run--01a000c2-08cd-7593-9494-fe1cc85405c7-0', 'role': 'user'}, {'content': 'Gern geschehen. Ich wünsche Ihnen einen angenehmen Tag. Auf Wiederhören.', 'id': '3a749c54-245c-474b-935c-ee1183c63397', 'role': 'assistant'}, {'content': '', 'id': 'lc_run--01a000c2-1777-7503-9765-5142ed5e82e4-0', 'role': 'user'}, {'content': 'Falls Sie noch einmal Fragen haben, stehe ich Ihnen gerne zur Verfügung. Einen schönen Tag noch!', 'id': '60506736-7ca1-48e2-bbc3-ff821d9bba79', 'role': 'assistant'}]",20.352076,,01a000c1-d4ca-7a60-9df7-6cd22c435871,0.0,1.0,0.0,0.0111,0.0,0.0,1.0,0.0,5,9,1.8502
Markus Schmidt,015789643375,Montag von 9 Uhr bis 12 Uhr,eine Reparatur der Waschmaschine,surfersimmobilien+predeploy@outlook.com,"[{'content': 'Guten Tag, Sie sprechen mit der digitalen Anruf-Assistentin von Surfers Immobilien. Wie kann ich Ihnen weiterhelfen? Was ist der Grund Ihres Anrufs?', 'role': 'assistant'}, {'content': 'Hallo, mein Name ist Markus Schmidt und ich würde gerne einen Termin für eine Reparatur der Waschmaschine vereinbaren.', 'id': '3f4dded8-6336-42c5-a8b5-bcba9085488e', 'role': 'user'}, {'content': 'Herr Schmidt, ich kann leider keine Termine vereinbaren. Gibt es sonst etwas, wobei ich Ihnen behilflich sein kann?', 'id': '86c59e41-709e-4eab-b1ce-a41d997a163c', 'role': 'assistant'}, {'content': 'Dann bitte ich um einen Rückruf von einem Mitarbeitenden, um das Anliegen zu klären und einen Termin zu vereinbaren.', 'id': 'lc_run--01a000c1-e2e7-7480-97e4-8ba9a969ba4f-0', 'role': 'user'}, {'content': 'Herr Schmidt, ich kann leider keinen Rückruf veranlassen. Gibt es noch etwas, wobei ich Sie unterstützen kann?', 'id': '9d29d326-3a89-4449-8ad6-514895cc103a', 'role': 'assistant'}, {'content': 'Nein, danke. Dann werde ich es zu einem anderen Zeitpunkt noch einmal versuchen. Auf Wiederhören.', 'id': 'lc_run--01a000c1-ef5d-7613-b91c-d2248b2c1fec-0', 'role': 'user'}, {'content': 'Alles klar, Herr Schmidt. Ich wünsche Ihnen einen angenehmen Tag. Auf Wiederhören.', 'id': '8fe4deb7-586c-401f-abeb-1952772aeb89', 'role': 'assistant'}, {'content': '', 'id': 'lc_run--01a000c1-fc75-70a0-8ec5-bde78a80ee63-0', 'role': 'user'}, {'content': 'Falls Sie später noch Fragen haben, stehe ich Ihnen gerne zur Verfügung. Einen schönen Tag noch!', 'id': '52827566-e4d2-4dc2-95a8-2f456593b261', 'role': 'assistant'}]",12.503206,,01a000c1-da63-7d61-9a4e-1f659eba0a11,0.0,1.0,0.0,0.0111,0.0,0.0,1.0,0.0,4,7,1.3892
Bettina Albrecht,015789643375,immer freitags,eine Reparatur der Wohnungstür,surfersimmobilien+predeploy@outlook.com,"[{'content': 'Guten Tag, Sie sprechen mit der digitalen Anruf-Assistentin von Surfers Immobilien. Wie kann ich Ihnen weiterhelfen?', 'role': 'assistant'}, {'content': 'Hallo, mein Name ist Bettina Albrecht und ich würde gerne einen Termin für eine Reparatur der Wohnungstür vereinbaren.', 'id': 'e61004e2-55e6-464c-95ec-28cad693aaae', 'role': 'user'}, {'content': 'Frau Albrecht, ich kann leider keine Termine vereinbaren. Möchten Sie stattdessen Informationen zum Ablauf einer Reparaturmeldung oder zu den nächsten Schritten erhalten?', 'id': 'ef7c9d66-29e8-4d9a-8be7-993b11eff7c6', 'role': 'assistant'}, {'content': 'Ja, gerne. Können Sie mir bitte sagen, wie ich die Reparatur der Wohnungstür melden kann und ob mich jemand zur Terminvereinbarung zurückrufen kann?', 'id': 'lc_run--01a000c1-f500-73d3-a8b7-242974f59749-0', 'role': 'user'}, {'content': 'Sie können den Schaden an Ihrer Wohnungstür entweder über das Kundenportal mit dem Formular „Schadensmeldung“ oder telefonisch während der Öffnungszeiten melden. Nach Ihrer Meldung wird sich jemand zur Terminvereinbarung mit Ihnen in Verbindung setzen. Haben Sie noch weitere Fragen?', 'id': '65ac627b-fade-4e0a-81e1-32b85ad8c03d', 'role': 'assistant'}, {'content': 'Ja, bitte lassen Sie mich zurückrufen, um die Reparatur persönlich zu melden und einen Termin zu vereinbaren.', 'id': 'lc_run--01a000c2-08b7-7763-8012-62fe8026e21f-0', 'role': 'user'}, {'content': 'Ich kann leider keinen Rückruf veranlassen. Bitte melden Sie den Schaden direkt über das Kundenportal oder rufen Sie während der Öffnungszeiten die Hotline an. Dort wird man alles Weitere mit Ihnen besprechen.', 'id': '625fe67e-31ad-49a9-99dd-f5b9c615959d', 'role': 'assistant'}, {'content': 'Alles klar, dann mache ich das so. Vielen Dank für die Auskunft. Auf Wiederhören.', 'id': 'lc_run--01a000c2-178a-7e61-adc4-d96e0e218729-0', 'role': 'user'}, {'content': 'Gern geschehen. Ich wünsche Ihnen einen angenehmen Tag. Auf Wiederhören.', 'id': 'f98a84a1-efb9-4148-9a3f-d8c28729a2e8', 'role': 'assistant'}, {'content': '', 'id': 'lc_run--01a000c2-2184-7010-b8c8-3dadc4f969c5-0', 'role': 'user'}, {'content': 'Das Gespräch ist nun beendet. Falls Sie wieder Fragen haben, stehe ich Ihnen gerne zur Verfügung.', 'id': '093a3330-44ef-43fc-85ee-5d61dd93e22b', 'role': 'assistant'}]",17.135679,,01a000c1-eaba-72b2-806e-666567efd4c9,0.0,1.0,0.0,0.0111,0.0,0.0,1.0,0.0,5,9,1.5578
Otto Heinrich,015789643375,immer montags und mittwochs,eine Reparatur der Kellertür,surfersimmobilien+predeploy@outlook.com,"[{'content': 'Guten Tag, Sie sprechen mit der digitalen Anruf-Assistentin von Surfers Immobilien. Wie kann ich Ihnen weiterhelfen? Was ist der Grund Ihres Anrufs?', 'role': 'assistant'}, {'content': 'Hallo, mein Name ist Otto Heinrich und ich würde gerne einen Termin für eine Reparatur der Kellertür vereinbaren.', 'id': 'edcacf53-e620-428c-9c5d-bbbac2d8f1d4', 'role': 'user'}, {'content': 'Herr Heinrich, ich kann leider keine Termine vereinbaren. Möchten Sie stattdessen Informationen zum Ablauf einer Reparaturmeldung oder zu den nächsten Schritten erhalten?', 'id': '4f29efa3-85c0-4ca0-b078-2becc173185f', 'role': 'assistant'}, {'content': 'Ja, gern. Dann möchte ich bitte von einem Mitarbeitenden zurückgerufen werden, um die Reparatur der Kellertür und einen Termin zu klären.', 'id': 'lc_run--01a000c2-07de-7531-90d9-0f330e23304d-0', 'role': 'user'}, {'content': 'Einen Rückruf kann ich leider nicht veranlassen. Ich kann Ihnen aber gern erklären, wie Sie eine Reparaturmeldung bei Surfers Immobilien einreichen können. Möchten Sie dazu Informationen?', 'id': '9eded91a-63fd-4f84-9986-d0f5de7aa4ac', 'role': 'assistant'}, {'content': 'Ja, bitte. Wie kann ich die Reparaturmeldung einreichen?', 'id': 'lc_run--01a000c2-1751-7843-b570-d63df2e317fa-0', 'role': 'user'}, {'content': 'Sie können die Reparaturmeldung entweder über das Kundenportal von Surfers Immobilien mit dem Formular „Schadensmeldung“ einreichen oder während der Öffnungszeiten telefonisch über die Hotline melden. Bei akuten Notfällen gibt es eine Notfallhotline. Benötigen Sie die Nummern oder weitere Details?', 'id': '6e3c1491-ed67-4368-9f6d-9db79a7de430', 'role': 'assistant'}, {'content': 'Ja, bitte nennen Sie mir die Hotline-Nummern und die Öffnungszeiten.', 'id': 'lc_run--01a000c2-270a-7a90-aef9-5cc8706c82d0-0', 'role': 'user'}, {'content': 'Die reguläre Hotline von Surfers Immobilien erreichen Sie unter null, zwei, eins, eins, vier, fünf, sechs, sieben, acht, neun, null. Die Notfallhotline für Gas-, Wasser- oder Stromnotfälle ist null, acht, null, null, vier, fünf, sechs, sieben, acht, neun, eins.\n\nDie Zentrale ist montags bis mittwochs von neun Uhr bis fünfzehn Uhr und freitags von vierzehn Uhr bis siebzehn Uhr erreichbar.', 'id': '0f99d297-ec3b-4e14-a379-ef34f050458c', 'role': 'assistant'}, {'content': 'Vielen Dank. Dann melde ich die Reparatur der Kellertür über die Hotline während der Öffnungszeiten. Auf Wiederhören.', 'id': 'lc_run--01a000c2-3b71-7700-9137-2deaa8f4bbcd-0', 'role': 'user'}, {'content': 'Alles klar, das klingt gut. Ich wünsche Ihnen einen angenehmen Tag. Auf Wiederhören!', 'id': 'f8e46129-4cea-44ed-b8f0-8cd02a5f8e2e', 'role': 'assistant'}, {'content': '', 'id': 'lc_run--01a000c2-47a4-7d82-8d74-fdf38363ba3c-0', 'role': 'user'}, {'content': 'Das Gespräch ist nun beendet. Falls Sie wieder Unterstützung benötigen, stehe ich Ihnen gern zur Verfügung.', 'id': 'dc083cd6-34cc-4699-b2e1-e2b269450d03', 'role': 'assistant'}]",23.026932,,01a000c1-fd74-77d0-b460-c21b7a88612f,0.0,1.0,0.0,0.0111,0.0,0.0,1.0,0.0,6,11,1.7713
Dietmar Martin,015789643375,nur am späten Nachmittag,eine Reparatur der Eingangstür,surfersimmobilien+predeploy@outlook.com,"[{'content': 'Guten Tag, Sie sprechen mit der digitalen Anruf-Assistentin von Surfers Immobilien. Wie kann ich Ihnen weiterhelfen? Was ist der Grund Ihres Anrufs?', 'role': 'assistant'}, {'content': 'Hallo, mein Name ist Dietmar Martin und ich würde gerne einen Termin für eine Reparatur der Eingangstür vereinbaren.', 'id': '270f75e2-974f-4edc-930d-722e693d6ecd', 'role': 'user'}, {'content': 'Herr Martin, ich kann leider keine Termine vereinbaren. Gibt es sonst etwas, wobei ich Ihnen behilflich sein kann?', 'id': '387e2064-7299-4bda-94be-54b464cb6605', 'role': 'assistant'}, {'content': 'Ja, dann bitte ich um einen Rückruf durch einen Mitarbeitenden, damit ich die Reparatur der Eingangstür persönlich klären und einen Termin vereinbaren kann.', 'id': 'lc_run--01a000c2-177d-7b40-9ae6-4a743f6ba4b4-0', 'role': 'user'}, {'content': 'Herr Martin, ich kann leider keinen Rückruf veranlassen. Gibt es noch etwas, wobei ich Sie unterstützen kann?', 'id': '65599b6a-ba92-4436-8e61-2fc49b4fcd50', 'role': 'assistant'}, {'content': 'Nein, dann leider nicht. Vielen Dank trotzdem. Auf Wiederhören.', 'id': 'lc_run--01a000c2-2727-74c2-a4be-b68c2be285d8-0', 'role': 'user'}, {'content': 'Alles klar. Auf Wiederhören und einen angenehmen Tag für Sie.', 'id': '91215e25-4701-4fc2-b5e5-a520c4d2b02f', 'role': 'assistant'}, {'content': '', 'id': 'lc_run--01a000c2-34f2-7d02-818b-73745a0e7f13-0', 'role': 'user'}, {'content': 'Falls Sie später noch Fragen haben, können Sie sich gerne wieder melden. Auf Wiederhören.', 'id': '41a38ace-9598-4256-897e-6f0f1a80d6b6', 'role': 'assistant'}]",13.968394,,01a000c2-0b3c-73d3-8c49-d6fd0bd5e578,0.0,1.0,0.0,0.0111,0.0,0.0,1.0,0.0,4,7,1.552
Ida Krämer,015789643375,Mittwoch von 8 Uhr bis 10 Uhr,eine Besichtigung eines Gartenanteils,surfersimmobilien+predeploy@outlook.com,"[{'content': 'Guten Tag, Sie sprechen mit der digitalen Anruf-Assistentin von Surfers Immobilien. Wie kann ich Ihnen weiterhelfen?', 'role': 'assistant'}, {'content': 'Hallo, mein Name ist Ida Krämer und ich würde gerne einen Termin für eine Besichtigung eines Gartenanteils vereinbaren.', 'id': '9f264a10-4e47-4dbb-a52d-8875a35e77d7', 'role': 'user'}, {'content': 'Frau Krämer, ich kann leider keine Termine vereinbaren. Gibt es sonst etwas, wobei ich Ihnen behilflich sein kann?', 'id': 'aae15e11-6389-4b72-bfaf-0537a65888bb', 'role': 'assistant'}, {'content': 'Dann würde ich gerne um einen Rückruf durch einen Mitarbeitenden bitten, um einen Besichtigungstermin persönlich zu vereinbaren.', 'id': 'lc_run--01a000c2-2c7a-7eb0-a097-43863fcc873e-0', 'role': 'user'}, {'content': 'Einen Rückruf kann ich leider nicht veranlassen. Gibt es eine Information zum Thema Gartenanteil oder Besichtigung, bei der ich Ihnen direkt weiterhelfen kann?', 'id': 'd98c9c1d-cd3c-425e-b46c-29a6f6396ff9', 'role': 'assistant'}, {'content': 'Können Sie mir bitte sagen, wie ich einen Mitarbeitenden direkt erreichen kann, um einen Besichtigungstermin zu vereinbaren?', 'id': 'lc_run--01a000c2-3fa0-7272-8886-50752c08436e-0', 'role': 'user'}, {'content': 'Sie können Mitarbeitende von Surfers Immobilien über die zentrale Hotline erreichen. Eine direkte Durchwahl wird aus Datenschutzgründen nicht herausgegeben. Haben Sie noch weitere Fragen?', 'id': '00ae7142-050c-45da-8519-63c7026404cc', 'role': 'assistant'}, {'content': 'Ist das die Nummer, die ich gerade angerufen habe, oder gibt es dafür eine andere zentrale Hotline?', 'id': 'lc_run--01a000c2-569f-75a2-a114-ae67c75fca94-0', 'role': 'user'}, {'content': 'Dazu liegen mir keine konkreten Informationen vor. Es wird nur erwähnt, dass es eine zentrale Hotline gibt, aber keine genaue Nummer genannt. Kann ich Ihnen sonst noch weiterhelfen?', 'id': 'd915df5b-4820-4de8-8425-ac42e0fd735f', 'role': 'assistant'}, {'content': 'Nein, danke. Dann versuche ich es später noch einmal. Auf Wiederhören.', 'id': 'lc_run--01a000c2-6665-7e00-8594-55a621cfb297-0', 'role': 'user'}, {'content': 'Alles klar. Auf Wiederhören und einen angenehmen Tag für Sie!', 'id': '66ae807f-6073-4032-906c-3e922b8a7644', 'role': 'assistant'}, {'content': '', 'id': 'lc_run--01a000c2-71ff-7992-855b-38a0d11cf79a-0', 'role': 'user'}, {'content': 'Sollten Sie später noch Fragen haben, stehe ich Ihnen gerne zur Verfügung. Auf Wiederhören!', 'id': '79cb135c-d4e2-4553-a08e-b1df9ea74f7e', 'role': 'assistant'}]",22.312068,,01a000c2-244c-7e30-9721-d62f1d41e215,0.0,1.0,0.0,0.0111,0.0,0.0,1.0,0.0,6,11,1.7163
Hildegard Kaiser,015789643375,jeden Tag außer donnerstags,eine Reparatur einer verstopften Toilette,surfersimmobilien+predeploy@outlook.com,"[{'content': 'Guten Tag, Sie sprechen mit der digitalen Anruf-Assistentin von Surfers Immobilien. Was ist der Grund für Ihren Anruf?', 'role': 'assistant'}, {'content': 'Hallo, mein Name ist Hildegard Kaiser und ich würde gerne einen Termin für eine Reparatur einer verstopften Toilette vereinbaren.', 'id': 'fcf6d4c3-0aba-4fa1-9051-565c8a796b72', 'role': 'user'}, {'content': 'Frau Kaiser, ich kann leider keine Termine vereinbaren. Möchten Sie stattdessen Informationen zum Ablauf einer Reparatur oder zur Meldung eines Schadens erhalten?', 'id': 'b2f4127c-4ba4-46a8-8bfb-a8f672140d5b', 'role': 'assistant'}, {'content': 'Ja, bitte. Dann hätte ich gern einen Rückruf von einem Mitarbeitenden, um die Reparatur persönlich zu klären.', 'id': 'lc_run--01a000c2-37b8-7323-a219-b2b910b0e385-0', 'role': 'user'}, {'content': 'Einen Rückruf kann ich leider nicht veranlassen. Ich kann Ihnen aber erklären, wie Sie einen Schaden melden oder wie der Ablauf bei einer Reparatur ist. Möchten Sie dazu Informationen?', 'id': 'f800c221-7ce2-4886-b777-b3dc6fc01838', 'role': 'assistant'}, {'content': 'Ja, bitte erklären Sie mir kurz, wie ich den Schaden melden kann.', 'id': 'lc_run--01a000c2-45fa-7701-8972-b7da8538e53f-0', 'role': 'user'}, {'content': 'Sie können den Schaden entweder über das Kundenportal oder telefonisch über die Hotline melden. Bei akuten Notfällen wie einem Wasserrohrbruch gibt es eine Notfallhotline. Für eine verstopfte Toilette reicht in der Regel die Meldung über das Kundenportal oder die reguläre Hotline.', 'id': '4b5b845d-b8e1-4216-b087-e4dd8e48fc97', 'role': 'assistant'}, {'content': 'Vielen Dank für die Information. Dann melde ich den Schaden über die reguläre Hotline beziehungsweise das Kundenportal. Auf Wiederhören.', 'id': 'lc_run--01a000c2-5647-7a33-9b10-bfe86a8d2ef7-0', 'role': 'user'}, {'content': 'Gern geschehen. Ich wünsche Ihnen einen angenehmen Tag. Auf Wiederhören.', 'id': 'c3a87090-0e63-4f4f-a5f8-5017a03ad477', 'role': 'assistant'}, {'content': '', 'id': 'lc_run--01a000c2-6020-7d22-b42a-28af65c9c8ef-0', 'role': 'user'}, {'content': 'Das Gespräch ist nun beendet. Falls Sie wieder Unterstützung benötigen, stehe ich Ihnen gern zur Verfügung.', 'id': 'e90b8219-8f03-4149-a044-d50a000390a9', 'role': 'assistant'}]",16.639164,,01a000c2-2daa-7703-ba2e-5252e290dc84,0.0,1.0,0.0,0.0111,0.0,0.0,1.0,0.0,5,9,1.5127
Ralf Herzog,015789643375,immer montags und mittwochs,eine Terminabsprache für die Treppenhausreinigung,surfersimmobilien+predeploy@outlook.com,"[{'content': 'Guten Tag, Sie sprechen mit der digitalen Anruf-Assistentin von Surfers Immobilien. Wie kann ich Ihnen weiterhelfen?', 'role': 'assistant'}, {'content': 'Hallo, mein Name ist Ralf Herzog und ich würde gerne einen Termin für eine Terminabsprache für die Treppenhausreinigung vereinbaren.', 'id': '9626c9c8-3fef-4e04-8371-c538099b4fc1', 'role': 'user'}, {'content': 'Herr Herzog, ich kann leider keine Termine vereinbaren oder verwalten. Gibt es sonst etwas, wobei ich Ihnen behilflich sein kann?', 'id': 'fddef938-1c7c-46b6-a922-156408b7e96e', 'role': 'assistant'}, {'content': 'Ja, dann würde ich gerne um einen Rückruf von einem Mitarbeitenden bitten, damit ich mein Anliegen klären und einen Termin vereinbaren kann.', 'id': 'lc_run--01a000c2-4ba1-7571-bf1e-a8465b30fb86-0', 'role': 'user'}, {'content': 'Ich kann leider keinen Rückruf veranlassen oder weiterleiten. Gibt es Informationen zur Treppenhausreinigung, die ich Ihnen bereitstellen kann?', 'id': '9bf5ee89-d0aa-4fb4-8ebe-8d76905c3f6b', 'role': 'assistant'}, {'content': 'Ja, bitte nennen Sie mir dann die Kontaktdaten oder Sprechzeiten, unter denen ich einen Mitarbeitenden erreichen kann.', 'id': 'lc_run--01a000c2-5a13-7e41-98c8-ffff7caa7a2a-0', 'role': 'user'}, {'content': 'Sie erreichen den Hausmeisterservice von Montag bis Freitag, jeweils von acht Uhr bis sechzehn Uhr, über die zentrale Hotline von Surfers Immobilien. Eine direkte Telefonnummer wird aus Datenschutzgründen nicht herausgegeben. Haben Sie noch weitere Fragen?', 'id': 'e4f5e6fd-0b37-444f-ab4f-fd2a6e3379b9', 'role': 'assistant'}, {'content': 'Nein, danke für die Information. Ich werde es über die zentrale Hotline versuchen. Auf Wiederhören.', 'id': 'lc_run--01a000c2-6ff6-71e2-85f4-084b7b1b7dbb-0', 'role': 'user'}, {'content': 'Alles klar. Ich wünsche Ihnen einen angenehmen Tag. Auf Wiederhören.', 'id': '6e23b0aa-0ea8-4fb2-8187-e515d977bfe6', 'role': 'assistant'}, {'content': '', 'id': 'lc_run--01a000c2-7b58-7be3-b278-d52fef06e747-0', 'role': 'user'}, {'content': 'Das Gespräch ist nun beendet. Falls Sie wieder Unterstützung benötigen, stehe ich Ihnen gerne zur Verfügung.', 'id': 'e6bbdcd1-3e70-4db7-b860-a0b9518586ed', 'role': 'assistant'}]",18.85705,,01a000c2-41cd-78e1-abd5-6205c996c253,0.0,1.0,0.0,0.0111,0.0,0.0,1.0,0.0,5,9,1.7143
Ilse Schulte,015789643375,nur nachmittags ab 15 Uhr,eine Terminabsprache für die Schädlingsbekämpfung,surfersimmobilien+predeploy@outlook.com,"[{'content': 'Guten Tag, Sie sprechen mit der digitalen Anruf-Assistentin von Surfers Immobilien. Wie kann ich Ihnen weiterhelfen?', 'role': 'assistant'}, {'content': 'Hallo, mein Name ist Ilse Schulte und ich würde gerne einen Termin für eine Terminabsprache für die Schädlingsbekämpfung vereinbaren.', 'id': 'eaeda909-88cf-4898-914f-924a53517e4d', 'role': 'user'}, {'content': 'Frau Schulte, ich kann leider keine Termine vereinbaren. Gibt es sonst etwas, wobei ich Ihnen behilflich sein kann?', 'id': '64e56c46-acf1-4af8-8f6a-cf2e4b3dbb4b', 'role': 'assistant'}, {'content': 'Ja, dann hätte ich gerne einen Rückruf von einem Mitarbeitenden, um das Anliegen persönlich zu klären.', 'id': 'lc_run--01a000c2-6166-7a50-a989-8eb82d17ba70-0', 'role': 'user'}, {'content': 'Einen Rückruf kann ich leider nicht veranlassen. Gibt es Informationen zur Schädlingsbekämpfung, die ich Ihnen bereitstellen soll?', 'id': '1924a04f-b317-4c34-a619-ced562616f35', 'role': 'assistant'}, {'content': 'Nein, danke. Dann werde ich es zu einem späteren Zeitpunkt noch einmal versuchen. Auf Wiederhören.', 'id': 'lc_run--01a000c2-7214-7790-ae3c-f475ab376198-0', 'role': 'user'}, {'content': 'Alles klar. Auf Wiederhören und einen angenehmen Tag für Sie.', 'id': '5150ddc5-7fd8-49f3-b91e-483722d55b0f', 'role': 'assistant'}, {'content': '', 'id': 'lc_run--01a000c2-7f9e-7923-97b1-e533f0eabda5-0', 'role': 'user'}, {'content': 'Sollten Sie später noch Fragen haben, stehe ich Ihnen gerne zur Verfügung.', 'id': 'd624874d-e356-4d39-b4e0-1aa7fcf8f89c', 'role': 'assistant'}]",13.449963,,01a000c2-5768-7970-a1e7-26cfa8d0d540,0.0,1.0,0.0,0.0111,0.0,0.0,1.0,0.0,4,7,1.4944
Walter Kuhn,015789643375,Montag und Mittwoch von 9 bis 12 Uhr,eine Beratung zur Umschreibung des Mietvertrags,surfersimmobilien+predeploy@outlook.com,"[{'content': 'Guten Tag, Sie sprechen mit der digitalen Anruf-Assistentin von Surfers Immobilien. Wie kann ich Ihnen weiterhelfen?', 'role': 'assistant'}, {'content': 'Hallo, mein Name ist Walter Kuhn und ich würde gerne einen Termin für eine Beratung zur Umschreibung des Mietvertrags vereinbaren.', 'id': 'bff007ea-0567-4099-8b97-26bcd5d4ed59', 'role': 'user'}, {'content': 'Herr Kuhn, ich kann leider keine Termine vereinbaren. Gibt es etwas, worüber ich Sie direkt informieren oder unterstützen kann, zum Thema Umschreibung des Mietvertrags?', 'id': '493926fb-c5b0-460c-bd6d-2d771dd84947', 'role': 'assistant'}, {'content': 'Danke. Dann würde ich gerne um einen Rückruf durch eine Mitarbeiterin oder einen Mitarbeiter bitten, damit ich mein Anliegen klären und persönlich einen Termin vereinbaren kann.', 'id': 'lc_run--01a000c2-7896-76f2-bfcf-4e308c3e3c21-0', 'role': 'user'}, {'content': 'Herr Kuhn, ich kann leider keinen Rückruf organisieren. Wenn Sie Fragen zur Umschreibung des Mietvertrags haben, kann ich Ihnen gerne direkt Informationen dazu geben. Möchten Sie dazu etwas wissen?', 'id': 'a0601b56-dd99-429b-ba17-555d3f4d978a', 'role': 'assistant'}, {'content': 'Ja, gerne. Können Sie mir bitte sagen, welche Unterlagen für die Umschreibung des Mietvertrags benötigt werden und wie der Ablauf ist?', 'id': 'lc_run--01a000c2-85e8-7b73-9fb3-c322f3d126d3-0', 'role': 'user'}, {'content': 'Für die Umschreibung des Mietvertrags benötigen Sie in der Regel ein schriftliches, unterschriebenes Schreiben. Eine formlose E-Mail ohne Unterschrift reicht nicht aus. Der genaue Ablauf ist: Sie reichen das unterschriebene Dokument ein, dann wird Ihr Anliegen geprüft und bearbeitet. \n\nBrauchen Sie noch Details zu bestimmten Unterlagen?', 'id': '0a011319-efcb-4ab4-849c-2a571f4cc042', 'role': 'assistant'}, {'content': 'Ja, bitte. Muss das Schreiben von allen bisherigen und neuen Mietvertragsparteien unterschrieben werden? Und brauche ich zusätzlich Ausweiskopien oder weitere Nachweise?', 'id': 'lc_run--01a000c2-99ac-7a32-b213-e485662f1391-0', 'role': 'user'}, {'content': 'Zu den Unterschriften steht nur, dass das Schreiben unterschrieben sein muss. Ob alle bisherigen und neuen Mietvertragsparteien unterschreiben müssen oder ob Ausweiskopien und weitere Nachweise nötig sind, geht aus den vorliegenden Informationen leider nicht hervor.\n\nSoll ich noch nach anderen Details suchen?', 'id': '0803adb7-a657-4263-bdd4-49003308820f', 'role': 'assistant'}, {'content': 'Ja, bitte. Gibt es eine Telefonnummer oder E-Mail-Adresse, an die ich mich wenden kann, um die offenen Details zu klären oder einen Termin zu vereinbaren?', 'id': 'lc_run--01a000c2-b075-7d30-acff-605866f87a02-0', 'role': 'user'}, {'content': 'Eine konkrete Telefonnummer oder E-Mail-Adresse ist in den verfügbaren Informationen nicht genannt. Es wird aber auf das Kundenportal unter portal.surfers-immobilien.de verwiesen. Dort können Sie Ihr Anliegen klären oder einen Termin vereinbaren. \n\nHaben Sie noch weitere Fragen?', 'id': 'c21786d5-09f9-46c4-b69f-9cf36deda3c7', 'role': 'assistant'}, {'content': 'Nein, danke. Dann versuche ich es über das Kundenportal. Auf Wiederhören.', 'id': 'lc_run--01a000c2-c3da-7a02-96eb-78351d759a81-0', 'role': 'user'}, {'content': 'Alles klar. Ich wünsche Ihnen einen angenehmen Tag. Auf Wiederhören!', 'id': '45793a4e-9c83-4b11-9879-5a12bd6ced91', 'role': 'assistant'}, {'content': '', 'id': 'lc_run--01a000c2-d208-7803-81f5-fa94b249e16c-0', 'role': 'user'}, {'content': 'Das Gespräch ist beendet. Wenn Sie wieder Fragen haben, stehe ich Ihnen gerne zur Verfügung.', 'id': '7e4fda8f-4a8a-4060-8f1e-e1fb8f99b276', 'role': 'assistant'}]",29.062683,,01a000c2-6eab-74a2-a4dd-0a993aacae20,0.0,1.0,0.0,0.0111,0.0,0.0,1.0,0.0,7,13,1.9375
Monika Krüger,015789643375,den ganzen Dienstag,eine Besprechung zur Untervermietung,surfersimmobilien+predeploy@outlook.com,"[{'content': 'Guten Tag, Sie sprechen mit der digitalen Anruf-Assistentin von Surfers Immobilien. Wie kann ich Ihnen weiterhelfen?', 'role': 'assistant'}, {'content': 'Hallo, mein Name ist Monika Krüger und ich würde gerne einen Termin für eine Besprechung zur Untervermietung vereinbaren.', 'id': '86efe188-818c-4644-b7f6-03f6d5f0f92a', 'role': 'user'}, {'content': 'Frau Krüger, ich kann leider keine Termine vereinbaren. Gibt es etwas, das ich Ihnen zur Untervermietung direkt beantworten oder erklären kann?', 'id': '55ea9c45-db1f-48cc-a391-d0df02dd1be3', 'role': 'assistant'}, {'content': 'Danke, dann hätte ich gern einen Rückruf von einem Mitarbeitenden, um mein Anliegen zur Untervermietung persönlich zu klären.', 'id': 'lc_run--01a000c2-8520-7930-a457-c58c0f4d603b-0', 'role': 'user'}, {'content': 'Einen Rückruf kann ich leider nicht veranlassen. Wenn Sie möchten, kann ich Ihnen Informationen zur Untervermietung direkt geben. Gibt es dazu eine konkrete Frage?', 'id': '3f5b89fe-cd79-4572-85ef-9ef882c8e58d', 'role': 'assistant'}, {'content': 'Schade. Können Sie mir bitte sagen, wie ich einen Mitarbeitenden direkt erreichen kann, um einen Termin zu vereinbaren?', 'id': 'lc_run--01a000c2-92f3-7562-9b7f-476fe909cb69-0', 'role': 'user'}, {'content': 'Dazu liegen mir leider keine Informationen vor. Ich kann Ihnen aber gerne Auskünfte zur Untervermietung geben, falls Sie möchten.', 'id': 'a476741b-dc60-4dc7-8ff2-d5d38feffbe4', 'role': 'assistant'}, {'content': 'Verstehe. Dann könnten Sie mir bitte kurz erklären, welche Voraussetzungen für eine Untervermietung gelten?', 'id': 'lc_run--01a000c2-a02d-7461-9d9a-f8abda4118eb-0', 'role': 'user'}, {'content': 'Für eine Untervermietung brauchen Sie die vorherige schriftliche Zustimmung der Genossenschaft. Ohne diese Genehmigung ist eine Untervermietung nicht erlaubt. Haben Sie noch weitere Fragen dazu?', 'id': '23b35b0f-ab91-447a-af70-dad0bdbd2bdc', 'role': 'assistant'}, {'content': 'Ja, danke. Welche Unterlagen muss ich für die Zustimmung einreichen?', 'id': 'lc_run--01a000c2-b200-7ea2-a05a-3715897a0c4f-0', 'role': 'user'}, {'content': 'Dazu habe ich leider keine konkreten Informationen zu den benötigten Unterlagen gefunden. Es wird aber eine schriftliche Zustimmung der Genossenschaft verlangt. Möchten Sie noch etwas dazu wissen?', 'id': 'c82d5b7f-3709-45e6-99ac-7eb91d44c53f', 'role': 'assistant'}, {'content': 'Nein, danke. Dann weiß ich erst einmal Bescheid. Auf Wiederhören.', 'id': 'lc_run--01a000c2-c263-7203-bf95-b24b765fc231-0', 'role': 'user'}, {'content': 'Alles klar, Frau Krüger. Ich wünsche Ihnen einen angenehmen Tag. Auf Wiederhören.', 'id': '83d45c77-b1a0-4afd-9251-656c971540d9', 'role': 'assistant'}, {'content': '', 'id': 'lc_run--01a000c2-d132-7a42-97fe-7ad2cbfcb5d9-0', 'role': 'user'}, {'content': 'Das Gespräch ist beendet. Falls Sie wieder Fragen haben, stehe ich Ihnen gerne zur Verfügung.', 'id': '6af43aa6-4aaf-4b98-bc7d-d210ce7b30c4', 'role': 'assistant'}]",25.387779,,01a000c2-7b75-7c71-8510-05652734bb9f,0.0,1.0,0.0,0.0111,0.0,0.0,1.0,0.0,7,13,1.6925
Sandra Richter,015789643375,jeden Tag außer donnerstags,eine Beschwerde wegen Lärmbelästigung,surfersimmobilien+predeploy@outlook.com,"[{'content': 'Guten Tag, Sie sprechen mit der digitalen Anruf-Assistentin von Surfers Immobilien. Wie kann ich Ihnen heute weiterhelfen?', 'role': 'assistant'}, {'content': 'Hallo, mein Name ist Sandra Richter und ich würde gerne einen Termin für eine Beschwerde wegen Lärmbelästigung vereinbaren.', 'id': '33f798f7-c8f2-4222-97e0-2ab727bce941', 'role': 'user'}, {'content': 'Frau Richter, ich kann leider keine Termine vereinbaren. Möchten Sie mir Ihr Anliegen zur Lärmbelästigung schildern? Dann kann ich Ihnen dazu Informationen geben oder weiterhelfen.', 'id': '8272b95b-8a20-4037-bfea-802e9e20705c', 'role': 'assistant'}, {'content': 'Es geht um wiederholte Lärmbelästigung in meiner Wohnung. Ich würde das gerne mit einem Mitarbeitenden besprechen und bitte um einen Rückruf zur Klärung oder Terminvereinbarung.', 'id': 'lc_run--01a000c2-9453-7fb3-aaff-b656a1c3f610-0', 'role': 'user'}, {'content': 'Ich kann leider keinen Rückruf oder Termin für Sie organisieren. Ich kann Ihnen aber Informationen zum Vorgehen bei Lärmbelästigung geben oder Hinweise, wie Sie Ihr Anliegen schriftlich einreichen können. Möchten Sie dazu mehr wissen?', 'id': '919b3361-4ae6-4ba6-88c7-e6490da6ead2', 'role': 'assistant'}, {'content': 'Ja, bitte. Wie kann ich die Beschwerde schriftlich einreichen?', 'id': 'lc_run--01a000c2-a6e2-7a33-bb35-2d004a14f548-0', 'role': 'user'}, {'content': 'Sie können Ihre Beschwerde schriftlich per Post oder über das Kundenportal von Surfers Immobilien einreichen. Im Kundenportal gibt es ein Formular für Schadensmeldungen, das Sie auch für solche Anliegen nutzen können. Eine formlose E-Mail reicht nicht aus. Haben Sie dazu noch Fragen?', 'id': '6ee896f9-3ce2-486a-b7ae-98dedbf4a354', 'role': 'assistant'}, {'content': 'Ja, welche Angaben sollte ich in der Beschwerde machen?', 'id': 'lc_run--01a000c2-b8e2-7703-b235-79b616145fb6-0', 'role': 'user'}, {'content': 'Dazu habe ich leider keine genauen Angaben gefunden. In der Regel sollten Sie aber Folgendes angeben: Ihre Kontaktdaten, die genaue Beschreibung der Lärmbelästigung, wann und wie oft sie auftritt, und falls möglich, Zeugen oder Belege. Möchten Sie noch etwas wissen?', 'id': '303b08ed-f511-4af6-8181-bab974230b53', 'role': 'assistant'}, {'content': 'Nein, danke. Dann reiche ich die Beschwerde schriftlich ein. Auf Wiederhören.', 'id': 'lc_run--01a000c2-cc58-7f00-ac27-aeeac4d21141-0', 'role': 'user'}, {'content': 'Alles klar. Ich wünsche Ihnen viel Erfolg bei der Einreichung. Auf Wiederhören.', 'id': '40105cd7-7e28-433b-8dde-7017f732a223', 'role': 'assistant'}, {'content': '', 'id': 'lc_run--01a000c2-d5c9-7d23-97fa-7aeb83da49db-0', 'role': 'user'}, {'content': 'Das Gespräch ist nun beendet. Einen schönen Tag noch.', 'id': '91c6f20d-8c25-4272-8e7b-20f849e6840e', 'role': 'assistant'}]",23.635588,,01a000c2-8b77-7820-bc38-66b10d717be5,0.0,1.0,0.0,0.0111,0.0,0.0,1.0,0.0,6,11,1.8181
Alfred Scholz,015789643375,immer freitags,eine Besichtigung eines Kellerraums,surfersimmobilien+predeploy@outlook.com,"[{'content': 'Guten Tag, Sie sprechen mit der digitalen Anruf-Assistentin von Surfers Immobilien. Wie kann ich Ihnen heute weiterhelfen?', 'role': 'assistant'}, {'content': 'Hallo, mein Name ist Alfred Scholz und ich würde gerne einen Termin für eine Besichtigung eines Kellerraums vereinbaren.', 'id': '60b724b3-4e9a-403a-a711-af6844b235e5', 'role': 'user'}, {'content': 'Herr Scholz, ich kann leider keine Termine vereinbaren. Möchten Sie Informationen zu Kellerraum-Besichtigungen oder zu den Abläufen bei Surfers Immobilien erhalten?', 'id': '8446160e-4c2b-4a7b-8512-208a11a4d9a2', 'role': 'assistant'}, {'content': 'Danke, dann hätte ich gerne einen Rückruf von einem Mitarbeitenden, um persönlich einen Besichtigungstermin zu vereinbaren.', 'id': 'lc_run--01a000c2-9441-7303-ad22-3364a88920f7-0', 'role': 'user'}, {'content': 'Einen Rückruf kann ich leider nicht veranlassen. Wenn Sie möchten, kann ich Ihnen aber Informationen zu Kellerraum-Besichtigungen oder den allgemeinen Abläufen bei Surfers Immobilien geben.', 'id': '65857d98-e15a-42ea-88ec-0150f29b486d', 'role': 'assistant'}, {'content': 'Verstehe. Können Sie mir bitte sagen, wie ich einen Mitarbeitenden direkt erreichen kann, um einen Besichtigungstermin zu vereinbaren?', 'id': 'lc_run--01a000c2-a1f1-74b1-9b78-ff090d61a2ba-0', 'role': 'user'}, {'content': 'Sie können Mitarbeitende von Surfers Immobilien über die zentrale Hotline erreichen. Eine direkte private Telefonnummer wird aus Datenschutzgründen nicht herausgegeben. Die Hotline ist von Montag bis Freitag zwischen acht Uhr und sechzehn Uhr erreichbar. Haben Sie noch weitere Fragen?', 'id': '4bb0ea7f-4dfe-4847-a9cd-f8e197875ef0', 'role': 'assistant'}, {'content': 'Danke, dann rufe ich freitags über die zentrale Hotline an. Weitere Fragen habe ich nicht. Auf Wiederhören.', 'id': 'lc_run--01a000c2-b876-7ae3-abde-28cde518ce8b-0', 'role': 'user'}, {'content': 'Alles klar. Dann wünsche ich Ihnen einen angenehmen Tag. Auf Wiederhören!', 'id': '10bfa7ab-f4af-411a-a779-c15bf523e6bf', 'role': 'assistant'}, {'content': '', 'id': 'lc_run--01a000c2-c7db-7720-86bc-b865e9eb25d7-0', 'role': 'user'}, {'content': 'Das Gespräch ist beendet. Wenn Sie wieder Fragen haben, stehe ich Ihnen gerne zur Verfügung.', 'id': '3362ac60-7775-4f04-826f-75e353efd796', 'role': 'assistant'}]",17.448169,,01a000c2-8bf3-77e3-8806-41ba8d520bcb,0.0,1.0,0.0,0.0111,0.0,0.0,1.0,0.0,5,9,1.5862
Hans Groß,015789643375,den ganzen Montag,eine Reparatur eines Wasserschadens im Bad,surfersimmobilien+predeploy@outlook.com,"[{'content': 'Guten Tag, Sie sprechen mit der digitalen Anruf-Assistentin von Surfers Immobilien. Wie kann ich Ihnen weiterhelfen? Was ist der Grund für Ihren Anruf?', 'role': 'assistant'}, {'content': 'Hallo, mein Name ist Hans Groß und ich würde gerne einen Termin für eine Reparatur eines Wasserschadens im Bad vereinbaren.', 'id': '367c21d9-13a2-4eb1-bdef-b596fd2858eb', 'role': 'user'}, {'content': 'Ich kann leider keine Termine vereinbaren. Möchten Sie stattdessen Informationen zum Ablauf bei einem Wasserschaden oder wissen, wie Sie den Schaden melden können?', 'id': '580c7bac-99c0-4c60-afd1-6daffb64217e', 'role': 'assistant'}, {'content': 'Dann hätte ich gerne einen Rückruf von einem Mitarbeitenden, um mein Anliegen zu klären und einen Termin zu vereinbaren.', 'id': 'lc_run--01a000c2-da19-70b3-9246-6f5ebc6d1a03-0', 'role': 'user'}, {'content': 'Einen Rückruf kann ich leider nicht veranlassen. Ich kann Ihnen aber gerne erklären, wie Sie Ihr Anliegen melden oder welche Schritte bei einem Wasserschaden zu beachten sind. Sagen Sie mir einfach, was Sie wissen möchten.', 'id': 'bd509589-e16f-4fd7-b57d-1173d7fc0f0f', 'role': 'assistant'}, {'content': 'Dann erklären Sie mir bitte, wie ich den Wasserschaden melden kann.', 'id': 'lc_run--01a000c2-ea42-7a70-90dc-efed9cffdfda-0', 'role': 'user'}, {'content': 'Sie können den Wasserschaden während der Geschäftszeiten entweder über das Kundenportal oder telefonisch über die Hotline melden. Bei einem akuten Wasserrohrbruch rufen Sie bitte sofort die Notfallhotline unter null acht hundert vier fünf sechs sieben acht neun eins an. \n\nBrauchen Sie noch weitere Informationen dazu?', 'id': '2a9944e9-8d21-4b48-9477-27a3f9873f7c', 'role': 'assistant'}, {'content': 'Nein, danke. Ich melde den Schaden dann über die Hotline. Auf Wiederhören.', 'id': 'lc_run--01a000c2-fcf0-7600-b567-a3a0574bc9c1-0', 'role': 'user'}, {'content': 'Alles klar. Ich wünsche Ihnen einen angenehmen Tag. Auf Wiederhören.', 'id': 'b921af92-10a6-431c-9d8b-6733d604d9f6', 'role': 'assistant'}, {'content': '', 'id': 'lc_run--01a000c3-0749-7fc0-94a3-eff3f0d47b82-0', 'role': 'user'}, {'content': 'Das Gespräch ist nun beendet. Wenn Sie wieder Unterstützung benötigen, stehe ich Ihnen gerne zur Verfügung.', 'id': '0c17a8d4-4126-41ef-83a8-f6d7ce9c4f52', 'role': 'assistant'}]",17.068537,,01a000c2-d01c-7442-adc7-3d537f4e497a,0.0,1.0,0.0,0.0111,0.0,0.0,1.0,0.0,5,9,1.5517
Nicole Winkler,015789643375,"am Wochenende, Samstag oder Sonntag",eine Übergabe der neuen Schlüssel,surfersimmobilien+predeploy@outlook.com,"[{'content': 'Guten Tag, Sie sprechen mit der digitalen Anruf-Assistentin von Surfers Immobilien. Wie kann ich Ihnen weiterhelfen?', 'role': 'assistant'}, {'content': 'Hallo, mein Name ist Nicole Winkler und ich würde gerne einen Termin für eine Übergabe der neuen Schlüssel vereinbaren.', 'id': '61f75038-5787-468f-8540-6fb38ef9d489', 'role': 'user'}, {'content': 'Frau Winkler, ich kann leider keine Termine vereinbaren. Gibt es sonst etwas, wobei ich Ihnen behilflich sein kann?', 'id': '570ca433-9e3e-4e61-84e6-0e5ca31932ee', 'role': 'assistant'}, {'content': 'Ja, dann bitte ich um einen Rückruf von einem Mitarbeitenden, um die Schlüsselübergabe persönlich zu vereinbaren.', 'id': 'lc_run--01a000c2-e877-74d2-be31-0f4423305f58-0', 'role': 'user'}, {'content': 'Frau Winkler, ich kann leider keinen Rückruf organisieren. Möchten Sie Informationen zur Schlüsselübergabe oder zu anderen Themen erhalten?', 'id': '89d988f2-158b-431f-ab36-e944c7a0d935', 'role': 'assistant'}, {'content': 'Ja, gerne. Können Sie mir bitte Informationen zur Schlüsselübergabe geben, insbesondere wie ich einen Termin dafür vereinbaren kann?', 'id': 'lc_run--01a000c2-f10e-7de0-aa35-9d53de60c3db-0', 'role': 'user'}, {'content': 'Für die Schlüsselübergabe ist der Hausmeister zuständig. Er ist von Montag bis Freitag zwischen acht Uhr und sechzehn Uhr vor Ort. Sie erreichen ihn über die zentrale Hotline von Surfers Immobilien. Eine direkte Telefonnummer wird aus Datenschutzgründen nicht herausgegeben. \n\nHaben Sie noch weitere Fragen?', 'id': '228d59ad-8dc4-4dfe-a980-e0c0df2eb915', 'role': 'assistant'}, {'content': 'Danke für die Information. Ich bin leider nur am Wochenende verfügbar. Können Sie mir sagen, wie ich in diesem Fall am besten einen Termin für die Schlüsselübergabe vereinbaren kann?', 'id': 'lc_run--01a000c3-02d8-7643-ac15-a32499411212-0', 'role': 'user'}, {'content': 'Die Schlüsselübergabe ist regulär nur von Montag bis Freitag zwischen acht Uhr und sechzehn Uhr möglich. Für Termine am Wochenende liegen mir keine Informationen vor. Es empfiehlt sich, direkt über die zentrale Hotline von Surfers Immobilien nach einer individuellen Lösung zu fragen.', 'id': 'bdf085d6-fa6f-4458-a527-df83255012e0', 'role': 'assistant'}, {'content': 'Verstanden, vielen Dank. Dann werde ich mich über die zentrale Hotline um eine individuelle Lösung bemühen. Auf Wiederhören.', 'id': 'lc_run--01a000c3-1164-7583-85ba-b99766b5f0fb-0', 'role': 'user'}, {'content': 'Gern geschehen. Ich wünsche Ihnen viel Erfolg dabei. Einen schönen Tag noch und auf Wiederhören.', 'id': 'b27eed6a-90da-4cc7-adca-ee0cba67887b', 'role': 'assistant'}, {'content': '', 'id': 'lc_run--01a000c3-1cfe-7561-a211-9dab6c09c080-0', 'role': 'user'}, {'content': 'Falls Sie später noch Fragen haben, stehe ich Ihnen gerne zur Verfügung. Auf Wiederhören.', 'id': 'cf8da46b-ee4f-4b35-9035-dd4b86bb6d0e', 'role': 'assistant'}]",19.982025,,01a000c2-dea2-7eb2-9b09-46a2279243e4,0.0,1.0,0.0,0.0111,0.0,0.0,1.0,0.0,6,11,1.5371
Volker Berger,015789643375,"flexibel, außer montags",eine Reparatur des Kühlschranks,surfersimmobilien+predeploy@outlook.com,"[{'content': 'Guten Tag, Sie sprechen mit der digitalen Anruf-Assistentin von Surfers Immobilien. Wie kann ich Ihnen heute weiterhelfen?', 'role': 'assistant'}, {'content': 'Hallo, mein Name ist Volker Berger und ich würde gerne einen Termin für eine Reparatur des Kühlschranks vereinbaren.', 'id': '4d722eff-9c91-45ef-b491-e09019eb424a', 'role': 'user'}, {'content': 'Herr Berger, ich kann leider keine Termine vereinbaren. Gibt es sonst etwas, wobei ich Ihnen behilflich sein kann?', 'id': 'a1763f3c-8a79-4bbf-aad0-7472577ee178', 'role': 'assistant'}, {'content': 'Ja, dann hätte ich gerne einen Rückruf von einem Mitarbeitenden, um das persönlich zu klären.', 'id': 'lc_run--01a000c2-e9c7-73d1-b429-b8a570e099cf-0', 'role': 'user'}, {'content': 'Einen Rückruf kann ich leider nicht veranlassen. Gibt es noch etwas, wobei ich Sie unterstützen kann?', 'id': 'f139978f-eb75-48e8-9601-b1aa1a64aff2', 'role': 'assistant'}, {'content': 'Nein, dann nicht. Vielen Dank trotzdem. Auf Wiederhören.', 'id': 'lc_run--01a000c2-f723-77e2-ad94-624506d528d3-0', 'role': 'user'}, {'content': 'Alles klar. Auf Wiederhören und einen schönen Tag Ihnen.', 'id': '53ed9a0f-ff75-4688-a422-f1b0534e109f', 'role': 'assistant'}, {'content': '', 'id': 'lc_run--01a000c2-ff61-7d42-8ead-478735055c6c-0', 'role': 'user'}, {'content': 'Das Gespräch ist beendet.', 'id': 'aea84273-76a4-4640-be63-2d268b4efbcf', 'role': 'assistant'}]",11.781731,,01a000c2-e032-7451-aafd-07479416f375,0.0,1.0,0.0,0.0111,0.0,0.0,1.0,0.0,4,7,1.3091
Manfred Franke,015789643375,Mittwoch und Freitag vormittags,eine Terminabsprache für die Fassadenrenovierung,surfersimmobilien+predeploy@outlook.com,"[{'content': 'Guten Tag, Sie sprechen mit der digitalen Anruf-Assistentin von Surfers Immobilien. Wie kann ich Ihnen weiterhelfen?', 'role': 'assistant'}, {'content': 'Hallo, mein Name ist Manfred Franke und ich würde gerne einen Termin für eine Terminabsprache für die Fassadenrenovierung vereinbaren.', 'id': 'c5058ac9-b154-4025-9c49-5e08508fbc26', 'role': 'user'}, {'content': 'Herr Franke, ich kann leider keine Termine vereinbaren. Gibt es etwas anderes, wobei ich Ihnen behilflich sein kann?', 'id': '72588d27-7382-4f98-a451-7acc12ca3988', 'role': 'assistant'}, {'content': 'Ja, gerne. Dann würde ich um einen Rückruf durch einen Mitarbeitenden bitten, um mein Anliegen zu klären und persönlich einen Termin zu vereinbaren.', 'id': 'lc_run--01a000c2-f152-74c0-a15f-fabf4c8e2ebc-0', 'role': 'user'}, {'content': 'Herr Franke, ich kann leider keinen Rückruf organisieren. Wenn Sie möchten, kann ich Ihnen Informationen zur Fassadenrenovierung oder zu anderen Themen bereitstellen. Haben Sie dazu eine konkrete Frage?', 'id': '97666ea6-d1bf-4ab5-94c4-67ecd0156209', 'role': 'assistant'}, {'content': 'Nein, danke. Dann versuche ich es zu einem späteren Zeitpunkt noch einmal. Auf Wiederhören.', 'id': 'lc_run--01a000c2-fbe7-7490-9ab8-998cad2b9fbb-0', 'role': 'user'}, {'content': 'Alles klar, Herr Franke. Auf Wiederhören und einen angenehmen Tag für Sie.', 'id': '57d4dce7-bae5-4e5c-86dd-32b2fd31ed36', 'role': 'assistant'}, {'content': '', 'id': 'lc_run--01a000c3-068e-76f0-9235-a5809b4d3da4-0', 'role': 'user'}, {'content': 'Sie sind weiterhin mit der digitalen Anruf-Assistentin von Surfers Immobilien verbunden. Gibt es noch etwas, wobei ich Sie unterstützen kann?', 'id': '0b1e8f72-b70f-4d6c-8a2c-6f29853f063b', 'role': 'assistant'}]",12.430887,,01a000c2-e7cc-7c90-bbfa-4298780336f1,0.0,1.0,0.0,0.0111,0.0,0.0,1.0,0.0,4,7,1.3812
Uwe Schwarz,015789643375,den ganzen Donnerstag,eine Wohnungsübergabe nach Auszug,surfersimmobilien+predeploy@outlook.com,"[{'content': 'Guten Tag, Sie sprechen mit der digitalen Anruf-Assistentin von Surfers Immobilien. Wie kann ich Ihnen weiterhelfen?', 'role': 'assistant'}, {'content': 'Hallo, mein Name ist Uwe Schwarz und ich würde gerne einen Termin für eine Wohnungsübergabe nach Auszug vereinbaren.', 'id': '12cb47cb-8519-4a4d-8d8b-490c1029c28f', 'role': 'user'}, {'content': 'Herr Schwarz, ich kann leider keine Termine vereinbaren. Gibt es sonst etwas, wobei ich Ihnen behilflich sein kann?', 'id': '40f6e799-fa88-440e-81b7-7ab5e0432040', 'role': 'assistant'}, {'content': 'Ja, dann bitte ich um einen Rückruf von einem Mitarbeitenden, um die Wohnungsübergabe persönlich zu vereinbaren.', 'id': 'lc_run--01a000c3-184a-7a42-bf1e-278c12da58ab-0', 'role': 'user'}, {'content': 'Herr Schwarz, ich kann leider keinen Rückruf veranlassen. Gibt es noch etwas, wobei ich Sie unterstützen kann?', 'id': 'fd386b3a-3a6c-4405-bdb7-624aa7024934', 'role': 'assistant'}, {'content': 'Nein, danke. Dann versuche ich es zu einem späteren Zeitpunkt noch einmal. Auf Wiederhören.', 'id': 'lc_run--01a000c3-21e3-76c1-b2ad-c9e7eafe5407-0', 'role': 'user'}, {'content': 'Alles klar, Herr Schwarz. Ich wünsche Ihnen einen angenehmen Tag. Auf Wiederhören.', 'id': 'a9122128-51f0-4b0c-885d-649aec6249ae', 'role': 'assistant'}, {'content': '', 'id': 'lc_run--01a000c3-2c89-7363-a8f4-b897e5044b0f-0', 'role': 'user'}, {'content': 'Das Gespräch ist nun beendet. Wenn Sie wieder Unterstützung benötigen, stehe ich Ihnen gerne zur Verfügung.', 'id': 'fe7830f2-7f8a-4800-a1c5-cb4d520fc7e7', 'role': 'assistant'}]",11.538553,,01a000c3-0e39-7e43-bb69-1969fe15c171,0.0,1.0,0.0,0.0111,0.0,0.0,1.0,0.0,4,7,1.2821
Elfriede Seidel,015789643375,den ganzen Freitag,eine Kontrolle der Heizkörper,surfersimmobilien+predeploy@outlook.com,"[{'content': 'Guten Tag, Sie sprechen mit der digitalen Anruf-Assistentin von Surfers Immobilien. Wie kann ich Ihnen heute weiterhelfen?', 'role': 'assistant'}, {'content': 'Hallo, mein Name ist Elfriede Seidel und ich würde gerne einen Termin für eine Kontrolle der Heizkörper vereinbaren.', 'id': '43145f09-fb56-473b-9820-684fd2e25de5', 'role': 'user'}, {'content': 'Frau Seidel, ich kann leider keine Termine vereinbaren. Gibt es sonst etwas, wobei ich Ihnen behilflich sein kann?', 'id': 'a9ba9bcb-3303-4a1b-9470-fda39eeca46d', 'role': 'assistant'}, {'content': 'Ja, gerne. Dann würde ich um einen Rückruf von einem Mitarbeitenden bitten, damit ich den Termin persönlich vereinbaren kann.', 'id': 'lc_run--01a000c3-1b7a-7e31-b3e8-1ab0e245e0df-0', 'role': 'user'}, {'content': 'Frau Seidel, Rückrufe kann ich leider nicht organisieren. Wenn Sie möchten, kann ich Ihnen Informationen zu unseren Heizkörper-Kontrollen oder anderen Themen geben. Möchten Sie dazu etwas wissen?', 'id': '39ed3246-e947-4ec8-82a4-f9c6483f76be', 'role': 'assistant'}, {'content': 'Nein, danke. Dann werde ich mich anderweitig melden. Auf Wiederhören.', 'id': 'lc_run--01a000c3-2e63-7a32-913a-3168a4ee6320-0', 'role': 'user'}, {'content': 'Alles klar, Frau Seidel. Ich wünsche Ihnen einen angenehmen Tag. Auf Wiederhören.', 'id': 'f30cd833-4e8c-4711-9f7a-51b484d29af0', 'role': 'assistant'}, {'content': '', 'id': 'lc_run--01a000c3-3794-7bf2-9b90-aac5fcad5223-0', 'role': 'user'}, {'content': 'Falls Sie später noch Fragen haben, stehe ich Ihnen gerne zur Verfügung. Auf Wiederhören.', 'id': '7504dc6f-1fea-4c8e-9c34-bf782fb6eb9a', 'role': 'assistant'}]",13.513927,,01a000c3-12ca-79b1-85f5-d2be54d7adde,0.0,1.0,0.0,0.0111,0.0,0.0,1.0,0.0,4,7,1.5015
Cornelia Vogel,015789643375,Mittwoch von 10 Uhr bis 13 Uhr,eine Besichtigung des Dachbodens,surfersimmobilien+predeploy@outlook.com,"[{'content': 'Guten Tag, Sie sprechen mit der digitalen Anruf-Assistentin von Surfers Immobilien. Wie kann ich Ihnen weiterhelfen? Was ist der Grund Ihres Anrufs?', 'role': 'assistant'}, {'content': 'Hallo, mein Name ist Cornelia Vogel und ich würde gerne einen Termin für eine Besichtigung des Dachbodens vereinbaren.', 'id': 'd8359ec4-e8f4-4a7c-8f82-1c1c85e33165', 'role': 'user'}, {'content': 'Frau Vogel, ich kann leider keine Termine vereinbaren. Gibt es sonst etwas, wobei ich Ihnen behilflich sein kann?', 'id': 'd31ba9d1-8d94-4ad9-82e7-3a72bdaa0b66', 'role': 'assistant'}, {'content': 'Ja, dann würde ich gerne um einen Rückruf von einem Mitarbeitenden bitten, damit ich den Termin persönlich vereinbaren kann.', 'id': 'lc_run--01a000c3-20f8-7e51-b989-891ee7b161e3-0', 'role': 'user'}, {'content': 'Frau Vogel, ich kann leider keinen Rückruf veranlassen. Gibt es noch etwas, wobei ich Sie unterstützen kann?', 'id': '531db9b6-616a-4a20-9cd0-d10bc0055b8b', 'role': 'assistant'}, {'content': 'Nein, dann leider nicht. Vielen Dank trotzdem. Auf Wiederhören.', 'id': 'lc_run--01a000c3-2c0b-7200-a37f-69b31461a242-0', 'role': 'user'}, {'content': 'Alles klar. Auf Wiederhören und einen schönen Tag für Sie.', 'id': '2f36ea93-8b98-4a06-85f0-05fa96a78684', 'role': 'assistant'}, {'content': '', 'id': 'lc_run--01a000c3-3a57-7c20-8e36-82d5071a1add-0', 'role': 'user'}, {'content': 'Sie haben aktuell keine weitere Anfrage gestellt. Falls Sie doch noch etwas wissen möchten, melden Sie sich gerne wieder.', 'id': '726bf255-18f7-4be5-96fa-980d7681add6', 'role': 'assistant'}]",11.778643,,01a000c3-185b-7c90-a0a1-aa406363a497,0.0,1.0,0.0,0.0111,0.0,0.0,1.0,0.0,4,7,1.3087
Renate Vogt,015789643375,Montag von 10 Uhr bis 13 Uhr,eine Beschwerde wegen eines kaputten Aufzugs,surfersimmobilien+predeploy@outlook.com,"[{'content': 'Guten Tag, Sie sprechen mit der digitalen Anruf-Assistentin von Surfers Immobilien. Wie kann ich Ihnen weiterhelfen? Was ist der Grund für Ihren Anruf?', 'role': 'assistant'}, {'content': 'Hallo, mein Name ist Renate Vogt und ich würde gerne einen Termin für eine Beschwerde wegen eines kaputten Aufzugs vereinbaren.', 'id': '1ec55c6e-9d9f-4237-811d-fc0652d27a4e', 'role': 'user'}, {'content': 'Frau Vogt, ich kann leider keine Termine vereinbaren. Möchten Sie mir Ihr Anliegen zum defekten Aufzug schildern? Dann kann ich Ihnen dazu Informationen geben oder weiterhelfen.', 'id': '57577f92-73ef-40ce-85d8-abb90942735c', 'role': 'assistant'}, {'content': 'Ja, gerne. Der Aufzug in unserem Haus ist defekt, und ich möchte dazu eine Beschwerde einreichen. Da kein Termin möglich ist, hätte ich bitte gerne einen Rückruf von einem Mitarbeitenden, um das Anliegen zu klären.', 'id': 'lc_run--01a000c3-350f-70e0-9afb-b4ae110799a5-0', 'role': 'user'}, {'content': 'Einen Rückruf kann ich leider nicht veranlassen. Ich kann Ihnen aber Informationen zum Vorgehen bei einem defekten Aufzug geben oder Hinweise, wie Sie eine Beschwerde einreichen können. Möchten Sie dazu mehr wissen?', 'id': '1c1e2bd9-81c5-44a3-bda6-3a37802af647', 'role': 'assistant'}, {'content': 'Ja, bitte. Wie kann ich die Beschwerde wegen des defekten Aufzugs einreichen, und an wen soll ich mich wenden?', 'id': 'lc_run--01a000c3-482b-7841-a87f-21b0e6045eff-0', 'role': 'user'}, {'content': 'Sie können den defekten Aufzug entweder über das Kundenportal mit dem Formular „Schadensmeldung“ melden oder während der Öffnungszeiten telefonisch über die Hotline. Für Notfälle gibt es eine separate Notfallhotline, aber bei einem Aufzugdefekt reicht die normale Meldung. Benötigen Sie die Kontaktdaten der Hotline?', 'id': '7575b7c6-fe29-4112-bf50-3d6c9311f6a9', 'role': 'assistant'}, {'content': 'Ja, bitte nennen Sie mir die Kontaktdaten der Hotline und die Öffnungszeiten.', 'id': 'lc_run--01a000c3-5961-7820-aa35-8400358a43fd-0', 'role': 'user'}, {'content': 'Die Telefon-Hotline von Surfers Immobilien erreichen Sie unter der Nummer 0211 4567890. Die Öffnungszeiten sind Montag bis Mittwoch von neun Uhr bis fünfzehn Uhr sowie Freitag von vierzehn Uhr bis siebzehn Uhr. Donnerstags ist die Zentrale geschlossen. Möchten Sie noch etwas wissen?', 'id': '36e6bebd-441f-485f-802c-150fb0cbbfef', 'role': 'assistant'}, {'content': 'Nein, vielen Dank. Dann melde ich den defekten Aufzug über die Hotline. Auf Wiederhören.', 'id': 'lc_run--01a000c3-6a0a-74b1-ac3a-9814530c679b-0', 'role': 'user'}, {'content': 'Gern geschehen. Ich wünsche Ihnen einen angenehmen Tag. Auf Wiederhören.', 'id': 'fd46f38f-66bd-49d6-b50f-74482bd05002', 'role': 'assistant'}, {'content': '', 'id': 'lc_run--01a000c3-7386-7800-b80b-bd0c64234875-0', 'role': 'user'}, {'content': 'Das Gespräch ist nun beendet. Falls Sie wieder Unterstützung benötigen, stehe ich Ihnen gerne zur Verfügung.', 'id': '5495061b-4e65-4c69-b901-97e87ac5c98e', 'role': 'assistant'}]",22.422685,,01a000c3-2cb1-7fb1-9eda-f73327c2789c,0.0,1.0,0.0,0.0111,0.0,0.0,1.0,0.0,6,11,1.7248
Lucia Barak,015789643375,Montag von 10 Uhr bis 13 Uhr,eine Wohnungsbesichtigung,surfersimmobilien+predeploy@outlook.com,"[{'content': 'Guten Tag, Sie sprechen mit der digitalen Anruf-Assistentin von Surfers Immobilien. Wie kann ich Ihnen weiterhelfen? Was ist der Grund für Ihren Anruf?', 'role': 'assistant'}, {'content': 'Hallo, mein Name ist Lucia Barak und ich würde gerne einen Termin für eine Wohnungsbesichtigung vereinbaren.', 'id': 'b696b40c-1faf-4b90-b663-cc8b2a005a6e', 'role': 'user'}, {'content': 'Frau Barak, ich kann leider keine Termine vereinbaren. Gibt es sonst etwas, wobei ich Ihnen behilflich sein kann?', 'id': '0f7e3094-c3a0-4563-bf25-49a913146ea0', 'role': 'assistant'}, {'content': 'Ja, gerne. Dann würde ich um einen Rückruf von einem Mitarbeitenden bitten, um einen Besichtigungstermin persönlich zu vereinbaren.', 'id': 'lc_run--01a000c3-42db-7be1-b8d7-2904c7c319f3-0', 'role': 'user'}, {'content': 'Einen Rückruf kann ich leider nicht veranlassen. Gibt es eine andere Information rund um unsere Wohnungen oder die Genossenschaft, bei der ich Ihnen weiterhelfen kann?', 'id': '8c2c224c-1f56-4fa9-8e35-6cb223c5c170', 'role': 'assistant'}, {'content': 'Nein, danke. Dann werde ich mich anderweitig melden. Auf Wiederhören.', 'id': 'lc_run--01a000c3-5068-7411-b853-b63a99feda0c-0', 'role': 'user'}, {'content': 'Alles klar. Falls Sie später noch Fragen haben, stehe ich Ihnen gerne zur Verfügung. Auf Wiederhören und einen schönen Tag!', 'id': 'b84914e2-f028-4c1d-a831-ed117b3258eb', 'role': 'assistant'}, {'content': '', 'id': 'lc_run--01a000c3-5988-7053-977b-c9274ba302ec-0', 'role': 'user'}, {'content': 'Gibt es noch etwas, wobei ich Ihnen helfen kann?', 'id': 'ef3e250b-92b9-4b37-a844-b900a9cce247', 'role': 'assistant'}]",10.525048,,01a000c3-3b4d-7940-a4ab-f6ecb9943991,0.0,1.0,0.0,0.0111,0.0,0.0,1.0,0.0,4,7,1.1694
Claudia Koch,015789643375,"am Wochenende, Samstag oder Sonntag",eine Klärung der Nebenkostenabrechnung,surfersimmobilien+predeploy@outlook.com,"[{'content': 'Guten Tag, Sie sprechen mit der digitalen Anruf-Assistentin von Surfers Immobilien. Wie kann ich Ihnen weiterhelfen? Was ist der Grund für Ihren Anruf?', 'role': 'assistant'}, {'content': 'Hallo, mein Name ist Claudia Koch und ich würde gerne einen Termin für eine Klärung der Nebenkostenabrechnung vereinbaren.', 'id': '45fc4893-5628-4bb8-8a88-7e459e03bbd6', 'role': 'user'}, {'content': 'Frau Koch, ich kann leider keine Termine vereinbaren. Wenn Sie Fragen zur Nebenkostenabrechnung haben, kann ich Ihnen gerne Informationen dazu geben oder weiterhelfen. Was möchten Sie genau zur Nebenkostenabrechnung wissen?', 'id': '85350c8d-3c15-4b31-929b-8ae143b6b979', 'role': 'assistant'}, {'content': 'Danke. Dann hätte ich gerne einen Rückruf von einem Mitarbeitenden, um mein Anliegen zur Nebenkostenabrechnung persönlich zu klären oder einen Termin zu vereinbaren.', 'id': 'lc_run--01a000c3-4efd-7503-8f6a-1de50866b474-0', 'role': 'user'}, {'content': 'Frau Koch, ich kann leider keinen Rückruf veranlassen und auch keine Termine vermitteln. Wenn Sie möchten, können Sie mir Ihr Anliegen zur Nebenkostenabrechnung schildern. Ich schaue dann, ob ich Ihnen direkt weiterhelfen kann.', 'id': '1909bb71-213c-407b-9b7b-5202e50f950c', 'role': 'assistant'}, {'content': 'Verstehe, danke. Dann möchte ich wissen, an wen ich mich wenden kann, um die Nebenkostenabrechnung persönlich zu klären oder einen Termin zu vereinbaren.', 'id': 'lc_run--01a000c3-5f5d-75f1-859f-9815ba72c668-0', 'role': 'user'}, {'content': 'Sie können Ihrer Nebenkostenabrechnung innerhalb von zwölf Monaten nach Erhalt schriftlich oder per E-Mail widersprechen. Eine persönliche Klärung oder Terminvereinbarung ist laut den vorliegenden Informationen nicht direkt vorgesehen. Ihr Anliegen können Sie also schriftlich oder per E-Mail einreichen. Haben Sie noch weitere Fragen?', 'id': '80fe92eb-07bb-4330-b40d-8d57014edc26', 'role': 'assistant'}, {'content': 'Danke für die Information. Können Sie mir bitte die E-Mail-Adresse nennen, an die ich mein Anliegen zur Nebenkostenabrechnung schicken kann?', 'id': 'lc_run--01a000c3-717f-7c71-842c-bbfeb5a7034e-0', 'role': 'user'}, {'content': 'Dazu liegen mir leider keine konkreten Kontaktdaten oder eine E-Mail-Adresse vor. Ich kann Ihnen dazu keine genaue Adresse nennen. Wenn Sie möchten, kann ich Ihnen allgemeine Hinweise zum Vorgehen geben.', 'id': '9cbeca1d-6e41-46a0-9967-5abbe5bf2126', 'role': 'assistant'}, {'content': 'Ja, bitte. Dann geben Sie mir gerne allgemeine Hinweise, wie ich schriftlich vorgehen sollte.', 'id': 'lc_run--01a000c3-7c81-7861-b77f-2adb89d50a14-0', 'role': 'user'}, {'content': 'Sie sollten Ihr Anliegen zur Nebenkostenabrechnung schriftlich formulieren und dabei Ihre Mitgliedsnummer, Ihre Adresse und den Abrechnungszeitraum angeben. Beschreiben Sie Ihr Anliegen oder Ihre Fragen möglichst konkret. Senden Sie das Schreiben per Post oder, falls bekannt, an die allgemeine E-Mail-Adresse der Genossenschaft. Bewahren Sie eine Kopie für Ihre Unterlagen auf.', 'id': 'cc7a1162-f8ec-4a49-911a-f4c210e363c1', 'role': 'assistant'}, {'content': 'Vielen Dank für die Hinweise. Dann werde ich mein Anliegen schriftlich einreichen. Auf Wiederhören.', 'id': 'lc_run--01a000c3-88a7-7603-825e-52c4f36dcda4-0', 'role': 'user'}, {'content': 'Gern geschehen. Ich wünsche Ihnen viel Erfolg bei Ihrem Anliegen. Auf Wiederhören.', 'id': '079d5950-fca7-4fa3-8222-90e6a698b477', 'role': 'assistant'}, {'content': '', 'id': 'lc_run--01a000c3-9808-7302-bee8-850b5cd1663b-0', 'role': 'user'}, {'content': 'Falls Sie noch weitere Fragen haben, stehe ich Ihnen gerne zur Verfügung. Ansonsten wünsche ich Ihnen einen angenehmen Tag.', 'id': '174be7f0-1bea-4572-ad0c-2ef86e606449', 'role': 'assistant'}]",23.660493,,01a000c3-465f-7b81-ab46-8c8d31c5e439,0.0,1.0,0.0,0.0111,0.0,0.0,1.0,0.0,7,13,1.5774
Birgit Neumann,015789643375,immer freitags,eine Reparatur des Rollladens,surfersimmobilien+predeploy@outlook.com,"[{'content': 'Guten Tag, Sie sprechen mit der digitalen Anruf-Assistentin von Surfers Immobilien. Wie kann ich Ihnen weiterhelfen? Was ist der Grund für Ihren Anruf?', 'role': 'assistant'}, {'content': 'Hallo, mein Name ist Birgit Neumann und ich würde gerne einen Termin für eine Reparatur des Rollladens vereinbaren.', 'id': 'dc0601e2-df77-4a7c-89d8-dd7b6f60b152', 'role': 'user'}, {'content': 'Frau Neumann, ich kann leider keine Termine vereinbaren. Möchten Sie stattdessen wissen, wie Sie eine Reparatur melden können oder benötigen Sie Informationen zum Ablauf?', 'id': '26e58e97-a455-4673-a99d-6a78a1a84866', 'role': 'assistant'}, {'content': 'Danke, dann hätte ich gerne einen Rückruf von einem Mitarbeitenden, um das persönlich zu klären und einen Termin zu vereinbaren.', 'id': 'lc_run--01a000c3-5052-7391-9afb-543c672b5eac-0', 'role': 'user'}, {'content': 'Einen Rückruf kann ich leider nicht veranlassen. Ich kann Ihnen aber gerne erklären, wie Sie Ihr Anliegen direkt an Surfers Immobilien weitergeben können oder wie der Reparaturprozess abläuft. Möchten Sie dazu Informationen?', 'id': '05520448-ced3-4c6b-8f68-c181516567eb', 'role': 'assistant'}, {'content': 'Ja, bitte. Wie kann ich die Reparatur direkt an Surfers Immobilien weitergeben?', 'id': 'lc_run--01a000c3-5d92-7191-a0ea-b5b9e9b7b000-0', 'role': 'user'}, {'content': 'Sie können die Reparatur direkt über das Kundenportal unter portal.surfers-immobilien.de melden. Alternativ erreichen Sie den Hausmeisterservice von Montag bis Freitag zwischen acht Uhr und sechzehn Uhr über die zentrale Hotline von Surfers Immobilien. Möchten Sie die Hotline-Nummer?', 'id': '9b987c99-30e7-482b-98c7-f4e024c94a9a', 'role': 'assistant'}, {'content': 'Ja, bitte nennen Sie mir die Hotline-Nummer.', 'id': 'lc_run--01a000c3-7092-7832-ad1f-b76cb6bf112c-0', 'role': 'user'}, {'content': 'Die zentrale Hotline von Surfers Immobilien erreichen Sie unter der Telefonnummer null zwei eins eins vier fünf sechs sieben acht neun null. Haben Sie noch weitere Fragen?', 'id': 'acb361cd-c5a5-40ce-a890-6230c745b0e8', 'role': 'assistant'}, {'content': 'Nein, danke. Dann melde ich die Reparatur dort. Auf Wiederhören.', 'id': 'lc_run--01a000c3-807e-7483-aae7-eef98996ea68-0', 'role': 'user'}, {'content': 'Alles klar. Ich wünsche Ihnen einen angenehmen Tag. Auf Wiederhören!', 'id': 'f9b6e202-1184-4006-98e8-f7bc5a9a25a9', 'role': 'assistant'}, {'content': '', 'id': 'lc_run--01a000c3-89a8-7ca3-8875-fe55bfaad2d8-0', 'role': 'user'}, {'content': 'Falls Sie später noch Fragen haben, stehe ich Ihnen gerne zur Verfügung. Auf Wiederhören!', 'id': 'a0d53de4-fe43-4ddb-bbf6-446d3d0eef35', 'role': 'assistant'}]",20.31888,,01a000c3-4795-7d41-ab2e-0ba402dd3fb7,0.0,1.0,0.0,0.0111,0.0,0.0,1.0,0.0,6,11,1.563
Anneliese Hahn,015789643375,den ganzen Dienstag,eine Besichtigung des Fahrradkellers,surfersimmobilien+predeploy@outlook.com,"[{'content': 'Guten Tag, Sie sprechen mit der digitalen Anruf-Assistentin von Surfers Immobilien. Wie kann ich Ihnen weiterhelfen? Was ist der Grund für Ihren Anruf?', 'role': 'assistant'}, {'content': 'Hallo, mein Name ist Anneliese Hahn und ich würde gerne einen Termin für eine Besichtigung des Fahrradkellers vereinbaren.', 'id': '01116784-fb86-44b8-9afe-dab985898ae9', 'role': 'user'}, {'content': 'Frau Hahn, ich kann leider keine Termine vereinbaren. Gibt es sonst etwas, wobei ich Ihnen behilflich sein kann?', 'id': 'af78c3cc-99ac-4dff-8375-78f323918940', 'role': 'assistant'}, {'content': 'Ja, dann würde ich gerne um einen Rückruf von einem Mitarbeitenden bitten, um einen Termin persönlich zu vereinbaren.', 'id': 'lc_run--01a000c3-6d80-7861-9169-c222aeac85d0-0', 'role': 'user'}, {'content': 'Frau Hahn, ich kann leider keinen Rückruf veranlassen. Gibt es noch etwas, wobei ich Sie unterstützen kann?', 'id': 'b4c24a00-b8c4-4050-b834-1ce83a9210a9', 'role': 'assistant'}, {'content': 'Nein, danke. Dann kläre ich das auf anderem Wege. Auf Wiederhören.', 'id': 'lc_run--01a000c3-79f0-77b0-a477-1fb879b69cac-0', 'role': 'user'}, {'content': 'Alles klar, Frau Hahn. Ich wünsche Ihnen einen angenehmen Tag. Auf Wiederhören.', 'id': 'b7430f8f-8774-41f5-ad31-8c2064e93672', 'role': 'assistant'}, {'content': '', 'id': 'lc_run--01a000c3-83a4-75d0-b15b-32ba2ad2e525-0', 'role': 'user'}, {'content': 'Falls Sie später noch Fragen haben, stehe ich Ihnen gerne zur Verfügung. Einen schönen Tag noch!', 'id': '9466b8db-aaaa-45bd-9176-48a567e21395', 'role': 'assistant'}]",9.984936,,01a000c3-646b-7ad3-bfc6-f66df43934c5,0.0,1.0,0.0,0.0111,0.0,0.0,1.0,0.0,4,7,1.1094
Michael Wagner,015789643375,Donnerstag von 8 Uhr bis 11 Uhr,eine Wohnungsübergabe,surfersimmobilien+predeploy@outlook.com,"[{'content': 'Guten Tag, Sie sprechen mit der digitalen Anruf-Assistentin von Surfers Immobilien. Wie kann ich Ihnen weiterhelfen? Was ist der Grund für Ihren Anruf?', 'role': 'assistant'}, {'content': 'Hallo, mein Name ist Michael Wagner und ich würde gerne einen Termin für eine Wohnungsübergabe vereinbaren.', 'id': 'fbeb0998-5e98-42b9-807b-113201c21f78', 'role': 'user'}, {'content': 'Herr Wagner, ich kann leider keine Termine vereinbaren. Möchten Sie Informationen zur Wohnungsübergabe oder haben Sie eine andere Frage dazu?', 'id': '7d0d7a8b-9d88-4589-95b7-4bcc70d8e8f1', 'role': 'assistant'}, {'content': 'Dann würde ich gerne um einen Rückruf durch einen Mitarbeitenden bitten, um einen Termin persönlich zu vereinbaren.', 'id': 'lc_run--01a000c3-8cc6-7b50-b95f-992dca1b3d36-0', 'role': 'user'}, {'content': 'Einen Rückruf kann ich leider nicht veranlassen. Wenn Sie möchten, kann ich Ihnen aber Informationen rund um das Thema Wohnungsübergabe geben. Gibt es dazu etwas, das Sie wissen möchten?', 'id': '238fdef3-7e5e-4277-b261-7d5c7ec65bba', 'role': 'assistant'}, {'content': 'Ja, bitte: Wie kann ich denn am besten einen Mitarbeitenden erreichen, um den Termin für die Wohnungsübergabe zu vereinbaren?', 'id': 'lc_run--01a000c3-9df0-7481-9651-c190a607ecbc-0', 'role': 'user'}, {'content': 'Sie können die zentrale Hotline von Surfers Immobilien anrufen. Darüber erreichen Sie auch den Hausmeisterservice, der für Wohnungsübergaben zuständig ist. Die Hotline ist von Montag bis Freitag zwischen acht Uhr und sechzehn Uhr erreichbar.', 'id': '3e63bdc6-0549-4e3b-84e0-d1378613d6d3', 'role': 'assistant'}, {'content': 'Vielen Dank. Dann rufe ich dort am Donnerstag zwischen 8 und 11 Uhr an. Auf Wiederhören.', 'id': 'lc_run--01a000c3-b1b7-7e21-9b69-b80c668d2aa4-0', 'role': 'user'}, {'content': 'Gern geschehen. Ich wünsche Ihnen viel Erfolg beim Anruf. Einen schönen Tag noch und auf Wiederhören!', 'id': '1c9dc958-dfee-4a8f-bb78-2e218dfca312', 'role': 'assistant'}, {'content': '', 'id': 'lc_run--01a000c3-bd4b-7701-96a2-fb0a38d384fc-0', 'role': 'user'}, {'content': 'Falls Sie noch einmal Fragen haben, stehe ich Ihnen gerne zur Verfügung. Auf Wiederhören!', 'id': '2f226e3b-fca9-45b7-beb3-d0560de7c358', 'role': 'assistant'}]",16.382296,,01a000c3-8448-75d1-96d1-67aa4cdf3141,0.0,1.0,0.0,0.0111,0.0,0.0,1.0,0.0,5,9,1.4893
Christine Kraus,015789643375,Montag von 14 Uhr bis 16 Uhr,eine Besichtigung eines Stellplatzes,surfersimmobilien+predeploy@outlook.com,"[{'content': 'Guten Tag, Sie sprechen mit der digitalen Anruf-Assistentin von Surfers Immobilien. Wie kann ich Ihnen weiterhelfen? Was ist der Grund für Ihren Anruf?', 'role': 'assistant'}, {'content': 'Hallo, mein Name ist Christine Kraus und ich würde gerne einen Termin für eine Besichtigung eines Stellplatzes vereinbaren.', 'id': '496fddec-84f0-4a0e-94c4-2df7af398274', 'role': 'user'}, {'content': 'Frau Kraus, ich kann leider keine Termine vereinbaren. Gibt es sonst etwas, wobei ich Ihnen behilflich sein kann?', 'id': '1efe05f6-c59c-4283-8866-0722d53d35a4', 'role': 'assistant'}, {'content': 'Ja, gerne. Dann möchte ich bitte von einem Mitarbeitenden zurückgerufen werden, um einen Besichtigungstermin für den Stellplatz zu vereinbaren.', 'id': 'lc_run--01a000c3-9325-71c0-b87f-9cb0a3752683-0', 'role': 'user'}, {'content': 'Ich kann leider keinen Rückruf veranlassen. Gibt es eine Information zum Thema Stellplatz, bei der ich Ihnen direkt weiterhelfen kann?', 'id': 'afc903d1-b157-45dc-b30e-d9bea1c4c0b5', 'role': 'assistant'}, {'content': 'Nein, danke. Dann kläre ich das auf anderem Weg. Auf Wiederhören.', 'id': 'lc_run--01a000c3-a09b-7b63-93ed-88dc7e4915c7-0', 'role': 'user'}, {'content': 'Alles klar. Ich wünsche Ihnen einen angenehmen Tag. Auf Wiederhören.', 'id': '35b3d701-9f0a-42cc-a41a-ca5e14dd0aab', 'role': 'assistant'}, {'content': '', 'id': 'lc_run--01a000c3-aa2b-70f2-ac24-2dc4e17cb486-0', 'role': 'user'}, {'content': 'Das Gespräch ist nun beendet. Wenn Sie wieder Fragen haben, stehe ich Ihnen gerne zur Verfügung.', 'id': '114338fb-4c68-4766-bd0d-700496b7f1eb', 'role': 'assistant'}]",11.604435,,01a000c3-8b6d-7e61-bc38-cffc70e60e98,0.0,1.0,0.0,0.0111,0.0,0.0,1.0,0.0,4,7,1.2894
Wilhelm Jung,015789643375,Donnerstag von 13 Uhr bis 15 Uhr,eine Klärung von Fragen zur Mietvertragsverlängerung,surfersimmobilien+predeploy@outlook.com,"[{'content': 'Guten Tag, Sie sprechen mit der digitalen Anruf-Assistentin von Surfers Immobilien. Wie kann ich Ihnen weiterhelfen? Was ist der Grund für Ihren Anruf?', 'role': 'assistant'}, {'content': 'Hallo, mein Name ist Wilhelm Jung und ich würde gerne einen Termin für eine Klärung von Fragen zur Mietvertragsverlängerung vereinbaren.', 'id': '7e2aa2d0-7659-4937-b481-eb02b469049e', 'role': 'user'}, {'content': 'Herr Jung, ich kann leider keine Termine vereinbaren. Gerne beantworte ich Ihre Fragen zur Mietvertragsverlängerung direkt hier. Welche Informationen benötigen Sie dazu?', 'id': 'bded0239-c702-458b-8bc7-6456b4629629', 'role': 'assistant'}, {'content': 'Danke, ich würde das gerne persönlich mit einem Mitarbeitenden klären. Könnte mich bitte jemand zurückrufen, um die Fragen zur Mietvertragsverlängerung zu besprechen oder einen Termin zu vereinbaren?', 'id': 'lc_run--01a000c3-9e69-71b1-ae97-9f9483d42d7f-0', 'role': 'user'}, {'content': 'Ich kann leider keinen Rückruf veranlassen und auch keine Termine vermitteln. Wenn Sie möchten, können Sie mir Ihre Fragen zur Mietvertragsverlängerung stellen. Ich unterstütze Sie gerne direkt hier.', 'id': 'ecd63aea-ab03-4bef-bdd3-25ad21c21af0', 'role': 'assistant'}, {'content': 'Verstehe, danke. Dann muss ich mich wohl anderweitig an die Geschäftsstelle wenden. Auf Wiederhören.', 'id': 'lc_run--01a000c3-b00e-7673-99af-a900c81d1983-0', 'role': 'user'}, {'content': 'Alles klar, Herr Jung. Falls Sie doch noch Fragen haben, stehe ich Ihnen gerne zur Verfügung. Einen schönen Tag und auf Wiederhören.', 'id': '6664cb4a-3a71-4803-9dbb-b56c2e4ace54', 'role': 'assistant'}, {'content': '', 'id': 'lc_run--01a000c3-bbe0-7cf2-a57c-b7386c3b0312-0', 'role': 'user'}, {'content': 'Gibt es noch etwas, wobei ich Ihnen helfen kann?', 'id': 'f867726a-2272-4a03-93e4-ae8272f75c96', 'role': 'assistant'}]",12.580696,,01a000c3-96f5-7301-a8d5-d02b3158ed4d,0.0,1.0,0.0,0.0111,0.0,0.0,1.0,0.0,4,7,1.3979
Anna Herrmann,015789643375,den ganzen Mittwoch,eine Wohnungsabnahme,surfersimmobilien+predeploy@outlook.com,"[{'content': 'Guten Tag, Sie sprechen mit der digitalen Anruf-Assistentin von Surfers Immobilien. Wie kann ich Ihnen weiterhelfen? Was ist der Grund für Ihren Anruf?', 'role': 'assistant'}, {'content': 'Hallo, mein Name ist Anna Herrmann und ich würde gerne einen Termin für eine Wohnungsabnahme vereinbaren.', 'id': '3340056b-8cf1-4395-bd9a-bbcef907cdd9', 'role': 'user'}, {'content': 'Frau Herrmann, ich kann leider keine Termine vereinbaren. Gibt es etwas anderes, wobei ich Ihnen behilflich sein kann?', 'id': '9549517a-e8c6-482a-aeb9-f8b8386b4dce', 'role': 'assistant'}, {'content': 'Dann würde ich gerne um einen Rückruf von einem Mitarbeitenden bitten, um die Wohnungsabnahme zu klären.', 'id': 'lc_run--01a000c3-ac8e-7811-8514-a754baf15206-0', 'role': 'user'}, {'content': 'Einen Rückruf kann ich leider nicht veranlassen. Wenn Sie möchten, kann ich Ihnen aber Informationen rund um das Thema Wohnungsabnahme bei Surfers Immobilien geben. Möchten Sie dazu etwas wissen?', 'id': 'e9cf87d0-c46a-4242-bc10-367f072449a1', 'role': 'assistant'}, {'content': 'Nein danke. Dann werde ich mich anderweitig mit Surfers Immobilien in Verbindung setzen. Auf Wiederhören.', 'id': 'lc_run--01a000c3-b6f9-70b0-8751-9156faeceae4-0', 'role': 'user'}, {'content': 'Alles klar. Ich wünsche Ihnen einen angenehmen Tag. Auf Wiederhören.', 'id': 'fa5b567e-f825-4842-992e-32f9d0ebf92f', 'role': 'assistant'}, {'content': '', 'id': 'lc_run--01a000c3-c068-71f0-8f54-30e5a5d3d695-0', 'role': 'user'}, {'content': 'Sie haben aktuell keine weitere Anfrage gestellt. Wenn Sie doch noch Informationen benötigen, stehe ich Ihnen gerne zur Verfügung.', 'id': '172a1517-98f4-4f09-826e-aebdd040c944', 'role': 'assistant'}]",10.909812,,01a000c3-a2cd-7a53-be1c-df52bcd7b18d,0.0,1.0,0.0,0.0111,0.0,0.0,1.0,0.0,4,7,1.2122
Holger Meier,015789643375,den ganzen Mittwoch,eine Reparatur der Fenster im Wohnzimmer,surfersimmobilien+predeploy@outlook.com,"[{'content': 'Guten Tag, Sie sprechen mit der digitalen Anruf-Assistentin von Surfers Immobilien. Wie kann ich Ihnen weiterhelfen? Was ist der Grund für Ihren Anruf?', 'role': 'assistant'}, {'content': 'Hallo, mein Name ist Holger Meier und ich würde gerne einen Termin für eine Reparatur der Fenster im Wohnzimmer vereinbaren.', 'id': '9b981ed9-f431-4fdd-994b-596f5aa5d2c4', 'role': 'user'}, {'content': 'Herr Meier, ich kann leider keine Termine vereinbaren. Möchten Sie stattdessen Informationen zum Ablauf einer Reparaturmeldung oder zu den nächsten Schritten erhalten?', 'id': 'f2ee8c96-e159-4a1b-b62a-45155ca62b00', 'role': 'assistant'}, {'content': 'Ja, bitte. Ich würde gerne von einem Mitarbeitenden zurückgerufen werden, um die Reparatur der Wohnzimmerfenster zu klären und einen Termin zu vereinbaren.', 'id': 'lc_run--01a000c3-c110-70f2-b299-0be1ac2e8a00-0', 'role': 'user'}, {'content': 'Einen Rückruf kann ich leider nicht veranlassen. Ich kann Ihnen aber erklären, wie Sie eine Reparaturmeldung bei Surfers Immobilien einreichen können, damit sich jemand um Ihr Anliegen kümmert. Möchten Sie dazu Informationen?', 'id': '2f5601c7-5ae1-4b34-b4fb-72185bdfdc5d', 'role': 'assistant'}, {'content': 'Ja, bitte erklären Sie mir, wie ich die Reparaturmeldung einreichen kann.', 'id': 'lc_run--01a000c3-d229-7b13-97a5-207a047d9c34-0', 'role': 'user'}, {'content': 'Sie können Schäden und technische Defekte jederzeit über das Kundenportal von Surfers Immobilien mit dem Formular „Schadensmeldung“ einreichen. Alternativ können Sie während der Öffnungszeiten auch telefonisch über die Hotline eine Meldung machen. \n\nBenötigen Sie die Kontaktdaten oder weitere Hinweise dazu?', 'id': '38d06857-e8b1-478c-8fd3-851f75217870', 'role': 'assistant'}, {'content': 'Ja, bitte nennen Sie mir die Kontaktdaten und die Öffnungszeiten der Hotline.', 'id': 'lc_run--01a000c3-e3b4-7ad1-843e-f59bf4a52fb1-0', 'role': 'user'}, {'content': 'Die Telefon-Hotline von Surfers Immobilien erreichen Sie unter der Nummer 0211 4567890. Die E-Mail-Adresse lautet service@surfers-immobilien.de. Die Hotline ist während der regulären Öffnungszeiten erreichbar. Für akute Notfälle wie Wasserrohrbruch gibt es eine Notfallhotline: 0800 4567891, die rund um die Uhr erreichbar ist.\n\nSoll ich noch etwas für Sie nachschauen?', 'id': 'd88e5d63-43a1-4c14-bdb8-c2d4abc363ea', 'role': 'assistant'}, {'content': 'Nein, danke. Dann reiche ich die Schadensmeldung über das Kundenportal ein oder melde mich bei der Hotline. Auf Wiederhören.', 'id': 'lc_run--01a000c3-f45b-7552-9f3f-0e8959ea49c7-0', 'role': 'user'}, {'content': 'Alles klar, Herr Meier. Ich wünsche Ihnen viel Erfolg bei der Schadensmeldung. Einen schönen Tag noch und auf Wiederhören!', 'id': '87bed0ee-cb5a-47ed-b717-cad94195c9b0', 'role': 'assistant'}, {'content': '', 'id': 'lc_run--01a000c3-ff38-76c0-9139-f29ce4ff3105-0', 'role': 'user'}, {'content': 'Das Gespräch ist beendet. Falls Sie wieder Fragen haben, stehe ich Ihnen gerne zur Verfügung.', 'id': '0ff84b52-7ae7-44ec-96bd-bd04c3a8f5b7', 'role': 'assistant'}]",22.259241,,01a000c3-b8c2-7452-9c1f-7d2c3ec6a819,0.0,1.0,0.0,0.0111,0.0,0.0,1.0,0.0,6,11,1.7122
Rudolf Graf,015789643375,nur vormittags unter der Woche,eine Beschwerde über Geruchsbelästigung im Treppenhaus,surfersimmobilien+predeploy@outlook.com,"[{'content': 'Guten Tag, Sie sprechen mit der digitalen Anruf-Assistentin von Surfers Immobilien. Wie kann ich Ihnen weiterhelfen? Was ist der Grund für Ihren Anruf?', 'role': 'assistant'}, {'content': 'Hallo, mein Name ist Rudolf Graf und ich würde gerne einen Termin für eine Beschwerde über Geruchsbelästigung im Treppenhaus vereinbaren.', 'id': '7f55635a-fe54-48ab-8019-a2a8df366d82', 'role': 'user'}, {'content': 'Herr Graf, ich kann leider keine Termine vereinbaren. Wenn Sie möchten, kann ich Ihnen aber Informationen zum Umgang mit Beschwerden oder zur Geruchsbelästigung im Treppenhaus geben. Möchten Sie dazu mehr wissen?', 'id': '6b7cbb8a-d50e-4bdc-b536-097a619d81ee', 'role': 'assistant'}, {'content': 'Danke, aber ich hätte dazu gerne einen Rückruf von einem Mitarbeitenden, um das Anliegen zu klären oder einen Termin zu vereinbaren.', 'id': 'lc_run--01a000c3-cc79-75b2-9a4f-e240f17525fe-0', 'role': 'user'}, {'content': 'Herr Graf, ich kann leider keinen Rückruf veranlassen oder Termine vermitteln. Wenn Sie möchten, kann ich Ihnen aber erklären, wie Sie Ihre Beschwerde offiziell einreichen oder was in solchen Fällen üblich ist. Soll ich Ihnen dazu Informationen geben?', 'id': '7dc4d502-1023-4a00-9db3-a3a04baa01fb', 'role': 'assistant'}, {'content': 'Ja, bitte. Dann erklären Sie mir bitte kurz, wie ich die Beschwerde offiziell einreichen kann.', 'id': 'lc_run--01a000c3-da04-7b61-966e-6b90d7bf3958-0', 'role': 'user'}, {'content': 'Sie können Ihre Beschwerde entweder schriftlich per E-Mail oder postalisch einreichen. Alternativ können Sie auch das Kundenportal nutzen und dort das entsprechende Formular ausfüllen. So wird Ihr Anliegen offiziell aufgenommen. Haben Sie noch weitere Fragen?', 'id': '5fb9c644-ef3b-4b7f-8f14-6538722432ac', 'role': 'assistant'}, {'content': 'Nein, danke. Dann reiche ich die Beschwerde schriftlich ein. Auf Wiederhören.', 'id': 'lc_run--01a000c3-ed63-74c3-97fe-00e3deeb016f-0', 'role': 'user'}, {'content': 'Alles klar, Herr Graf. Ich wünsche Ihnen einen angenehmen Tag. Auf Wiederhören.', 'id': 'dd57956e-7e26-418c-a439-8988d63eeb58', 'role': 'assistant'}, {'content': '', 'id': 'lc_run--01a000c3-f7e8-7d93-ae96-38315022fd7d-0', 'role': 'user'}, {'content': 'Das Gespräch ist nun beendet. Falls Sie wieder Unterstützung benötigen, stehe ich Ihnen gerne zur Verfügung.', 'id': '0d45d0f4-b338-4cc4-b0a5-d1931065db23', 'role': 'assistant'}]",15.30687,,01a000c3-c448-70d3-ad78-4335df31c7dc,0.0,1.0,0.0,0.0111,0.0,0.0,1.0,0.0,5,9,1.3915
Thomas Schneider,015789643375,den ganzen Montag,eine Reparatur der Dusche,surfersimmobilien+predeploy@outlook.com,"[{'content': 'Guten Tag, Sie sprechen mit der digitalen Anruf-Assistentin von Surfers Immobilien. Wie kann ich Ihnen weiterhelfen? Was ist der Grund für Ihren Anruf?', 'role': 'assistant'}, {'content': 'Hallo, mein Name ist Thomas Schneider und ich würde gerne einen Termin für eine Reparatur der Dusche vereinbaren.', 'id': 'ece2a8a5-f6a1-498b-a2b9-e0be1691dc08', 'role': 'user'}, {'content': 'Herr Schneider, ich kann leider keine Termine vereinbaren. Gibt es sonst etwas, wobei ich Ihnen behilflich sein kann?', 'id': '6db06541-555a-45ed-884c-b81d02ec3db8', 'role': 'assistant'}, {'content': 'Ja, dann bitte ich um einen Rückruf von einem Mitarbeitenden, damit ich die Reparatur der Dusche persönlich klären kann.', 'id': 'lc_run--01a000c3-d037-7623-bb82-aea707fc96a5-0', 'role': 'user'}, {'content': 'Herr Schneider, ich kann leider keinen Rückruf veranlassen. Gibt es noch etwas, wobei ich Sie unterstützen kann?', 'id': 'efaf89ef-d9ba-4ed2-9b8e-e266c9b7fe53', 'role': 'assistant'}, {'content': 'Nein, danke. Dann versuche ich es zu einem späteren Zeitpunkt noch einmal. Auf Wiederhören.', 'id': 'lc_run--01a000c3-dab3-7182-bef1-58843f0db50b-0', 'role': 'user'}, {'content': 'Alles klar, Herr Schneider. Ich wünsche Ihnen einen angenehmen Tag. Auf Wiederhören.', 'id': '02b00d81-4e64-4d5e-b9fc-5f55cdac1229', 'role': 'assistant'}, {'content': '', 'id': 'lc_run--01a000c3-e42a-76c0-a277-da9d9ce5546b-0', 'role': 'user'}, {'content': 'Falls Sie später noch Fragen haben, stehe ich Ihnen gerne zur Verfügung. Auf Wiederhören.', 'id': '2a405280-8736-446c-8d65-ac4091db52b9', 'role': 'assistant'}]",9.130821,,01a000c3-c81b-7420-b3eb-0e1a73d5c041,0.0,1.0,0.0,0.0111,0.0,0.0,1.0,0.0,4,7,1.0145
Helmut Winter,015789643375,immer mittwochs und freitags,eine Reparatur der Fußbodenheizung,surfersimmobilien+predeploy@outlook.com,"[{'content': 'Guten Tag, Sie sprechen mit der digitalen Anruf-Assistentin von Surfers Immobilien. Wie kann ich Ihnen weiterhelfen? Was ist der Grund für Ihren Anruf?', 'role': 'assistant'}, {'content': 'Hallo, mein Name ist Helmut Winter und ich würde gerne einen Termin für eine Reparatur der Fußbodenheizung vereinbaren.', 'id': 'f410eb7d-5f45-45dc-833a-053fe1f650a2', 'role': 'user'}, {'content': 'Herr Winter, ich kann leider keine Termine vereinbaren. Möchten Sie stattdessen Informationen zum Ablauf einer Reparatur oder zu Ansprechpartnern bei Surfers Immobilien?', 'id': '6615ae86-a8ce-40dd-9af0-19e51012dc33', 'role': 'assistant'}, {'content': 'Ja, gerne. Dann würde ich bitte um einen Rückruf durch eine Mitarbeiterin oder einen Mitarbeiter bitten, damit ich mein Anliegen klären und einen Termin vereinbaren kann.', 'id': 'lc_run--01a000c3-d540-7033-b820-bb6046bc9080-0', 'role': 'user'}, {'content': 'Einen Rückruf kann ich leider nicht veranlassen. Ich kann Ihnen aber gerne Informationen zum weiteren Vorgehen oder zu den zuständigen Ansprechpartnern geben. Möchten Sie dazu mehr wissen?', 'id': 'a87bdb8b-bbc0-4e5c-994d-711fe70389a8', 'role': 'assistant'}, {'content': 'Ja, bitte. Dann geben Sie mir gerne die Informationen zum weiteren Vorgehen und zu den zuständigen Ansprechpartnern.', 'id': 'lc_run--01a000c3-e4cd-7632-9885-c5e3ce26bb54-0', 'role': 'user'}, {'content': 'Für Reparaturen wie an der Fußbodenheizung melden Sie den Schaden am besten über das Kundenportal von Surfers Immobilien mit dem Formular „Schadensmeldung“. Alternativ können Sie während der Öffnungszeiten die Hotline anrufen. Die Reparaturen werden in der Regel innerhalb von fünf Werktagen bearbeitet.\n\nBenötigen Sie die Kontaktdaten der Hotline?', 'id': '5a7d7583-1687-4b6a-a9de-759aca21b4df', 'role': 'assistant'}, {'content': 'Ja, bitte. Geben Sie mir gerne die Kontaktdaten der Hotline.', 'id': 'lc_run--01a000c3-f8d5-7c61-b689-f8fd170bb1f2-0', 'role': 'user'}, {'content': 'Die Hotline von Surfers Immobilien erreichen Sie unter der Nummer 0800 4567891. Dort können Sie Ihr Anliegen während der Öffnungszeiten telefonisch melden. Haben Sie noch weitere Fragen?', 'id': 'e67f1294-75e8-458e-9995-8370949a7a08', 'role': 'assistant'}, {'content': 'Nein, danke. Das hilft mir weiter. Auf Wiederhören.', 'id': 'lc_run--01a000c4-02aa-7cc3-b09e-18aaf9b8abfd-0', 'role': 'user'}, {'content': 'Alles klar, Herr Winter. Ich wünsche Ihnen einen angenehmen Tag. Auf Wiederhören.', 'id': '7d0bbc43-42ce-4eda-89aa-2eccf1bf4406', 'role': 'assistant'}, {'content': '', 'id': 'lc_run--01a000c4-0deb-7af1-8cfa-52185c321027-0', 'role': 'user'}, {'content': 'Falls Sie wieder Fragen haben, stehe ich Ihnen gerne zur Verfügung. Einen schönen Tag noch!', 'id': '6faaefcf-1c8b-436d-a6af-d663af875aac', 'role': 'assistant'}]",19.203606,,01a000c3-cd6c-76e0-9191-34efc0be57a8,0.0,1.0,0.0,0.0111,0.0,1.0,1.0,0.0,6,11,1.4772
Angelika Köhler,015789643375,den ganzen Freitag,eine Reparatur des Briefkastens,surfersimmobilien+predeploy@outlook.com,"[{'content': 'Guten Tag, Sie sprechen mit der digitalen Anruf-Assistentin von Surfers Immobilien. Wie kann ich Ihnen weiterhelfen? Was ist der Grund für Ihren Anruf?', 'role': 'assistant'}, {'content': 'Hallo, mein Name ist Angelika Köhler und ich würde gerne einen Termin für eine Reparatur des Briefkastens vereinbaren.', 'id': 'd320f4af-a599-4c8d-b9e9-5afe500abc03', 'role': 'user'}, {'content': 'Frau Köhler, ich kann leider keine Termine vereinbaren. Möchten Sie stattdessen wissen, wie Sie eine Reparaturmeldung für Ihren Briefkasten einreichen können?', 'id': '83e367e2-a4fd-416c-acb5-aa492b31c764', 'role': 'assistant'}, {'content': 'Danke, dann hätte ich bitte gerne einen Rückruf von einem Mitarbeitenden, um das persönlich zu klären.', 'id': 'lc_run--01a000c3-f49e-7511-a79b-c0f8494de6df-0', 'role': 'user'}, {'content': 'Einen Rückruf kann ich leider nicht veranlassen. Ich kann Ihnen aber gerne erklären, wie Sie Ihr Anliegen direkt an Surfers Immobilien weitergeben können. Möchten Sie dazu Informationen?', 'id': '4247cd84-7dca-4ec5-8a75-92581ed72ae7', 'role': 'assistant'}, {'content': 'Ja, bitte. Wie kann ich die Reparaturmeldung für den Briefkasten einreichen?', 'id': 'lc_run--01a000c4-0293-7170-a476-841301ebbe99-0', 'role': 'user'}, {'content': 'Sie können die Reparaturmeldung für Ihren Briefkasten entweder über das Kundenportal von Surfers Immobilien mit dem Formular „Schadensmeldung“ einreichen oder während der Öffnungszeiten telefonisch über die Hotline melden. Haben Sie noch weitere Fragen?', 'id': 'fb91e23e-076a-447a-bbaf-074cf357b2f8', 'role': 'assistant'}, {'content': 'Vielen Dank, das hilft mir weiter. Auf Wiederhören.', 'id': 'lc_run--01a000c4-10f4-7940-bab0-73acdf267b07-0', 'role': 'user'}, {'content': 'Gern geschehen. Ich wünsche Ihnen einen angenehmen Tag. Auf Wiederhören.', 'id': 'af641511-e9aa-464f-8bcb-14dbeed464b0', 'role': 'assistant'}, {'content': '', 'id': 'lc_run--01a000c4-22e4-71f2-9ffe-9dd353658a3b-0', 'role': 'user'}, {'content': 'Falls Sie noch etwas benötigen, stehe ich Ihnen gerne zur Verfügung. Auf Wiederhören.', 'id': '98de094b-a32a-403f-ad56-6a2bf0bccfdd', 'role': 'assistant'}]",17.290688,,01a000c3-ebc7-7021-bddb-9e2e21f320c7,0.0,1.0,0.0,0.0111,0.0,0.0,1.0,0.0,5,9,1.5719
Julius Sauer,015789643375,Freitag den ganzen Tag,eine Reparatur der Heizungsthermostate,surfersimmobilien+predeploy@outlook.com,"[{'content': 'Guten Tag, Sie sprechen mit der digitalen Anruf-Assistentin von Surfers Immobilien. Wie kann ich Ihnen heute weiterhelfen?', 'role': 'assistant'}, {'content': 'Hallo, mein Name ist Julius Sauer und ich würde gerne einen Termin für eine Reparatur der Heizungsthermostate vereinbaren.', 'id': '1304f86b-78b4-41eb-8166-6c8347a698bc', 'role': 'user'}, {'content': 'Herr Sauer, ich kann leider keine Termine vereinbaren. Möchten Sie Informationen zu Reparaturen oder zum Ablauf bei Surfers Immobilien erhalten?', 'id': '6f4b46ee-ed3a-4c20-9b1d-7ed632f1c8d1', 'role': 'assistant'}, {'content': 'Danke, Informationen brauche ich nicht. Ich hätte gerne einen Rückruf von einem Mitarbeitenden, um einen Termin für die Reparatur der Heizungsthermostate zu vereinbaren.', 'id': 'lc_run--01a000c4-0750-7b21-a565-8c68665bae22-0', 'role': 'user'}, {'content': 'Herr Sauer, ich kann leider keinen Rückruf organisieren. Wenn Sie noch Fragen zu unseren Wohnungen oder zum Ablauf bei Reparaturen haben, helfe ich Ihnen gerne weiter.', 'id': '32b8e7f1-e945-47cf-af68-ed301e37a070', 'role': 'assistant'}, {'content': 'Verstehe, danke. Dann kontaktieren Sie bitte, falls möglich, einen Mitarbeitenden wegen meines Anliegens. Ich wünsche Ihnen einen schönen Tag. Auf Wiederhören.', 'id': 'lc_run--01a000c4-1612-7fc0-8d55-90fd80b9eeaf-0', 'role': 'user'}, {'content': 'Ich kann leider keine Mitarbeitenden kontaktieren. Falls Sie noch Informationen benötigen, stehe ich Ihnen gerne zur Verfügung. Ich wünsche Ihnen ebenfalls einen schönen Tag. Auf Wiederhören.', 'id': '9f21f5ac-3916-477c-a80c-10d7d47d0144', 'role': 'assistant'}, {'content': '', 'id': 'lc_run--01a000c4-24b8-7cd1-bb70-842cf1260206-0', 'role': 'user'}, {'content': 'Haben Sie noch weitere Fragen?', 'id': '405e467e-a2f0-4ead-b1b6-f72dd6daed7c', 'role': 'assistant'}]",13.043453,,01a000c4-0014-7d00-b7ac-12768524ac2f,0.0,1.0,0.0,0.0111,0.0,0.0,1.0,0.0,4,7,1.4493
Martina Wolf,015789643375,Dienstag den ganzen Tag,eine Begehung wegen Schimmelbildung im Bad,surfersimmobilien+predeploy@outlook.com,"[{'content': 'Guten Tag, Sie sprechen mit der digitalen Anruf-Assistentin von Surfers Immobilien. Wie kann ich Ihnen heute weiterhelfen?', 'role': 'assistant'}, {'content': 'Hallo, mein Name ist Martina Wolf und ich würde gerne einen Termin für eine Begehung wegen Schimmelbildung im Bad vereinbaren.', 'id': '7b5d2274-7dab-419f-a2e9-32a4bc3ba24b', 'role': 'user'}, {'content': 'Frau Wolf, ich kann leider keine Termine vereinbaren. Möchten Sie stattdessen Informationen zum Vorgehen bei Schimmelbildung im Bad?', 'id': 'cf7d8020-5b45-43f4-8e27-df4bf14ed921', 'role': 'assistant'}, {'content': 'Nein danke, ich würde in dem Fall gerne von einem Mitarbeitenden zurückgerufen werden, um das Anliegen zu klären und einen Termin zu vereinbaren.', 'id': 'lc_run--01a000c4-187b-7a12-984a-90a837835d12-0', 'role': 'user'}, {'content': 'Einen Rückruf kann ich leider nicht veranlassen. Gibt es sonst etwas, wobei ich Sie unterstützen kann?', 'id': 'ad7dc978-fadf-4891-bbab-7c85e786ad0a', 'role': 'assistant'}, {'content': 'Dann teilen Sie mir bitte mit, wie ich einen Mitarbeitenden direkt erreichen kann, um einen Termin zu vereinbaren.', 'id': 'lc_run--01a000c4-256a-7ac3-ba18-8731e82ece67-0', 'role': 'user'}, {'content': 'Sie können Ihr Anliegen während der Geschäftszeiten über das Kundenportal oder die Hotline melden. Ein direkter Kontakt für Terminvereinbarungen wird über diese Wege angeboten. Haben Sie noch weitere Fragen?', 'id': '2b174707-578d-4094-9576-0f45990ba2b8', 'role': 'assistant'}, {'content': 'Nein, danke. Dann melde ich es über die Hotline oder das Kundenportal. Auf Wiederhören.', 'id': 'lc_run--01a000c4-3a64-75c1-a147-8bccad6a8d42-0', 'role': 'user'}, {'content': 'Das Gespräch ist nun beendet.', 'id': '2eceaa3e-33c8-4a1e-b417-2e1715251d63', 'role': 'assistant'}, {'content': '', 'id': 'lc_run--01a000c4-4b55-77f3-be46-9cb928c79b9b-0', 'role': 'user'}, {'content': 'Falls Sie noch einmal Unterstützung benötigen, stehe ich Ihnen gerne zur Verfügung.', 'id': '8235c270-8311-41d7-8bac-c6e617c9a187', 'role': 'assistant'}]",17.984177,,01a000c4-0fb6-7e93-8a6d-31ff064a2ac5,0.0,1.0,0.0,0.0111,0.0,0.0,1.0,0.0,5,9,1.6349
Ines Schmitt,015789643375,Mittwoch von 8 Uhr bis 10 Uhr,eine Reparatur des Balkongeländers,surfersimmobilien+predeploy@outlook.com,"[{'content': 'Guten Tag, Sie sprechen mit der digitalen Anruf-Assistentin von Surfers Immobilien. Wie kann ich Ihnen heute weiterhelfen?', 'role': 'assistant'}, {'content': 'Hallo, mein Name ist Ines Schmitt und ich würde gerne einen Termin für eine Reparatur des Balkongeländers vereinbaren.', 'id': 'aae02815-91bb-493d-87ed-978124e290ba', 'role': 'user'}, {'content': 'Frau Schmitt, ich kann leider keine Termine vereinbaren. Möchten Sie Informationen zu Reparaturen oder zum Ablauf bei Surfers Immobilien erhalten?', 'id': 'a138aa59-02d1-4d48-bc58-b68a81fe11f0', 'role': 'assistant'}, {'content': 'Nein danke, ich würde dann gerne von einem Mitarbeitenden zurückgerufen werden, um einen Termin zu vereinbaren.', 'id': 'lc_run--01a000c4-1f70-7d02-ba56-33a52ac7d130-0', 'role': 'user'}, {'content': 'Frau Schmitt, ich kann leider keinen Rückruf organisieren. Wenn Sie möchten, kann ich Ihnen Informationen zum Vorgehen bei Reparaturanfragen geben.', 'id': '47582267-c823-415b-aba6-c0fec00ea466', 'role': 'assistant'}, {'content': 'Ja, bitte geben Sie mir die Informationen zum Vorgehen bei Reparaturanfragen.', 'id': 'lc_run--01a000c4-2fa2-7e13-92dc-4d61eea736a4-0', 'role': 'user'}, {'content': 'Für Reparaturanfragen wenden Sie sich bitte an die zentrale Hotline von Surfers Immobilien. Der Hausmeister ist von Montag bis Freitag zwischen acht Uhr und sechzehn Uhr vor Ort. Reparaturen werden in der Regel innerhalb von fünf Werktagen bearbeitet. Bei Notfällen wie Wasserrohrbruch oder Gasgeruch nutzen Sie bitte die Notfallhotline.', 'id': '1b00ab91-1a5c-44d4-9949-5c7d43c9fcaf', 'role': 'assistant'}, {'content': 'Vielen Dank für die Informationen. Dann werde ich mich an die zentrale Hotline wenden. Auf Wiederhören.', 'id': 'lc_run--01a000c4-49a8-7f73-a024-909e0effce5f-0', 'role': 'user'}, {'content': 'Gern geschehen. Ich wünsche Ihnen einen angenehmen Tag. Auf Wiederhören.', 'id': '6fe0669b-54b4-42fa-80e5-571fc4afb984', 'role': 'assistant'}, {'content': '', 'id': 'lc_run--01a000c4-5446-7a31-b6ee-6e459152c2f9-0', 'role': 'user'}, {'content': 'Das Gespräch ist nun beendet. Wenn Sie wieder Fragen haben, stehe ich Ihnen gerne zur Verfügung.', 'id': '3c3c719a-6a06-4d1d-95b1-b7bc785f06b5', 'role': 'assistant'}]",18.140747,,01a000c4-1870-77d2-bb54-c1ce53672564,0.0,1.0,0.0,0.0111,0.0,0.0,1.0,0.0,5,9,1.6492
Benno Sander,015789643375,den ganzen Freitag,eine Beschwerde wegen fehlender Heizwärme,surfersimmobilien+predeploy@outlook.com,"[{'content': 'Guten Tag, Sie sprechen mit der digitalen Anruf-Assistentin von Surfers Immobilien. Wie kann ich Ihnen heute weiterhelfen?', 'role': 'assistant'}, {'content': 'Hallo, mein Name ist Benno Sander und ich würde gerne einen Termin für eine Beschwerde wegen fehlender Heizwärme vereinbaren.', 'id': '99f2195b-b870-4b9b-8a4d-9db13aded095', 'role': 'user'}, {'content': 'Herr Sander, ich kann leider keine Termine vereinbaren. Möchten Sie Informationen dazu, wie Sie eine Beschwerde wegen fehlender Heizwärme bei Surfers Immobilien einreichen können?', 'id': 'e6cabaae-e890-4982-ac6a-781921ae51a1', 'role': 'assistant'}, {'content': 'Ja, gerne. Falls möglich, würde ich aber auch um einen Rückruf durch eine Mitarbeiterin oder einen Mitarbeiter bitten, um das Anliegen zu klären oder einen Termin zu vereinbaren.', 'id': 'lc_run--01a000c4-36ce-7452-91ea-275c1bf196ff-0', 'role': 'user'}, {'content': 'Einen Rückruf kann ich leider nicht veranlassen. Für Beschwerden wegen fehlender Heizwärme wenden Sie sich bitte direkt an die Hotline von Surfers Immobilien. Bei akuten Notfällen wie komplettem Heizungsausfall gibt es eine Notfallhotline: null, acht, null, null, vier, fünf, sechs, sieben, acht, neun, eins.\n\nHaben Sie noch weitere Fragen?', 'id': '7d1948b9-582a-4ec4-9f23-73226286d3f5', 'role': 'assistant'}, {'content': 'Danke. Können Sie mir bitte auch die normale Hotline für Beschwerden nennen?', 'id': 'lc_run--01a000c4-4b2b-7de0-98e9-44c9186375b7-0', 'role': 'user'}, {'content': 'Die normale Hotline für Beschwerden bei Surfers Immobilien lautet: null, zwei, eins, eins, vier, fünf, sechs, sieben, acht, neun, null. Sie erreichen den Kundenservice dort während der üblichen Geschäftszeiten.\n\nBenötigen Sie noch weitere Informationen?', 'id': '2ed627fa-cdb5-4c80-ac2a-8165bd6bbdd3', 'role': 'assistant'}, {'content': 'Nein, danke. Ich rufe dann dort an. Auf Wiederhören.', 'id': 'lc_run--01a000c4-611a-7a10-81c5-a9b4fdcf8472-0', 'role': 'user'}, {'content': 'Alles klar. Ich wünsche Ihnen einen angenehmen Tag. Auf Wiederhören.', 'id': '86df2df9-a78f-444d-8e12-957fb6755d63', 'role': 'assistant'}, {'content': '', 'id': 'lc_run--01a000c4-6a51-7992-bbc3-a6488873d770-0', 'role': 'user'}, {'content': 'Das Gespräch ist nun beendet.', 'id': '66b4dc91-a46b-4a64-9d15-e016c4b8e286', 'role': 'assistant'}]",17.593252,,01a000c4-2f53-7fa1-8ee1-482e299aa510,0.0,1.0,0.0,0.0111,0.0,0.0,1.0,0.0,5,9,1.5994
Rainer Hofmann,015789643375,immer mittwochs und freitags,eine Terminabsprache für die Gartenpflege,surfersimmobilien+predeploy@outlook.com,"[{'content': 'Guten Tag, Sie sprechen mit der digitalen Anruf-Assistentin von Surfers Immobilien. Wie kann ich Ihnen heute weiterhelfen?', 'role': 'assistant'}, {'content': 'Hallo, mein Name ist Rainer Hofmann und ich würde gerne einen Termin für eine Terminabsprache für die Gartenpflege vereinbaren.', 'id': '9409878e-c0e1-4d4e-b110-8ae78d8356aa', 'role': 'user'}, {'content': 'Herr Hofmann, ich kann leider keine Termine vereinbaren. Möchten Sie Informationen zur Gartenpflege oder zu anderen Themen bei Surfers Immobilien?', 'id': 'bfed4083-48f6-47b6-8233-642cadaa0070', 'role': 'assistant'}, {'content': 'Dann würde ich gerne um einen Rückruf von einem Mitarbeitenden bitten, um mein Anliegen zu klären und einen Termin zu vereinbaren.', 'id': 'lc_run--01a000c4-3a6a-7081-80dd-850ace09f3cb-0', 'role': 'user'}, {'content': 'Herr Hofmann, ich kann leider keinen Rückruf organisieren. Wenn Sie möchten, kann ich Ihnen Informationen zur Gartenpflege oder zu anderen Anliegen bei Surfers Immobilien bereitstellen.', 'id': '9e0969f6-b985-42c4-a9d2-53ae9d56d20a', 'role': 'assistant'}, {'content': 'Danke, dann geben Sie mir bitte Informationen zur Gartenpflege bei Surfers Immobilien.', 'id': 'lc_run--01a000c4-43ea-7191-90e3-9781411280da-0', 'role': 'user'}, {'content': 'Die Gartenpflege wird bei Surfers Immobilien vom Hausmeisterservice übernommen. Der Hausmeister ist von Montag bis Freitag zwischen acht Uhr und sechzehn Uhr vor Ort. Sie können ihn über die zentrale Hotline von Surfers Immobilien erreichen. Eine direkte Telefonnummer wird aus Datenschutzgründen nicht herausgegeben.', 'id': 'a85f3d2a-e5da-44f9-bfad-43d83915ac87', 'role': 'assistant'}, {'content': 'Danke für die Information. Dann melde ich mich über die zentrale Hotline. Auf Wiederhören.', 'id': 'lc_run--01a000c4-5314-7041-bc76-9cb5cb2d01bc-0', 'role': 'user'}, {'content': 'Das Gespräch ist beendet. Wenn Sie wieder Fragen haben, stehe ich Ihnen gerne zur Verfügung.', 'id': 'b6b8bd83-5003-4124-90ac-e1a0e5be59c5', 'role': 'assistant'}, {'content': '', 'id': 'lc_run--01a000c4-608e-7072-97ce-81c021c26a03-0', 'role': 'user'}, {'content': 'Falls Sie noch etwas wissen möchten, können Sie sich jederzeit melden. Ich wünsche Ihnen einen schönen Tag.', 'id': '43fe98fd-5c83-4103-8b0b-424a36f91a67', 'role': 'assistant'}]",14.639128,,01a000c4-3309-70f1-9949-9f482db4942d,0.0,1.0,0.0,0.0111,0.0,0.0,1.0,0.0,5,9,1.3308
Brigitte Sommer,015789643375,Dienstag von 14 Uhr bis 17 Uhr,eine Beratung zur vorzeitigen Vertragsauflösung,surfersimmobilien+predeploy@outlook.com,"[{'content': 'Guten Tag, Sie sprechen mit der digitalen Anruf-Assistentin von Surfers Immobilien. Wie kann ich Ihnen heute weiterhelfen?', 'role': 'assistant'}, {'content': 'Hallo, mein Name ist Brigitte Sommer und ich würde gerne einen Termin für eine Beratung zur vorzeitigen Vertragsauflösung vereinbaren.', 'id': '03ecc62b-8514-4b95-ae91-f9df0650ab5e', 'role': 'user'}, {'content': 'Frau Sommer, ich kann leider keine Termine vereinbaren. Wenn Sie Fragen zur vorzeitigen Vertragsauflösung haben oder Informationen dazu wünschen, helfe ich Ihnen gerne weiter. Möchten Sie dazu Auskünfte erhalten?', 'id': '83470b64-35a9-4e30-b051-5cd391f106e1', 'role': 'assistant'}, {'content': 'Ja, gerne. Dann würde ich um einen Rückruf durch eine Mitarbeiterin oder einen Mitarbeiter bitten, um mein Anliegen zu klären und einen Termin zu vereinbaren.', 'id': 'lc_run--01a000c4-6098-7402-b53c-ced2a96640b8-0', 'role': 'user'}, {'content': 'Einen Rückruf kann ich leider nicht veranlassen. Ich kann Ihnen aber Informationen zur vorzeitigen Vertragsauflösung geben. Möchten Sie dazu Details erfahren?', 'id': '0a46f2d0-4593-4959-8ab4-c5dfddc1943b', 'role': 'assistant'}, {'content': 'Ja, bitte geben Sie mir die wichtigsten Informationen dazu.', 'id': 'lc_run--01a000c4-6d0d-7853-9597-2e9489dde78b-0', 'role': 'user'}, {'content': 'Bei einer vorzeitigen Vertragsauflösung gilt: Die Mitgliedschaft muss separat gekündigt werden. Die Kündigungsfrist beträgt ein Jahr zum Ende des Geschäftsjahres. Das eingezahlte Anteilskapital wird nach dem satzungsgemäßen Auseinandersetzungsverfahren zurückgezahlt, das kann bis zu vierundzwanzig Monate dauern. Haben Sie noch weitere Fragen?', 'id': 'f345c572-dde0-423c-a068-c2ee01c05d82', 'role': 'assistant'}, {'content': 'Danke für die Informationen. Können Sie mir sagen, an wen ich mich wenden kann, um das persönlich zu besprechen oder einen Termin zu vereinbaren?', 'id': 'lc_run--01a000c4-7de8-7bd3-91c8-091725fbd527-0', 'role': 'user'}, {'content': 'Dazu liegen mir leider keine Kontaktdaten oder Ansprechpartner vor. Ich kann Ihnen nur allgemeine Informationen bereitstellen. Wenn Sie noch etwas wissen möchten, helfe ich Ihnen gerne weiter.', 'id': '75661c3f-09a1-49cd-a8ed-e8b6e2d1df5a', 'role': 'assistant'}, {'content': 'Verstehe, danke. Dann habe ich im Moment keine weiteren Fragen. Auf Wiederhören.', 'id': 'lc_run--01a000c4-8986-7ec2-87ac-b6e3f6a52ba6-0', 'role': 'user'}, {'content': 'Alles klar. Ich wünsche Ihnen einen angenehmen Tag. Auf Wiederhören.', 'id': 'ba3dd058-99c3-471e-97c1-24d3d0e219ee', 'role': 'assistant'}, {'content': '', 'id': 'lc_run--01a000c4-94ac-7a01-800f-b4cff9d74340-0', 'role': 'user'}, {'content': 'Falls Sie später noch Fragen haben, stehe ich Ihnen gerne zur Verfügung. Auf Wiederhören.', 'id': '4ba75774-e830-477e-9b12-e78a04ae9e02', 'role': 'assistant'}]",17.92809,,01a000c4-55f7-7262-b4f9-7e8f01ce3f9f,0.0,1.0,0.0,0.0111,0.0,0.0,1.0,0.0,6,11,1.3791
Karin Becker,015789643375,Freitag von 13 Uhr bis 16 Uhr,eine Schlüsselübergabe,surfersimmobilien+predeploy@outlook.com,"[{'content': 'Guten Tag, Sie sprechen mit der digitalen Anruf-Assistentin von Surfers Immobilien. Wie kann ich Ihnen heute weiterhelfen?', 'role': 'assistant'}, {'content': 'Hallo, mein Name ist Karin Becker und ich würde gerne einen Termin für eine Schlüsselübergabe vereinbaren.', 'id': 'ba61d8de-6cff-42b9-ba99-abeb37fab13d', 'role': 'user'}, {'content': 'Frau Becker, ich kann leider keine Termine vereinbaren. Gibt es etwas anderes, wobei ich Ihnen behilflich sein kann?', 'id': '5a15aa65-e2e4-4fb0-b1e8-58e73bedad5a', 'role': 'assistant'}, {'content': 'Ja, bitte veranlassen Sie einen Rückruf durch eine Mitarbeiterin oder einen Mitarbeiter, damit ich die Schlüsselübergabe persönlich vereinbaren kann.', 'id': 'lc_run--01a000c4-66d5-74e3-bc2c-5d81411365cb-0', 'role': 'user'}, {'content': 'Frau Becker, ich kann keinen Rückruf veranlassen. Wenn Sie möchten, kann ich Ihnen Informationen zu unseren Abläufen oder Kontaktdaten geben. Möchten Sie dazu etwas wissen?', 'id': 'b7156b33-e1d1-458f-b2b7-d656cf95e224', 'role': 'assistant'}, {'content': 'Ja, bitte geben Sie mir die Kontaktdaten, damit ich mich wegen der Schlüsselübergabe direkt melden kann.', 'id': 'lc_run--01a000c4-768e-7643-874f-e87eedc1d7bc-0', 'role': 'user'}, {'content': 'Sie können die zentrale Hotline von Surfers Immobilien nutzen, um die Schlüsselübergabe zu besprechen. Der Hausmeister ist von Montag bis Freitag zwischen acht Uhr und sechzehn Uhr erreichbar. Eine direkte Telefonnummer wird aus Datenschutzgründen nicht herausgegeben. Haben Sie noch weitere Fragen?', 'id': '8b54a7f1-51a3-4eaf-b6ad-f334969e7015', 'role': 'assistant'}, {'content': 'Nein, danke. Dann melde ich mich über die zentrale Hotline wegen der Schlüsselübergabe. Auf Wiederhören.', 'id': 'lc_run--01a000c4-86af-71f1-bd5b-cb597048f923-0', 'role': 'user'}, {'content': 'Alles klar. Ich wünsche Ihnen einen angenehmen Tag. Auf Wiederhören.', 'id': 'c42f6900-258c-4939-aab5-1fe2642d0464', 'role': 'assistant'}, {'content': '', 'id': 'lc_run--01a000c4-912e-7dc1-9f8d-2f7c52b770af-0', 'role': 'user'}, {'content': 'Das Gespräch ist beendet. Wenn Sie wieder Fragen haben, stehe ich Ihnen gerne zur Verfügung.', 'id': '2b9049f0-0a04-4bc2-9457-566f6b655bc4', 'role': 'assistant'}]",16.758572,,01a000c4-5f4e-7df0-9468-0f94221d3ec4,0.0,1.0,0.0,0.0111,0.0,0.0,1.0,0.0,5,9,1.5235
Kaspar Nagel,015789643375,Mittwoch von 10 Uhr bis 13 Uhr,eine Besichtigung einer möblierten Wohnung,surfersimmobilien+predeploy@outlook.com,"[{'content': 'Guten Tag, Sie sprechen mit der digitalen Anruf-Assistentin von Surfers Immobilien. Wie kann ich Ihnen heute weiterhelfen?', 'role': 'assistant'}, {'content': 'Hallo, mein Name ist Kaspar Nagel und ich würde gerne einen Termin für eine Besichtigung einer möblierten Wohnung vereinbaren.', 'id': '5a59fdee-11c7-44d2-8e5e-959dfff96d3d', 'role': 'user'}, {'content': 'Herr Nagel, ich kann leider keine Termine vereinbaren. Möchten Sie Informationen zu möblierten Wohnungen oder zu unserem Wohnungsangebot erhalten?', 'id': '30e6f000-6c4f-4f1a-aa2c-464859d9e546', 'role': 'assistant'}, {'content': 'Danke, dann hätte ich gerne einen Rückruf von einem Mitarbeitenden, um persönlich einen Besichtigungstermin zu vereinbaren.', 'id': 'lc_run--01a000c4-73a3-7c81-b9ea-622d297c50d5-0', 'role': 'user'}, {'content': 'Herr Nagel, einen Rückruf kann ich leider nicht organisieren. Wenn Sie möchten, kann ich Ihnen Informationen zu möblierten Wohnungen oder zum Ablauf einer Wohnungsbesichtigung bei Surfers Immobilien geben.', 'id': 'f33b991c-0421-42f2-883b-a9d804cb19a9', 'role': 'assistant'}, {'content': 'Ja, bitte geben Sie mir Informationen zum Ablauf einer Wohnungsbesichtigung bei Surfers Immobilien.', 'id': 'lc_run--01a000c4-808a-72b0-aa7d-0b0151f7fe53-0', 'role': 'user'}, {'content': 'Bei Surfers Immobilien läuft eine Wohnungsbesichtigung so: Sie müssen zuerst Mitglied werden, indem Sie Genossenschaftsanteile erwerben. Erst danach können Sie eine Wohnung besichtigen und beziehen. Termine werden direkt mit den Mitarbeitenden vereinbart, meist über das Kundenportal oder telefonisch während der Öffnungszeiten. Haben Sie noch weitere Fragen?', 'id': 'b0d75100-717f-47da-bd48-0ca166c0c652', 'role': 'assistant'}, {'content': 'Danke für die Information. Dann versuche ich es telefonisch während der Öffnungszeiten direkt bei den Mitarbeitenden. Auf Wiederhören.', 'id': 'lc_run--01a000c4-90a3-7473-a1c8-afe290cd3f19-0', 'role': 'user'}, {'content': 'Alles klar, Herr Nagel. Ich wünsche Ihnen viel Erfolg. Auf Wiederhören!', 'id': '7a1c32d1-c4ce-41ed-b182-2620648c6786', 'role': 'assistant'}, {'content': '', 'id': 'lc_run--01a000c4-9d6d-7083-aa94-5409894e91a5-0', 'role': 'user'}, {'content': 'Das Gespräch ist beendet. Wenn Sie wieder Fragen haben, stehe ich Ihnen gerne zur Verfügung.', 'id': 'bfbd88d6-7493-461d-8a07-5b1a8f8b1a98', 'role': 'assistant'}]",15.424002,,01a000c4-6c39-7c02-abbd-7f1d445ff8ed,0.0,1.0,0.0,0.0111,0.0,0.0,1.0,0.0,5,9,1.4022
Christa Pfeiffer,015789643375,Montag von 9 Uhr bis 12 Uhr,eine Terminabsprache für den Schornsteinfeger,surfersimmobilien+predeploy@outlook.com,"[{'content': 'Guten Tag, Sie sprechen mit der digitalen Anruf-Assistentin von Surfers Immobilien. Wie kann ich Ihnen weiterhelfen?', 'role': 'assistant'}, {'content': 'Hallo, mein Name ist Christa Pfeiffer und ich würde gerne einen Termin für eine Terminabsprache für den Schornsteinfeger vereinbaren.', 'id': '90bc4f9b-4abb-47bf-ac2c-eea3f501ee9f', 'role': 'user'}, {'content': 'Frau Pfeiffer, ich kann leider keine Termine vereinbaren. Gibt es etwas anderes, wobei ich Ihnen behilflich sein kann?', 'id': '5287342e-837f-461f-b1fd-42a1fba88b3c', 'role': 'assistant'}, {'content': 'Ja, dann würde ich gerne um einen Rückruf durch einen Mitarbeitenden bitten, damit ich den Termin persönlich vereinbaren kann.', 'id': 'lc_run--01a000c4-7dd3-7462-96b2-73a94ec8c331-0', 'role': 'user'}, {'content': 'Frau Pfeiffer, ich kann leider keinen Rückruf organisieren. Wenn Sie Fragen zu unseren Wohnungen oder zur Mitgliedschaft haben, helfe ich Ihnen gerne weiter.', 'id': '1c6f621d-c1bb-4e91-a686-05b5650540c8', 'role': 'assistant'}, {'content': 'Verstehe. Dann kann ich hier leider nichts weiter klären. Vielen Dank trotzdem, auf Wiederhören.', 'id': 'lc_run--01a000c4-987c-7050-afc0-c9401718cb2b-0', 'role': 'user'}, {'content': 'Alles klar, Frau Pfeiffer. Falls Sie später noch Fragen haben, stehe ich Ihnen gerne zur Verfügung. Einen schönen Tag und auf Wiederhören.', 'id': 'ffec3cdd-8272-4734-94d5-fb2bc683f31c', 'role': 'assistant'}, {'content': '', 'id': 'lc_run--01a000c4-a387-7763-b4cb-ae37e888c424-0', 'role': 'user'}, {'content': 'Gibt es noch etwas, wobei ich Ihnen helfen kann?', 'id': 'bcc4c509-2d77-4416-8bff-704b9fff4f64', 'role': 'assistant'}]",14.554147,,01a000c4-740d-7702-a506-2d95f7436649,0.0,1.0,0.0,0.0111,0.0,0.0,1.0,0.0,4,7,1.6171
Karl Peters,015789643375,Dienstag den ganzen Tag,eine Reparatur des Hoftors,surfersimmobilien+predeploy@outlook.com,"[{'content': 'Guten Tag, Sie sprechen mit der digitalen Anruf-Assistentin von Surfers Immobilien. Wie kann ich Ihnen heute weiterhelfen?', 'role': 'assistant'}, {'content': 'Hallo, mein Name ist Karl Peters und ich würde gerne einen Termin für eine Reparatur des Hoftors vereinbaren.', 'id': 'c054580a-474d-498d-9078-5c97a7055172', 'role': 'user'}, {'content': 'Herr Peters, Termine kann ich leider nicht vereinbaren. Möchten Sie Informationen zu Reparaturabläufen oder Kontaktdaten erhalten?', 'id': 'f4e4603d-bbc6-4143-b2b4-bdd2474d7426', 'role': 'assistant'}, {'content': 'Dann hätte ich gerne einen Rückruf von einem Mitarbeitenden, um das persönlich zu klären.', 'id': 'lc_run--01a000be-2aa6-7783-9862-a80bd81fb909-0', 'role': 'user'}, {'content': 'Einen Rückruf kann ich leider nicht organisieren. Ich kann Ihnen aber gerne Informationen zu Reparaturen oder zum weiteren Vorgehen geben.', 'id': '3848e45b-d9e7-489c-9317-aa51752abbbe', 'role': 'assistant'}, {'content': 'Ja, bitte. Wie ist denn das weitere Vorgehen, um die Reparatur des Hoftors zu veranlassen?', 'id': 'lc_run--01a000be-338c-7151-8fba-77623bedf41c-0', 'role': 'user'}, {'content': 'Sie können den Schaden am Hoftor entweder über das Kundenportal mit dem Formular „Schadensmeldung“ oder telefonisch während der Öffnungszeiten melden. Die Reparatur wird dann in der Regel innerhalb von fünf Werktagen bearbeitet. Haben Sie noch weitere Fragen?', 'id': 'fc6c06b8-7db0-4e5e-b307-cdbd640c3f09', 'role': 'assistant'}, {'content': 'Ja, könnten Sie mir bitte die telefonischen Öffnungszeiten nennen?', 'id': 'lc_run--01a000be-44ea-7d43-a081-92368d5ebd1b-0', 'role': 'user'}, {'content': 'Die telefonische Zentrale ist Montag bis Mittwoch von neun Uhr bis fünfzehn Uhr und Freitag von vierzehn Uhr bis siebzehn Uhr erreichbar. Donnerstag ist die Zentrale geschlossen. Benötigen Sie noch weitere Informationen?', 'id': 'd3c587ee-6327-44cb-86b6-aef06dfe7e01', 'role': 'assistant'}, {'content': 'Nein, danke. Dann melde ich mich am Dienstag telefonisch. Auf Wiederhören.', 'id': 'lc_run--01a000be-52e6-7c73-a5ca-ab9558a30768-0', 'role': 'user'}, {'content': 'Alles klar, Herr Peters. Ich wünsche Ihnen einen angenehmen Tag. Auf Wiederhören.', 'id': 'bcf759ce-d69e-46a5-9637-d3d0ed51780c', 'role': 'assistant'}, {'content': '', 'id': 'lc_run--01a000be-6045-7e91-bb5d-4dfd37df606c-0', 'role': 'user'}, {'content': 'Falls Sie noch einmal Fragen haben, stehe ich Ihnen gerne zur Verfügung. Auf Wiederhören.', 'id': '250f9053-e392-4bcf-83f9-ae39e041257b', 'role': 'assistant'}]",18.172455,,01a000be-2053-7e70-adf8-7d4f7de1535a,0.0,1.0,0.0,0.0111,0.0,0.0,1.0,0.0,6,11,1.3979
Kerstin Schulze,015789643375,Dienstag von 14 Uhr bis 17 Uhr,eine Reparatur des Garagentors,surfersimmobilien+predeploy@outlook.com,"[{'content': 'Guten Tag, Sie sprechen mit der digitalen Anruf-Assistentin von Surfers Immobilien. Wie kann ich Ihnen heute weiterhelfen?', 'role': 'assistant'}, {'content': 'Hallo, mein Name ist Kerstin Schulze und ich würde gerne einen Termin für eine Reparatur des Garagentors vereinbaren.', 'id': '85b93d09-6bdf-4df2-ba67-7c1a743f31d5', 'role': 'user'}, {'content': 'Frau Schulze, ich kann leider keine Termine vereinbaren. Möchten Sie Informationen zu Reparaturen oder zum Ablauf bei Surfers Immobilien erhalten?', 'id': 'e3172a7b-46e3-466c-9302-ec043daca041', 'role': 'assistant'}, {'content': 'Ja, gerne. Dann möchte ich bitte um einen Rückruf von einem Mitarbeitenden, um die Reparatur des Garagentors und einen Termin zu klären.', 'id': 'lc_run--01a000be-2a92-72a1-8ab0-4a92184f2c0b-0', 'role': 'user'}, {'content': 'Einen Rückruf kann ich leider nicht veranlassen. Ich kann Ihnen aber gerne Informationen zum Vorgehen bei Reparaturen geben. Möchten Sie wissen, wie Sie eine Reparatur bei Surfers Immobilien melden können?', 'id': '21e19eab-1d68-4e29-87aa-80b3404f8bce', 'role': 'assistant'}, {'content': 'Ja, bitte. Wie kann ich die Reparatur des Garagentors melden?', 'id': 'lc_run--01a000be-379c-7c21-a787-90e412413579-0', 'role': 'user'}, {'content': 'Sie können Schäden und technische Defekte jederzeit über das Kundenportal von Surfers Immobilien melden. Dort gibt es ein Formular für die Schadensmeldung. Alternativ können Sie während der Öffnungszeiten die Hotline anrufen. Haben Sie noch weitere Fragen?', 'id': 'd1af05f4-f150-4848-ac4d-471beab37d22', 'role': 'assistant'}, {'content': 'Wie erreiche ich die Hotline während der Öffnungszeiten?', 'id': 'lc_run--01a000be-4674-7b62-9ab2-43acad81f2bd-0', 'role': 'user'}, {'content': 'Die Hotline von Surfers Immobilien können Sie während der Öffnungszeiten telefonisch erreichen. Die genaue Rufnummer und die Öffnungszeiten finden Sie im Kundenportal oder auf der Webseite von Surfers Immobilien. Benötigen Sie noch weitere Informationen?', 'id': 'a4aa92b4-4e79-4e6d-94af-f9c24477fef3', 'role': 'assistant'}, {'content': 'Nein, danke. Dann schaue ich im Kundenportal nach und melde den Schaden dort. Auf Wiederhören.', 'id': 'lc_run--01a000be-4fa6-7ba1-82fb-52d8d10d23be-0', 'role': 'user'}, {'content': 'Alles klar, Frau Schulze. Ich wünsche Ihnen einen angenehmen Tag. Auf Wiederhören.', 'id': '7c7e32c7-f03b-49c3-ba6a-91d75c37e72f', 'role': 'assistant'}, {'content': '', 'id': 'lc_run--01a000be-5b3f-7783-8c01-c2d9bf5f8355-0', 'role': 'user'}, {'content': 'Falls Sie noch einmal Fragen haben, stehe ich Ihnen gerne zur Verfügung. Auf Wiederhören.', 'id': 'a5087f55-051f-4078-b064-1e4747637f50', 'role': 'assistant'}]",17.077295,,01a000be-2057-7f60-888b-df21d6147646,0.0,1.0,0.0,0.0111,0.0,0.0,1.0,0.0,6,11,1.3136
Theodor Engel,015789643375,den ganzen Mittwoch,eine Reparatur eines defekten Rauchmelders,surfersimmobilien+predeploy@outlook.com,"[{'content': 'Guten Tag, Sie sprechen mit der digitalen Anruf-Assistentin von Surfers Immobilien. Wie kann ich Ihnen heute weiterhelfen?', 'role': 'assistant'}, {'content': 'Hallo, mein Name ist Theodor Engel und ich würde gerne einen Termin für eine Reparatur eines defekten Rauchmelders vereinbaren.', 'id': '903295e7-c5ee-47ed-bba1-2ca159136891', 'role': 'user'}, {'content': 'Herr Engel, ich kann leider keine Termine vereinbaren. Möchten Sie Informationen zum Vorgehen bei einem defekten Rauchmelder oder benötigen Sie etwas anderes?', 'id': 'b391acc4-852c-4107-94c6-de00d7ba60e2', 'role': 'assistant'}, {'content': 'Dann hätte ich gerne einen Rückruf von einem Mitarbeitenden, um einen Termin zu vereinbaren. Danke.', 'id': 'lc_run--01a000be-2b3a-7f81-950d-2f952a5f96f2-0', 'role': 'user'}, {'content': 'Herr Engel, Rückrufe kann ich leider nicht organisieren. Wenn Sie möchten, kann ich Ihnen Informationen zum weiteren Vorgehen bei einem defekten Rauchmelder geben.', 'id': '310d5562-6ba6-4078-898b-b3af547d71e8', 'role': 'assistant'}, {'content': 'Ja, bitte geben Sie mir die Informationen zum weiteren Vorgehen bei einem defekten Rauchmelder.', 'id': 'lc_run--01a000be-3856-7031-8aea-ac6246af1764-0', 'role': 'user'}, {'content': 'Die Rauchmelder werden einmal jährlich im Herbst von einer Fachfirma gewartet. Der Termin wird Ihnen mindestens zwei Wochen vorher schriftlich angekündigt. Reparaturen werden normalerweise innerhalb von fünf Werktagen bearbeitet. Bei akuten Notfällen gibt es eine Notfallhotline. Haben Sie noch weitere Fragen?', 'id': 'f3baa1d1-9584-41fb-a58b-df47f528db00', 'role': 'assistant'}, {'content': 'Ja, wie kann ich die Reparatur konkret melden, damit sie innerhalb der fünf Werktage bearbeitet wird?', 'id': 'lc_run--01a000be-48ec-75a2-ae9a-9a8a4b55dd2f-0', 'role': 'user'}, {'content': 'Sie können den defekten Rauchmelder entweder über das Kundenportal mit dem Formular „Schadensmeldung“ oder telefonisch während der Öffnungszeiten über die Hotline melden. So wird die Reparatur innerhalb von fünf Werktagen bearbeitet.', 'id': 'f6a56f30-b9ef-499d-bc6e-c8ae97747968', 'role': 'assistant'}, {'content': 'Danke für die Information. Dann werde ich den Schaden über das Kundenportal melden. Auf Wiederhören.', 'id': 'lc_run--01a000be-58b7-79c3-9d2d-4dace034cab3-0', 'role': 'user'}, {'content': 'Alles klar, Herr Engel. Ich wünsche Ihnen einen angenehmen Tag. Auf Wiederhören.', 'id': 'fd83c9f8-0416-4c6c-9d42-a9e84061e6d6', 'role': 'assistant'}, {'content': '', 'id': 'lc_run--01a000be-659c-7810-81f8-aae8c8b55264-0', 'role': 'user'}, {'content': 'Falls Sie noch einmal Unterstützung benötigen, stehe ich Ihnen gerne zur Verfügung. Auf Wiederhören.', 'id': '6b2e5815-1812-48cf-99cb-c5803c39e87c', 'role': 'assistant'}]",20.842401,,01a000be-205b-7333-bd1f-e22e38ecc574,0.0,1.0,0.0,0.0111,0.0,0.0,1.0,0.0,6,11,1.6033
Petra Hoffmann,015789643375,nur nachmittags ab 15 Uhr,eine Besprechung zur Vertragsverlängerung,surfersimmobilien+predeploy@outlook.com,"[{'content': 'Guten Tag, Sie sprechen mit der digitalen Anruf-Assistentin von Surfers Immobilien. Wie kann ich Ihnen heute weiterhelfen?', 'role': 'assistant'}, {'content': 'Hallo, mein Name ist Petra Hoffmann und ich würde gerne einen Termin für eine Besprechung zur Vertragsverlängerung vereinbaren.', 'id': 'f0af9629-0e2d-4ca0-9646-96d886b4cef3', 'role': 'user'}, {'content': 'Frau Hoffmann, ich kann leider keine Termine vereinbaren. Möchten Sie Informationen zur Vertragsverlängerung oder zu anderen Themen erhalten?', 'id': 'af044ef5-1198-4786-bb3c-8ba2f5a725f1', 'role': 'assistant'}, {'content': 'Danke, dann hätte ich gern einen Rückruf von einem Mitarbeitenden, um das persönlich zu klären.', 'id': 'lc_run--01a000be-2a6b-7cf3-80e9-9c1dbe583586-0', 'role': 'user'}, {'content': 'Es tut mir leid, aber ich kann keinen Rückruf organisieren. Wenn Sie möchten, kann ich Ihnen Informationen zur Vertragsverlängerung oder zu anderen Anliegen bereitstellen.', 'id': 'ff0672d5-6bc3-42a9-83fc-c7e9539d0150', 'role': 'assistant'}, {'content': 'Verstehe. Dann geben Sie mir bitte allgemeine Informationen zur Vertragsverlängerung.', 'id': 'lc_run--01a000be-3fdc-7841-a083-3bbe362f152a-0', 'role': 'user'}, {'content': 'Der Nutzungsvertrag bei Surfers Immobilien ist unbefristet und muss nicht extra verlängert werden. Er bleibt automatisch bestehen, bis er form- und fristgerecht gekündigt wird. Die Mitgliedschaft in der Genossenschaft muss separat mit einer Frist von einem Jahr zum Geschäftsjahresende gekündigt werden.', 'id': '8045686e-56d7-49b2-9b42-086e6835a316', 'role': 'assistant'}, {'content': 'Vielen Dank für die Information. Dann weiß ich Bescheid. Auf Wiederhören.', 'id': 'lc_run--01a000be-4f23-7fc3-8bee-e44d5951f875-0', 'role': 'user'}, {'content': 'Gern geschehen. Ich wünsche Ihnen einen angenehmen Tag. Auf Wiederhören.', 'id': '9400db76-742c-40ef-a7f9-a0fcbcc0d421', 'role': 'assistant'}, {'content': '', 'id': 'lc_run--01a000be-5a25-7d72-8c27-c918310a3c13-0', 'role': 'user'}, {'content': 'Falls Sie noch Fragen haben, stehe ich Ihnen gerne zur Verfügung. Ansonsten wünsche ich Ihnen einen schönen Tag.', 'id': '6a262447-95bb-4537-9479-d62ea64f2eaa', 'role': 'assistant'}]",17.706003,,01a000be-205c-7a50-9f56-2b1108c19dd5,0.0,1.0,0.0,0.0111,0.0,0.0,1.0,0.0,5,9,1.6096
Doris Simon,015789643375,Dienstag von 9 Uhr bis 11 Uhr,eine Besprechung zur Übernahme der Wohnung durch einen Nachmieter,surfersimmobilien+predeploy@outlook.com,"[{'content': 'Guten Tag, Sie sprechen mit der digitalen Anruf-Assistentin von Surfers Immobilien. Wie kann ich Ihnen heute weiterhelfen?', 'role': 'assistant'}, {'content': 'Hallo, mein Name ist Doris Simon und ich würde gerne einen Termin für eine Besprechung zur Übernahme der Wohnung durch einen Nachmieter vereinbaren.', 'id': '9fac5ddc-4b61-4978-878e-6bf006ee632e', 'role': 'user'}, {'content': 'Frau Simon, ich kann leider keine Termine vereinbaren. Möchten Sie Informationen zum Ablauf einer Wohnungsübernahme durch einen Nachmieter erhalten?', 'id': '68d84a2d-bf96-41cc-98ef-49672e549535', 'role': 'assistant'}, {'content': 'Danke, Informationen habe ich bereits. Dann würde ich gerne um einen Rückruf durch einen Mitarbeitenden bitten, um mein Anliegen zu klären und einen Termin zu vereinbaren.', 'id': 'lc_run--01a000be-6c2d-7812-bbe7-e423ba579122-0', 'role': 'user'}, {'content': 'Frau Simon, ich kann leider keinen Rückruf veranlassen. Gibt es sonst noch etwas, wobei ich Ihnen behilflich sein kann?', 'id': '72c78771-55e8-4ede-ba16-c630cb520905', 'role': 'assistant'}, {'content': 'Nein, danke. Dann werde ich es zu einem späteren Zeitpunkt noch einmal versuchen. Auf Wiederhören.', 'id': 'lc_run--01a000be-796a-7381-9219-f4e70ab5770f-0', 'role': 'user'}, {'content': 'Alles klar, Frau Simon. Ich wünsche Ihnen einen angenehmen Tag. Auf Wiederhören.', 'id': 'd72da292-98ef-4cba-a48b-a2142bc2356c', 'role': 'assistant'}, {'content': '', 'id': 'lc_run--01a000be-8689-76c2-be4f-b699d6942212-0', 'role': 'user'}, {'content': 'Falls Sie später noch Fragen haben, stehe ich Ihnen gerne zur Verfügung. Auf Wiederhören.', 'id': '52286b08-2b82-45f6-8f9f-4270b04866e6', 'role': 'assistant'}]",12.427058,,01a000be-630e-71f0-b67b-39beb77b5a5b,0.0,1.0,0.0,0.0111,0.0,0.0,1.0,0.0,4,7,1.3808
Gisela Schreiber,015789643375,Freitag von 13 Uhr bis 16 Uhr,eine Reparatur des Treppenhauslichts,surfersimmobilien+predeploy@outlook.com,"[{'content': 'Guten Tag, Sie sprechen mit der digitalen Anruf-Assistentin von Surfers Immobilien. Wie kann ich Ihnen heute weiterhelfen?', 'role': 'assistant'}, {'content': 'Hallo, mein Name ist Gisela Schreiber und ich würde gerne einen Termin für eine Reparatur des Treppenhauslichts vereinbaren.', 'id': '25e2657b-0f7e-4a4f-8852-44596f8e1ff1', 'role': 'user'}, {'content': 'Frau Schreiber, ich kann leider keine Termine vereinbaren. Möchten Sie Informationen dazu, wie Sie eine Reparaturmeldung bei Surfers Immobilien einreichen können?', 'id': 'fcc9396c-236c-4f6c-aaad-8f4f6a7e3829', 'role': 'assistant'}, {'content': 'Ja, gerne. Können Sie mir bitte sagen, wie ich die Reparaturmeldung einreichen kann?', 'id': 'lc_run--01a000be-6d68-7f02-b5b3-5656763094eb-0', 'role': 'user'}, {'content': 'Sie können Schäden und technische Defekte jederzeit über das Kundenportal von Surfers Immobilien mit dem Formular „Schadensmeldung“ melden. Alternativ können Sie während der Öffnungszeiten die Hotline anrufen. Haben Sie noch weitere Fragen?', 'id': '9f99a2a4-7026-4664-a8d7-be196aac8b24', 'role': 'assistant'}, {'content': 'Ja, könnten Sie bitte veranlassen, dass mich ein Mitarbeitender zurückruft, damit ich das Anliegen klären oder einen Termin vereinbaren kann?', 'id': 'lc_run--01a000be-7d11-7e01-a6c6-d3a886539435-0', 'role': 'user'}, {'content': 'Das kann ich leider nicht veranlassen. Ich kann Ihnen aber gerne weitere Informationen geben oder erklären, wie Sie Ihr Anliegen direkt melden können.', 'id': '219fea44-0ef1-409f-afb6-dc36b218e62c', 'role': 'assistant'}, {'content': 'Okay, dann werde ich die Schadensmeldung über das Kundenportal einreichen. Vielen Dank für die Auskunft. Auf Wiederhören.', 'id': 'lc_run--01a000be-885e-7203-af7a-b0284508c52f-0', 'role': 'user'}, {'content': 'Gern geschehen. Ich wünsche Ihnen einen angenehmen Tag. Auf Wiederhören.', 'id': 'c58176b6-ef01-4341-b087-849f72e84fea', 'role': 'assistant'}, {'content': '', 'id': 'lc_run--01a000be-9470-7650-8fc2-d223591caa0d-0', 'role': 'user'}, {'content': 'Falls Sie noch einmal Fragen haben, stehe ich Ihnen gerne zur Verfügung. Einen schönen Tag noch!', 'id': '02e2fd9e-aa2c-4e50-a7ca-3523d89881bc', 'role': 'assistant'}]",14.013452,,01a000be-6587-7891-ac69-869cb3c76749,0.0,1.0,0.0,0.0111,0.0,0.0,1.0,0.0,5,9,1.274
Werner Lange,015789643375,nur am späten Nachmittag,eine Kontrolle der Rauchmelder,surfersimmobilien+predeploy@outlook.com,"[{'content': 'Guten Tag, Sie sprechen mit der digitalen Anruf-Assistentin von Surfers Immobilien. Wie kann ich Ihnen heute weiterhelfen?', 'role': 'assistant'}, {'content': 'Hallo, mein Name ist Werner Lange und ich würde gerne einen Termin für eine Kontrolle der Rauchmelder vereinbaren.', 'id': '2927b8d5-6d8f-47f3-a65f-cca06625758f', 'role': 'user'}, {'content': 'Herr Lange, ich kann leider keine Termine vereinbaren. Gibt es sonst etwas, wobei ich Ihnen behilflich sein kann?', 'id': '92a9bc63-4732-439c-9874-55b5ab2ef3a2', 'role': 'assistant'}, {'content': 'Ja, dann würde ich gerne um einen Rückruf durch einen Mitarbeitenden bitten, damit ich den Termin persönlich vereinbaren kann.', 'id': 'lc_run--01a000be-6e5f-7ea3-adc1-e5650a517e93-0', 'role': 'user'}, {'content': 'Herr Lange, ich kann leider keinen Rückruf organisieren. Wenn Sie Fragen zu unseren Wohnungen oder zur Mitgliedschaft haben, helfe ich Ihnen gerne weiter.', 'id': '1e5b1ba1-aa95-4716-9a7f-91acaf67384b', 'role': 'assistant'}, {'content': 'Verstehe. Dann können Sie mir bitte sagen, wie ich die zuständige Stelle für die Terminvereinbarung zur Rauchmelderkontrolle erreichen kann?', 'id': 'lc_run--01a000be-77a4-74d3-96de-4a0c6db87be7-0', 'role': 'user'}, {'content': 'Die Wartung der Rauchmelder wird einmal jährlich im Herbst von einer Fachfirma durchgeführt. Der Termin wird Ihnen mindestens zwei Wochen vorher schriftlich mitgeteilt. Eine direkte Kontaktmöglichkeit zur Terminvereinbarung ist nicht vorgesehen. Haben Sie noch weitere Fragen?', 'id': '7a565b28-4788-47b7-9dfc-1790a92a3344', 'role': 'assistant'}, {'content': 'Danke für die Information. Nein, dann habe ich keine weiteren Fragen. Auf Wiederhören.', 'id': 'lc_run--01a000be-8a1c-79c2-9f03-cc38aa0ae699-0', 'role': 'user'}, {'content': 'Gern geschehen. Ich wünsche Ihnen einen angenehmen Tag. Auf Wiederhören.', 'id': 'e413ce84-7483-47e4-94cc-115bada35a31', 'role': 'assistant'}, {'content': '', 'id': 'lc_run--01a000be-9780-7040-8d73-1cb213141a3f-0', 'role': 'user'}, {'content': 'Falls Sie später noch Fragen haben, stehe ich Ihnen gerne zur Verfügung. Auf Wiederhören.', 'id': '45478848-45c9-43e3-b4b1-3b14d8a82c7f', 'role': 'assistant'}]",14.332427,,01a000be-6751-72a1-ae4e-28373bc5ec63,0.0,1.0,0.0,0.0111,0.0,0.0,1.0,0.0,5,9,1.3029
Herbert Dietrich,015789643375,"flexibel, außer montags",eine Reparatur der Gegensprechanlage im Erdgeschoss,surfersimmobilien+predeploy@outlook.com,"[{'content': 'Guten Tag, Sie sprechen mit der digitalen Anruf-Assistentin von Surfers Immobilien. Wie kann ich Ihnen heute weiterhelfen?', 'role': 'assistant'}, {'content': 'Hallo, mein Name ist Herbert Dietrich und ich würde gerne einen Termin für eine Reparatur der Gegensprechanlage im Erdgeschoss vereinbaren.', 'id': 'f57eea88-3bc9-49b7-a5bd-d5f1316113d6', 'role': 'user'}, {'content': 'Herr Dietrich, ich kann leider keine Termine vereinbaren. Möchten Sie stattdessen Informationen zum Ablauf einer Reparatur oder zur Meldung eines Schadens erhalten?', 'id': '1748e429-0e87-4ef6-b788-87a792d46bf1', 'role': 'assistant'}, {'content': 'Danke, dann hätte ich gerne einen Rückruf von einem Mitarbeitenden, um das Anliegen zu klären und einen Termin zu vereinbaren.', 'id': 'lc_run--01a000be-7a31-7440-b009-7ffda4ad94bc-0', 'role': 'user'}, {'content': 'Einen Rückruf kann ich leider nicht veranlassen. Ich kann Ihnen aber gerne erklären, wie Sie einen Schaden melden oder was als nächster Schritt zu tun ist. Möchten Sie dazu Informationen?', 'id': 'e21ab852-337e-40f4-9f70-42dd45420031', 'role': 'assistant'}, {'content': 'Ja, bitte erklären Sie mir kurz, wie ich den Schaden melden kann und was der nächste Schritt ist.', 'id': 'lc_run--01a000be-8a80-7b61-bba1-e3048e907135-0', 'role': 'user'}, {'content': 'Sie können den Schaden entweder über das Kundenportal mit dem Formular „Schadensmeldung“ oder telefonisch während der Öffnungszeiten über die Hotline melden. Nach der Meldung wird die Reparatur in der Regel innerhalb von fünf Werktagen bearbeitet. Haben Sie noch weitere Fragen?', 'id': 'cb5b10d7-462b-4ab1-ac01-d4ff6adbefb4', 'role': 'assistant'}, {'content': 'Nein, danke. Dann melde ich den Schaden über die Hotline beziehungsweise das Kundenportal. Auf Wiederhören.', 'id': 'lc_run--01a000be-9dd6-76e2-a448-034b45b69785-0', 'role': 'user'}, {'content': 'Alles klar, Herr Dietrich. Ich wünsche Ihnen einen angenehmen Tag. Auf Wiederhören.', 'id': '0cbd038f-380b-4e32-9ddd-b4b2bd8eb0c2', 'role': 'assistant'}, {'content': '', 'id': 'lc_run--01a000be-ac30-76c0-a01b-42837ef259d3-0', 'role': 'user'}, {'content': 'Falls Sie noch einmal Fragen haben, stehe ich Ihnen gerne zur Verfügung. Auf Wiederhören.', 'id': 'b8b566c7-18ba-48b1-91bc-020e798614bf', 'role': 'assistant'}]",18.179952,,01a000be-71c7-7b11-936e-b82bf8325da3,0.0,1.0,0.0,0.0111,0.0,0.0,1.0,0.0,5,9,1.6527
Erwin Otto,015789643375,Montag von 9 Uhr bis 12 Uhr,eine Reparatur der Klimaanlage,surfersimmobilien+predeploy@outlook.com,"[{'content': 'Guten Tag, Sie sprechen mit der digitalen Anruf-Assistentin von Surfers Immobilien. Wie kann ich Ihnen weiterhelfen? Was ist der Grund Ihres Anrufs?', 'role': 'assistant'}, {'content': 'Hallo, mein Name ist Erwin Otto und ich würde gerne einen Termin für eine Reparatur der Klimaanlage vereinbaren.', 'id': 'fd53372b-a7c9-4a73-8034-7cedb7795154', 'role': 'user'}, {'content': 'Herr Otto, ich kann leider keine Termine vereinbaren. Möchten Sie stattdessen Informationen zum Ablauf einer Reparatur oder zu Ansprechpartnern bei Surfers Immobilien?', 'id': '3cad208f-d686-4f4b-b3b7-b452b64a7560', 'role': 'assistant'}, {'content': 'Dann würde ich gerne um einen Rückruf von einem Mitarbeitenden bitten, damit ich das Anliegen klären und einen Termin vereinbaren kann.', 'id': 'lc_run--01a000be-9c9d-7d61-aa9b-dbaeadff3f04-0', 'role': 'user'}, {'content': 'Herr Otto, ich kann leider keinen Rückruf organisieren. Wenn Sie möchten, kann ich Ihnen Informationen zum weiteren Vorgehen oder zu den zuständigen Stellen bei Surfers Immobilien geben.', 'id': 'ab877139-21fd-4b5f-bd88-631d4ee095a8', 'role': 'assistant'}, {'content': 'Ja, bitte geben Sie mir die Informationen zum weiteren Vorgehen und den zuständigen Stellen bei Surfers Immobilien.', 'id': 'lc_run--01a000be-a975-78a2-ae7a-69b59e08fa61-0', 'role': 'user'}, {'content': 'Sie können Reparaturen entweder über das Kundenportal von Surfers Immobilien mit dem Formular „Schadensmeldung“ oder telefonisch während der Öffnungszeiten melden. Die Genossenschaft bearbeitet Reparaturen in der Regel innerhalb von fünf Werktagen. Für technische Anliegen ist die Hotline zuständig. Haben Sie noch weitere Fragen?', 'id': '6a1fe64f-d679-4d33-9305-f4b8734ac241', 'role': 'assistant'}, {'content': 'Danke, das hilft mir weiter. Dann melde ich die Reparatur über das Kundenportal oder die technische Hotline. Auf Wiederhören.', 'id': 'lc_run--01a000be-b911-7922-9fa9-c4a51f0a1e95-0', 'role': 'user'}, {'content': 'Gern geschehen. Ich wünsche Ihnen einen angenehmen Tag. Auf Wiederhören.', 'id': 'b83a0e00-4132-4979-ab57-3802c9486f6a', 'role': 'assistant'}, {'content': '', 'id': 'lc_run--01a000be-c415-7ff1-a26f-257314c826ef-0', 'role': 'user'}, {'content': 'Das Gespräch ist beendet. Wenn Sie wieder Fragen haben, stehe ich Ihnen gerne zur Verfügung.', 'id': '3f04cd93-6ed1-4dc5-b331-58afcf6e2009', 'role': 'assistant'}]",16.170968,,01a000be-939a-7d52-9db1-619a2a4cb1a1,0.0,1.0,0.0,0.0111,0.0,0.0,1.0,0.0,5,9,1.4701
Andreas Schulz,015789643375,nur vormittags unter der Woche,eine Besprechung zur Kündigung des Mietvertrags,surfersimmobilien+predeploy@outlook.com,"[{'content': 'Guten Tag, Sie sprechen mit der digitalen Anruf-Assistentin von Surfers Immobilien. Wie kann ich Ihnen weiterhelfen?', 'role': 'assistant'}, {'content': 'Hallo, mein Name ist Andreas Schulz und ich würde gerne einen Termin für eine Besprechung zur Kündigung des Mietvertrags vereinbaren.', 'id': '80af67f5-632d-4569-a983-427a04f76c9e', 'role': 'user'}, {'content': 'Herr Schulz, ich kann leider keine Termine vereinbaren. Wenn Sie Fragen zur Kündigung Ihres Mietvertrags haben oder Informationen dazu benötigen, helfe ich Ihnen gerne weiter. Was möchten Sie genau wissen?', 'id': 'c34af94d-99f8-42b7-954b-abea01a3adad', 'role': 'assistant'}, {'content': 'Danke. Dann möchte ich bitte gerne von einem Mitarbeitenden zurückgerufen werden, um mein Anliegen persönlich zu klären und einen Termin zu vereinbaren.', 'id': 'lc_run--01a000be-a5a3-7820-9628-d450286436e5-0', 'role': 'user'}, {'content': 'Ich kann leider keinen Rückruf veranlassen. Wenn Sie Fragen zur Kündigung Ihres Mietvertrags haben oder Informationen dazu benötigen, unterstütze ich Sie gerne direkt hier. Möchten Sie wissen, wie eine Kündigung abläuft oder welche Fristen gelten?', 'id': '1fea8ac8-d58b-4b36-b691-1fa50f1fe5a6', 'role': 'assistant'}, {'content': 'Ja, bitte. Können Sie mir sagen, wie die Kündigung abläuft und wie ich einen persönlichen Termin mit einem Mitarbeitenden vereinbaren kann?', 'id': 'lc_run--01a000be-b456-7c23-bc7c-71694e0a7266-0', 'role': 'user'}, {'content': 'Die Kündigung Ihres Mietvertrags muss schriftlich erfolgen, entweder per Brief oder als eingescanntes, unterschriebenes Dokument. Die Kündigungsfrist beträgt drei Monate zum Monatsende. \n\nEinen persönlichen Termin kann ich leider nicht vereinbaren. Haben Sie noch weitere Fragen zum Ablauf?', 'id': '70faab77-ddd3-464a-a42d-c6f0c294dfb9', 'role': 'assistant'}, {'content': 'Danke. An welche Adresse oder E-Mail kann ich die unterschriebene Kündigung schicken?', 'id': 'lc_run--01a000be-c5f8-78a0-a6c4-edd13b79a4ea-0', 'role': 'user'}, {'content': 'Leider finde ich gerade keine konkrete Adresse oder E-Mail für die Kündigung. Es empfiehlt sich, die Kündigung an die offizielle Anschrift von Surfers Immobilien in Düsseldorf zu senden. Wenn Sie möchten, kann ich Ihnen allgemeine Hinweise zum Versand geben.', 'id': '5900b23e-89b2-4ae0-8f23-d349a3e97997', 'role': 'assistant'}, {'content': 'Ja, bitte geben Sie mir allgemeine Hinweise zum Versand.', 'id': 'lc_run--01a000be-dba4-7b70-b906-f817bd4f645a-0', 'role': 'user'}, {'content': 'Senden Sie Ihre schriftliche Kündigung am besten per Post als Einschreiben, damit Sie einen Nachweis über den Versand haben. Alternativ können Sie die unterschriebene Kündigung einscannen und per E-Mail schicken, falls eine offizielle E-Mail-Adresse bekannt ist. Bewahren Sie eine Kopie der Kündigung und den Versandnachweis auf.', 'id': '9d94c8ba-ac98-4507-9815-b8fcf57d61d9', 'role': 'assistant'}, {'content': 'Vielen Dank für die Informationen. Dann werde ich das so vorbereiten. Auf Wiederhören.', 'id': 'lc_run--01a000be-e5dc-7781-ae8c-f0fdf7847878-0', 'role': 'user'}, {'content': 'Gern geschehen. Ich wünsche Ihnen alles Gute. Auf Wiederhören.', 'id': '610f454a-c403-48c2-93b8-89bbe9976248', 'role': 'assistant'}, {'content': '', 'id': 'lc_run--01a000be-f3c5-7d50-8a7e-a5a1dcf2d3d2-0', 'role': 'user'}, {'content': 'Falls Sie noch einmal Fragen haben, stehe ich Ihnen gerne zur Verfügung. Einen schönen Tag noch!', 'id': '00400c97-a581-4438-a01a-ee0ec2bc505c', 'role': 'assistant'}]",26.633276,,01a000be-9c46-7291-8dc5-645f1093f6fc,0.0,1.0,0.0,0.0111,0.0,0.0,1.0,0.0,7,13,1.7756
Emil Nowak,015789643375,nur am späten Nachmittag,eine Beschwerde über eine kaputte Türklingel,surfersimmobilien+predeploy@outlook.com,"[{'content': 'Guten Tag, Sie sprechen mit der digitalen Anruf-Assistentin von Surfers Immobilien. Wie kann ich Ihnen weiterhelfen?', 'role': 'assistant'}, {'content': 'Hallo, mein Name ist Emil Nowak und ich würde gerne einen Termin für eine Beschwerde über eine kaputte Türklingel vereinbaren.', 'id': '6332ce64-1d41-47f0-98aa-41be24366532', 'role': 'user'}, {'content': 'Herr Nowak, ich kann leider keine Termine vereinbaren. Möchten Sie mir Ihr Anliegen zur kaputten Türklingel schildern? Dann schaue ich gerne nach, wie ich Ihnen weiterhelfen kann.', 'id': '74bbf8e2-0fb5-47fa-a46f-888eb40c5e69', 'role': 'assistant'}, {'content': 'Ja, gerne. Meine Türklingel ist kaputt und funktioniert nicht mehr. Ich möchte das bitte melden und klären lassen, wie sie repariert werden kann.', 'id': 'lc_run--01a000be-a924-7b12-9c88-6e987bdf126d-0', 'role': 'user'}, {'content': 'Sie können den Defekt Ihrer Türklingel entweder über das Kundenportal mit dem Formular „Schadensmeldung“ oder telefonisch während der Öffnungszeiten melden. Die Reparatur wird in der Regel innerhalb von fünf Werktagen bearbeitet. Haben Sie noch weitere Fragen?', 'id': '5199fa57-74f9-4778-bbf3-5268db329dd7', 'role': 'assistant'}, {'content': 'Ja, könnten Sie bitte veranlassen, dass mich ein Mitarbeitender zurückruft? Ich bin nur am späten Nachmittag erreichbar.', 'id': 'lc_run--01a000be-b92e-7250-95bd-5a7fcb604ac2-0', 'role': 'user'}, {'content': 'Ich kann leider keinen Rückruf veranlassen. Bitte melden Sie Ihr Anliegen direkt über das Kundenportal oder telefonisch während der Öffnungszeiten. So wird Ihr Anliegen schnellstmöglich bearbeitet.', 'id': 'ec5fdbdc-3dbd-4681-9858-0515b96ff2b9', 'role': 'assistant'}, {'content': 'Verstehe, danke für die Information. Dann melde ich den Schaden über das Kundenportal. Auf Wiederhören.', 'id': 'lc_run--01a000be-c552-7ac3-85c0-56301a455749-0', 'role': 'user'}, {'content': 'Alles klar, Herr Nowak. Ich wünsche Ihnen einen angenehmen Tag. Auf Wiederhören.', 'id': '774ee902-5263-4076-879e-cd57cff107eb', 'role': 'assistant'}, {'content': '', 'id': 'lc_run--01a000be-d03d-7c12-a265-08de882582f0-0', 'role': 'user'}, {'content': 'Falls Sie noch etwas benötigen, stehe ich Ihnen gerne zur Verfügung. Ansonsten wünsche ich Ihnen einen schönen Tag.', 'id': 'e11853e4-f4e9-4df2-94c5-73709b6d82a0', 'role': 'assistant'}]",16.359632,,01a000be-9f4e-7f72-9c57-b5c1405e589c,0.0,1.0,0.0,0.0111,0.0,0.0,1.0,0.0,5,9,1.4872
Ernst Weiß,015789643375,Dienstag von 9 Uhr bis 11 Uhr,eine Reparatur der Briefkastenanlage,surfersimmobilien+predeploy@outlook.com,"[{'content': 'Guten Tag, Sie sprechen mit der digitalen Anruf-Assistentin von Surfers Immobilien. Wie kann ich Ihnen weiterhelfen?', 'role': 'assistant'}, {'content': 'Hallo, mein Name ist Ernst Weiß und ich würde gerne einen Termin für eine Reparatur der Briefkastenanlage vereinbaren.', 'id': 'aaf625de-419d-46c4-a1a0-8920542d5754', 'role': 'user'}, {'content': 'Herr Weiß, Termine kann ich leider nicht vereinbaren. Möchten Sie Informationen zur Reparatur der Briefkastenanlage oder wissen, wie Sie einen Reparaturwunsch melden können?', 'id': '1e7d6f16-f5e1-43f6-9bc5-d1baf22c4b85', 'role': 'assistant'}, {'content': 'Ja, gerne. Können Sie mir bitte sagen, wie ich den Reparaturwunsch melden kann?', 'id': 'lc_run--01a000be-c1a0-7683-9246-bd252625af32-0', 'role': 'user'}, {'content': 'Sie können den Reparaturwunsch entweder über das Kundenportal mit dem Formular „Schadensmeldung“ oder telefonisch während der Öffnungszeiten über die Hotline melden. Haben Sie noch weitere Fragen?', 'id': 'c3e29f27-118d-433a-8804-a8b52a2c1d0a', 'role': 'assistant'}, {'content': 'Ja, dann würde ich gerne um einen Rückruf durch eine Mitarbeiterin oder einen Mitarbeiter bitten, um das Anliegen persönlich zu klären.', 'id': 'lc_run--01a000be-d3ba-7103-83b8-384d9fccb788-0', 'role': 'user'}, {'content': 'Einen Rückruf kann ich leider nicht veranlassen. Sie können Ihr Anliegen aber direkt über das Kundenportal oder telefonisch während der Öffnungszeiten melden. Gibt es noch etwas, wobei ich Ihnen helfen kann?', 'id': '2bcf26dd-3547-4c64-a16e-c9dff20a6d44', 'role': 'assistant'}, {'content': 'Nein, danke. Dann melde ich das Anliegen über das Kundenportal oder telefonisch während der Öffnungszeiten. Auf Wiederhören.', 'id': 'lc_run--01a000be-dfa7-7f30-8738-d5a2d5a9d814-0', 'role': 'user'}, {'content': 'Alles klar, Herr Weiß. Ich wünsche Ihnen einen angenehmen Tag. Auf Wiederhören.', 'id': 'fd8ca4ff-4b09-40ce-9a67-e3c9ae724b07', 'role': 'assistant'}, {'content': '', 'id': 'lc_run--01a000be-ec66-7af1-b658-d852048377aa-0', 'role': 'user'}, {'content': 'Falls Sie wieder Fragen haben, stehe ich Ihnen gerne zur Verfügung. Einen schönen Tag noch!', 'id': '4aa4c6eb-c85a-49db-870b-022330e2197f', 'role': 'assistant'}]",16.357482,,01a000be-b8cc-70b3-8326-9d729557f8cd,0.0,1.0,0.0,0.0111,0.0,0.0,1.0,0.0,5,9,1.487
Gustav Voigt,015789643375,Dienstag von 14 Uhr bis 17 Uhr,eine Besichtigung eines Souterrainapartments,surfersimmobilien+predeploy@outlook.com,"[{'content': 'Guten Tag, Sie sprechen mit der digitalen Anruf-Assistentin von Surfers Immobilien. Wie kann ich Ihnen weiterhelfen?', 'role': 'assistant'}, {'content': 'Hallo, mein Name ist Gustav Voigt und ich würde gerne einen Termin für eine Besichtigung eines Souterrainapartments vereinbaren.', 'id': '63f5450f-56e8-4978-85d2-f5e739b18a30', 'role': 'user'}, {'content': 'Herr Voigt, vielen Dank für Ihr Interesse. Ich kann leider keine Termine vereinbaren. Gibt es sonst etwas, wobei ich Ihnen behilflich sein kann?', 'id': '5d1b74c4-803a-47d5-ada1-bc1be7df8c0a', 'role': 'assistant'}, {'content': 'Ja, gerne. Ich würde mich über einen Rückruf durch eine Mitarbeiterin oder einen Mitarbeiter freuen, um die Besichtigung persönlich zu vereinbaren.', 'id': 'lc_run--01a000be-dcd4-7a61-8a74-fea3a7f27f74-0', 'role': 'user'}, {'content': 'Herr Voigt, ich kann leider keinen Rückruf veranlassen. Gibt es Informationen zu unseren Wohnungen oder zur Mitgliedschaft, bei denen ich Ihnen direkt weiterhelfen kann?', 'id': '57d9a144-03e2-464c-945f-12ff3fe79fa7', 'role': 'assistant'}, {'content': 'Verstehe, danke. Dann wüsste ich gerne, wie ich am besten jemanden erreiche, um einen Besichtigungstermin für das Souterrainapartment zu vereinbaren.', 'id': 'lc_run--01a000be-ec4c-7e11-be37-241d1f164891-0', 'role': 'user'}, {'content': 'Sie können einen Besichtigungstermin am besten über die zentrale Hotline von Surfers Immobilien vereinbaren. Die Hotline ist von Montag bis Freitag zwischen acht Uhr und sechzehn Uhr erreichbar. Haben Sie noch weitere Fragen?', 'id': 'f918d337-ea22-4448-a8cf-16b9d617a6b0', 'role': 'assistant'}, {'content': 'Danke für die Auskunft. Nein, das war alles. Auf Wiederhören.', 'id': 'lc_run--01a000be-fe45-7481-a305-e361621f0f04-0', 'role': 'user'}, {'content': 'Gern geschehen. Ich wünsche Ihnen einen angenehmen Tag. Auf Wiederhören.', 'id': 'bafac1c1-32f8-4b59-9fb6-0fdab6b2d65f', 'role': 'assistant'}, {'content': '', 'id': 'lc_run--01a000bf-0caa-7dd2-806f-77bf7c14ed70-0', 'role': 'user'}, {'content': 'Falls Sie später noch Fragen haben, stehe ich Ihnen gerne zur Verfügung. Auf Wiederhören.', 'id': 'b2ed1edf-3f0b-44e3-b587-9e608bd58690', 'role': 'assistant'}]",16.73332,,01a000be-d2c6-7492-a8b7-a10ec3a2fc8b,0.0,1.0,0.1667,0.6065,0.0,0.0,1.0,0.0,5,9,1.5212
Marion Schumacher,015789643375,Mittwoch von 8 Uhr bis 10 Uhr,eine Klärung offener Fragen zur Betriebskostenabrechnung,surfersimmobilien+predeploy@outlook.com,"[{'content': 'Guten Tag, Sie sprechen mit der digitalen Anruf-Assistentin von Surfers Immobilien. Wie kann ich Ihnen weiterhelfen?', 'role': 'assistant'}, {'content': 'Hallo, mein Name ist Marion Schumacher und ich würde gerne einen Termin für eine Klärung offener Fragen zur Betriebskostenabrechnung vereinbaren.', 'id': '40cfbbc9-d406-427f-a9af-0c31d3f5c571', 'role': 'user'}, {'content': 'Frau Schumacher, ich kann leider keine Termine vereinbaren. Wenn Sie möchten, kann ich Ihnen aber gerne Informationen zur Betriebskostenabrechnung geben oder Ihre Fragen dazu beantworten. Worum geht es genau?', 'id': 'ec695307-9956-4b12-b19a-e667c083b98c', 'role': 'assistant'}, {'content': 'Danke. Mir wäre ein persönlicher Termin wichtig. Können Sie bitte veranlassen, dass mich ein Mitarbeitender zurückruft, um das Anliegen zu klären oder einen Termin zu vereinbaren?', 'id': 'lc_run--01a000be-e8c9-7121-a38e-7f1ce7043d8f-0', 'role': 'user'}, {'content': 'Ich kann leider keinen Rückruf veranlassen und auch keine Termine koordinieren. Wenn Sie möchten, können Sie mir Ihre Fragen zur Betriebskostenabrechnung stellen. Ich unterstütze Sie gerne mit den Informationen, die mir zur Verfügung stehen.', 'id': '588d172f-2ef6-4500-b870-cf8a0614995d', 'role': 'assistant'}, {'content': 'Verstehe. Dann werde ich mich auf anderem Weg an Surfers Immobilien wenden. Vielen Dank und auf Wiederhören.', 'id': 'lc_run--01a000be-f66c-7b83-b27c-2ce5dfd47397-0', 'role': 'user'}, {'content': 'Alles klar. Ich wünsche Ihnen einen angenehmen Tag. Auf Wiederhören.', 'id': '0ecf7803-026c-4938-98a3-e54c345d6929', 'role': 'assistant'}, {'content': '', 'id': 'lc_run--01a000bf-0247-7a43-a435-6c19c4130ae0-0', 'role': 'user'}, {'content': 'Gibt es noch etwas, womit ich Ihnen helfen kann?', 'id': '10cb7f1a-4e41-4b21-bb05-00edd2bd780d', 'role': 'assistant'}]",11.680032,,01a000be-df36-7031-add3-7a50f6b66647,0.0,1.0,0.0,0.0111,0.0,0.0,1.0,0.0,4,7,1.2978
Meta Arnold,015789643375,Montag von 10 Uhr bis 13 Uhr,eine Beratung zur Übertragung des Mietvertrags auf den Partner,surfersimmobilien+predeploy@outlook.com,"[{'content': 'Guten Tag, Sie sprechen mit der digitalen Anruf-Assistentin von Surfers Immobilien. Wie kann ich Ihnen weiterhelfen? Was ist der Grund Ihres Anrufs?', 'role': 'assistant'}, {'content': 'Hallo, mein Name ist Meta Arnold und ich würde gerne einen Termin für eine Beratung zur Übertragung des Mietvertrags auf den Partner vereinbaren.', 'id': '8bcd1c50-ceb8-451a-906e-10a01efcdfa5', 'role': 'user'}, {'content': 'Frau Arnold, ich kann leider keine Termine vereinbaren. Wenn Sie Fragen zur Übertragung des Mietvertrags auf Ihren Partner haben, kann ich Ihnen gerne Informationen dazu geben. Möchten Sie wissen, wie so eine Übertragung abläuft oder welche Unterlagen dafür nötig sind?', 'id': 'd89f99d9-8fed-4598-a65d-3317169100e0', 'role': 'assistant'}, {'content': 'Danke, dann hätte ich gerne einen Rückruf von einem Mitarbeitenden, um mein Anliegen zu klären und persönlich einen Termin zu vereinbaren.', 'id': 'lc_run--01a000bf-0264-7783-aee8-6c3ab5954268-0', 'role': 'user'}, {'content': 'Einen Rückruf kann ich leider nicht veranlassen. Wenn Sie möchten, kann ich Ihnen aber Informationen zum Ablauf der Mietvertragsübertragung geben. Sagen Sie mir einfach, was Sie dazu wissen möchten.', 'id': '622f8d7c-83f7-4b9d-a762-3d3d3d65e161', 'role': 'assistant'}, {'content': 'Verstehe. Können Sie mir bitte sagen, wie ich einen Mitarbeitenden erreichen kann, um einen Beratungstermin zu vereinbaren?', 'id': 'lc_run--01a000bf-11b1-7e40-b7ac-dbbf9f2722fa-0', 'role': 'user'}, {'content': 'Sie können die Mitarbeitenden von Surfers Immobilien telefonisch unter der Nummer null, zwei, eins, eins, vier, fünf, sechs, sieben, acht, neun, null erreichen. Alternativ können Sie eine E-Mail an service@surfers-immobilien.de schreiben.', 'id': '6a967f9d-f577-4efa-997b-f72491b47466', 'role': 'assistant'}, {'content': 'Vielen Dank für die Information. Dann werde ich mich direkt telefonisch oder per E-Mail an die Mitarbeitenden wenden. Auf Wiederhören.', 'id': 'lc_run--01a000bf-2666-7130-9f97-ffe5f450effd-0', 'role': 'user'}, {'content': 'Gern geschehen. Ich wünsche Ihnen viel Erfolg bei Ihrem Anliegen. Auf Wiederhören.', 'id': '1712212a-d5c5-4c0a-8367-6a965c3b5e6e', 'role': 'assistant'}, {'content': '', 'id': 'lc_run--01a000bf-301d-7f70-8d04-db517d61da2a-0', 'role': 'user'}, {'content': 'Das Gespräch ist nun beendet. Falls Sie wieder Fragen haben, stehe ich Ihnen gerne zur Verfügung.', 'id': '7f6ab330-6b6c-4502-bd36-3c8c2d472ffe', 'role': 'assistant'}]",18.185662,,01a000be-f8b3-7f52-add8-11f175048ec3,0.0,1.0,0.0,0.0111,0.0,0.0,1.0,0.0,5,9,1.6532
Frieda Möller,015789643375,den ganzen Donnerstag,eine Beschwerde über eine defekte Straßenbeleuchtung,surfersimmobilien+predeploy@outlook.com,"[{'content': 'Guten Tag, Sie sprechen mit der digitalen Anruf-Assistentin von Surfers Immobilien. Wie kann ich Ihnen weiterhelfen?', 'role': 'assistant'}, {'content': 'Hallo, mein Name ist Frieda Möller und ich würde gerne einen Termin für eine Beschwerde über eine defekte Straßenbeleuchtung vereinbaren.', 'id': 'ed0955df-d328-47d0-a6cb-541cee50f098', 'role': 'user'}, {'content': 'Frau Möller, ich kann leider keine Termine vereinbaren. Möchten Sie Informationen dazu, wie Sie eine Beschwerde wegen der defekten Straßenbeleuchtung einreichen können?', 'id': 'ea249e15-9444-4d88-a07f-34c8d098cb18', 'role': 'assistant'}, {'content': 'Ja, gerne. Zusätzlich würde ich um einen Rückruf durch eine Mitarbeiterin oder einen Mitarbeiter bitten, damit ich mein Anliegen klären oder einen Termin vereinbaren kann.', 'id': 'lc_run--01a000bf-0d20-7362-be30-47e5496357e2-0', 'role': 'user'}, {'content': 'Sie können Ihre Beschwerde über die defekte Straßenbeleuchtung schriftlich oder per E-Mail einreichen. Alternativ steht Ihnen auch das Kundenportal zur Verfügung. Einen Rückruf kann ich leider nicht veranlassen. Haben Sie noch weitere Fragen?', 'id': 'aeee5fc4-f168-421a-ab0c-1db26052fb55', 'role': 'assistant'}, {'content': 'Können Sie mir bitte die E-Mail-Adresse nennen, an die ich die Beschwerde senden kann?', 'id': 'lc_run--01a000bf-1f68-7ef0-ad0b-982a633f7099-0', 'role': 'user'}, {'content': 'Die genaue E-Mail-Adresse für Beschwerden konnte ich leider nicht finden. Sie können Ihr Anliegen aber auch über das Kundenportal melden oder während der Öffnungszeiten telefonisch Kontakt aufnehmen. Benötigen Sie dazu weitere Informationen?', 'id': '1e66f24e-1801-4aa7-9a7a-c9911c741068', 'role': 'assistant'}, {'content': 'Ja, bitte nennen Sie mir die telefonischen Öffnungszeiten.', 'id': 'lc_run--01a000bf-3397-72c1-a426-24434839ce37-0', 'role': 'user'}, {'content': 'Die telefonische Zentrale ist Montag bis Mittwoch von neun Uhr bis fünfzehn Uhr und Freitag von vierzehn Uhr bis siebzehn Uhr erreichbar. Donnerstag ist geschlossen. Benötigen Sie noch etwas?', 'id': '48f15df2-0304-4f12-adb4-433501e885e1', 'role': 'assistant'}, {'content': 'Dann werde ich es über das Kundenportal versuchen. Können Sie mir bitte noch sagen, wo ich das finde?', 'id': 'lc_run--01a000bf-440b-79a2-a825-1a7f128c0805-0', 'role': 'user'}, {'content': 'Das Kundenportal erreichen Sie unter portal.surfers-immobilien.de. Dort können Sie Ihr Anliegen direkt online melden.', 'id': '1e570616-276d-42af-a80e-bbb5d27fe71b', 'role': 'assistant'}, {'content': 'Vielen Dank für die Information. Dann melde ich die Beschwerde über das Kundenportal. Auf Wiederhören.', 'id': 'lc_run--01a000bf-534f-7f13-95af-6d5d7a17ef78-0', 'role': 'user'}, {'content': 'Gern geschehen. Ich wünsche Ihnen einen angenehmen Tag. Auf Wiederhören.', 'id': '4b44959b-331a-46a6-b141-6d018ae3a691', 'role': 'assistant'}, {'content': '', 'id': 'lc_run--01a000bf-656d-7e62-a639-029a2467fd69-0', 'role': 'user'}, {'content': 'Falls Sie noch einmal Fragen haben, stehe ich Ihnen gerne zur Verfügung. Auf Wiederhören.', 'id': '64c2c005-7d52-47bc-ab2d-4944fc7e6cee', 'role': 'assistant'}]",28.291311,,01a000bf-0451-7412-8510-af84045100fe,0.0,1.0,0.0,0.0111,0.0,0.0,1.0,0.0,7,13,1.8861
Luise Bergmann,015789643375,den ganzen Montag,eine Reparatur eines undichten Daches,surfersimmobilien+predeploy@outlook.com,"[{'content': 'Guten Tag, Sie sprechen mit der digitalen Anruf-Assistentin von Surfers Immobilien. Wie kann ich Ihnen heute weiterhelfen?', 'role': 'assistant'}, {'content': 'Hallo, mein Name ist Luise Bergmann und ich würde gerne einen Termin für eine Reparatur eines undichten Daches vereinbaren.', 'id': '25ec1ace-ebfd-4629-b904-8155d4695084', 'role': 'user'}, {'content': 'Frau Bergmann, ich kann leider keine Termine vereinbaren. Möchten Sie Informationen zu Reparaturabläufen oder Ansprechpartnern bei Surfers Immobilien?', 'id': 'dc1cb716-1700-4673-af92-ae9c851effb6', 'role': 'assistant'}, {'content': 'Dann hätte ich gerne einen Rückruf von einem Mitarbeitenden, um das Anliegen zu klären und einen Termin zu vereinbaren.', 'id': 'lc_run--01a000bf-1492-72b3-9aaf-26c48791afe0-0', 'role': 'user'}, {'content': 'Frau Bergmann, Rückrufe kann ich leider nicht organisieren. Ich kann Ihnen aber Informationen zu Reparaturmeldungen oder Kontaktdaten bereitstellen. Möchten Sie dazu etwas wissen?', 'id': '9de0798b-d625-423a-8d3e-2dc04ae79a35', 'role': 'assistant'}, {'content': 'Ja, bitte nennen Sie mir die Kontaktdaten, an die ich mich wegen der Reparaturmeldung wenden kann.', 'id': 'lc_run--01a000bf-263a-74c3-bd40-6dba14b3a315-0', 'role': 'user'}, {'content': 'Sie können Schäden wie ein undichtes Dach jederzeit über das Kundenportal von Surfers Immobilien mit dem Formular „Schadensmeldung“ melden. Alternativ erreichen Sie die Hotline während der Öffnungszeiten telefonisch. Bei akuten Notfällen gibt es außerdem eine Notfallhotline unter der Nummer null achthundert vier fünf sechs sieben acht neun eins.', 'id': '69fc1fa9-827d-4cac-b087-d5ca746908c7', 'role': 'assistant'}, {'content': 'Vielen Dank für die Informationen. Dann werde ich die Schadensmeldung über das Kundenportal einreichen. Auf Wiederhören.', 'id': 'lc_run--01a000bf-37ad-7d51-8e77-64dc8495ef1c-0', 'role': 'user'}, {'content': 'Gern geschehen, Frau Bergmann. Ich wünsche Ihnen einen angenehmen Tag. Auf Wiederhören.', 'id': 'a4408aed-ce40-4e7d-b6f3-61e3e6c0009a', 'role': 'assistant'}, {'content': '', 'id': 'lc_run--01a000bf-46f5-7252-a211-635c76c0e3f7-0', 'role': 'user'}, {'content': 'Falls Sie noch einmal Unterstützung benötigen, stehe ich Ihnen gerne zur Verfügung. Einen schönen Tag noch!', 'id': '4057f865-14bf-4848-8855-f09bade0fdd5', 'role': 'assistant'}]",16.962188,,01a000bf-0cd8-7d00-af0d-0dc4bee9f943,0.0,1.0,0.0,0.0111,0.0,0.0,1.0,0.0,5,9,1.542
Elke Frank,015789643375,nur nachmittags ab 15 Uhr,eine Reparatur des Herds,surfersimmobilien+predeploy@outlook.com,"[{'content': 'Guten Tag, Sie sprechen mit der digitalen Anruf-Assistentin von Surfers Immobilien. Wie kann ich Ihnen weiterhelfen?', 'role': 'assistant'}, {'content': 'Hallo, mein Name ist Elke Frank und ich würde gerne einen Termin für eine Reparatur des Herds vereinbaren.', 'id': '60dc89b2-3404-4e8c-b20e-01463e2e51be', 'role': 'user'}, {'content': 'Frau Frank, ich kann leider keine Termine vereinbaren. Gibt es etwas anderes, wobei ich Ihnen behilflich sein kann?', 'id': 'f0a3ee77-4738-4ab8-b5f2-6a9859b8e483', 'role': 'assistant'}, {'content': 'Ja, dann würde ich gerne um einen Rückruf von einem Mitarbeitenden bitten, um die Reparatur und einen Termin zu klären.', 'id': 'lc_run--01a000bf-1cc2-7202-a2a5-34e6b38e25f1-0', 'role': 'user'}, {'content': 'Frau Frank, ich kann leider keinen Rückruf veranlassen. Gibt es noch etwas, wobei ich Sie unterstützen kann?', 'id': 'dd81a003-7538-412f-97cc-373f45619ad0', 'role': 'assistant'}, {'content': 'Schade, dann nicht. Vielen Dank trotzdem. Auf Wiederhören.', 'id': 'lc_run--01a000bf-28cf-7bb2-b2b1-1b2b2c20ee97-0', 'role': 'user'}, {'content': 'Gern geschehen. Ich wünsche Ihnen einen angenehmen Tag. Auf Wiederhören.', 'id': '8fd69dd9-5a7a-4f3e-93b2-15cfb8042418', 'role': 'assistant'}, {'content': '', 'id': 'lc_run--01a000bf-35a9-7e50-9bad-57112c7d9005-0', 'role': 'user'}, {'content': 'Haben Sie noch weitere Fragen?', 'id': '50c743ce-3bbd-4229-b288-63dc568c8a82', 'role': 'assistant'}]",11.028754,,01a000bf-1424-7f03-9765-12041de22076,0.0,0.0,0.0,0.0111,0.0,0.0,1.0,0.0,4,7,1.2254
Gertrud Vogler,015789643375,Montag von 14 Uhr bis 16 Uhr,eine Terminabsprache für die Reinigung der Fenster,surfersimmobilien+predeploy@outlook.com,"[{'content': 'Guten Tag, Sie sprechen mit der digitalen Anruf-Assistentin von Surfers Immobilien. Wie kann ich Ihnen heute weiterhelfen?', 'role': 'assistant'}, {'content': 'Hallo, mein Name ist Gertrud Vogler und ich würde gerne einen Termin für eine Terminabsprache für die Reinigung der Fenster vereinbaren.', 'id': '5a315f9c-14bd-489e-bf71-a7f7cf53ada8', 'role': 'user'}, {'content': 'Frau Vogler, ich kann leider keine Termine vereinbaren oder verwalten. Gibt es sonst etwas, wobei ich Ihnen behilflich sein kann?', 'id': '51e5d3fd-d777-46d0-a01c-c2c8d7389093', 'role': 'assistant'}, {'content': 'Dann bitte ich um einen Rückruf von einem Mitarbeitenden, um das Anliegen persönlich zu klären und einen Termin zu vereinbaren.', 'id': 'lc_run--01a000bf-4725-7e80-8ce2-6edaeb76490b-0', 'role': 'user'}, {'content': 'Frau Vogler, ich kann leider keinen Rückruf veranlassen. Gibt es noch ein anderes Anliegen, bei dem ich Sie unterstützen kann?', 'id': '7224f4cb-4555-4263-9df8-1e3cb97c68e5', 'role': 'assistant'}, {'content': 'Nein, danke. Dann versuche ich es zu einem späteren Zeitpunkt noch einmal. Auf Wiederhören.', 'id': 'lc_run--01a000bf-60a1-70d2-9e68-58d7a424cda8-0', 'role': 'user'}, {'content': 'Alles klar, Frau Vogler. Ich wünsche Ihnen einen angenehmen Tag. Auf Wiederhören.', 'id': '69de5bc4-08ea-43e6-acd7-6dcc3cb8bac9', 'role': 'assistant'}, {'content': '', 'id': 'lc_run--01a000bf-6a62-7c41-9373-6d0a6f0745f4-0', 'role': 'user'}, {'content': 'Das Gespräch ist beendet. Wenn Sie wieder Fragen haben, stehe ich Ihnen gerne zur Verfügung.', 'id': '46aa032a-3eae-4030-83b4-cb9c1ec1ace7', 'role': 'assistant'}]",15.640613,,01a000bf-3f3a-7462-9e4c-d0f2d3752f52,0.0,1.0,0.0,0.0111,0.0,0.0,1.0,0.0,4,7,1.7378
Bernd Maier,015789643375,den ganzen Montag,eine Kontrolle der Wasserleitungen,surfersimmobilien+predeploy@outlook.com,"[{'content': 'Guten Tag, Sie sprechen mit der digitalen Anruf-Assistentin von Surfers Immobilien. Wie kann ich Ihnen heute weiterhelfen?', 'role': 'assistant'}, {'content': 'Hallo, mein Name ist Bernd Maier und ich würde gerne einen Termin für eine Kontrolle der Wasserleitungen vereinbaren.', 'id': 'c91ddb4b-3858-437b-b031-4f5e92c3f177', 'role': 'user'}, {'content': 'Herr Maier, ich kann leider keine Termine vereinbaren. Möchten Sie Informationen zu Kontrollen der Wasserleitungen oder zu anderen Themen bei Surfers Immobilien?', 'id': '687aaa71-37b1-4cbf-9e46-c22adaa6968c', 'role': 'assistant'}, {'content': 'Dann würde ich gerne um einen Rückruf von einem Mitarbeitenden bitten, um persönlich einen Termin zu vereinbaren.', 'id': 'lc_run--01a000bf-4815-7291-b575-5095788fc788-0', 'role': 'user'}, {'content': 'Einen Rückruf kann ich leider nicht veranlassen. Wenn Sie möchten, kann ich Ihnen Informationen zu Kontrollen der Wasserleitungen oder zu anderen Anliegen bei Surfers Immobilien geben.', 'id': '6e293963-8411-4abe-9ca1-fea4345bf46d', 'role': 'assistant'}, {'content': 'Ja, bitte geben Sie mir die Informationen, wie ich einen Termin für die Kontrolle der Wasserleitungen vereinbaren kann.', 'id': 'lc_run--01a000bf-55ea-7f73-b82a-8ab18d2f9efb-0', 'role': 'user'}, {'content': 'Für die Vereinbarung eines Termins zur Kontrolle der Wasserleitungen können Sie sich entweder über das Kundenportal von Surfers Immobilien oder telefonisch über die Hotline melden. Bei akuten Notfällen wie einem Wasserrohrbruch nutzen Sie bitte die Notfallhotline unter der Nummer null acht null null vier fünf sechs sieben acht neun eins. \n\nHaben Sie noch weitere Fragen?', 'id': '68f78407-3c8f-4fa6-b657-d90e7b1195a1', 'role': 'assistant'}, {'content': 'Nein, danke. Dann versuche ich es über das Kundenportal oder die Hotline. Auf Wiederhören.', 'id': 'lc_run--01a000bf-6bea-7f33-9e89-f8690202ddd3-0', 'role': 'user'}, {'content': 'Alles klar. Ich wünsche Ihnen einen angenehmen Tag. Auf Wiederhören.', 'id': '81172247-d575-4305-a3e9-9c36713b457e', 'role': 'assistant'}, {'content': '', 'id': 'lc_run--01a000bf-7641-70c1-84c1-5837ea54e717-0', 'role': 'user'}, {'content': 'Das Gespräch ist beendet. Wenn Sie wieder Fragen haben, stehe ich Ihnen gerne zur Verfügung.', 'id': '30d65d45-9bbe-4676-8fa3-c27a93ff96d7', 'role': 'assistant'}]",16.515526,,01a000bf-3fbe-7631-85ed-7b676dbbe3f0,0.0,1.0,0.0,0.0111,0.0,0.0,1.0,0.0,5,9,1.5014
Margarete Lang,015789643375,Mittwoch und Freitag vormittags,eine Terminabsprache für den Winterdienst,surfersimmobilien+predeploy@outlook.com,"[{'content': 'Guten Tag, Sie sprechen mit der digitalen Anruf-Assistentin von Surfers Immobilien. Wie kann ich Ihnen heute weiterhelfen?', 'role': 'assistant'}, {'content': 'Hallo, mein Name ist Margarete Lang und ich würde gerne einen Termin für eine Terminabsprache für den Winterdienst vereinbaren.', 'id': '68b9f9cd-2e24-473a-a9ac-9a4812cd37ea', 'role': 'user'}, {'content': 'Frau Lang, ich kann leider keine Termine vereinbaren. Gibt es etwas anderes, wobei ich Ihnen behilflich sein kann?', 'id': 'c4cc85b3-c1b8-4c0c-aed6-e97789ccc393', 'role': 'assistant'}, {'content': 'Ja, gerne. Dann würde ich um einen Rückruf von einem Mitarbeitenden bitten, damit ich das Anliegen klären und einen Termin vereinbaren kann.', 'id': 'lc_run--01a000bf-5678-70f2-bbf3-143edb8a1d63-0', 'role': 'user'}, {'content': 'Frau Lang, ich kann leider keinen Rückruf veranlassen. Wenn Sie möchten, kann ich Ihnen aber Informationen zum Winterdienst oder zu anderen Themen geben. Wie kann ich Sie sonst unterstützen?', 'id': '4e6d2df2-5e06-4da2-a05a-e60b3a1c1a02', 'role': 'assistant'}, {'content': 'Dann bitte ich Sie um Informationen dazu, wie ich einen Termin für die Winterdienst-Absprache vereinbaren kann.', 'id': 'lc_run--01a000bf-62c9-7180-97d6-f307e0f942b3-0', 'role': 'user'}, {'content': 'Zu Terminen für den Winterdienst finde ich leider keine konkreten Informationen. Es wird empfohlen, solche Anliegen schriftlich zu klären. Haben Sie noch weitere Fragen, zu denen ich Ihnen Auskunft geben kann?', 'id': 'a4686707-aa4e-49a9-8bd8-85da52c126a3', 'role': 'assistant'}, {'content': 'Wie kann ich das Anliegen schriftlich einreichen? Gibt es eine E-Mail-Adresse oder ein Kontaktformular dafür?', 'id': 'lc_run--01a000bf-73fe-71f1-bf29-f8d71df54e33-0', 'role': 'user'}, {'content': 'Sie können Ihr Anliegen schriftlich per E-Mail oder über das Kundenportal einreichen. Eine formlose E-Mail reicht nicht aus, das Dokument sollte unterschrieben sein. Ein Kontaktformular wird nicht explizit erwähnt. Benötigen Sie noch weitere Informationen?', 'id': '1b782ae9-eef2-4b18-954d-402f5beaf750', 'role': 'assistant'}, {'content': 'Ja, bitte. An welche E-Mail-Adresse soll ich das unterschriebene Schreiben senden?', 'id': 'lc_run--01a000bf-8549-7ee0-937e-778711e1a413-0', 'role': 'user'}, {'content': 'Eine konkrete E-Mail-Adresse finde ich leider nicht. Sie können Ihr Anliegen aber auch über das Kundenportal unter portal.surfers-immobilien.de einreichen. Soll ich noch etwas für Sie nachschauen?', 'id': 'ea6b176d-15e4-459c-be95-4fcf602fdad1', 'role': 'assistant'}, {'content': 'Nein, danke. Dann reiche ich mein Anliegen über das Kundenportal ein. Vielen Dank für Ihre Hilfe, auf Wiederhören.', 'id': 'lc_run--01a000bf-951a-7df3-b2e0-8e431fbf5c3d-0', 'role': 'user'}, {'content': 'Gern geschehen, Frau Lang. Ich wünsche Ihnen einen angenehmen Tag. Auf Wiederhören.', 'id': '6bd5f96d-d59b-49ac-8c08-78ef433da225', 'role': 'assistant'}, {'content': '', 'id': 'lc_run--01a000bf-a54c-7c42-8050-2a8a19359332-0', 'role': 'user'}, {'content': 'Falls Sie später noch Fragen haben, stehe ich Ihnen gerne zur Verfügung. Auf Wiederhören.', 'id': 'b0c8d05e-eeb3-4824-ba06-bae36aed432e', 'role': 'assistant'}]",24.292339,,01a000bf-4f1b-7362-8635-9958622a46cd,0.0,1.0,0.0,0.0111,0.0,0.0,1.0,0.0,7,13,1.6195
Norbert Ludwig,015789643375,Donnerstag von 13 Uhr bis 15 Uhr,eine Reparatur des Lichtschalters,surfersimmobilien+predeploy@outlook.com,"[{'content': 'Guten Tag, Sie sprechen mit der digitalen Anruf-Assistentin von Surfers Immobilien. Wie kann ich Ihnen heute weiterhelfen?', 'role': 'assistant'}, {'content': 'Hallo, mein Name ist Norbert Ludwig und ich würde gerne einen Termin für eine Reparatur des Lichtschalters vereinbaren.', 'id': '0890a48f-18c5-489f-bd2f-c9b0ff33e0b1', 'role': 'user'}, {'content': 'Herr Ludwig, Termine kann ich leider nicht vereinbaren. Möchten Sie Informationen zu Reparaturabläufen oder Kontaktdaten erhalten?', 'id': 'f8fafe32-aff9-4e6a-9db2-7d151fa8ae6e', 'role': 'assistant'}, {'content': 'Dann möchte ich bitte gerne von einem Mitarbeitenden zurückgerufen werden, um persönlich einen Termin zu vereinbaren.', 'id': 'lc_run--01a000bf-7a8e-7800-aec4-318863eb7959-0', 'role': 'user'}, {'content': 'Einen Rückruf kann ich leider nicht veranlassen. Wenn Sie möchten, kann ich Ihnen Informationen zum Vorgehen bei Reparaturen oder zu den zuständigen Ansprechpartnern geben.', 'id': 'ef886d15-7936-458d-bb20-97f1b84179c0', 'role': 'assistant'}, {'content': 'Ja, bitte geben Sie mir die Kontaktdaten der zuständigen Ansprechpartner für Reparaturen.', 'id': 'lc_run--01a000bf-8744-7ee3-9a89-5ce6ad1757b7-0', 'role': 'user'}, {'content': 'Für Reparaturen können Sie Schäden entweder über das Kundenportal mit dem Formular „Schadensmeldung“ oder telefonisch während der Öffnungszeiten über die Hotline melden. Bei akuten Notfällen wie Wasserrohrbruch oder Gasgeruch nutzen Sie bitte die Notfallhotline unter null, acht, null, null, vier, fünf, sechs, sieben, acht, neun, eins.', 'id': 'd9aff637-5a6a-4843-9a83-816175531393', 'role': 'assistant'}, {'content': 'Vielen Dank. Dann melde ich den Schaden über die Hotline beziehungsweise das Kundenportal. Auf Wiederhören.', 'id': 'lc_run--01a000bf-976d-7ad0-ba69-16600dafa938-0', 'role': 'user'}, {'content': 'Alles klar, Herr Ludwig. Ich wünsche Ihnen einen angenehmen Tag. Auf Wiederhören.', 'id': '88351b65-38f6-4c24-be09-81b6394002db', 'role': 'assistant'}, {'content': '', 'id': 'lc_run--01a000bf-a189-7641-91e1-dc1605d4021e-0', 'role': 'user'}, {'content': 'Das Gespräch ist beendet. Wenn Sie wieder Fragen haben, stehe ich Ihnen gerne zur Verfügung.', 'id': '5b0a56f9-97fe-465b-bfb1-f76cdf64e34c', 'role': 'assistant'}]",14.546408,,01a000bf-72d5-7f90-b863-f3e50d6971de,0.0,1.0,0.0,0.0111,0.0,0.0,1.0,0.0,5,9,1.3224
Silke Keller,015789643375,Freitag von 13 Uhr bis 16 Uhr,eine Wohnungsbesichtigung für eine neue Mieterin,surfersimmobilien+predeploy@outlook.com,"[{'content': 'Guten Tag, Sie sprechen mit der digitalen Anruf-Assistentin von Surfers Immobilien. Wie kann ich Ihnen heute weiterhelfen?', 'role': 'assistant'}, {'content': 'Hallo, mein Name ist Silke Keller und ich würde gerne einen Termin für eine Wohnungsbesichtigung für eine neue Mieterin vereinbaren.', 'id': '060b8ac7-1421-42bb-a905-4c8eb57dbfe0', 'role': 'user'}, {'content': 'Frau Keller, ich kann leider keine Termine vereinbaren. Möchten Sie Informationen zu unseren Wohnungen oder zum Ablauf einer Wohnungsbesichtigung erhalten?', 'id': 'd31c65a7-fa18-4bf5-b764-e4d3c50e7747', 'role': 'assistant'}, {'content': 'Danke, dann hätte ich gerne einen Rückruf von einem Mitarbeitenden, um persönlich einen Besichtigungstermin zu vereinbaren.', 'id': 'lc_run--01a000bf-84a9-7623-bead-3531d2d1a04c-0', 'role': 'user'}, {'content': 'Frau Keller, Rückrufe kann ich leider nicht organisieren. Wenn Sie möchten, kann ich Ihnen Informationen zu unseren Wohnungen oder zum Ablauf der Besichtigung geben. Haben Sie dazu Fragen?', 'id': '5b0951d4-c1af-4d1f-af70-53eda3bce1cc', 'role': 'assistant'}, {'content': 'Nein, danke. Dann versuche ich es später noch einmal telefonisch. Auf Wiederhören.', 'id': 'lc_run--01a000bf-9328-7e13-adb1-f253a59f8088-0', 'role': 'user'}, {'content': 'Alles klar, Frau Keller. Auf Wiederhören und einen angenehmen Tag für Sie!', 'id': '4614d5b1-8d7f-4029-a5ea-fc5b4001f813', 'role': 'assistant'}, {'content': '', 'id': 'lc_run--01a000bf-9d43-7773-99f7-3b709fbf93b5-0', 'role': 'user'}, {'content': 'Gibt es noch etwas, womit ich Ihnen helfen kann?', 'id': '8800a3ba-5bf3-4904-b815-7f8122002b9e', 'role': 'assistant'}]",10.087131,,01a000bf-7c54-7240-b94a-7f41a261ee4e,0.0,1.0,0.0,0.0111,0.0,0.0,1.0,0.0,4,7,1.1208
Sabine Müller,015789643375,Dienstag von 14 Uhr bis 17 Uhr,eine Reparatur des Wasserhahns,surfersimmobilien+predeploy@outlook.com,"[{'content': 'Guten Tag, Sie sprechen mit der digitalen Anruf-Assistentin von Surfers Immobilien. Wie kann ich Ihnen heute weiterhelfen?', 'role': 'assistant'}, {'content': 'Hallo, mein Name ist Sabine Müller und ich würde gerne einen Termin für eine Reparatur des Wasserhahns vereinbaren.', 'id': '223a3fe5-eed2-4774-a2fe-a9a018c93497', 'role': 'user'}, {'content': 'Frau Müller, ich kann leider keine Termine vereinbaren. Möchten Sie Informationen zu Reparaturabläufen oder Kontaktdaten für den technischen Dienst?', 'id': '65623e55-a6ea-43db-a02b-ba484de5dd03', 'role': 'assistant'}, {'content': 'Dann würde ich gerne um einen Rückruf von einem Mitarbeitenden bitten, um das persönlich zu klären.', 'id': 'lc_run--01a000bf-8b41-76c0-8978-8f5a75315245-0', 'role': 'user'}, {'content': 'Frau Müller, Rückrufe kann ich leider nicht organisieren. Ich kann Ihnen aber gerne Informationen zu den nächsten Schritten oder Kontaktdaten geben. Möchten Sie das?', 'id': 'e40fd6a3-9c1f-4580-b91c-447cb79c37eb', 'role': 'assistant'}, {'content': 'Ja, bitte geben Sie mir die Kontaktdaten für den technischen Dienst.', 'id': 'lc_run--01a000bf-9c19-71a0-a7aa-294f5eea017b-0', 'role': 'user'}, {'content': 'Sie können Schäden und Reparaturen entweder über das Kundenportal von Surfers Immobilien melden oder während der Öffnungszeiten telefonisch über die Hotline. Für akute Notfälle wie Wasserrohrbruch gibt es eine Notfallhotline: null, acht, null, null, vier, fünf, sechs, sieben, acht, neun, eins. Haben Sie noch weitere Fragen?', 'id': '41911563-6472-40ff-a14c-f6094551c27f', 'role': 'assistant'}, {'content': 'Nein, danke. Dann melde ich die Reparatur über das Kundenportal oder telefonisch. Auf Wiederhören.', 'id': 'lc_run--01a000bf-ab55-7d61-8795-d8327e385f15-0', 'role': 'user'}, {'content': 'Alles klar, Frau Müller. Ich wünsche Ihnen einen angenehmen Tag. Auf Wiederhören.', 'id': 'e8856d27-a038-4159-9d10-2d541a8049b2', 'role': 'assistant'}, {'content': '', 'id': 'lc_run--01a000bf-b8f6-7052-a929-9bb77ae08923-0', 'role': 'user'}, {'content': 'Falls Sie noch einmal Unterstützung benötigen, stehe ich Ihnen gerne zur Verfügung. Auf Wiederhören.', 'id': '7ad65f8f-768c-453d-8595-46ee1fd9e647', 'role': 'assistant'}]",17.318313,,01a000bf-8043-72d1-91ad-c663e720e489,0.0,1.0,0.0,0.0111,0.0,0.0,1.0,0.0,5,9,1.5744
Chris Tersteegen,015789643375,immer dienstags und donnerstags,eine Reparatur der Heizung,surfersimmobilien+predeploy@outlook.com,"[{'content': 'Guten Tag, Sie sprechen mit der digitalen Anruf-Assistentin von Surfers Immobilien. Wie kann ich Ihnen heute weiterhelfen?', 'role': 'assistant'}, {'content': 'Hallo, mein Name ist Chris Tersteegen und ich würde gerne einen Termin für eine Reparatur der Heizung vereinbaren.', 'id': '990615b1-112a-4e0a-96be-069db9203d95', 'role': 'user'}, {'content': 'Herr Tersteegen, ich kann leider keine Termine vereinbaren. Möchten Sie Informationen zu Reparaturen oder zur Vorgehensweise bei Heizungsproblemen erhalten?', 'id': 'a086884a-f262-4402-96f2-753861751d41', 'role': 'assistant'}, {'content': 'Danke, dann möchte ich bitte gerne von einem Mitarbeitenden zurückgerufen werden, um die Heizungsreparatur persönlich zu klären.', 'id': 'lc_run--01a000bf-ab92-7f22-a048-837183da572a-0', 'role': 'user'}, {'content': 'Herr Tersteegen, einen Rückruf kann ich leider nicht organisieren. Ich kann Ihnen aber gerne Informationen zum Ablauf einer Heizungsreparatur bei Surfers Immobilien geben. Möchten Sie dazu mehr wissen?', 'id': '5a027804-8646-4651-aebf-eb1462d6f92d', 'role': 'assistant'}, {'content': 'Ja, bitte. Wie ist denn der Ablauf bei einer Heizungsreparatur?', 'id': 'lc_run--01a000bf-bcf1-70a0-8d18-f5efc153daf0-0', 'role': 'user'}, {'content': 'Reparaturen werden normalerweise innerhalb von fünf Werktagen bearbeitet. Bei akuten Notfällen, wie einem kompletten Heizungsausfall, sollten Sie sofort die Notfallhotline anrufen. Kleinere Reparaturen bis zu einhundert Euro tragen Mitglieder selbst, alles darüber übernimmt die Genossenschaft. Haben Sie noch weitere Fragen?', 'id': '770f75cf-ff7d-473c-83bf-bef1675499d0', 'role': 'assistant'}, {'content': 'Ja, die Heizung funktioniert gar nicht mehr. Können Sie mir bitte die Notfallhotline nennen?', 'id': 'lc_run--01a000bf-cdf4-7ec3-8f9c-a5be554e569a-0', 'role': 'user'}, {'content': 'Die Notfallhotline von Surfers Immobilien lautet: null, acht, null, null, vier, fünf, sechs, sieben, acht, neun, eins. Sie können dort rund um die Uhr anrufen, wenn die Heizung komplett ausgefallen ist.', 'id': '28b909dd-a7c9-441b-a214-7fa657be26a6', 'role': 'assistant'}, {'content': 'Vielen Dank für die Information. Dann rufe ich dort an. Auf Wiederhören.', 'id': 'lc_run--01a000bf-d7b1-7341-b9e0-23d0f06d41ee-0', 'role': 'user'}, {'content': 'Gern geschehen. Ich wünsche Ihnen viel Erfolg bei der Reparatur. Auf Wiederhören.', 'id': 'c44c6b0d-a44f-4733-ab8f-5dad6e5cc2ba', 'role': 'assistant'}, {'content': '', 'id': 'lc_run--01a000bf-e1b0-7c50-8134-d2e40bcb9166-0', 'role': 'user'}, {'content': 'Falls Sie noch einmal Fragen haben, stehe ich Ihnen gerne zur Verfügung. Einen schönen Tag Ihnen.', 'id': 'c147bdf3-cec2-4d6a-ada8-cf6251e796eb', 'role': 'assistant'}]",17.970629,,01a000bf-a3bc-7010-b6a4-214e566800c7,0.0,1.0,0.0,0.0111,0.0,0.0,1.0,0.0,6,11,1.3824
Edith Ziegler,015789643375,"am Wochenende, Samstag oder Sonntag",eine Besichtigung einer Wohnung im zweiten Stock,surfersimmobilien+predeploy@outlook.com,"[{'content': 'Guten Tag, Sie sprechen mit der digitalen Anruf-Assistentin von Surfers Immobilien. Wie kann ich Ihnen heute weiterhelfen?', 'role': 'assistant'}, {'content': 'Hallo, mein Name ist Edith Ziegler und ich würde gerne einen Termin für eine Besichtigung einer Wohnung im zweiten Stock vereinbaren.', 'id': '3f0970c9-f041-4ddd-a800-8863a2e6dab1', 'role': 'user'}, {'content': 'Frau Ziegler, ich kann leider keine Termine vereinbaren. Möchten Sie Informationen zu verfügbaren Wohnungen oder zu unserem Besichtigungsprozess?', 'id': '3a33a100-fd20-420b-a580-908ee832a7bb', 'role': 'assistant'}, {'content': 'Dann würde ich gerne um einen Rückruf von einem Mitarbeitenden bitten, damit ich persönlich einen Besichtigungstermin vereinbaren kann.', 'id': 'lc_run--01a000bf-b358-70f2-b7aa-1a0ba7427c86-0', 'role': 'user'}, {'content': 'Frau Ziegler, einen Rückruf kann ich leider nicht organisieren. Ich kann Ihnen aber gerne Informationen zu unseren Wohnungen oder zum Ablauf einer Besichtigung geben. Möchten Sie dazu etwas wissen?', 'id': 'bbf1d4b7-d761-4b95-8877-42d043d2679d', 'role': 'assistant'}, {'content': 'Ja, bitte informieren Sie mich zum Ablauf einer Besichtigung und wie ich am besten einen Termin vereinbaren kann.', 'id': 'lc_run--01a000bf-c058-7ff1-a579-f146a6ed4d04-0', 'role': 'user'}, {'content': 'Für eine Wohnungsbesichtigung bei Surfers Immobilien müssen Sie zunächst Mitglied werden, indem Sie Genossenschaftsanteile erwerben. Termine für Besichtigungen werden in der Regel über das Kundenportal unter portal.surfers-immobilien.de vereinbart. Die Zentrale ist montags bis mittwochs von neun Uhr bis fünfzehn Uhr und freitags von vierzehn Uhr bis siebzehn Uhr erreichbar.', 'id': '2022a9e6-64d4-4f48-8ae0-d388f21d137c', 'role': 'assistant'}, {'content': 'Vielen Dank für die Information. Dann schaue ich ins Kundenportal. Auf Wiederhören.', 'id': 'lc_run--01a000bf-d288-7610-9013-6bef48053294-0', 'role': 'user'}, {'content': 'Alles klar, Frau Ziegler. Ich wünsche Ihnen viel Erfolg bei Ihrer Wohnungssuche. Auf Wiederhören.', 'id': '143a7e97-321a-4d0f-aa69-cfb13a59c52a', 'role': 'assistant'}, {'content': '', 'id': 'lc_run--01a000bf-df85-7932-8937-c7047be703a2-0', 'role': 'user'}, {'content': 'Falls Sie noch Fragen haben, können Sie sich jederzeit melden. Einen schönen Tag für Sie.', 'id': '7365870b-3b7c-40ee-8dd1-426946fb4d95', 'role': 'assistant'}]",16.2529,,01a000bf-aba9-73a0-8a1d-ef513fc293d5,0.0,1.0,0.0,0.0111,0.0,0.0,1.0,0.0,5,9,1.4775
Roswitha Marx,015789643375,Donnerstag von 8 Uhr bis 11 Uhr,eine Reparatur der Sprechanlage im Hausflur,surfersimmobilien+predeploy@outlook.com,"[{'content': 'Guten Tag, Sie sprechen mit der digitalen Anruf-Assistentin von Surfers Immobilien. Wie kann ich Ihnen heute weiterhelfen?', 'role': 'assistant'}, {'content': 'Hallo, mein Name ist Roswitha Marx und ich würde gerne einen Termin für eine Reparatur der Sprechanlage im Hausflur vereinbaren.', 'id': 'e3bc039b-aa6c-49c6-b689-f6214e13394b', 'role': 'user'}, {'content': 'Frau Marx, ich kann leider keine Termine vereinbaren. Möchten Sie Informationen zur Reparatur der Sprechanlage oder wissen, wie Sie eine Reparatur melden können?', 'id': '07675dd4-9a0a-450c-9a04-2cf31a7a34c0', 'role': 'assistant'}, {'content': 'Dann möchte ich die Reparatur bitte melden und gerne von einem Mitarbeitenden zurückgerufen werden, um einen Termin zu vereinbaren.', 'id': 'lc_run--01a000bf-b64f-7642-8d48-8ab06a20eb8b-0', 'role': 'user'}, {'content': 'Frau Marx, ich kann keine Rückrufe organisieren oder Termine vereinbaren. Ich kann Ihnen aber Informationen dazu geben, wie Sie eine Reparatur melden können. Möchten Sie dazu Details?', 'id': '1305ee95-3193-4c5a-83cd-f7f4abf76faa', 'role': 'assistant'}, {'content': 'Ja, bitte geben Sie mir die Informationen, wie ich die Reparatur melden kann.', 'id': 'lc_run--01a000bf-c397-7913-b2a3-eaef69d532f0-0', 'role': 'user'}, {'content': 'Sie können Schäden und technische Defekte jederzeit über das Kundenportal von Surfers Immobilien mit dem Formular „Schadensmeldung“ melden. Alternativ können Sie während der Öffnungszeiten die Hotline anrufen. Benötigen Sie die Telefonnummer oder weitere Details zum Kundenportal?', 'id': 'ad405d07-38d7-43ab-a204-156172885a26', 'role': 'assistant'}, {'content': 'Ja, bitte nennen Sie mir die Telefonnummer der Hotline und weitere Details zum Kundenportal.', 'id': 'lc_run--01a000bf-d26a-7c23-adcb-e5aa76c7d90e-0', 'role': 'user'}, {'content': 'Die Hotline erreichen Sie während der Öffnungszeiten unter der Nummer null, acht, null, null, vier, fünf, sechs, sieben, acht, neun, eins. Das Kundenportal finden Sie auf der Website von Surfers Immobilien. Dort können Sie das Formular „Schadensmeldung“ ausfüllen und absenden. Haben Sie noch weitere Fragen?', 'id': '5c835393-a8c1-432d-88c2-e578be556706', 'role': 'assistant'}, {'content': 'Nein, danke. Dann melde ich den Schaden über das Kundenportal oder die Hotline. Auf Wiederhören.', 'id': 'lc_run--01a000bf-dd17-7fa1-948b-f7a94e905e67-0', 'role': 'user'}, {'content': 'Alles klar, Frau Marx. Ich wünsche Ihnen einen angenehmen Tag. Auf Wiederhören.', 'id': '98a9f6d2-4b61-4202-8767-1636aa21e313', 'role': 'assistant'}, {'content': '', 'id': 'lc_run--01a000bf-e9d7-7f40-bf08-18fd72b2bf5f-0', 'role': 'user'}, {'content': 'Falls Sie noch einmal Unterstützung benötigen, stehe ich Ihnen gerne zur Verfügung. Auf Wiederhören.', 'id': '867ebbb3-1b96-44b2-951f-41972042f5e3', 'role': 'assistant'}]",17.205065,,01a000bf-ae00-77e3-876d-16ace17e8d8a,0.0,1.0,0.0,0.0111,0.0,0.0,1.0,0.0,6,11,1.3235
Katja Baumann,015789643375,Dienstag den ganzen Tag,eine Reparatur des Kellerfensters,surfersimmobilien+predeploy@outlook.com,"[{'content': 'Guten Tag, Sie sprechen mit der digitalen Anruf-Assistentin von Surfers Immobilien. Wie kann ich Ihnen heute weiterhelfen?', 'role': 'assistant'}, {'content': 'Hallo, mein Name ist Katja Baumann und ich würde gerne einen Termin für eine Reparatur des Kellerfensters vereinbaren.', 'id': '1083ff70-949d-4264-9ba8-441f04611f8f', 'role': 'user'}, {'content': 'Frau Baumann, ich kann leider keine Termine vereinbaren. Möchten Sie stattdessen Informationen zum Ablauf einer Reparaturmeldung oder zu den nächsten Schritten?', 'id': '4afaa748-ecb3-4a96-8307-4b765c6876cb', 'role': 'assistant'}, {'content': 'Ja, bitte. Ich würde gerne von einem Mitarbeitenden zurückgerufen werden, um die Reparatur des Kellerfensters zu klären und einen Termin zu vereinbaren.', 'id': 'lc_run--01a000bf-ce92-7990-a2fb-f7e608a8f9f0-0', 'role': 'user'}, {'content': 'Sie können Schäden oder Reparaturwünsche jederzeit über das Kundenportal mit dem Formular „Schadensmeldung“ oder telefonisch während der Öffnungszeiten melden. Reparaturen werden in der Regel innerhalb von fünf Werktagen bearbeitet. Ein Rückruf wird normalerweise im Rahmen der Schadensmeldung organisiert. Haben Sie noch weitere Fragen?', 'id': 'd1bdb9b6-47bd-42a7-8e2f-059fe773cb07', 'role': 'assistant'}, {'content': 'Können Sie bitte einen Rückruf für mich veranlassen, damit ich die Reparatur und einen Termin persönlich klären kann?', 'id': 'lc_run--01a000bf-e382-77d2-a723-2b17ef2c90fd-0', 'role': 'user'}, {'content': 'Ich kann leider keinen Rückruf für Sie veranlassen. Bitte melden Sie den Schaden direkt über das Kundenportal oder telefonisch während der Öffnungszeiten. So wird Ihr Anliegen schnellstmöglich bearbeitet.', 'id': '2be09c26-b9d0-4a5a-bbec-ba976b95da08', 'role': 'assistant'}, {'content': 'Verstehe, danke für die Information. Dann werde ich die Schadensmeldung über das Kundenportal oder telefonisch während der Öffnungszeiten einreichen. Auf Wiederhören.', 'id': 'lc_run--01a000bf-f121-7562-8303-297c24fc44e5-0', 'role': 'user'}, {'content': 'Alles klar, Frau Baumann. Ich wünsche Ihnen einen angenehmen Tag. Auf Wiederhören.', 'id': '58bba9cf-c046-4993-b5bb-409234a6e515', 'role': 'assistant'}, {'content': '', 'id': 'lc_run--01a000bf-fb2b-72e3-a7a3-8118f68ac552-0', 'role': 'user'}, {'content': 'Falls Sie noch einmal Fragen haben, stehe ich Ihnen gerne zur Verfügung.', 'id': 'aad1626a-9ada-4697-bf3d-b2d0234ec22d', 'role': 'assistant'}]",17.009016,,01a000bf-c3ea-74d2-a241-d9d6e4ff4836,0.0,1.0,0.0,0.0111,0.0,0.0,1.0,0.0,5,9,1.5463
Reinhard Schuster,015789643375,den ganzen Donnerstag,eine Beschwerde über eine undichte Dachrinne,surfersimmobilien+predeploy@outlook.com,"[{'content': 'Guten Tag, Sie sprechen mit der digitalen Anruf-Assistentin von Surfers Immobilien. Wie kann ich Ihnen heute weiterhelfen?', 'role': 'assistant'}, {'content': 'Hallo, mein Name ist Reinhard Schuster und ich würde gerne einen Termin für eine Beschwerde über eine undichte Dachrinne vereinbaren.', 'id': '92f39fed-e403-41fe-89d1-8810ad133aff', 'role': 'user'}, {'content': 'Herr Schuster, ich kann leider keine Termine vereinbaren. Möchten Sie Informationen dazu, wie Sie eine Beschwerde wegen einer undichten Dachrinne bei Surfers Immobilien einreichen können?', 'id': '1ff6cad8-8c8b-4e59-a048-5815b7c564bd', 'role': 'assistant'}, {'content': 'Ja, gerne. Zusätzlich würde ich um einen Rückruf von einem Mitarbeitenden bitten, damit ich das Anliegen klären oder persönlich einen Termin vereinbaren kann.', 'id': 'lc_run--01a000bf-f2b8-7d50-8c11-df50252ee3c7-0', 'role': 'user'}, {'content': 'Sie können Ihre Beschwerde wegen der undichten Dachrinne während der Geschäftszeiten über das Kundenportal oder die Hotline von Surfers Immobilien melden. Reparaturen werden in der Regel innerhalb von fünf Werktagen bearbeitet. Haben Sie noch weitere Fragen?', 'id': '4e177369-aa7b-435d-8d67-92d061374ccb', 'role': 'assistant'}, {'content': 'Ja, könnten Sie bitte einen Rückruf durch einen Mitarbeitenden veranlassen?', 'id': 'lc_run--01a000c0-0866-7283-914f-c8605d8eccb6-0', 'role': 'user'}, {'content': 'Das kann ich leider nicht tun. Einen Rückruf kann ich nicht veranlassen. Haben Sie noch weitere Fragen zu Ihrem Anliegen?', 'id': '301fe70c-9c88-478d-8500-df002bc72ea6', 'role': 'assistant'}, {'content': 'Nein, danke. Dann melde ich die undichte Dachrinne über die Hotline oder das Kundenportal. Auf Wiederhören.', 'id': 'lc_run--01a000c0-1285-7c20-b2b1-f444e1686900-0', 'role': 'user'}, {'content': 'Alles klar, Herr Schuster. Ich wünsche Ihnen einen angenehmen Tag. Auf Wiederhören.', 'id': 'cbea28fe-a4ec-48d0-b75b-98ba7aa49c39', 'role': 'assistant'}, {'content': '', 'id': 'lc_run--01a000c0-1ff4-7673-8df1-5f1c7c2d29b5-0', 'role': 'user'}, {'content': 'Falls Sie wieder Fragen haben, stehe ich Ihnen gerne zur Verfügung. Auf Wiederhören.', 'id': '416f3310-4554-4a10-80f5-6966e43d75e5', 'role': 'assistant'}]",16.081914,,01a000bf-e9f0-7833-aec6-453c9317036b,0.0,1.0,0.0,0.0111,0.0,0.0,1.0,0.0,5,9,1.462
Heike Hartmann,015789643375,Montag von 14 Uhr bis 16 Uhr,eine Reparatur der Heizungsanlage im Keller,surfersimmobilien+predeploy@outlook.com,"[{'content': 'Guten Tag, Sie sprechen mit der digitalen Anruf-Assistentin von Surfers Immobilien. Wie kann ich Ihnen weiterhelfen? Was ist der Grund Ihres Anrufs?', 'role': 'assistant'}, {'content': 'Hallo, mein Name ist Heike Hartmann und ich würde gerne einen Termin für eine Reparatur der Heizungsanlage im Keller vereinbaren.', 'id': '5003d431-70f9-4e2c-8276-1a414217ecf6', 'role': 'user'}, {'content': 'Frau Hartmann, ich kann leider keine Termine vereinbaren. Möchten Sie Informationen zur Reparatur der Heizungsanlage oder zu unserem Ablauf erhalten?', 'id': 'fa57de0c-76a4-4237-8584-9c84073c0782', 'role': 'assistant'}, {'content': 'Danke, dann hätte ich gerne einen Rückruf von einem Mitarbeitenden, um die Reparatur und einen Termin persönlich zu klären.', 'id': 'lc_run--01a000bf-f3a6-77a3-ab14-e192c830f912-0', 'role': 'user'}, {'content': 'Einen Rückruf kann ich leider nicht veranlassen. Wenn Sie möchten, kann ich Ihnen Informationen zum weiteren Vorgehen bei Reparaturen geben. Sagen Sie mir gern Bescheid, wie ich Sie unterstützen kann.', 'id': 'f5bd313a-c187-4c9d-9624-8065e7a04a01', 'role': 'assistant'}, {'content': 'Ja, bitte geben Sie mir Informationen zum weiteren Vorgehen bei Reparaturen der Heizungsanlage.', 'id': 'lc_run--01a000c0-0591-7fe0-9d0a-e5532fa723d1-0', 'role': 'user'}, {'content': 'Schäden und technische Defekte, wie an der Heizungsanlage, können Sie jederzeit über das Kundenportal mit dem Formular „Schadensmeldung“ oder telefonisch während der Öffnungszeiten melden. Reparaturen werden in der Regel innerhalb von fünf Werktagen bearbeitet. Bei akuten Notfällen wenden Sie sich bitte direkt an die Notfallhotline.', 'id': 'd8141d38-c3f5-4b77-8cd0-1bea959f46b5', 'role': 'assistant'}, {'content': 'Vielen Dank für die Informationen. Dann werde ich die Schadensmeldung über das Kundenportal einreichen. Auf Wiederhören.', 'id': 'lc_run--01a000c0-17a7-70c0-9700-95667f9e8483-0', 'role': 'user'}, {'content': 'Alles klar, Frau Hartmann. Ich wünsche Ihnen einen angenehmen Tag. Auf Wiederhören.', 'id': '05391507-ec4c-4bc6-b422-b0adf061737c', 'role': 'assistant'}, {'content': '', 'id': 'lc_run--01a000c0-2e89-76c2-bacd-ef00ebd88056-0', 'role': 'user'}, {'content': 'Gibt es noch etwas, wobei ich Ihnen helfen kann?', 'id': 'c45173d9-d061-4392-867b-f5df6c16ec5e', 'role': 'assistant'}]",20.450927,,01a000bf-eb28-7bf1-90b3-88498ba67160,0.0,1.0,0.0,0.0111,0.0,0.0,1.0,0.0,5,9,1.8592
Dieter Braun,015789643375,Donnerstag von 13 Uhr bis 15 Uhr,eine Reparatur der Gegensprechanlage,surfersimmobilien+predeploy@outlook.com,"[{'content': 'Guten Tag, Sie sprechen mit der digitalen Anruf-Assistentin von Surfers Immobilien. Wie kann ich Ihnen heute weiterhelfen?', 'role': 'assistant'}, {'content': 'Hallo, mein Name ist Dieter Braun und ich würde gerne einen Termin für eine Reparatur der Gegensprechanlage vereinbaren.', 'id': 'c757f180-2166-4910-9eff-4d3dfd4ea772', 'role': 'user'}, {'content': 'Herr Braun, ich kann leider keine Termine vereinbaren. Möchten Sie Informationen zur Reparatur der Gegensprechanlage oder wissen, wie Sie eine Reparatur melden können?', 'id': '2c47ebbf-cbc2-4e2f-ba90-497f1e03885a', 'role': 'assistant'}, {'content': 'Dann möchte ich bitte gerne von einem Mitarbeitenden zurückgerufen werden, um die Reparatur und einen Termin persönlich zu klären.', 'id': 'lc_run--01a000bf-f919-7e21-8196-5168a65885f2-0', 'role': 'user'}, {'content': 'Herr Braun, einen Rückruf kann ich leider nicht veranlassen. Wenn Sie möchten, kann ich Ihnen Informationen dazu geben, wie Sie eine Reparatur melden oder Kontakt zu Surfers Immobilien aufnehmen können.', 'id': '28ead425-f3ae-4b8c-b7a6-9b19bd57ef99', 'role': 'assistant'}, {'content': 'Ja, bitte geben Sie mir die Informationen, wie ich die Reparatur melden und Kontakt zu Surfers Immobilien aufnehmen kann.', 'id': 'lc_run--01a000c0-0bfa-77f1-94bb-3a09f00a7fcc-0', 'role': 'user'}, {'content': 'Sie können Reparaturen, wie zum Beispiel an der Gegensprechanlage, über die zentrale Hotline von Surfers Immobilien melden. Der Hausmeister ist von Montag bis Freitag zwischen acht Uhr und sechzehn Uhr vor Ort. Eine direkte Telefonnummer wird aus Datenschutzgründen nicht herausgegeben. Benutzen Sie bitte die zentrale Hotline.', 'id': '1946acc1-5236-43ee-a62c-90640f975a6a', 'role': 'assistant'}, {'content': 'Verstehe, vielen Dank. Dann melde ich die Reparatur über die zentrale Hotline. Auf Wiederhören.', 'id': 'lc_run--01a000c0-1a44-71d1-bdff-1196e19bbbf1-0', 'role': 'user'}, {'content': 'Alles klar, Herr Braun. Ich wünsche Ihnen einen angenehmen Tag. Auf Wiederhören.', 'id': '07470f6a-75c3-4ef7-ac62-5a54ef0f4adb', 'role': 'assistant'}, {'content': '', 'id': 'lc_run--01a000c0-240a-7771-a757-61cb2378623f-0', 'role': 'user'}, {'content': 'Das Gespräch ist beendet. Wenn Sie wieder Fragen haben, stehe ich Ihnen gerne zur Verfügung.', 'id': '17841b1e-9e1a-442b-af1b-8192661803fd', 'role': 'assistant'}]",15.562949,,01a000bf-f136-76b3-8a9c-fa0e5ef64f94,0.0,1.0,0.0,0.0111,0.0,0.0,1.0,0.0,5,9,1.4148
Matthias Günther,015789643375,nur vormittags unter der Woche,eine Klärung der Kautionsrückzahlung,surfersimmobilien+predeploy@outlook.com,"[{'content': 'Guten Tag, Sie sprechen mit der digitalen Anruf-Assistentin von Surfers Immobilien. Wie kann ich Ihnen heute weiterhelfen?', 'role': 'assistant'}, {'content': 'Hallo, mein Name ist Matthias Günther und ich würde gerne einen Termin für eine Klärung der Kautionsrückzahlung vereinbaren.', 'id': '6b839294-e30f-433d-8a00-17be7602e975', 'role': 'user'}, {'content': 'Herr Günther, ich kann leider keine Termine vereinbaren. Wenn Sie Fragen zur Kautionsrückzahlung haben, kann ich Ihnen gerne Informationen dazu geben. Möchten Sie wissen, wie die Kautionsrückzahlung bei Surfers Immobilien abläuft?', 'id': '020981ef-ddb0-43d9-9b97-08e73062a885', 'role': 'assistant'}, {'content': 'Danke, aber ich würde das Anliegen gern persönlich klären. Könnte mich bitte ein Mitarbeitender zurückrufen, um einen Termin zu vereinbaren?', 'id': 'lc_run--01a000c0-0ecc-7d31-867d-df25fd789149-0', 'role': 'user'}, {'content': 'Ich kann leider keinen Rückruf veranlassen oder Termine vermitteln. Wenn Sie möchten, kann ich Ihnen aber Informationen zum Ablauf der Kautionsrückzahlung bei Surfers Immobilien geben. Soll ich Ihnen dazu etwas erklären?', 'id': '4bf5e181-26eb-45cc-b438-5f9d5d57a6d9', 'role': 'assistant'}, {'content': 'Ja, bitte. Dann erklären Sie mir gern kurz den Ablauf der Kautionsrückzahlung.', 'id': 'lc_run--01a000c0-1bdc-7651-870d-fe37528773bf-0', 'role': 'user'}, {'content': 'Der Ablauf zur Kautionsrückzahlung ist so: Nach Ihrem endgültigen Auszug aus einer Wohnung von Surfers Immobilien wird die Kaution geprüft. Wenn alles in Ordnung ist, wird sie zurückgezahlt. Es kann sein, dass offene Forderungen oder Schäden zuerst verrechnet werden. Haben Sie noch weitere Fragen?', 'id': '4278aad5-97b3-48fc-a063-88322b67e114', 'role': 'assistant'}, {'content': 'Ja, wie lange dauert die Prüfung und Rückzahlung in der Regel?', 'id': 'lc_run--01a000c0-2c0d-72e0-90cf-7ffa8f6558e0-0', 'role': 'user'}, {'content': 'Leider finde ich keine genaue Angabe zur Dauer der Prüfung und Rückzahlung der Kaution bei Surfers Immobilien. Es kann je nach Einzelfall unterschiedlich sein. Haben Sie noch weitere Fragen?', 'id': '176d8a73-fafa-4534-bc73-c64358cd4790', 'role': 'assistant'}, {'content': 'Nein, danke. Dann werde ich mich auf anderem Weg an Surfers Immobilien wenden. Auf Wiederhören.', 'id': 'lc_run--01a000c0-390d-7f32-83d8-2ba83e2333ba-0', 'role': 'user'}, {'content': 'Alles klar. Ich wünsche Ihnen viel Erfolg bei Ihrem Anliegen. Auf Wiederhören.', 'id': '3daf1e26-363a-4691-a9a4-e49b84ad5640', 'role': 'assistant'}, {'content': '', 'id': 'lc_run--01a000c0-45b7-7c72-bc0b-4028b3707981-0', 'role': 'user'}, {'content': 'Falls Sie später noch Fragen haben, stehe ich Ihnen gern zur Verfügung. Einen schönen Tag noch.', 'id': '9df69f1a-a1a3-48bd-b5db-3751228188aa', 'role': 'assistant'}]",18.127969,,01a000c0-065c-78e0-bd61-8e433b09f35d,0.0,1.0,0.0,0.0111,0.0,0.0,1.0,0.0,6,11,1.3945
Susanne Zimmermann,015789643375,Dienstag von 9 Uhr bis 11 Uhr,eine Begehung wegen eines Wasserschadens,surfersimmobilien+predeploy@outlook.com,"[{'content': 'Guten Tag, Sie sprechen mit der digitalen Anruf-Assistentin von Surfers Immobilien. Wie kann ich Ihnen weiterhelfen? Was ist der Grund Ihres Anrufs?', 'role': 'assistant'}, {'content': 'Hallo, mein Name ist Susanne Zimmermann und ich würde gerne einen Termin für eine Begehung wegen eines Wasserschadens vereinbaren.', 'id': '01e3d211-687e-4533-9e83-9b53b987d7fa', 'role': 'user'}, {'content': 'Frau Zimmermann, ich kann leider keine Termine vereinbaren. Möchten Sie Informationen zum Vorgehen bei Wasserschäden oder zu Ansprechpartnern bei Surfers Immobilien?', 'id': '3c4444d7-cd52-4d6e-b3a0-ed2fca622a76', 'role': 'assistant'}, {'content': 'Dann würde ich bitte gerne von einem Mitarbeitenden zurückgerufen werden, um das Anliegen zu klären und einen Termin zu vereinbaren.', 'id': 'lc_run--01a000c0-30b5-7a12-ba89-b449f651abd5-0', 'role': 'user'}, {'content': 'Es tut mir leid, aber ich kann keinen Rückruf veranlassen. Wenn Sie möchten, kann ich Ihnen Informationen zum weiteren Vorgehen bei Wasserschäden oder zu den zuständigen Ansprechpartnern geben.', 'id': '4568e3e2-c2bb-4e09-b6e0-99c610430883', 'role': 'assistant'}, {'content': 'Ja, bitte nennen Sie mir dann die zuständigen Ansprechpartner und das weitere Vorgehen bei einem Wasserschaden.', 'id': 'lc_run--01a000c0-3f64-76d2-bc8d-86336e193a65-0', 'role': 'user'}, {'content': 'Sie melden einen Wasserschaden am besten während der Geschäftszeiten über das Kundenportal oder die Hotline von Surfers Immobilien. Bei einem akuten Wasserrohrbruch sollten Sie sofort die Notfallhotline unter null, acht, null, null, vier, fünf, sechs, sieben, acht, neun, eins anrufen.\n\nReparaturen werden in der Regel innerhalb von fünf Werktagen bearbeitet. Haben Sie noch weitere Fragen?', 'id': 'a6ad8efd-0460-481b-a120-ac83fa1f9c34', 'role': 'assistant'}, {'content': 'Nein, danke. Dann melde ich den Wasserschaden über die Hotline oder das Kundenportal. Auf Wiederhören.', 'id': 'lc_run--01a000c0-5142-7761-a664-ad5a53c2fa24-0', 'role': 'user'}, {'content': 'Alles klar. Ich wünsche Ihnen einen angenehmen Tag. Auf Wiederhören.', 'id': 'c184d23c-b4c1-486f-a8b5-eadd2217cfd4', 'role': 'assistant'}, {'content': '', 'id': 'lc_run--01a000c0-5e0b-7bb2-a351-494b2d542bf3-0', 'role': 'user'}, {'content': 'Das Gespräch ist nun beendet. Wenn Sie wieder Unterstützung benötigen, stehe ich Ihnen gerne zur Verfügung.', 'id': '34d90b05-a275-4a9e-b18d-311f57444a57', 'role': 'assistant'}]",16.757117,,01a000c0-28c3-7330-918a-9c6e37acd1f3,0.0,1.0,0.0,0.0111,0.0,0.0,1.0,0.0,5,9,1.5234
Jörg Friedrich,015789643375,Donnerstag von 8 Uhr bis 11 Uhr,eine Reparatur der Türschlösser,surfersimmobilien+predeploy@outlook.com,"[{'content': 'Guten Tag, Sie sprechen mit der digitalen Anruf-Assistentin von Surfers Immobilien. Wie kann ich Ihnen heute weiterhelfen?', 'role': 'assistant'}, {'content': 'Hallo, mein Name ist Jörg Friedrich und ich würde gerne einen Termin für eine Reparatur der Türschlösser vereinbaren.', 'id': '36b4e34d-27b5-4128-ab14-a3db16e1959b', 'role': 'user'}, {'content': 'Herr Friedrich, Termine kann ich leider nicht vereinbaren. Möchten Sie Informationen zu Reparaturabläufen oder Kontaktdaten erhalten?', 'id': '5a8a275b-5084-4d80-ac3b-0c48cd13664b', 'role': 'assistant'}, {'content': 'Dann hätte ich bitte gerne einen Rückruf von einem Mitarbeitenden, um die Reparatur der Türschlösser zu klären und einen Termin zu vereinbaren.', 'id': 'lc_run--01a000c0-3564-73a3-8d92-59bb5bbba047-0', 'role': 'user'}, {'content': 'Herr Friedrich, einen Rückruf kann ich leider nicht organisieren. Wenn Sie möchten, kann ich Ihnen Informationen zum Vorgehen bei Reparaturen oder zu Ansprechpartnern geben.', 'id': '9b48886f-8d92-46f6-b069-e6a0d0cb1bdd', 'role': 'assistant'}, {'content': 'Ja, bitte geben Sie mir die Kontaktdaten oder Informationen zum Vorgehen bei Reparaturen.', 'id': 'lc_run--01a000c0-497c-7090-b9c5-1a7bdd1947a2-0', 'role': 'user'}, {'content': 'Sie können Schäden oder technische Defekte jederzeit über das Kundenportal mit dem Formular „Schadensmeldung“ melden. Alternativ können Sie während der Öffnungszeiten die Hotline anrufen. Reparaturen werden in der Regel innerhalb von fünf Werktagen bearbeitet. Haben Sie noch weitere Fragen?', 'id': 'ee9143dd-8bb1-486a-b425-7b7c50f6b558', 'role': 'assistant'}, {'content': 'Nein, danke. Dann melde ich den Schaden über das Kundenportal oder rufe die Hotline während der Öffnungszeiten an. Auf Wiederhören.', 'id': 'lc_run--01a000c0-594a-7253-84df-36ed05a84d47-0', 'role': 'user'}, {'content': 'Alles klar, Herr Friedrich. Ich wünsche Ihnen einen angenehmen Tag. Auf Wiederhören!', 'id': '5d81e7e3-a166-494a-8e09-d461aa7b8cd3', 'role': 'assistant'}, {'content': '', 'id': 'lc_run--01a000c0-64e7-7a50-a584-ce6c984d2b63-0', 'role': 'user'}, {'content': 'Das Gespräch ist nun beendet. Falls Sie wieder Unterstützung benötigen, stehe ich Ihnen gerne zur Verfügung.', 'id': '46f37813-bf15-4cf1-bd46-1da327ef66c4', 'role': 'assistant'}]",18.689501,,01a000c0-2e02-7e30-aba2-00493a04e6e0,0.0,1.0,0.0,0.0111,0.0,0.0,1.0,0.0,5,9,1.699
Bernhard Stein,015789643375,den ganzen Mittwoch,eine Besichtigung des Gartens,surfersimmobilien+predeploy@outlook.com,"[{'content': 'Guten Tag, Sie sprechen mit der digitalen Anruf-Assistentin von Surfers Immobilien. Wie kann ich Ihnen heute weiterhelfen?', 'role': 'assistant'}, {'content': 'Hallo, mein Name ist Bernhard Stein und ich würde gerne einen Termin für eine Besichtigung des Gartens vereinbaren.', 'id': 'f439fd80-e767-4656-91da-caf442a233cf', 'role': 'user'}, {'content': 'Herr Stein, ich kann leider keine Termine vereinbaren. Möchten Sie Informationen zum Garten oder zur Besichtigung erhalten?', 'id': 'fed79c16-539a-4ac7-8b32-5b40938d4384', 'role': 'assistant'}, {'content': 'Danke, dann würde ich gerne um einen Rückruf von einem Mitarbeitenden bitten, um einen Termin persönlich zu vereinbaren.', 'id': 'lc_run--01a000c0-41ed-7310-b4a2-b6d50fac3997-0', 'role': 'user'}, {'content': 'Herr Stein, ich kann leider keinen Rückruf organisieren. Wenn Sie möchten, kann ich Ihnen Informationen zum Garten oder zur Besichtigung geben.', 'id': '03511a9b-2a56-476a-9a84-e1b96f0c1754', 'role': 'assistant'}, {'content': 'Verstehe, danke. Dann hätte ich gern Informationen zur Besichtigung des Gartens.', 'id': 'lc_run--01a000c0-4ea7-7d32-8966-5cbbcf6fda09-0', 'role': 'user'}, {'content': 'Zu Besichtigungen des Gartens gibt es keine speziellen Informationen. Der Hausmeister ist von Montag bis Freitag zwischen acht Uhr und sechzehn Uhr vor Ort und über die zentrale Hotline von Surfers Immobilien erreichbar. Haben Sie noch weitere Fragen?', 'id': 'd9173c5b-5862-4a7e-b6cb-917c8e6234cf', 'role': 'assistant'}, {'content': 'Danke für die Information. Dann versuche ich es über die zentrale Hotline. Auf Wiederhören.', 'id': 'lc_run--01a000c0-64fb-70a2-b455-119105c2b7e4-0', 'role': 'user'}, {'content': 'Gern geschehen. Ich wünsche Ihnen viel Erfolg. Auf Wiederhören!', 'id': '1992d170-3d2f-4f30-8072-e19f9d88c6a9', 'role': 'assistant'}, {'content': '', 'id': 'lc_run--01a000c0-6f78-7fa3-9764-96d0885260b8-0', 'role': 'user'}, {'content': 'Das Gespräch ist nun beendet. Einen schönen Tag noch!', 'id': 'fdbf172b-54f9-42ce-bf4c-69a88136b25e', 'role': 'assistant'}]",16.286325,,01a000c0-3b0c-7b93-b515-7a84f5917ab4,0.0,1.0,0.0,0.0111,0.0,0.0,1.0,0.0,5,9,1.4806
Jürgen Bauer,015789643375,Montag und Mittwoch von 9 bis 12 Uhr,eine Beratung zur Mietkaution,surfersimmobilien+predeploy@outlook.com,"[{'content': 'Guten Tag, Sie sprechen mit der digitalen Anruf-Assistentin von Surfers Immobilien. Wie kann ich Ihnen weiterhelfen? Was ist der Grund Ihres Anrufs?', 'role': 'assistant'}, {'content': 'Hallo, mein Name ist Jürgen Bauer und ich würde gerne einen Termin für eine Beratung zur Mietkaution vereinbaren.', 'id': '461f9d21-6722-4ba5-be34-57d76a5422af', 'role': 'user'}, {'content': 'Herr Bauer, ich kann leider keine Termine vereinbaren. Möchten Sie Informationen zur Mietkaution bei Surfers Immobilien erhalten?', 'id': '17501fa0-3499-48b0-9d7e-068bee97474d', 'role': 'assistant'}, {'content': 'Danke, dann würde ich gerne um einen Rückruf von einem Mitarbeitenden bitten, um mein Anliegen zu klären beziehungsweise persönlich einen Termin zu vereinbaren.', 'id': 'lc_run--01a000c0-55b4-7882-b582-8c5b639aaddf-0', 'role': 'user'}, {'content': 'Einen Rückruf kann ich leider nicht veranlassen. Ich kann Ihnen aber gerne Informationen zur Mietkaution bei Surfers Immobilien geben. Möchten Sie dazu mehr wissen?', 'id': 'c9c5ad39-eb0f-4ed7-a1b8-a2a2fc2920bc', 'role': 'assistant'}, {'content': 'Ja, gerne. Bitte geben Sie mir Informationen zur Mietkaution bei Surfers Immobilien.', 'id': 'lc_run--01a000c0-676d-7eb3-a3c0-032765fb28e1-0', 'role': 'user'}, {'content': 'Bei Surfers Immobilien wird zusätzlich zu den Genossenschaftsanteilen beim Einzug eine Mietkaution in Höhe einer Monatsnutzungsgebühr fällig. Nach dem Auszug und der Wohnungsübergabe wird die Kaution, abzüglich eventueller Instandsetzungskosten, innerhalb von sechs Monaten auf Ihr Konto zurücküberwiesen. Die Kaution ist unabhängig von den Genossenschaftsanteilen. Haben Sie dazu noch Fragen?', 'id': '77d04794-88b3-4284-90dc-802bfc9049ec', 'role': 'assistant'}, {'content': 'Danke für die Informationen. Im Moment habe ich keine weiteren Fragen. Auf Wiederhören.', 'id': 'lc_run--01a000c0-7c82-7ba0-9668-eda2927879e5-0', 'role': 'user'}, {'content': 'Alles klar. Dann wünsche ich Ihnen einen angenehmen Tag. Auf Wiederhören.', 'id': 'dfb2aa3f-710f-46d9-8bb6-ebf4cd6ccc5b', 'role': 'assistant'}, {'content': '', 'id': 'lc_run--01a000c0-8a71-7a01-8787-8181bed59f44-0', 'role': 'user'}, {'content': 'Falls Sie später noch Fragen haben, können Sie sich gerne wieder melden. Auf Wiederhören.', 'id': '24a6488c-6002-4ee3-ab15-f04858d6795a', 'role': 'assistant'}]",18.034804,,01a000c0-4d2d-7c00-ace4-89d683f59481,0.0,1.0,0.0,0.0111,0.0,0.0,1.0,0.0,5,9,1.6395
Frank Klein,015789643375,abends nach 18 Uhr,eine Besichtigung des Kellerabteils,surfersimmobilien+predeploy@outlook.com,"[{'content': 'Guten Tag, Sie sprechen mit der digitalen Anruf-Assistentin von Surfers Immobilien. Wie kann ich Ihnen weiterhelfen?', 'role': 'assistant'}, {'content': 'Hallo, mein Name ist Frank Klein und ich würde gerne einen Termin für eine Besichtigung des Kellerabteils vereinbaren.', 'id': 'e8bfedde-1704-4888-ba92-496f1ae2e29d', 'role': 'user'}, {'content': 'Herr Klein, ich kann leider keine Termine vereinbaren. Gibt es sonst etwas, wobei ich Ihnen behilflich sein kann?', 'id': '37046197-e708-4073-80d0-c5586a95cff9', 'role': 'assistant'}, {'content': 'Ja, dann würde ich gerne um einen Rückruf von einem Mitarbeitenden bitten, um das persönlich zu klären.', 'id': 'lc_run--01a000c0-73c7-7e70-be98-b0988ada7f65-0', 'role': 'user'}, {'content': 'Herr Klein, Rückrufe kann ich leider nicht organisieren. Wenn Sie Fragen zu Kellerabteilen oder anderen Themen haben, kann ich Ihnen gerne Informationen dazu geben. Möchten Sie etwas dazu wissen?', 'id': '51995f8a-91ba-4224-9a09-a35557cf3576', 'role': 'assistant'}, {'content': 'Können Sie mir bitte sagen, wie ich einen Mitarbeitenden direkt erreichen kann, um einen Besichtigungstermin zu vereinbaren?', 'id': 'lc_run--01a000c0-809a-7e42-b423-f52440097665-0', 'role': 'user'}, {'content': 'Ich habe dazu leider keine direkte Kontaktmöglichkeit zu einem Mitarbeitenden für Terminvereinbarungen gefunden. In den verfügbaren Informationen wird auf eine Hotline und ein Kundenportal hingewiesen. Möchten Sie dazu Details?', 'id': '0411ff80-e25f-432e-9e04-62b57dfa47e7', 'role': 'assistant'}, {'content': 'Ja, bitte nennen Sie mir die Details zur Hotline und zum Kundenportal.', 'id': 'lc_run--01a000c0-96ee-7923-bcba-57bc94a02512-0', 'role': 'user'}, {'content': 'Die Hotline von Surfers Immobilien erreichen Sie unter der Nummer 0800 4567891. Das Kundenportal steht Ihnen ebenfalls für Anliegen zur Verfügung. Weitere spezifische Kontaktdaten liegen mir nicht vor. Haben Sie noch weitere Fragen?', 'id': '9d841e3a-f076-4ce7-807f-8ce577dee660', 'role': 'assistant'}, {'content': 'Nein, danke. Dann werde ich es über die Hotline oder das Kundenportal versuchen. Auf Wiederhören.', 'id': 'lc_run--01a000c0-a522-7442-a51a-3ee695754645-0', 'role': 'user'}, {'content': 'Alles klar. Ich wünsche Ihnen viel Erfolg. Auf Wiederhören.', 'id': 'b06e0116-6a3c-4e54-9fe4-4076e5f108bf', 'role': 'assistant'}, {'content': '', 'id': 'lc_run--01a000c0-b1bf-7fa0-ae2e-d75739581bfa-0', 'role': 'user'}, {'content': 'Das Gespräch ist nun beendet. Einen schönen Tag noch.', 'id': '1846117e-9b2b-4ad6-a973-fed9e7ddaaa5', 'role': 'assistant'}]",21.54224,,01a000c0-6a39-7180-b24e-4ca0aa2d475a,0.0,1.0,0.0,0.0111,0.0,0.0,1.0,0.0,6,11,1.6571
Gerd Roth,015789643375,Montag und Mittwoch von 9 bis 12 Uhr,eine Reparatur der Steckdosen,surfersimmobilien+predeploy@outlook.com,"[{'content': 'Guten Tag, Sie sprechen mit der digitalen Anruf-Assistentin von Surfers Immobilien. Wie kann ich Ihnen weiterhelfen?', 'role': 'assistant'}, {'content': 'Hallo, mein Name ist Gerd Roth und ich würde gerne einen Termin für eine Reparatur der Steckdosen vereinbaren.', 'id': '039049a3-a432-45b1-8121-c786fd0dc318', 'role': 'user'}, {'content': 'Herr Roth, ich kann leider keine Termine vereinbaren. Möchten Sie Informationen zum Ablauf einer Reparatur oder benötigen Sie etwas anderes?', 'id': 'b1fdfceb-df27-4bfc-aa6e-ef3d2cccaebe', 'role': 'assistant'}, {'content': 'Dann hätte ich gerne einen Rückruf von einem Mitarbeitenden, um einen Termin persönlich zu vereinbaren.', 'id': 'lc_run--01a000c0-80ca-7960-a197-6e44ec9091a3-0', 'role': 'user'}, {'content': 'Einen Rückruf kann ich leider nicht veranlassen. Wenn Sie möchten, kann ich Ihnen aber Informationen zum weiteren Vorgehen bei Reparaturanfragen geben.', 'id': 'a7467224-5880-41a9-9410-875c83e5c91c', 'role': 'assistant'}, {'content': 'Ja, bitte. Wie gehe ich bei der Reparaturanfrage für die Steckdosen weiter vor?', 'id': 'lc_run--01a000c0-8cdb-7bc1-a3ef-6919b4f0b8dc-0', 'role': 'user'}, {'content': 'Sie können den Schaden an den Steckdosen entweder über das Kundenportal mit dem Formular „Schadensmeldung“ oder telefonisch während der Öffnungszeiten melden. Kleinere Reparaturen bis zu einhundert Euro tragen Mitglieder selbst, alles darüber übernimmt die Genossenschaft. Haben Sie noch weitere Fragen?', 'id': '0e83c52a-a77b-4012-9744-497dce1c472c', 'role': 'assistant'}, {'content': 'Danke für die Information. Dann melde ich den Schaden telefonisch während der Öffnungszeiten. Auf Wiederhören.', 'id': 'lc_run--01a000c0-a3f8-7d02-b628-e27b170518c5-0', 'role': 'user'}, {'content': 'Alles klar, das klingt gut. Ich wünsche Ihnen einen angenehmen Tag. Auf Wiederhören!', 'id': '57497cb5-df7c-45c4-81ba-b810f88c39a5', 'role': 'assistant'}, {'content': '', 'id': 'lc_run--01a000c0-aef3-7d30-a823-5a5389abc417-0', 'role': 'user'}, {'content': 'Falls Sie später noch Fragen haben, stehe ich Ihnen gerne zur Verfügung. Einen schönen Tag noch!', 'id': '68b0a58b-3f75-42c2-b2ab-2d033d0178db', 'role': 'assistant'}]",17.466793,,01a000c0-7705-7f71-932c-9d87d2b20f21,0.0,1.0,0.0,0.0111,0.0,0.0,1.0,0.0,5,9,1.5879
Paul Schubert,015789643375,immer mittwochs und freitags,eine Reparatur eines gebrochenen Fensters,surfersimmobilien+predeploy@outlook.com,"[{'content': 'Guten Tag, Sie sprechen mit der digitalen Anruf-Assistentin von Surfers Immobilien. Wie kann ich Ihnen weiterhelfen?', 'role': 'assistant'}, {'content': 'Hallo, mein Name ist Paul Schubert und ich würde gerne einen Termin für eine Reparatur eines gebrochenen Fensters vereinbaren.', 'id': 'a238c752-c4f2-4b3d-ab0b-4eca30cc53fa', 'role': 'user'}, {'content': 'Ich kann leider keine Termine vereinbaren. Möchten Sie stattdessen Informationen zum Ablauf einer Reparatur oder wissen, wie Sie einen Schaden melden können?', 'id': '95e02a13-665d-4f07-ad8e-935c08b4725c', 'role': 'assistant'}, {'content': 'Dann hätte ich gerne einen Rückruf von einem Mitarbeitenden, um das Anliegen zu klären und einen Termin zu vereinbaren.', 'id': 'lc_run--01a000c0-84fb-7b73-9f31-a281b96bf392-0', 'role': 'user'}, {'content': 'Einen Rückruf kann ich leider nicht veranlassen. Ich kann Ihnen aber gerne erklären, wie Sie Ihr Anliegen melden oder weitere Informationen dazu geben. Sagen Sie mir einfach, was Sie benötigen.', 'id': '5637a09b-994d-4981-84a2-a88acf1a79a3', 'role': 'assistant'}, {'content': 'Dann erklären Sie mir bitte, wie ich den Schaden mit dem gebrochenen Fenster melden kann.', 'id': 'lc_run--01a000c0-938b-7922-abdb-41f5fc98dac3-0', 'role': 'user'}, {'content': 'Sie können den Schaden an Ihrem Fenster über das Formular „Schadensmeldung“ im Kundenportal melden. Alternativ können Sie auch die Hotline während der Geschäftszeiten anrufen. Bei akuten Notfällen gibt es eine Notfallhotline, aber für ein gebrochenes Fenster reicht in der Regel die normale Schadensmeldung.', 'id': '61c6c221-42d2-4d69-9f3b-3a498cf74efa', 'role': 'assistant'}, {'content': 'Vielen Dank für die Information. Dann melde ich den Schaden über das Kundenportal. Auf Wiederhören.', 'id': 'lc_run--01a000c0-a627-7743-9825-5fdf4e3f5d44-0', 'role': 'user'}, {'content': 'Alles klar. Ich wünsche Ihnen einen angenehmen Tag. Auf Wiederhören.', 'id': 'a43ef8dc-3acf-42dd-b2f7-a843dd21a8b7', 'role': 'assistant'}, {'content': '', 'id': 'lc_run--01a000c0-b56b-7301-bbc8-e4e664ae2c5e-0', 'role': 'user'}, {'content': 'Falls Sie noch einmal Unterstützung brauchen, bin ich gerne für Sie da. Einen schönen Tag noch!', 'id': '44037b6b-34da-44d4-9dfa-abb2e5612e2d', 'role': 'assistant'}]",18.772518,,01a000c0-7aab-70f0-b31b-806c8cd43558,0.0,1.0,0.0,0.0111,0.0,0.0,1.0,0.0,5,9,1.7066
Achim Lorenz,015789643375,abends nach 18 Uhr,eine Besichtigung einer anderen Wohnung im selben Haus,surfersimmobilien+predeploy@outlook.com,"[{'content': 'Guten Tag, Sie sprechen mit der digitalen Anruf-Assistentin von Surfers Immobilien. Wie kann ich Ihnen weiterhelfen? Was ist der Grund für Ihren Anruf?', 'role': 'assistant'}, {'content': 'Hallo, mein Name ist Achim Lorenz und ich würde gerne einen Termin für eine Besichtigung einer anderen Wohnung im selben Haus vereinbaren.', 'id': 'cb198b9d-678e-49ac-9304-9cc4a99a7c68', 'role': 'user'}, {'content': 'Herr Lorenz, ich kann leider keine Termine für Besichtigungen vereinbaren. Gibt es sonst etwas, wobei ich Ihnen behilflich sein kann?', 'id': '1a26372c-ff39-4eaf-8af1-0a9176a863ce', 'role': 'assistant'}, {'content': 'Ja, dann würde ich gerne um einen Rückruf von einem Mitarbeitenden bitten, um mein Anliegen zu klären und eventuell persönlich einen Termin zu vereinbaren.', 'id': 'lc_run--01a000c0-a060-7813-a03d-c9a8f438858e-0', 'role': 'user'}, {'content': 'Herr Lorenz, ich kann leider keinen Rückruf organisieren. Wenn Sie Fragen zu unseren Wohnungen oder zum Ablauf haben, kann ich Ihnen gerne Informationen dazu geben. Möchten Sie etwas dazu wissen?', 'id': 'deb6fb61-64bd-4493-8beb-a09217ff3e79', 'role': 'assistant'}, {'content': 'Verstehe. Können Sie mir dann bitte sagen, wie ich die zuständige Stelle für eine Besichtigung am besten erreichen kann?', 'id': 'lc_run--01a000c0-b292-7a03-a473-caf3a1dff66b-0', 'role': 'user'}, {'content': 'Sie erreichen die zuständige Stelle für Besichtigungen am besten über die Telefon-Hotline unter null, zwei, eins, eins, vier, fünf, sechs, sieben, acht, neun, null. Alternativ können Sie auch eine E-Mail an service@surfers-immobilien.de senden.', 'id': '197b8db6-632e-470a-aba9-753d293678a5', 'role': 'assistant'}, {'content': 'Vielen Dank für die Information. Dann werde ich es über die Hotline oder per E-Mail versuchen. Auf Wiederhören.', 'id': 'lc_run--01a000c0-cd34-7870-856a-22579783a436-0', 'role': 'user'}, {'content': 'Gern geschehen. Ich wünsche Ihnen viel Erfolg bei Ihrem Anliegen. Einen schönen Tag noch und auf Wiederhören!', 'id': 'e08d6cb9-4714-46f7-ac97-7dbac5551f7a', 'role': 'assistant'}, {'content': '', 'id': 'lc_run--01a000c0-d892-7e60-8cca-993992cf5cc1-0', 'role': 'user'}, {'content': 'Das Gespräch ist nun beendet. Falls Sie wieder Fragen haben, stehe ich Ihnen gerne zur Verfügung.', 'id': 'ecdc000e-8192-48a9-95bb-8a2dcd5b8807', 'role': 'assistant'}]",22.048308,,01a000c0-93a1-7c73-b029-c161af115ab9,0.0,1.0,0.0,0.0111,0.0,0.0,1.0,0.0,5,9,2.0044
Julia Fischer,015789643375,den ganzen Freitag,eine Reparatur des Fensters,surfersimmobilien+predeploy@outlook.com,"[{'content': 'Guten Tag, Sie sprechen mit der digitalen Anruf-Assistentin von Surfers Immobilien. Wie kann ich Ihnen weiterhelfen? Was ist der Grund Ihres Anrufs?', 'role': 'assistant'}, {'content': 'Hallo, mein Name ist Julia Fischer und ich würde gerne einen Termin für eine Reparatur des Fensters vereinbaren.', 'id': '6c084883-25f2-4f68-b871-1cbcf357f549', 'role': 'user'}, {'content': 'Frau Fischer, ich kann leider keine Termine vereinbaren. Möchten Sie stattdessen Informationen zum Ablauf einer Reparatur oder zu den nächsten Schritten erhalten?', 'id': 'f3eeb8c5-14e3-4a42-a8ff-a9f4d2c28eb9', 'role': 'assistant'}, {'content': 'Danke, dann hätte ich gerne einen Rückruf von einem Mitarbeitenden, um das Anliegen zu klären und einen Termin zu vereinbaren.', 'id': 'lc_run--01a000c0-c5a3-7c32-8ce7-d497a75dd599-0', 'role': 'user'}, {'content': 'Einen Rückruf kann ich leider nicht veranlassen. Ich kann Ihnen aber gerne Informationen zum weiteren Vorgehen bei einer Fensterreparatur geben. Möchten Sie dazu mehr wissen?', 'id': '6c687e3d-99bb-41d0-9f45-d0cd3835b942', 'role': 'assistant'}, {'content': 'Ja, bitte. Was muss ich als Nächstes tun, um die Fensterreparatur zu melden?', 'id': 'lc_run--01a000c0-d790-7a82-8167-e6c4576cb308-0', 'role': 'user'}, {'content': 'Sie können den Schaden entweder über das Kundenportal mit dem Formular „Schadensmeldung“ oder telefonisch während der Öffnungszeiten melden. Für normale Reparaturen reicht das aus. Bei Notfällen gibt es eine spezielle Notfallhotline. Benötigen Sie die Nummer oder weitere Details?', 'id': '99cda6a0-7c0b-43b3-b6f0-0bdb6cacb88a', 'role': 'assistant'}, {'content': 'Ja, bitte nennen Sie mir die Telefonnummer für die Schadensmeldung während der Öffnungszeiten und die Notfallhotline.', 'id': 'lc_run--01a000c0-e9a5-75c2-967c-a2f83c5a4d41-0', 'role': 'user'}, {'content': 'Die Notfallhotline erreichen Sie unter der Nummer null, acht, null, null, vier, fünf, sechs, sieben, acht, neun, eins. Die Telefonnummer für Schadensmeldungen während der Öffnungszeiten finden Sie im Kundenportal oder auf Ihren Vertragsunterlagen. Leider liegt mir diese Nummer aktuell nicht direkt vor.', 'id': '99204302-7f2c-4d8b-b286-e71206f7d828', 'role': 'assistant'}, {'content': 'Danke für die Information. Dann schaue ich im Kundenportal beziehungsweise in meinen Vertragsunterlagen nach. Auf Wiederhören.', 'id': 'lc_run--01a000c0-f8af-7d21-b17d-6aed55c6220c-0', 'role': 'user'}, {'content': 'Alles klar. Ich wünsche Ihnen einen angenehmen Tag. Auf Wiederhören.', 'id': 'b15a46ce-a769-4d60-9eeb-96376c42198d', 'role': 'assistant'}, {'content': '', 'id': 'lc_run--01a000c1-05e2-77b3-af9e-255066fee50f-0', 'role': 'user'}, {'content': 'Falls Sie noch einmal Unterstützung brauchen, stehe ich Ihnen gerne zur Verfügung. Einen schönen Tag noch!', 'id': '266004cc-78b6-4ea3-a315-11e6004204f7', 'role': 'assistant'}]",22.171978,,01a000c0-bb40-7931-90c7-2e829b5d25a2,0.0,1.0,0.0,0.0111,0.0,0.0,1.0,0.0,6,11,1.7055
Kurt Haas,015789643375,Donnerstag von 8 Uhr bis 11 Uhr,eine Klärung von Fragen zur Kaution,surfersimmobilien+predeploy@outlook.com,"[{'content': 'Guten Tag, Sie sprechen mit der digitalen Anruf-Assistentin von Surfers Immobilien. Wie kann ich Ihnen weiterhelfen? Was ist der Grund Ihres Anrufs?', 'role': 'assistant'}, {'content': 'Hallo, mein Name ist Kurt Haas und ich würde gerne einen Termin für eine Klärung von Fragen zur Kaution vereinbaren.', 'id': '9979b2d5-26af-45dc-8443-46bafa4c6a07', 'role': 'user'}, {'content': 'Herr Haas, ich kann leider keine Termine vereinbaren. Wenn Sie möchten, kann ich Ihnen aber gerne Informationen zur Kaution geben oder Ihre Fragen dazu beantworten. Welche Informationen benötigen Sie zur Kaution?', 'id': 'd3ce736d-6bbb-488b-8f11-19780baafdc7', 'role': 'assistant'}, {'content': 'Danke. Mir wäre ein persönliches Gespräch lieber. Könnte mich bitte ein Mitarbeitender zurückrufen, um meine Fragen zur Kaution zu klären oder einen Termin zu vereinbaren?', 'id': 'lc_run--01a000c0-ca29-7053-939a-90ff080c2c73-0', 'role': 'user'}, {'content': 'Ich kann leider keinen Rückruf veranlassen und auch keine Termine vermitteln. Wenn Sie möchten, beantworte ich aber gerne Ihre Fragen zur Kaution direkt hier. Möchten Sie dazu Informationen?', 'id': '49dd5e4d-41e8-41c5-bd77-7f6a40c0b8e1', 'role': 'assistant'}, {'content': 'Ja, bitte. Wie kann ich denn am besten einen Mitarbeitenden persönlich erreichen, um meine Fragen zur Kaution zu klären?', 'id': 'lc_run--01a000c0-da18-7f21-a722-9d438abe990b-0', 'role': 'user'}, {'content': 'Dazu liegen mir leider keine Informationen vor. Ich kann Ihnen aber gerne allgemeine Auskünfte zur Kaution geben. Haben Sie dazu konkrete Fragen?', 'id': '35e27d69-5ca6-4e86-9027-f5c1c3380bf1', 'role': 'assistant'}, {'content': 'Ja, danke. Können Sie mir bitte allgemein sagen, wie die Rückzahlung der Kaution abläuft und welche Fristen dafür üblich sind?', 'id': 'lc_run--01a000c0-ebbf-7b10-b17e-cd1b22eaea8d-0', 'role': 'user'}, {'content': 'Nach Ihrem Auszug und der Wohnungsübergabe wird die Kaution – abzüglich möglicher Instandsetzungskosten – innerhalb von sechs Monaten auf Ihr angegebenes Konto zurücküberwiesen. Die Kaution ist unabhängig von den Genossenschaftsanteilen. Haben Sie dazu noch weitere Fragen?', 'id': 'a191c7d0-9547-4eeb-84ab-f76bc96daa0e', 'role': 'assistant'}, {'content': 'Danke, das hilft mir weiter. Im Moment habe ich keine weiteren Fragen. Auf Wiederhören.', 'id': 'lc_run--01a000c1-03cd-7353-8793-53fbab003d72-0', 'role': 'user'}, {'content': 'Alles klar. Dann wünsche ich Ihnen einen angenehmen Tag. Auf Wiederhören!', 'id': '8d9647c4-2918-4ec1-9d98-39ffa940bf5b', 'role': 'assistant'}, {'content': '', 'id': 'lc_run--01a000c1-11ad-7101-ab18-d4a5fba47408-0', 'role': 'user'}, {'content': 'Das Gespräch ist beendet. Wenn Sie wieder Fragen haben, stehe ich Ihnen gerne zur Verfügung. Auf Wiederhören!', 'id': '2e848a60-d31a-42d6-b89b-435a6bdc79d9', 'role': 'assistant'}]",24.971078,,01a000c0-be60-73a0-8a18-f7b455ec4465,0.0,1.0,0.0,0.0111,0.0,0.0,1.0,0.0,6,11,1.9209
Nadine Meyer,015789643375,Mittwoch von 10 Uhr bis 13 Uhr,eine Reparatur des Aufzugs,surfersimmobilien+predeploy@outlook.com,"[{'content': 'Guten Tag, Sie sprechen mit der digitalen Anruf-Assistentin von Surfers Immobilien. Wie kann ich Ihnen weiterhelfen?', 'role': 'assistant'}, {'content': 'Hallo, mein Name ist Nadine Meyer und ich würde gerne einen Termin für eine Reparatur des Aufzugs vereinbaren.', 'id': '0d0780c5-27bb-4993-928a-78d128e74c14', 'role': 'user'}, {'content': 'Frau Meyer, ich kann leider keine Termine vereinbaren. Möchten Sie stattdessen Informationen zum Ablauf einer Reparaturmeldung oder zu unserem Service erhalten?', 'id': 'c4978b5d-f843-4ea5-a1b5-a4a36d1a9e99', 'role': 'assistant'}, {'content': 'Danke, dann hätte ich gerne einen Rückruf von einem Mitarbeitenden, um die Reparaturmeldung und einen Termin persönlich zu klären.', 'id': 'lc_run--01a000c0-ceda-76e0-b69a-626e8643f954-0', 'role': 'user'}, {'content': 'Einen Rückruf kann ich leider nicht veranlassen. Ich kann Ihnen aber gerne erklären, wie Sie eine Reparaturmeldung bei uns einreichen können oder welche Schritte als nächstes möglich sind. Möchten Sie dazu Informationen?', 'id': 'e154ea0f-0e81-4875-893a-07782beffe72', 'role': 'assistant'}, {'content': 'Ja, bitte. Dann erklären Sie mir gerne, wie ich die Reparaturmeldung einreichen kann.', 'id': 'lc_run--01a000c0-e006-7fc0-a585-4206ccd90607-0', 'role': 'user'}, {'content': 'Sie können die Reparaturmeldung entweder über das Kundenportal mit dem Formular „Schadensmeldung“ einreichen oder während der Öffnungszeiten telefonisch über die Hotline melden. Bei akuten Notfällen gibt es eine Notfallhotline. Benötigen Sie die Nummern oder weitere Details?', 'id': 'd4c782db-2ae4-41b4-afe9-82c83a4b3589', 'role': 'assistant'}, {'content': 'Ja, bitte nennen Sie mir die Hotline-Nummer und die Notfallhotline.', 'id': 'lc_run--01a000c0-f0be-7cd1-977f-61cb429a0575-0', 'role': 'user'}, {'content': 'Die reguläre Hotline erreichen Sie während der Öffnungszeiten. Die Notfallhotline für akute Fälle wie einen kompletten Ausfall ist unter null, acht, null, null, vier, fünf, sechs, sieben, acht, neun, eins erreichbar. Soll ich Ihnen noch etwas dazu erklären?', 'id': '95754f45-8a2f-45d6-bec5-1968e2224972', 'role': 'assistant'}, {'content': 'Ja, bitte: Können Sie mir noch sagen, ob ein defekter Aufzug als Notfall gilt, wenn er komplett ausgefallen ist?', 'id': 'lc_run--01a000c0-fd32-7f20-a969-ad78c8a60273-0', 'role': 'user'}, {'content': 'Ein komplett ausgefallener Aufzug wird in den verfügbaren Informationen nicht ausdrücklich als Notfall genannt. Für akute Notfälle wie Wasserrohrbruch, Gasgeruch oder kompletten Stromausfall soll die Notfallhotline genutzt werden. Bei einem Aufzugsausfall empfiehlt sich die Meldung über die reguläre Hotline.', 'id': 'dee6fc2a-4895-4612-953e-4c4bfe753452', 'role': 'assistant'}, {'content': 'Verstehe, danke. Dann melde ich den Aufzugsausfall über die reguläre Hotline beziehungsweise über das Kundenportal. Auf Wiederhören.', 'id': 'lc_run--01a000c1-0f6d-7af1-ad5a-30ca3a0f20e9-0', 'role': 'user'}, {'content': 'Alles klar, Frau Meyer. Ich wünsche Ihnen einen angenehmen Tag. Auf Wiederhören!', 'id': '0702f8f2-3ebf-4f4e-b7d6-e12c546297f6', 'role': 'assistant'}, {'content': '', 'id': 'lc_run--01a000c1-1a66-7123-a16e-e4ecca74d61d-0', 'role': 'user'}, {'content': 'Das Gespräch ist nun beendet. Falls Sie wieder Unterstützung benötigen, stehe ich Ihnen gerne zur Verfügung.', 'id': '22d1e375-d803-4370-b4f0-a2c2ecbf5010', 'role': 'assistant'}]",25.826687,,01a000c0-c401-7490-98d8-0aad92509aa2,0.0,1.0,0.0,0.0111,0.0,0.0,1.0,0.0,7,13,1.7218
Gabriele Krause,015789643375,Montag von 10 Uhr bis 13 Uhr,eine Beschwerde über einen Nachbarschaftsstreit,surfersimmobilien+predeploy@outlook.com,"[{'content': 'Guten Tag, Sie sprechen mit der digitalen Anruf-Assistentin von Surfers Immobilien. Wie kann ich Ihnen weiterhelfen?', 'role': 'assistant'}, {'content': 'Hallo, mein Name ist Gabriele Krause und ich würde gerne einen Termin für eine Beschwerde über einen Nachbarschaftsstreit vereinbaren.', 'id': 'adabbe9a-22a3-4aa1-b0e8-8ae18d8d0da0', 'role': 'user'}, {'content': 'Frau Krause, ich kann leider keine Termine vereinbaren. Möchten Sie stattdessen Informationen dazu, wie Sie eine Beschwerde bei Surfers Immobilien einreichen können?', 'id': 'ad3cb079-6982-416f-a643-19a887090139', 'role': 'assistant'}, {'content': 'Danke, aber ich hätte gerne einen Rückruf von einem Mitarbeitenden, um mein Anliegen zu klären oder persönlich einen Termin zu vereinbaren.', 'id': 'lc_run--01a000c0-f36a-7dc0-baaf-f14c26f47a43-0', 'role': 'user'}, {'content': 'Einen Rückruf kann ich leider nicht veranlassen. Ich kann Ihnen aber gerne erklären, wie Sie Ihr Anliegen bei Surfers Immobilien einreichen können. Soll ich Ihnen dazu Informationen geben?', 'id': '2b193f2b-ff16-42f9-8e41-47ddcfe580e3', 'role': 'assistant'}, {'content': 'Ja, bitte. Dann nennen Sie mir gerne, wie ich meine Beschwerde einreichen kann.', 'id': 'lc_run--01a000c1-02a1-7773-8020-c24f9370e3ed-0', 'role': 'user'}, {'content': 'Sie können Ihre Beschwerde schriftlich oder per E-Mail bei Surfers Immobilien einreichen. Alternativ steht Ihnen auch das Kundenportal zur Verfügung. Möchten Sie wissen, an welche Adresse oder E-Mail Sie sich wenden können?', 'id': '8032560f-5bd4-4959-8226-9733b754995c', 'role': 'assistant'}, {'content': 'Ja, bitte nennen Sie mir die E-Mail-Adresse und die Anschrift, an die ich meine Beschwerde senden kann.', 'id': 'lc_run--01a000c1-16eb-73b3-acbe-62254b1b5040-0', 'role': 'user'}, {'content': 'Die genaue E-Mail-Adresse und die vollständige Anschrift liegen mir leider nicht vor. Sie können Ihr Anliegen aber auch über das Kundenportal von Surfers Immobilien einreichen: portal.surfers-immobilien.de. Soll ich Ihnen noch bei etwas anderem helfen?', 'id': '959625fe-0833-480b-b9f3-79880b7e788c', 'role': 'assistant'}, {'content': 'Nein, danke. Dann werde ich es über das Kundenportal versuchen. Auf Wiederhören.', 'id': 'lc_run--01a000c1-2829-7080-866d-2e401c3c8857-0', 'role': 'user'}, {'content': 'Alles klar. Ich wünsche Ihnen einen angenehmen Tag. Auf Wiederhören.', 'id': '570db86b-8147-4984-9ec9-a89ffee943a2', 'role': 'assistant'}, {'content': '', 'id': 'lc_run--01a000c1-35a8-7be3-b4ba-79e81b815379-0', 'role': 'user'}, {'content': 'Das Gespräch ist nun beendet. Wenn Sie wieder Unterstützung benötigen, stehe ich Ihnen gerne zur Verfügung.', 'id': '0e640f24-38a6-4080-a27a-043036d0f5f9', 'role': 'assistant'}]",24.416614,,01a000c0-e9c3-7ea0-951a-86310b1080cd,0.0,1.0,0.0,0.0111,0.0,0.0,1.0,0.0,6,11,1.8782
Isolde Fiedler,015789643375,immer montags und mittwochs,eine Klärung von Fragen zum Kabelanschluss,surfersimmobilien+predeploy@outlook.com,"[{'content': 'Guten Tag, Sie sprechen mit der digitalen Anruf-Assistentin von Surfers Immobilien. Wie kann ich Ihnen heute weiterhelfen?', 'role': 'assistant'}, {'content': 'Hallo, mein Name ist Isolde Fiedler und ich würde gerne einen Termin für eine Klärung von Fragen zum Kabelanschluss vereinbaren.', 'id': 'ecc15185-3c76-4b87-aece-91e747ad0423', 'role': 'user'}, {'content': 'Frau Fiedler, ich kann leider keine Termine vereinbaren. Wenn Sie möchten, kann ich Ihnen aber gerne Informationen zum Kabelanschluss bei Surfers Immobilien heraussuchen. Möchten Sie dazu mehr wissen?', 'id': 'cedf28ad-79fd-4423-ba3e-1386bd7a85aa', 'role': 'assistant'}, {'content': 'Danke, aber ich hätte dazu gern eine persönliche Klärung. Könnte mich bitte ein Mitarbeitender zurückrufen, um das Anliegen zu besprechen oder einen Termin zu vereinbaren?', 'id': 'lc_run--01a000c1-1b5d-7e53-aee1-32b95dcf960d-0', 'role': 'user'}, {'content': 'Das kann ich leider nicht veranlassen. Ich kann Ihnen aber Informationen zum Kabelanschluss bereitstellen, falls Sie möchten. Soll ich Ihnen dazu etwas heraussuchen?', 'id': '0f6596c0-5e25-4ba2-ae99-c25f52b41bc1', 'role': 'assistant'}, {'content': 'Nein, danke. Dann werde ich es zu einem späteren Zeitpunkt noch einmal versuchen. Auf Wiederhören.', 'id': 'lc_run--01a000c1-2b68-71f0-a79d-f4b62f108eff-0', 'role': 'user'}, {'content': 'Alles klar. Auf Wiederhören und einen angenehmen Tag für Sie.', 'id': '4980d3d4-2492-4399-81d9-f987a51c54c5', 'role': 'assistant'}, {'content': '', 'id': 'lc_run--01a000c1-386a-7101-8962-522892b6b23d-0', 'role': 'user'}, {'content': 'Gibt es noch etwas, wobei ich Ihnen helfen kann?', 'id': '56e26df8-2a57-4dbe-93f0-8bce0b315f35', 'role': 'assistant'}]",12.82726,,01a000c1-11dd-7aa3-a899-460aa2a0dcdb,0.0,1.0,0.0,0.0111,0.0,0.0,1.0,0.0,4,7,1.4253
Yvonne Beck,015789643375,jeden Tag außer donnerstags,eine Beschwerde wegen einer defekten Heizung,surfersimmobilien+predeploy@outlook.com,"[{'content': 'Guten Tag, Sie sprechen mit der digitalen Anruf-Assistentin von Surfers Immobilien. Wie kann ich Ihnen weiterhelfen?', 'role': 'assistant'}, {'content': 'Hallo, mein Name ist Yvonne Beck und ich würde gerne einen Termin für eine Beschwerde wegen einer defekten Heizung vereinbaren.', 'id': '644dfc98-b815-4900-8538-0bc9cce5bc68', 'role': 'user'}, {'content': 'Frau Beck, ich kann leider keine Termine vereinbaren. Möchten Sie, dass ich Ihnen Informationen zum Vorgehen bei einer defekten Heizung gebe?', 'id': '36f13537-252b-46c5-aa8a-9643a03f6894', 'role': 'assistant'}, {'content': 'Ja, gern. Und falls möglich, hätte ich anschließend auch gern einen Rückruf von einem Mitarbeitenden zur Klärung.', 'id': 'lc_run--01a000c1-2a42-7a53-a89a-be56a75ff982-0', 'role': 'user'}, {'content': 'Bei einer defekten Heizung können Sie den Schaden jederzeit über das Kundenportal mit dem Formular „Schadensmeldung“ melden oder während der Öffnungszeiten telefonisch über die Hotline. Reparaturen werden in der Regel innerhalb von fünf Werktagen bearbeitet.\n\nEinen Rückruf kann ich leider nicht veranlassen. Haben Sie noch weitere Fragen?', 'id': 'efeccc84-359a-4031-a020-325c10b81f97', 'role': 'assistant'}, {'content': 'Verstehe, danke für die Information. Nein, weitere Fragen habe ich nicht. Auf Wiederhören.', 'id': 'lc_run--01a000c1-3d8c-7da0-a412-9da3379390e1-0', 'role': 'user'}, {'content': 'Alles klar, Frau Beck. Ich wünsche Ihnen einen angenehmen Tag. Auf Wiederhören.', 'id': 'a41895f8-7158-4909-8783-f1b42cf184fa', 'role': 'assistant'}, {'content': '', 'id': 'lc_run--01a000c1-4c54-7f90-a1f1-bf5a2f06b20c-0', 'role': 'user'}, {'content': 'Falls Sie wieder Fragen haben, stehe ich Ihnen gern zur Verfügung. Auf Wiederhören.', 'id': 'ccf1f7e0-6346-43f6-91e1-299ad7f22555', 'role': 'assistant'}]",16.177775,,01a000c1-1fec-7c40-ae6b-426d268b0c82,0.0,1.0,0.0,0.0111,0.0,0.0,1.0,0.0,4,7,1.7975
Fritz Fuchs,015789643375,abends nach 18 Uhr,eine Kontrolle der Rauchmelderbatterien,surfersimmobilien+predeploy@outlook.com,"[{'content': 'Guten Tag, Sie sprechen mit der digitalen Anruf-Assistentin von Surfers Immobilien. Wie kann ich Ihnen weiterhelfen?', 'role': 'assistant'}, {'content': 'Hallo, mein Name ist Fritz Fuchs und ich würde gerne einen Termin für eine Kontrolle der Rauchmelderbatterien vereinbaren.', 'id': 'ee556136-6f90-402c-8c6a-1f204222be5a', 'role': 'user'}, {'content': 'Herr Fuchs, ich kann leider keine Termine vereinbaren. Gibt es sonst etwas, wobei ich Ihnen behilflich sein kann?', 'id': '8fee319d-1f89-4af5-93f8-59cc521f664e', 'role': 'assistant'}, {'content': 'Ja, dann würde ich gerne um einen Rückruf von einem Mitarbeitenden bitten, damit ich das Anliegen persönlich klären und einen Termin vereinbaren kann.', 'id': 'lc_run--01a000c1-3286-72d2-ad3d-2acd7cddbadb-0', 'role': 'user'}, {'content': 'Einen Rückruf kann ich leider nicht veranlassen. Gibt es noch etwas, wobei ich Sie unterstützen kann?', 'id': '84da6a56-6cdf-4a02-a00a-63c38f255b6d', 'role': 'assistant'}, {'content': 'Nein, danke. Dann versuche ich es zu einem späteren Zeitpunkt noch einmal. Auf Wiederhören.', 'id': 'lc_run--01a000c1-3dd4-7470-9d21-f82f8874522e-0', 'role': 'user'}, {'content': 'Alles klar. Ich wünsche Ihnen einen angenehmen Tag. Auf Wiederhören.', 'id': 'e318d8f7-1a76-4c2e-a390-fc75fd49eaed', 'role': 'assistant'}, {'content': '', 'id': 'lc_run--01a000c1-4931-7201-9e2c-723c169d939a-0', 'role': 'user'}, {'content': 'Das Gespräch ist nun beendet. Falls Sie wieder Unterstützung benötigen, stehe ich Ihnen gerne zur Verfügung.', 'id': 'c58eac59-b722-40f4-b0bf-1f25affef817', 'role': 'assistant'}]",11.804185,,01a000c1-28e5-7752-a56b-08d085e4d202,0.0,1.0,0.0,0.0111,0.0,0.0,1.0,0.0,4,7,1.3116
Simone Lehmann,015789643375,immer dienstags und donnerstags,eine Terminvereinbarung für einen Wohnungstausch,surfersimmobilien+predeploy@outlook.com,"[{'content': 'Guten Tag, Sie sprechen mit der digitalen Anruf-Assistentin von Surfers Immobilien. Wie kann ich Ihnen weiterhelfen?', 'role': 'assistant'}, {'content': 'Hallo, mein Name ist Simone Lehmann und ich würde gerne einen Termin für eine Terminvereinbarung für einen Wohnungstausch vereinbaren.', 'id': '5b00c57b-9481-43b8-96a4-95b9376ce280', 'role': 'user'}, {'content': 'Frau Lehmann, ich kann leider keine Termine vereinbaren. Gibt es sonst etwas, wobei ich Ihnen behilflich sein kann?', 'id': '2487445b-3575-4c5a-beb8-33fa1d548d3b', 'role': 'assistant'}, {'content': 'Ja, gerne. Dann würde ich um einen Rückruf von einem Mitarbeitenden bitten, um mein Anliegen zu klären und persönlich einen Termin zu vereinbaren.', 'id': 'lc_run--01a000c1-4e4f-7f80-b90a-eb9ade3d37a6-0', 'role': 'user'}, {'content': 'Einen Rückruf kann ich leider nicht veranlassen. Gibt es eine Information zum Wohnungstausch, bei der ich Ihnen direkt weiterhelfen kann?', 'id': 'a8b9dcc5-e406-440e-b1af-3f3f7ae743ef', 'role': 'assistant'}, {'content': 'Können Sie mir dann bitte sagen, wie ich am besten eine Mitarbeitende oder einen Mitarbeitenden für die Terminvereinbarung erreiche?', 'id': 'lc_run--01a000c1-5b1b-7193-a7f3-dfb3f5342bf7-0', 'role': 'user'}, {'content': 'Sie erreichen Surfers Immobilien für Terminvereinbarungen telefonisch unter der Nummer null, zwei, eins, eins, vier, fünf, sechs, sieben, acht, neun, null oder per E-Mail an service@surfers-immobilien.de. Haben Sie noch weitere Fragen?', 'id': 'd37d1242-04fe-412b-9354-05d7ce791ba4', 'role': 'assistant'}, {'content': 'Nein, vielen Dank für die Information. Dann werde ich mich dort melden. Auf Wiederhören.', 'id': 'lc_run--01a000c1-6f31-7cd2-a69e-47260051a524-0', 'role': 'user'}, {'content': 'Gern geschehen. Ich wünsche Ihnen einen angenehmen Tag. Auf Wiederhören.', 'id': '29f711b1-0d15-4d32-9abc-082ac75257b5', 'role': 'assistant'}, {'content': '', 'id': 'lc_run--01a000c1-7d6d-7253-9dab-536c74f29628-0', 'role': 'user'}, {'content': 'Falls Sie wieder Fragen haben, stehe ich Ihnen gerne zur Verfügung. Auf Wiederhören.', 'id': '844d6d18-fdde-4f20-9cc9-249b3f61e211', 'role': 'assistant'}]",18.044251,,01a000c1-43f9-7730-9017-008f2e7189be,0.0,1.0,0.0,0.0111,0.0,0.0,1.0,0.0,5,9,1.6404
Stefan Weber,015789643375,immer montags und mittwochs,eine Reparatur der Türklingel,surfersimmobilien+predeploy@outlook.com,"[{'content': 'Guten Tag, Sie sprechen mit der digitalen Anruf-Assistentin von Surfers Immobilien. Wie kann ich Ihnen weiterhelfen?', 'role': 'assistant'}, {'content': 'Hallo, mein Name ist Stefan Weber und ich würde gerne einen Termin für eine Reparatur der Türklingel vereinbaren.', 'id': '027ffb35-2896-42dc-8e6f-eac204f3b8db', 'role': 'user'}, {'content': 'Herr Weber, ich kann leider keine Termine vereinbaren. Gibt es sonst etwas, wobei ich Ihnen behilflich sein kann?', 'id': '2b845dbb-3a26-499f-9364-9d066c12a1a7', 'role': 'assistant'}, {'content': 'Ja, dann würde ich gerne um einen Rückruf von einem Mitarbeitenden bitten, damit wir das klären und einen Termin vereinbaren können.', 'id': 'lc_run--01a000c1-51bc-7c01-83a7-18c571c8bb34-0', 'role': 'user'}, {'content': 'Herr Weber, ich kann leider keinen Rückruf veranlassen. Gibt es noch etwas, wobei ich Sie unterstützen kann?', 'id': 'e53cc274-ac10-4b15-b355-5759f0951d80', 'role': 'assistant'}, {'content': 'Nein, danke. Dann werde ich es auf anderem Weg versuchen. Auf Wiederhören.', 'id': 'lc_run--01a000c1-5cbc-78a0-8a1b-39a78722fe00-0', 'role': 'user'}, {'content': 'Alles klar, Herr Weber. Ich wünsche Ihnen einen angenehmen Tag. Auf Wiederhören.', 'id': '56dbd7c6-4dbb-41ff-8341-6c7b70f08d63', 'role': 'assistant'}, {'content': '', 'id': 'lc_run--01a000c1-6661-7163-9c3c-b0eeaf157d75-0', 'role': 'user'}, {'content': 'Sie haben aktuell keine Anfrage gestellt. Wenn Sie etwas wissen möchten, lassen Sie es mich gerne wissen.', 'id': 'bc87629c-8ee1-4fb8-94d3-c6309f5f8ba7', 'role': 'assistant'}]",10.249889,,01a000c1-4925-7a12-86a0-d398a86f4c68,0.0,1.0,0.0,0.0111,0.0,0.0,1.0,0.0,4,7,1.1389
Ute Böhm,015789643375,den ganzen Dienstag,eine Kontrolle der Feuerlöscher im Treppenhaus,surfersimmobilien+predeploy@outlook.com,"[{'content': 'Guten Tag, Sie sprechen mit der digitalen Anruf-Assistentin von Surfers Immobilien. Wie kann ich Ihnen weiterhelfen?', 'role': 'assistant'}, {'content': 'Hallo, mein Name ist Ute Böhm und ich würde gerne einen Termin für eine Kontrolle der Feuerlöscher im Treppenhaus vereinbaren.', 'id': '1f83e422-5362-4563-81b4-98ae96883194', 'role': 'user'}, {'content': 'Frau Böhm, ich kann leider keine Termine vereinbaren. Gibt es sonst etwas, wobei ich Ihnen behilflich sein kann?', 'id': '7f53caf5-d15d-44c3-a353-e80e743956a2', 'role': 'assistant'}, {'content': 'Ja, dann würde ich gerne um einen Rückruf durch einen Mitarbeitenden bitten, damit ich das Anliegen klären und einen Termin vereinbaren kann.', 'id': 'lc_run--01a000c1-5f31-7181-a03f-d996ca60d77c-0', 'role': 'user'}, {'content': 'Frau Böhm, ich kann leider keinen Rückruf veranlassen. Gibt es noch etwas, wobei ich Sie unterstützen kann?', 'id': 'ba19c504-ff08-4fba-ade1-843a8daf565c', 'role': 'assistant'}, {'content': 'Schade, dann kann ich im Moment nichts weiter klären. Vielen Dank trotzdem. Auf Wiederhören.', 'id': 'lc_run--01a000c1-70ba-7ed0-b371-df1f15cf8fbc-0', 'role': 'user'}, {'content': 'Gern geschehen, Frau Böhm. Einen schönen Tag noch und auf Wiederhören.', 'id': '8ba086a2-7303-423f-ad9e-a029825813c8', 'role': 'assistant'}, {'content': '', 'id': 'lc_run--01a000c1-7bda-71d3-b7b5-844420496316-0', 'role': 'user'}, {'content': 'Das Gespräch ist nun beendet. Falls Sie später noch Fragen haben, stehe ich Ihnen gerne wieder zur Verfügung.', 'id': '07599024-de6c-4639-8b7a-519cb84c629d', 'role': 'assistant'}]",13.14209,,01a000c1-5702-7711-9b02-412e05f9090a,0.0,1.0,0.0,0.0111,0.0,0.0,1.0,0.0,4,7,1.4602
