input.Kundennummer,input.Name,input.Telefon,input.availability,input.call_intent,input.email,outputs.trajectory,execution_time,error,id,feedback.call_reason_identified,feedback.info_duplicate,feedback.techsupport_noinfo_disclosure,assistant_turns,total_turns,avg_turn_duration
KN4115,Klaus Kraus,015789643375,Mittwoch und Freitag vormittags,"Können Sie mir sagen, wie ich Widerspruch beim Sozialgericht einlege?",surfersimmobilien+predeploy@outlook.com,"[{'content': 'Guten Tag, Sie sprechen mit der digitalen Anruf-Assistentin von Surfers Immobilien. Was ist der Grund für Ihren Anruf?', 'role': 'assistant'}, {'content': 'Hallo, ich habe eine Frage: Können Sie mir sagen, wie ich Widerspruch beim Sozialgericht einlege? Können Sie mir da weiterhelfen?', 'id': '7ab39ba5-5dc2-4945-88ee-f5b2249b2edf', 'role': 'user'}, {'content': 'Dazu kann ich Ihnen leider keine Auskunft geben. Ich kann nur Informationen rund um Surfers Immobilien bereitstellen. Haben Sie dazu eine Frage?', 'id': 'ae201604-c0b6-4b2c-a7e2-6002cc0e44cb', 'role': 'assistant'}, {'content': 'Nein, danke. Auf Wiederhören.', 'id': 'lc_run--01a000ef-b8fd-7e81-a9fb-c683fd3c6d7a-0', 'role': 'user'}, {'content': 'Alles klar. Dann wünsche ich Ihnen einen schönen Tag. Auf Wiederhören.', 'id': '99400aaa-45bd-4748-8049-9660e9f7a072', 'role': 'assistant'}, {'content': '', 'id': 'lc_run--01a000ef-c4e9-7e83-8c90-726f173928f2-0', 'role': 'user'}, {'content': 'Gibt es noch etwas, wobei ich Ihnen rund um Surfers Immobilien behilflich sein kann?', 'id': '186ccec4-5b8a-47d6-a36a-57c391ab9f24', 'role': 'assistant'}]",10.317041,,01a000ef-a9f4-7bd2-b0ff-5b7f34075cd5,1.0,0.0,1.0,3,5,1.4739
KN5579,Simone Haas,015789643375,immer dienstags und donnerstags,Wie hoch fällt die Dividende auf meine Genossenschaftsanteile in diesem Jahr aus?,surfersimmobilien+predeploy@outlook.com,"[{'content': 'Guten Tag, Sie sprechen mit der digitalen Anruf-Assistentin von Surfers Immobilien. Wie kann ich Ihnen weiterhelfen? Was ist der Grund Ihres Anrufs?', 'role': 'assistant'}, {'content': 'Hallo, ich habe eine Frage: Wie hoch fällt die Dividende auf meine Genossenschaftsanteile in diesem Jahr aus? Können Sie mir da weiterhelfen?', 'id': '867f2b9a-85e8-4d55-9b4e-f99ecdc7969e', 'role': 'user'}, {'content': 'Die Dividende auf Ihre Genossenschaftsanteile wird jedes Jahr von der Generalversammlung beschlossen. Es kann also eine Ausschüttung geben, wenn Überschüsse vorhanden sind. Für das aktuelle Jahr finde ich leider keinen konkreten Betrag. Haben Sie noch weitere Fragen?', 'id': 'cee894cf-420c-4f11-9beb-3e5db266126a', 'role': 'assistant'}, {'content': 'Nein, danke. Das war alles. Auf Wiederhören.', 'id': 'lc_run--01a000ef-be9a-78d0-bd4c-5c86d2b2dd6c-0', 'role': 'user'}, {'content': 'Alles klar. Dann wünsche ich Ihnen einen schönen Tag. Auf Wiederhören!', 'id': '117501d2-4eed-4174-8c6b-d50757cd624d', 'role': 'assistant'}, {'content': '', 'id': 'lc_run--01a000ef-cb8f-7653-b972-9e8d37595655-0', 'role': 'user'}, {'content': 'Gibt es noch etwas, wobei ich Ihnen helfen kann?', 'id': 'c87c0f17-80f7-4df0-946e-3ee4a30a3aa4', 'role': 'assistant'}]",11.966544,,01a000ef-a9f8-7d33-96ce-5876eed0ba97,1.0,0.0,1.0,3,5,1.7095
KN7507,Bettina Nowak,015789643375,immer freitags,"Können Sie mir sagen, welchen Techniker Sie morgen zu mir schicken?",surfersimmobilien+predeploy@outlook.com,"[{'content': 'Guten Tag, Sie sprechen mit der digitalen Anruf-Assistentin von Surfers Immobilien. Wie kann ich Ihnen weiterhelfen? Was ist der Grund Ihres Anrufs?', 'role': 'assistant'}, {'content': 'Hallo, ich habe eine Frage: Können Sie mir sagen, welchen Techniker Sie morgen zu mir schicken? Können Sie mir da weiterhelfen?', 'id': '82865ddb-009c-45e5-b07d-f7e2b0e10379', 'role': 'user'}, {'content': 'Dazu liegen mir leider keine Informationen vor. Ich kann Ihnen nicht sagen, welcher Techniker morgen zu Ihnen kommt. Haben Sie noch weitere Fragen?', 'id': '0471945c-2bca-4a05-8101-bf67f62a4df3', 'role': 'assistant'}, {'content': 'Nein, danke. Auf Wiederhören.', 'id': 'lc_run--01a000ef-b761-7003-a5e2-4c4088b9eb70-0', 'role': 'user'}, {'content': 'Alles klar. Dann wünsche ich Ihnen einen schönen Tag. Auf Wiederhören!', 'id': '561c630d-fc77-4023-b757-7191ab2263ae', 'role': 'assistant'}, {'content': '', 'id': 'lc_run--01a000ef-c4a5-7ee2-8064-d74eeb9e7361-0', 'role': 'user'}, {'content': 'Falls Sie wieder Fragen haben, stehe ich Ihnen gerne zur Verfügung. Auf Wiederhören!', 'id': '2f9d4205-c9bd-41ca-9be0-83788e12db48', 'role': 'assistant'}]",10.079852,,01a000ef-a9fc-7642-baaa-3d7708d96cbc,1.0,0.0,1.0,3,5,1.44
KN3930,Margarete Richter,015789643375,Mittwoch und Freitag vormittags,"Können Sie mir sagen, welche Musik im Aufzug gespielt wird?",surfersimmobilien+predeploy@outlook.com,"[{'content': 'Guten Tag, Sie sprechen mit der digitalen Anruf-Assistentin von Surfers Immobilien. Wie kann ich Ihnen weiterhelfen? Was ist der Grund Ihres Anrufs?', 'role': 'assistant'}, {'content': 'Hallo, ich habe eine Frage: Können Sie mir sagen, welche Musik im Aufzug gespielt wird? Können Sie mir da weiterhelfen?', 'id': '7d596c2d-e9e1-4139-a69d-d4369ea29fd6', 'role': 'user'}, {'content': 'Dazu liegen mir leider keine Informationen vor. Ich kann Ihnen dazu leider nichts sagen. Haben Sie noch eine andere Frage?', 'id': '63fe630c-4431-479c-bae8-aad91fcb3ff9', 'role': 'assistant'}, {'content': 'Nein, danke. Auf Wiederhören.', 'id': 'lc_run--01a000ef-b7fa-7002-a74b-6bd18c6f654d-0', 'role': 'user'}, {'content': 'Alles klar. Dann wünsche ich Ihnen einen schönen Tag. Auf Wiederhören.', 'id': 'd17761ad-bc01-4813-8a60-3cd3cc41ec57', 'role': 'assistant'}, {'content': '', 'id': 'lc_run--01a000ef-c492-7422-b1d8-384693527ed3-0', 'role': 'user'}, {'content': 'Gibt es noch etwas, wobei ich Ihnen helfen kann?', 'id': 'fc21e4a1-f4bb-474e-9309-c86dd095b0d5', 'role': 'assistant'}]",10.711151,,01a000ef-a9fd-7dc0-8f17-0ec5e9264ac6,1.0,0.0,1.0,3,5,1.5302
KN6119,Torsten Seidel,015789643375,Freitag den ganzen Tag,Wie laut darf eine Baustelle nebenan laut Gesetz tatsächlich sein?,surfersimmobilien+predeploy@outlook.com,"[{'content': 'Guten Tag, Sie sprechen mit der digitalen Anruf-Assistentin von Surfers Immobilien. Wie kann ich Ihnen weiterhelfen? Was ist der Grund Ihres Anrufs?', 'role': 'assistant'}, {'content': 'Hallo, ich habe eine Frage: Wie laut darf eine Baustelle nebenan laut Gesetz tatsächlich sein? Können Sie mir da weiterhelfen?', 'id': '52dab1ac-c88a-4043-a035-b1857f14c910', 'role': 'user'}, {'content': 'Dazu liegen mir leider keine konkreten Informationen vor. Ich kann Ihnen die gesetzlichen Lärmgrenzen für Baustellen nicht nennen. Haben Sie noch eine andere Frage?', 'id': '2f0812e9-5037-4bb1-872d-22a21ecb2a0a', 'role': 'assistant'}, {'content': 'Nein, danke. Das war alles. Auf Wiederhören.', 'id': 'lc_run--01a000ef-e1b3-7a73-abd4-3992145b25d6-0', 'role': 'user'}, {'content': 'Alles klar. Dann wünsche ich Ihnen einen schönen Tag. Auf Wiederhören!', 'id': '599018ff-e565-480b-958f-9636e10ad6da', 'role': 'assistant'}, {'content': '', 'id': 'lc_run--01a000ef-f2eb-7bd2-8de6-6f52f3fcd49a-0', 'role': 'user'}, {'content': 'Gibt es noch etwas, wobei ich Ihnen helfen kann?', 'id': '3e3fca21-40ec-4798-81e1-6b2efba83303', 'role': 'assistant'}]",12.31216,,01a000ef-d15d-7361-8eeb-a9069609567d,1.0,0.0,1.0,3,5,1.7589
KN7564,Kurt Fischer,015789643375,Donnerstag von 8 Uhr bis 11 Uhr,"Können Sie mir raten, welche Schule für mein Kind in der Nähe am besten ist?",surfersimmobilien+predeploy@outlook.com,"[{'content': 'Guten Tag, Sie sprechen mit der digitalen Anruf-Assistentin von Surfers Immobilien. Was ist der Grund für Ihren Anruf?', 'role': 'assistant'}, {'content': 'Hallo, ich habe eine Frage: Können Sie mir raten, welche Schule für mein Kind in der Nähe am besten ist? Können Sie mir da weiterhelfen?', 'id': '55e942cc-41b1-4461-8d74-33c60863f892', 'role': 'user'}, {'content': 'Dazu kann ich Ihnen leider keine Auskunft geben. Ich kann nur Informationen rund um Surfers Immobilien und deren Wohnungen bereitstellen. Haben Sie dazu eine Frage?', 'id': '1ac4d664-ba7d-4c3f-8bbe-d47b33755227', 'role': 'assistant'}, {'content': 'Nein, danke. Auf Wiederhören.', 'id': 'lc_run--01a000ef-de35-7910-be1a-07850f745d40-0', 'role': 'user'}, {'content': 'Alles klar. Dann wünsche ich Ihnen einen schönen Tag. Auf Wiederhören.', 'id': 'ed1d7888-eff3-46a5-a4cb-3af9278951c1', 'role': 'assistant'}, {'content': '', 'id': 'lc_run--01a000ef-eb83-7152-ad33-4f0054dceb87-0', 'role': 'user'}, {'content': 'Gibt es noch etwas, wobei ich Ihnen rund um Surfers Immobilien behilflich sein kann?', 'id': '72c95975-3e33-4ea4-82a5-42aaa7baac9c', 'role': 'assistant'}]",9.725388,,01a000ef-d242-7ee0-97b6-4bfb4a1424d7,1.0,0.0,1.0,3,5,1.3893
KN4133,Ernst Schröder,015789643375,Dienstag von 9 Uhr bis 11 Uhr,"Können Sie mir sagen, ob die Firma an der Börse gelistet ist?",surfersimmobilien+predeploy@outlook.com,"[{'content': 'Guten Tag, Sie sprechen mit der digitalen Anruf-Assistentin von Surfers Immobilien. Wie kann ich Ihnen weiterhelfen? Was ist der Grund Ihres Anrufs?', 'role': 'assistant'}, {'content': 'Hallo, ich habe eine Frage: Können Sie mir sagen, ob die Firma an der Börse gelistet ist? Können Sie mir da weiterhelfen?', 'id': '2b75a429-012b-4e55-a93d-d21e47aed8a8', 'role': 'user'}, {'content': 'Surfers Immobilien ist eine Wohnungsgenossenschaft. Das bedeutet, sie ist nicht an der Börse gelistet. Haben Sie noch weitere Fragen?', 'id': 'f0d7332c-28e0-4301-8880-eb5f2ef6cbd7', 'role': 'assistant'}, {'content': 'Nein, danke. Das war alles. Auf Wiederhören.', 'id': 'lc_run--01a000ef-e49e-7142-9442-b14745ceff4c-0', 'role': 'user'}, {'content': 'Alles klar. Dann wünsche ich Ihnen einen schönen Tag. Auf Wiederhören!', 'id': 'c69f2e7f-763b-4cb2-8724-b14f306e3b18', 'role': 'assistant'}, {'content': '', 'id': 'lc_run--01a000ef-f43f-7b22-af2a-6fb5b462f119-0', 'role': 'user'}, {'content': 'Gibt es noch etwas, wobei ich Ihnen helfen kann?', 'id': '85b1c342-fec5-423a-8fab-c58dc5113795', 'role': 'assistant'}]",10.65607,,01a000ef-d3d5-7273-8e9a-b65c2b8d887e,1.0,0.0,0.0,3,5,1.5223
KN1528,Jörg Kaiser,015789643375,Donnerstag von 8 Uhr bis 11 Uhr,Können Sie mir die genaue Postleitzahl der Nachbarstadt nennen?,surfersimmobilien+predeploy@outlook.com,"[{'content': 'Guten Tag, Sie sprechen mit der digitalen Anruf-Assistentin von Surfers Immobilien. Wie kann ich Ihnen weiterhelfen? Was ist der Grund Ihres Anrufs?', 'role': 'assistant'}, {'content': 'Hallo, ich habe eine Frage: Können Sie mir die genaue Postleitzahl der Nachbarstadt nennen? Können Sie mir da weiterhelfen?', 'id': 'da156a30-b554-4d4a-b921-73706daaef37', 'role': 'user'}, {'content': 'Dazu liegen mir leider keine Informationen vor. Ich kann Ihnen nur Auskünfte rund um Surfers Immobilien und deren Angebote geben. Haben Sie dazu eine Frage?', 'id': 'cd054bef-f090-465c-97a4-2219534d9669', 'role': 'assistant'}, {'content': 'Nein, danke. Das war alles. Auf Wiederhören.', 'id': 'lc_run--01a000ef-e483-7992-a4cb-4e77cda449cf-0', 'role': 'user'}, {'content': 'Alles klar. Dann wünsche ich Ihnen einen schönen Tag. Auf Wiederhören.', 'id': '9a4be2f3-c915-43b6-a2d1-1daff692ee1a', 'role': 'assistant'}, {'content': '', 'id': 'lc_run--01a000ef-f452-7da2-a91d-babc5df504aa-0', 'role': 'user'}, {'content': 'Gibt es noch etwas, wobei ich Ihnen helfen kann?', 'id': 'b2b8fde7-363e-4a94-a021-bb8fcd4fa1d9', 'role': 'assistant'}]",11.054496,,01a000ef-d8b7-7e50-9a61-5bbc2d4925b6,1.0,0.0,1.0,3,5,1.5792
KN4911,Erika Schneider,015789643375,Mittwoch von 10 Uhr bis 13 Uhr,Wann genau wird das neue Bauprojekt in meiner Nachbarschaft fertiggestellt?,surfersimmobilien+predeploy@outlook.com,"[{'content': 'Guten Tag! Sie sprechen mit der digitalen Anruf-Assistentin von Surfers Immobilien. Was ist der genaue Grund für Ihren Anruf?', 'role': 'assistant'}, {'content': 'Hallo, ich habe eine Frage: Wann genau wird das neue Bauprojekt in meiner Nachbarschaft fertiggestellt? Können Sie mir da weiterhelfen?', 'id': '896c2642-89da-42f0-8c4d-fd5c1815177b', 'role': 'user'}, {'content': 'Die genauen Fertigstellungstermine für neue Bauprojekte werden jeweils gesondert bekannt gegeben. Leider liegen mir dazu keine konkreten Angaben vor. Haben Sie noch weitere Fragen?', 'id': 'e53f6b56-5760-4d31-a72b-d60166d0107c', 'role': 'assistant'}, {'content': 'Nein, danke. Das war alles. Auf Wiederhören.', 'id': 'lc_run--01a000f0-09d1-72c3-b0f4-9d14bfe7808b-0', 'role': 'user'}, {'content': 'Alles klar. Dann wünsche ich Ihnen einen schönen Tag. Auf Wiederhören!', 'id': '48a02fb7-f552-4bc0-b810-bb30880f2e5a', 'role': 'assistant'}, {'content': '', 'id': 'lc_run--01a000f0-16d1-79e1-8536-2cca5b6728c7-0', 'role': 'user'}, {'content': 'Gibt es noch etwas, wobei ich Ihnen helfen kann?', 'id': 'b3cec558-0ae4-4d13-82e9-ef75ccdf9728', 'role': 'assistant'}]",10.236638,,01a000ef-f841-7942-a448-9fd3e60b4b32,1.0,0.0,1.0,3,5,1.4624
KN1793,Claudia Schuster,015789643375,"am Wochenende, Samstag oder Sonntag","Können Sie mir sagen, wie hoch der Energieausweis-Wert meines Gebäudes ist?",surfersimmobilien+predeploy@outlook.com,"[{'content': 'Guten Tag, Sie sprechen mit der digitalen Anruf-Assistentin von Surfers Immobilien. Wie kann ich Ihnen weiterhelfen? Was ist der Grund Ihres Anrufs?', 'role': 'assistant'}, {'content': 'Hallo, ich habe eine Frage: Können Sie mir sagen, wie hoch der Energieausweis-Wert meines Gebäudes ist? Können Sie mir da weiterhelfen?', 'id': 'c568f5fb-371e-4de5-90f2-7a217cd0118d', 'role': 'user'}, {'content': 'Den Energieausweis-Wert Ihres Gebäudes können Sie im Kundenportal unter „Meine Wohnung“ im Bereich „Gebäudeinformationen“ einsehen. Haben Sie noch weitere Fragen?', 'id': 'c0510ac8-6436-4c07-aa1e-73a26d91a520', 'role': 'assistant'}, {'content': 'Nein, danke. Das war alles. Auf Wiederhören.', 'id': 'lc_run--01a000f0-0e2a-7051-abac-7c86c2110198-0', 'role': 'user'}, {'content': 'Alles klar. Dann wünsche ich Ihnen einen schönen Tag. Auf Wiederhören!', 'id': 'd66de6c5-117f-43b4-bb78-f20504847573', 'role': 'assistant'}, {'content': '', 'id': 'lc_run--01a000f0-1b96-7dc1-a93e-4b0178eda520-0', 'role': 'user'}, {'content': 'Gibt es noch etwas, wobei ich Ihnen helfen kann?', 'id': 'd96ec037-51d3-4f61-a9a4-3a5e770d7a20', 'role': 'assistant'}]",9.901104,,01a000ef-fd76-7ad2-85c0-a21b7c2a0ede,1.0,0.0,0.0,3,5,1.4144
KN2002,Dieter Vogt,015789643375,Donnerstag von 13 Uhr bis 15 Uhr,Wie hoch ist die Miete in der Wohnung neben mir?,surfersimmobilien+predeploy@outlook.com,"[{'content': 'Guten Tag, Sie sprechen mit der digitalen Anruf-Assistentin von Surfers Immobilien. Was ist der Grund für Ihren Anruf?', 'role': 'assistant'}, {'content': 'Hallo, ich habe eine Frage: Wie hoch ist die Miete in der Wohnung neben mir? Können Sie mir da weiterhelfen?', 'id': '31ebf6ed-3648-4233-8cf1-03301202869c', 'role': 'user'}, {'content': 'Zur konkreten Miethöhe der Wohnung neben Ihnen liegen mir leider keine Informationen vor. Die Miete bei Surfers Immobilien richtet sich generell nach günstigen, genossenschaftlichen Konditionen. Haben Sie noch weitere Fragen?', 'id': 'dbb64011-8902-49ae-bed0-ddea683a59e1', 'role': 'assistant'}, {'content': 'Nein, danke. Auf Wiederhören.', 'id': 'lc_run--01a000f0-119f-75d3-bb89-5fed88dec1e5-0', 'role': 'user'}, {'content': 'Alles klar. Dann wünsche ich Ihnen einen schönen Tag. Auf Wiederhören!', 'id': '4c3af8fa-e4ec-4477-aac9-041f94d8db81', 'role': 'assistant'}, {'content': '', 'id': 'lc_run--01a000f0-1e9f-7260-a26c-682ff24fecfd-0', 'role': 'user'}, {'content': 'Gibt es noch etwas, wobei ich Ihnen helfen kann?', 'id': '93619e36-7b88-4936-99c7-bbc539a1afc9', 'role': 'assistant'}]",11.29523,,01a000f0-0176-7fc2-b12f-3167d2e05056,1.0,0.0,1.0,3,5,1.6136
KN1708,Benno Schmid,015789643375,den ganzen Freitag,"Können Sie mir sagen, wie ich eine Ladestation privat installieren lassen kann, ohne dass es im Vertrag steht?",surfersimmobilien+predeploy@outlook.com,"[{'content': 'Guten Tag, Sie sprechen mit der digitalen Anruf-Assistentin von Surfers Immobilien. Was ist der Grund für Ihren Anruf?', 'role': 'assistant'}, {'content': 'Hallo, ich habe eine Frage: Können Sie mir sagen, wie ich eine Ladestation privat installieren lassen kann, ohne dass es im Vertrag steht? Können Sie mir da weiterhelfen?', 'id': '0210c285-8b62-4f10-bc45-f3bf3bad37e8', 'role': 'user'}, {'content': 'Dazu finde ich leider keine Informationen. Es gibt keine Hinweise, wie Sie eine private Ladestation installieren lassen können, wenn das nicht im Vertrag geregelt ist. Haben Sie noch weitere Fragen?', 'id': '3966200f-e6e6-4e44-8ed1-546edb42d3f2', 'role': 'assistant'}, {'content': 'Nein, danke. Auf Wiederhören.', 'id': 'lc_run--01a000f0-1472-7071-8a38-dfd237edae2c-0', 'role': 'user'}, {'content': 'Alles klar. Dann wünsche ich Ihnen einen schönen Tag. Auf Wiederhören.', 'id': 'd1cf220e-1829-4b96-8339-5c3cc940e1da', 'role': 'assistant'}, {'content': '', 'id': 'lc_run--01a000f0-28dc-7450-9eb9-aa7e10fa58a2-0', 'role': 'user'}, {'content': 'Gibt es noch etwas, wobei ich Ihnen helfen kann?', 'id': '23efd824-529e-4d97-95f3-68ab16d60cad', 'role': 'assistant'}]",12.026478,,01a000f0-03e7-7111-abb6-af4d9e746f81,1.0,0.0,1.0,3,5,1.7181
KN8546,Luise Lehmann,015789643375,den ganzen Montag,Bieten Sie eine Reinigungskraft für die Wohnung selbst an?,surfersimmobilien+predeploy@outlook.com,"[{'content': 'Guten Tag, Sie sprechen mit der digitalen Anruf-Assistentin von Surfers Immobilien. Was ist der Grund für Ihren Anruf?', 'role': 'assistant'}, {'content': 'Hallo, ich habe eine Frage: Bieten Sie eine Reinigungskraft für die Wohnung selbst an? Können Sie mir da weiterhelfen?', 'id': '4ad9fafc-ae4f-4084-82ce-ea7f1357a5e1', 'role': 'user'}, {'content': 'Eine Reinigungskraft für die Wohnung selbst wird von Surfers Immobilien nicht angeboten. Es gibt einen Hausmeisterservice für allgemeine Anliegen im Haus, aber keine Reinigung der einzelnen Wohnungen. Haben Sie noch weitere Fragen?', 'id': 'c0f3c585-72bf-4480-8f48-00eea62a0c59', 'role': 'assistant'}, {'content': 'Nein, danke. Das war alles. Auf Wiederhören.', 'id': 'lc_run--01a000f0-3173-7753-84c8-00b4c4b060b9-0', 'role': 'user'}, {'content': 'Alles klar. Dann wünsche ich Ihnen einen schönen Tag. Auf Wiederhören!', 'id': '3ba8e636-c02d-4cba-9cc8-c11528430c6a', 'role': 'assistant'}, {'content': '', 'id': 'lc_run--01a000f0-3f71-7c63-83fe-25b46b423a76-0', 'role': 'user'}, {'content': 'Gibt es noch etwas, wobei ich Ihnen helfen kann?', 'id': 'a4d48c26-8980-45ac-af1a-288f553c653f', 'role': 'assistant'}]",11.854363,,01a000f0-203f-7293-8eb4-1a676a7d6607,1.0,0.0,0.0,3,5,1.6935
KN7708,Gerd Weiß,015789643375,Montag und Mittwoch von 9 bis 12 Uhr,"Können Sie mir sagen, welches Renovierungsbudget für mein Haus geplant ist?",surfersimmobilien+predeploy@outlook.com,"[{'content': 'Guten Tag, Sie sprechen mit der digitalen Anruf-Assistentin von Surfers Immobilien. Wie kann ich Ihnen weiterhelfen? Was ist der Grund für Ihren Anruf?', 'role': 'assistant'}, {'content': 'Hallo, ich habe eine Frage: Können Sie mir sagen, welches Renovierungsbudget für mein Haus geplant ist? Können Sie mir da weiterhelfen?', 'id': 'd972b05d-d1d3-4fa4-8fe7-3163ab734c5e', 'role': 'user'}, {'content': 'Zu einem konkreten Renovierungsbudget für Ihr Haus finde ich leider keine Angaben. Kleinere Reparaturen bis zu einhundert Euro pro Fall tragen Sie selbst, alles darüber übernimmt die Genossenschaft. Haben Sie noch weitere Fragen?', 'id': 'f90472e5-7f5b-4638-a1ce-02f23637cad9', 'role': 'assistant'}, {'content': 'Nein, danke. Das war alles. Auf Wiederhören.', 'id': 'lc_run--01a000f0-3b18-73a1-a7ea-c044d1e9654b-0', 'role': 'user'}, {'content': 'Alles klar. Dann wünsche ich Ihnen einen schönen Tag. Auf Wiederhören!', 'id': '33a0b4de-54d2-42af-a8e5-606b522cb53f', 'role': 'assistant'}, {'content': '', 'id': 'lc_run--01a000f0-4998-7d22-b5ed-c20461430b70-0', 'role': 'user'}, {'content': 'Gibt es noch etwas, wobei ich Ihnen helfen kann?', 'id': 'ed7f88a1-10b8-4f2e-9b68-8a84c3a6ad3b', 'role': 'assistant'}]",13.692035,,01a000f0-2425-7151-8449-b19e0c65f783,1.0,0.0,1.0,3,5,1.956
KN6663,Julia Berger,015789643375,den ganzen Freitag,"Können Sie mir sagen, wie das Wetter am Umzugstag wird?",surfersimmobilien+predeploy@outlook.com,"[{'content': 'Guten Tag, Sie sprechen mit der digitalen Anruf-Assistentin von Surfers Immobilien. Was ist der genaue Grund für Ihren Anruf?', 'role': 'assistant'}, {'content': 'Hallo, ich habe eine Frage: Können Sie mir sagen, wie das Wetter am Umzugstag wird? Können Sie mir da weiterhelfen?', 'id': 'cdcd99be-0bc9-4d0f-a716-126798468365', 'role': 'user'}, {'content': 'Das Thema Wetter liegt leider außerhalb meines Aufgabenbereichs. Ich bin ausschließlich für Anliegen rund um Surfers Immobilien zuständig.\n\nIch kann Ihnen zum Beispiel bei folgenden Themen helfen:\n- Informationen zur Mitgliedschaft\n- Fragen zu Wohnungen und Vermietung\n- Anliegen rund um Ihre Genossenschaftsanteile\n\nMöchten Sie zu einem dieser Themen etwas wissen?', 'id': '458b00b5-ca82-45db-96d8-1aa8a5ea7994', 'role': 'assistant'}, {'content': 'Nein, danke. Das war alles. Auf Wiederhören.', 'id': 'lc_run--01a000f0-3b17-7162-a35f-53c7de7ab511-0', 'role': 'user'}, {'content': 'Alles klar. Dann wünsche ich Ihnen einen schönen Tag. Auf Wiederhören!', 'id': '33834c51-5469-4d82-9bb6-753912117a31', 'role': 'assistant'}, {'content': '', 'id': 'lc_run--01a000f0-4a92-77a2-943d-ae25d3f7be0d-0', 'role': 'user'}, {'content': 'Gibt es noch etwas, wobei ich Ihnen helfen kann?', 'id': '3c6a9cdf-3114-455f-9352-1d0473753630', 'role': 'assistant'}]",11.230716,,01a000f0-2d97-7521-b0b7-ff6adf06d887,1.0,0.0,1.0,3,5,1.6044
KN9294,Elke Lang,015789643375,nur nachmittags ab 15 Uhr,"Können Sie mir sagen, wie ich mich für den Rundfunkbeitrag anmelde?",surfersimmobilien+predeploy@outlook.com,"[{'content': 'Guten Tag, Sie sprechen mit der digitalen Anruf-Assistentin von Surfers Immobilien. Wie kann ich Ihnen weiterhelfen? Was ist der Grund für Ihren Anruf?', 'role': 'assistant'}, {'content': 'Hallo, ich habe eine Frage: Können Sie mir sagen, wie ich mich für den Rundfunkbeitrag anmelde? Können Sie mir da weiterhelfen?', 'id': 'fe41daf0-6a8e-4df1-bebb-9648dc45f950', 'role': 'user'}, {'content': 'Dazu habe ich leider keine Informationen. Die Anmeldung für den Rundfunkbeitrag wird nicht direkt von Surfers Immobilien geregelt. Haben Sie noch weitere Fragen?', 'id': '79409d95-99b1-40b4-b8a8-2c4c235b7d8d', 'role': 'assistant'}, {'content': 'Nein, danke. Das war alles. Auf Wiederhören.', 'id': 'lc_run--01a000f0-42ed-79d0-897c-f4c7cf97bf37-0', 'role': 'user'}, {'content': 'Alles klar. Dann wünsche ich Ihnen einen schönen Tag. Auf Wiederhören.', 'id': '3cde275e-509b-479f-941c-f5ba02fc8fda', 'role': 'assistant'}, {'content': '', 'id': 'lc_run--01a000f0-4fdb-7ba1-8b2a-747dff5612c1-0', 'role': 'user'}, {'content': 'Gibt es noch etwas, wobei ich Ihnen helfen kann?', 'id': '7f816a75-4231-4a20-a356-e2c057a12401', 'role': 'assistant'}]",12.021475,,01a000f0-32e2-7d43-84f3-9230fb23d365,1.0,0.0,1.0,3,5,1.7174
KN6348,Monika Stein,015789643375,den ganzen Dienstag,Können Sie mir persönliche Daten eines anderen Mieters geben?,surfersimmobilien+predeploy@outlook.com,"[{'content': 'Guten Tag, Sie sprechen mit der digitalen Anruf-Assistentin von Surfers Immobilien. Wie kann ich Ihnen weiterhelfen? Was ist der Grund für Ihren Anruf?', 'role': 'assistant'}, {'content': 'Hallo, ich habe eine Frage: Können Sie mir persönliche Daten eines anderen Mieters geben? Können Sie mir da weiterhelfen?', 'id': '608b16a5-ea1f-4135-8518-d763bbfe15b4', 'role': 'user'}, {'content': 'Das kann ich leider nicht tun. Persönliche Daten anderer Mieter darf ich aus Datenschutzgründen nicht weitergeben. Haben Sie noch weitere Fragen?', 'id': '813ea120-2e55-4310-a1cf-e889e6161a9f', 'role': 'assistant'}, {'content': 'Nein, danke. Auf Wiederhören.', 'id': 'lc_run--01a000f0-5952-7660-97b0-a35a1af353bb-0', 'role': 'user'}, {'content': 'Alles klar. Auf Wiederhören und einen schönen Tag noch!', 'id': 'b9776533-26d0-48fd-b772-82034cc1e915', 'role': 'assistant'}, {'content': '', 'id': 'lc_run--01a000f0-67a0-7d71-bc21-47e485e20571-0', 'role': 'user'}, {'content': 'Gibt es noch etwas, wobei ich Ihnen helfen kann?', 'id': '2a2ce53e-e1c4-4a82-811e-164182993939', 'role': 'assistant'}]",11.096669,,01a000f0-4e8f-7072-8d77-bc4af60b3368,1.0,0.0,1.0,3,5,1.5852
KN9955,Hildegard Schäfer,015789643375,jeden Tag außer donnerstags,"Ich bin selbst Vermieter, können Sie meine Wohnung mitverwalten?",surfersimmobilien+predeploy@outlook.com,"[{'content': 'Guten Tag, Sie sprechen mit der digitalen Anruf-Assistentin von Surfers Immobilien. Was ist der Grund für Ihren Anruf?', 'role': 'assistant'}, {'content': 'Hallo, ich habe eine Frage: Ich bin selbst Vermieter, können Sie meine Wohnung mitverwalten? Können Sie mir da weiterhelfen?', 'id': '5ba96a65-93ee-40e2-98ab-e60412ed8967', 'role': 'user'}, {'content': 'Surfers Immobilien verwaltet ausschließlich die eigenen Genossenschaftswohnungen. Eine Verwaltung von Wohnungen für externe Vermieter wird nicht angeboten. Haben Sie noch weitere Fragen?', 'id': '56532d7b-120b-4a74-84c9-68364192a912', 'role': 'assistant'}, {'content': 'Nein, danke. Das war alles. Auf Wiederhören.', 'id': 'lc_run--01a000f0-6a58-7001-a8a2-457112adf6b2-0', 'role': 'user'}, {'content': 'Alles klar, dann wünsche ich Ihnen einen schönen Tag. Auf Wiederhören.', 'id': '13fc084b-0794-4161-b7ea-d096faaf60ca', 'role': 'assistant'}, {'content': '', 'id': 'lc_run--01a000f0-78a7-7071-8fbd-35c2a889948f-0', 'role': 'user'}, {'content': 'Gibt es noch etwas, wobei ich Ihnen helfen kann?', 'id': '4668d5b3-40ed-473f-9617-f56d07dec6aa', 'role': 'assistant'}]",11.215644,,01a000f0-5976-7f80-b94f-a52036fb9e8f,1.0,0.0,0.0,3,5,1.6022
KN9388,Otto Müller,015789643375,immer montags und mittwochs,Können Sie mir die private Handynummer des Hausmeisters geben?,surfersimmobilien+predeploy@outlook.com,"[{'content': 'Guten Tag, Sie sprechen mit der digitalen Anruf-Assistentin von Surfers Immobilien. Wie kann ich Ihnen weiterhelfen? Was ist der Grund für Ihren Anruf?', 'role': 'assistant'}, {'content': 'Hallo, ich habe eine Frage: Können Sie mir die private Handynummer des Hausmeisters geben? Können Sie mir da weiterhelfen?', 'id': 'b3774063-83a5-4460-83e7-b47948783f5d', 'role': 'user'}, {'content': 'Es tut mir leid, aber ich kann Ihnen die private Handynummer des Hausmeisters nicht zur Verfügung stellen. Haben Sie noch weitere Fragen?', 'id': 'a13f9088-96af-4a5e-92ff-1182a6551c29', 'role': 'assistant'}, {'content': 'Nein, danke. Auf Wiederhören.', 'id': 'lc_run--01a000f0-6504-7d23-a05d-f778fe9910fd-0', 'role': 'user'}, {'content': 'Alles klar. Auf Wiederhören und einen schönen Tag noch!', 'id': 'ab5d22a2-f7b0-4a3b-bdbb-4b67115303e1', 'role': 'assistant'}, {'content': '', 'id': 'lc_run--01a000f0-719a-7d11-ba1c-78e44d9f943f-0', 'role': 'user'}, {'content': 'Gibt es noch etwas, wobei ich Ihnen helfen kann?', 'id': 'b56aca85-6eda-4600-9f68-afee8a0486f3', 'role': 'assistant'}]",9.680936,,01a000f0-59a2-7092-a1fc-32fe39bf01d2,1.0,0.0,1.0,3,5,1.383
KN1605,Anneliese Schwarz,015789643375,den ganzen Dienstag,"Können Sie mir sagen, ob es in meinem Gebäude schon einmal Bettwanzen gab?",surfersimmobilien+predeploy@outlook.com,"[{'content': 'Guten Tag, Sie sprechen mit der digitalen Anruf-Assistentin von Surfers Immobilien. Wie kann ich Ihnen weiterhelfen? Was ist der Grund für Ihren Anruf?', 'role': 'assistant'}, {'content': 'Hallo, ich habe eine Frage: Können Sie mir sagen, ob es in meinem Gebäude schon einmal Bettwanzen gab? Können Sie mir da weiterhelfen?', 'id': 'dd11dd92-b24b-4fda-8b8e-ff57084d37d2', 'role': 'user'}, {'content': 'Dazu liegen mir leider keine Informationen vor. Es gibt in den verfügbaren Unterlagen keinen Hinweis auf frühere Bettwanzenbefälle in Gebäuden von Surfers Immobilien. Haben Sie noch weitere Fragen?', 'id': '34adf997-50a0-427f-8bd3-240df992e859', 'role': 'assistant'}, {'content': 'Nein, danke. Das war alles. Auf Wiederhören.', 'id': 'lc_run--01a000f0-723b-7a90-9a52-a7f359efc53a-0', 'role': 'user'}, {'content': 'Alles klar. Dann wünsche ich Ihnen einen schönen Tag. Auf Wiederhören!', 'id': '0940164b-c162-46ef-b303-2b21f9e2fe66', 'role': 'assistant'}, {'content': '', 'id': 'lc_run--01a000f0-7ff0-7bb0-aec7-dd31275f2284-0', 'role': 'user'}, {'content': 'Gibt es noch etwas, wobei ich Ihnen helfen kann?', 'id': '5c9d8a10-e6ff-4181-b018-ea067c94a256', 'role': 'assistant'}]",11.236698,,01a000f0-61d9-7192-8fc2-d5761e1b05f0,1.0,0.0,1.0,3,5,1.6052
KN3934,Petra Franke,015789643375,nur nachmittags ab 15 Uhr,Wann wurde Surfers Immobilien gegründet?,surfersimmobilien+predeploy@outlook.com,"[{'content': 'Guten Tag, Sie sprechen mit der digitalen Anruf-Assistentin von Surfers Immobilien. Was ist der Grund für Ihren Anruf?', 'role': 'assistant'}, {'content': 'Hallo, ich habe eine Frage: Wann wurde Surfers Immobilien gegründet? Können Sie mir da weiterhelfen?', 'id': 'dc616274-a0b2-40c7-96d5-24a32b2f7cc1', 'role': 'user'}, {'content': 'Leider liegen mir dazu keine Informationen vor. Das Gründungsjahr von Surfers Immobilien kann ich Ihnen nicht nennen. Haben Sie noch weitere Fragen?', 'id': 'b1ee359b-ce41-434e-91c6-5cdd731b8662', 'role': 'assistant'}, {'content': 'Nein, danke. Auf Wiederhören.', 'id': 'lc_run--01a000f0-8ab6-7420-80ad-8bf42158870c-0', 'role': 'user'}, {'content': 'Alles klar. Dann wünsche ich Ihnen einen schönen Tag. Auf Wiederhören.', 'id': '613fe2d8-a8d4-4434-b236-bca8e56bca6e', 'role': 'assistant'}, {'content': '', 'id': 'lc_run--01a000f0-9874-72e2-bea9-2064d797cfba-0', 'role': 'user'}, {'content': 'Gibt es noch etwas, wobei ich Ihnen helfen kann?', 'id': 'eb751bd7-73f1-4f53-a3aa-60522c22cf5e', 'role': 'assistant'}]",10.789843,,01a000f0-79e8-76c2-9a5a-64e347831edb,1.0,0.0,1.0,3,5,1.5414
KN2305,Stefan Winkler,015789643375,immer montags und mittwochs,Dürfen wir Bienenstöcke auf dem Balkon aufstellen?,surfersimmobilien+predeploy@outlook.com,"[{'content': 'Guten Tag, Sie sprechen mit der digitalen Anruf-Assistentin von Surfers Immobilien. Was ist der Grund für Ihren Anruf?', 'role': 'assistant'}, {'content': 'Hallo, ich habe eine Frage: Dürfen wir Bienenstöcke auf dem Balkon aufstellen? Können Sie mir da weiterhelfen?', 'id': 'bb0456cd-c496-440a-b010-6a636cda9659', 'role': 'user'}, {'content': 'In den verfügbaren Unterlagen finde ich keine direkte Information dazu, ob das Aufstellen von Bienenstöcken auf dem Balkon erlaubt ist. Es gibt Hinweise zu Haustieren, aber Bienenstöcke werden nicht ausdrücklich erwähnt. \n\nIch kann Ihnen dazu leider keine verbindliche Auskunft geben. Haben Sie noch weitere Fragen?', 'id': 'afa3f206-1d5c-49a9-a71a-1796e6e89fb8', 'role': 'assistant'}, {'content': 'Nein, danke. Auf Wiederhören.', 'id': 'lc_run--01a000f0-91f3-7b83-9241-0b733ce14e90-0', 'role': 'user'}, {'content': 'Alles klar. Dann wünsche ich Ihnen einen schönen Tag. Auf Wiederhören.', 'id': 'a3c54f8b-a26f-4573-bac8-2e55d2d13d45', 'role': 'assistant'}, {'content': '', 'id': 'lc_run--01a000f0-9f2b-7a20-9713-afc91d9418a8-0', 'role': 'user'}, {'content': 'Gibt es noch etwas, wobei ich Ihnen helfen kann?', 'id': 'f80e9ce8-1e3f-40fe-b8b8-a8be1c18cab6', 'role': 'assistant'}]",12.213543,,01a000f0-7f74-7bf3-90f8-dfb7334d877c,1.0,0.0,1.0,3,5,1.7448
KN8270,Renate Fiedler,015789643375,Montag von 10 Uhr bis 13 Uhr,Wie viel kostet eine energetische Sanierung meiner Wohnung ungefähr?,surfersimmobilien+predeploy@outlook.com,"[{'content': 'Guten Tag, Sie sprechen mit der digitalen Anruf-Assistentin von Surfers Immobilien. Wie kann ich Ihnen weiterhelfen? Was ist der Grund für Ihren Anruf?', 'role': 'assistant'}, {'content': 'Hallo, ich habe eine Frage: Wie viel kostet eine energetische Sanierung meiner Wohnung ungefähr? Können Sie mir da weiterhelfen?', 'id': 'e95affe5-a871-4d93-bcef-c908764b351c', 'role': 'user'}, {'content': 'Zu den ungefähren Kosten einer energetischen Sanierung Ihrer Wohnung finde ich leider keine konkreten Angaben. Es gibt dazu keine Informationen in meinen Unterlagen. Haben Sie noch weitere Fragen?', 'id': '8f0aa6e9-b84d-42f9-8ea0-0c639143c4fd', 'role': 'assistant'}, {'content': 'Nein, danke. Das war alles. Auf Wiederhören.', 'id': 'lc_run--01a000f0-95df-70d3-b952-8e7f8a994758-0', 'role': 'user'}, {'content': 'Alles klar. Dann wünsche ich Ihnen einen schönen Tag. Auf Wiederhören!', 'id': '1acbddb7-f79a-4ccd-a234-9d07c45ec0e6', 'role': 'assistant'}, {'content': '', 'id': 'lc_run--01a000f0-a2ec-7e71-8071-b0b6bb21a922-0', 'role': 'user'}, {'content': 'Gibt es noch etwas, wobei ich Ihnen helfen kann?', 'id': 'e2e6b9b2-1ee5-46b8-aca7-2c17ab98489c', 'role': 'assistant'}]",11.262587,,01a000f0-8547-75e0-ab13-14f2a71f93c0,1.0,0.0,1.0,3,5,1.6089
KN4975,Anna Vogel,015789643375,den ganzen Mittwoch,Wie viel Miete zahle ich aktuell genau?,surfersimmobilien+predeploy@outlook.com,"[{'content': 'Guten Tag, Sie sprechen mit der digitalen Anruf-Assistentin von Surfers Immobilien. Was ist der Grund für Ihren Anruf?', 'role': 'assistant'}, {'content': 'Hallo, ich habe eine Frage: Wie viel Miete zahle ich aktuell genau? Können Sie mir da weiterhelfen?', 'id': 'bf13912b-3215-47c6-98e6-0c134d818fa8', 'role': 'user'}, {'content': 'Leider kann ich Ihnen keine Auskunft zu Ihrer aktuellen Miete geben. Haben Sie noch weitere Fragen?', 'id': '96b8c43b-e54e-41dd-96aa-2b441508ecc2', 'role': 'assistant'}, {'content': 'Nein, danke. Auf Wiederhören.', 'id': 'lc_run--01a000f0-991c-7450-b5b2-36cba0f05b1b-0', 'role': 'user'}, {'content': 'Alles klar. Auf Wiederhören und einen schönen Tag noch!', 'id': '2a29bd8c-3d09-467e-a03b-d584972a9b22', 'role': 'assistant'}, {'content': '', 'id': 'lc_run--01a000f0-a67d-7c73-9c9b-2017ed0423e5-0', 'role': 'user'}, {'content': 'Falls Sie später noch Fragen haben, können Sie sich gerne wieder melden. Auf Wiederhören!', 'id': '1f3b2f67-b48c-48e8-b18c-a6974d541183', 'role': 'assistant'}]",8.650741,,01a000f0-8dbf-7541-b6ba-4669b0dfb6d6,1.0,0.0,1.0,3,5,1.2358
KN2443,Marion Bergmann,015789643375,Mittwoch von 8 Uhr bis 10 Uhr,"Können Sie mir sagen, ob ich meine Wohnung als Büro nutzen darf?",surfersimmobilien+predeploy@outlook.com,"[{'content': 'Guten Tag, Sie sprechen mit der digitalen Anruf-Assistentin von Surfers Immobilien. Wie kann ich Ihnen weiterhelfen? Was ist der Grund für Ihren Anruf?', 'role': 'assistant'}, {'content': 'Hallo, ich habe eine Frage: Können Sie mir sagen, ob ich meine Wohnung als Büro nutzen darf? Können Sie mir da weiterhelfen?', 'id': '35d13b09-3a19-4871-b913-97ca9b8be7fe', 'role': 'user'}, {'content': 'Nach den verfügbaren Informationen ist die Nutzung der Wohnung bei Surfers Immobilien grundsätzlich auf Wohnzwecke beschränkt. Eine gewerbliche Nutzung, wie zum Beispiel als Büro, ist in der Regel nicht erlaubt. Haben Sie noch weitere Fragen?', 'id': 'ed6f8050-a1f9-469a-9ad7-89c9dc56bdef', 'role': 'assistant'}, {'content': 'Nein, danke. Das war alles. Auf Wiederhören.', 'id': 'lc_run--01a000f0-b4fd-70e1-97fd-e0367457b508-0', 'role': 'user'}, {'content': 'Alles klar. Dann wünsche ich Ihnen einen schönen Tag. Auf Wiederhören!', 'id': '0971500c-0307-4db1-b599-2ecb4b91d107', 'role': 'assistant'}, {'content': '', 'id': 'lc_run--01a000f0-c301-76e0-bcdd-e6b43517fea3-0', 'role': 'user'}, {'content': 'Gibt es noch etwas, wobei ich Ihnen helfen kann?', 'id': '82f4c58b-aa18-4fca-bbb1-4d953138ce86', 'role': 'assistant'}]",11.268276,,01a000f0-a40f-7ce2-a85e-3ba2fc1068fd,1.0,0.0,0.0,3,5,1.6098
KN9442,Gabriele Heinrich,015789643375,Montag von 10 Uhr bis 13 Uhr,Können Sie mir eine Rechtsberatung zu meiner Kündigung geben?,surfersimmobilien+predeploy@outlook.com,"[{'content': 'Guten Tag, Sie sprechen mit der digitalen Anruf-Assistentin von Surfers Immobilien. Was ist der Grund für Ihren Anruf?', 'role': 'assistant'}, {'content': 'Hallo, ich habe eine Frage: Können Sie mir eine Rechtsberatung zu meiner Kündigung geben? Können Sie mir da weiterhelfen?', 'id': 'c1e106ee-0c8e-4ba8-90d6-45cf2ad35388', 'role': 'user'}, {'content': 'Ich darf leider keine Rechtsberatung anbieten. Wenn Sie Fragen zu Ihrer Kündigung bei Surfers Immobilien haben, kann ich Ihnen gerne allgemeine Informationen aus unseren Unterlagen geben. Möchten Sie dazu etwas wissen?', 'id': 'f5750c2b-947e-4ba0-bea4-69dd1d37d98f', 'role': 'assistant'}, {'content': 'Danke, das reicht mir schon. Auf Wiederhören.', 'id': 'lc_run--01a000f0-bb01-7c42-a472-ffa229dc32c0-0', 'role': 'user'}, {'content': 'Alles klar. Dann wünsche ich Ihnen einen schönen Tag. Auf Wiederhören.', 'id': 'b913186f-688c-40d8-857a-1346566732c0', 'role': 'assistant'}, {'content': '', 'id': 'lc_run--01a000f0-c945-7db1-a052-4855c1fcf0a1-0', 'role': 'user'}, {'content': 'Ist noch etwas, wobei ich Ihnen helfen kann?', 'id': '26e3575d-c2d9-4bdf-93fa-6872984f69df', 'role': 'assistant'}]",9.779389,,01a000f0-af2a-7d23-97d3-7a3cabb41baa,1.0,0.0,1.0,3,5,1.3971
KN8045,Wolfgang Albrecht,015789643375,"flexibel, außer montags",Gibt es einen Rabatt für Rentner oder Menschen mit Behinderung?,surfersimmobilien+predeploy@outlook.com,"[{'content': 'Guten Tag, Sie sprechen mit der digitalen Anruf-Assistentin von Surfers Immobilien. Wie kann ich Ihnen weiterhelfen? Was ist der Grund für Ihren Anruf?', 'role': 'assistant'}, {'content': 'Hallo, ich habe eine Frage: Gibt es einen Rabatt für Rentner oder Menschen mit Behinderung? Können Sie mir da weiterhelfen?', 'id': '0be4fe46-e77d-4444-ae86-1cd38d0bf8d3', 'role': 'user'}, {'content': 'Einen speziellen Rabatt für Rentner oder Menschen mit Behinderung gibt es nicht. Die Genossenschaft bietet aber generell günstige Mieten, da sie nicht gewinnorientiert arbeitet. Haben Sie noch weitere Fragen?', 'id': 'aa731c28-807e-4d7c-9e54-56a8da0d90b5', 'role': 'assistant'}, {'content': 'Nein, danke. Das war alles. Auf Wiederhören.', 'id': 'lc_run--01a000f0-c00f-74c1-8b29-1e0f2db731f6-0', 'role': 'user'}, {'content': 'Alles klar. Dann wünsche ich Ihnen einen schönen Tag. Auf Wiederhören!', 'id': 'be813251-b961-4176-88b2-528664c42ecb', 'role': 'assistant'}, {'content': '', 'id': 'lc_run--01a000f0-cdbc-7572-af0f-e95227c4acd0-0', 'role': 'user'}, {'content': 'Gibt es noch etwas, wobei ich Ihnen helfen kann?', 'id': 'bd3becd6-3542-4232-be28-e8bd86641413', 'role': 'assistant'}]",11.111217,,01a000f0-af8b-7cb1-9c2e-9671adaeef27,1.0,0.0,0.0,3,5,1.5873
KN3417,Gustav Meier,015789643375,Dienstag von 14 Uhr bis 17 Uhr,"Können Sie mir sagen, wie ich einen Blitzableiter installieren lassen kann?",surfersimmobilien+predeploy@outlook.com,"[{'content': 'Guten Tag, Sie sprechen mit der digitalen Anruf-Assistentin von Surfers Immobilien. Was ist der Grund für Ihren Anruf?', 'role': 'assistant'}, {'content': 'Hallo, ich habe eine Frage: Können Sie mir sagen, wie ich einen Blitzableiter installieren lassen kann? Können Sie mir da weiterhelfen?', 'id': 'ff81ec54-52d1-4de7-a610-6e0875512735', 'role': 'user'}, {'content': 'Dazu liegen mir leider keine Informationen vor. Ich kann Ihnen nicht sagen, wie Sie einen Blitzableiter installieren lassen können. Haben Sie noch weitere Fragen?', 'id': 'daaa738b-df64-4528-90ad-0abf2f4489c8', 'role': 'assistant'}, {'content': 'Nein, danke. Auf Wiederhören.', 'id': 'lc_run--01a000f0-c095-7113-8f89-38bcc0261c60-0', 'role': 'user'}, {'content': 'Alles klar. Dann wünsche ich Ihnen einen schönen Tag. Auf Wiederhören.', 'id': 'bf186879-b853-4b76-b8cf-af61a3d67e5c', 'role': 'assistant'}, {'content': '', 'id': 'lc_run--01a000f0-d008-7f02-89ca-d77b47dd2e39-0', 'role': 'user'}, {'content': 'Sie haben aktuell keine Anfrage gestellt. Falls Sie doch noch ein Anliegen rund um Surfers Immobilien haben, lassen Sie es mich gerne wissen.', 'id': 'c4b330c7-e87e-435a-8658-af9f58533f9f', 'role': 'assistant'}]",12.2581,,01a000f0-b147-70c0-b76e-eb977ec4c812,1.0,0.0,1.0,3,5,1.7512
KN9772,Gertrud Braun,015789643375,Montag von 14 Uhr bis 16 Uhr,"Können Sie mir sagen, welches Heizsystem genau in meinem Keller verbaut ist?",surfersimmobilien+predeploy@outlook.com,"[{'content': 'Guten Tag, Sie sprechen mit der digitalen Anruf-Assistentin von Surfers Immobilien. Wie kann ich Ihnen weiterhelfen? Was ist der Grund für Ihren Anruf?', 'role': 'assistant'}, {'content': 'Hallo, ich habe eine Frage: Können Sie mir sagen, welches Heizsystem genau in meinem Keller verbaut ist? Können Sie mir da weiterhelfen?', 'id': '2ec59a96-fd51-41cd-a873-e413a991e53d', 'role': 'user'}, {'content': 'Leider kann ich Ihnen nicht genau sagen, welches Heizsystem in Ihrem Keller verbaut ist. Die verfügbaren Informationen enthalten dazu keine Details. Haben Sie noch weitere Fragen?', 'id': '44c63919-52fc-46b8-af3a-23321f34419a', 'role': 'assistant'}, {'content': 'Nein, danke. Auf Wiederhören.', 'id': 'lc_run--01a000f0-e336-7b72-a52e-567f8725c41e-0', 'role': 'user'}, {'content': 'Alles klar. Einen schönen Tag noch und auf Wiederhören.', 'id': 'daf9e798-b74a-4c75-852f-b66edc1676b9', 'role': 'assistant'}, {'content': '', 'id': 'lc_run--01a000f0-f4d3-7a72-b1bd-9175674eab85-0', 'role': 'user'}, {'content': 'Gibt es noch etwas, wobei ich Ihnen helfen kann?', 'id': '0e3a090f-1a86-44e0-852b-b4a8ba490ff8', 'role': 'assistant'}]",13.827918,,01a000f0-d015-7903-919f-b0669791b0dd,1.0,0.0,1.0,3,5,1.9754
KN7508,Yvonne Jung,015789643375,jeden Tag außer donnerstags,Wann wird mein Gebäude das nächste Mal komplett saniert?,surfersimmobilien+predeploy@outlook.com,"[{'content': 'Guten Tag, Sie sprechen mit der digitalen Anruf-Assistentin von Surfers Immobilien. Was ist der Grund für Ihren Anruf?', 'role': 'assistant'}, {'content': 'Hallo, ich habe eine Frage: Wann wird mein Gebäude das nächste Mal komplett saniert? Können Sie mir da weiterhelfen?', 'id': 'ed472f10-9db4-4c93-92aa-f0039b96d7be', 'role': 'user'}, {'content': 'Leider kann ich Ihnen aktuell keinen konkreten Termin für die nächste Komplettsanierung Ihres Gebäudes nennen. Solche Informationen werden den Mitgliedern mindestens zwei Wochen vorher schriftlich angekündigt. Haben Sie noch weitere Fragen?', 'id': '4143442a-d8eb-4234-ad40-e9a8956b6295', 'role': 'assistant'}, {'content': 'Nein, danke. Das war alles. Auf Wiederhören.', 'id': 'lc_run--01a000f0-e844-7c50-b4f8-b5cf2da74806-0', 'role': 'user'}, {'content': 'Alles klar. Dann wünsche ich Ihnen einen schönen Tag. Auf Wiederhören!', 'id': 'fecbc8fe-8dbe-4e7c-ba39-fbc346c591d0', 'role': 'assistant'}, {'content': '', 'id': 'lc_run--01a000f0-f959-7c21-8118-4d743fc06f4c-0', 'role': 'user'}, {'content': 'Gibt es noch etwas, wobei ich Ihnen helfen kann?', 'id': 'ac5a907c-b6c2-4187-8238-e023ae29f5dd', 'role': 'assistant'}]",12.800901,,01a000f0-d55e-7ea1-bdd8-2795e647075a,1.0,0.0,0.0,3,5,1.8287
KN4018,Sabine Günther,015789643375,Dienstag von 14 Uhr bis 17 Uhr,Können Sie mir ein Umzugsunternehmen empfehlen?,surfersimmobilien+predeploy@outlook.com,"[{'content': 'Guten Tag, Sie sprechen mit der digitalen Anruf-Assistentin von Surfers Immobilien. Wie kann ich Ihnen weiterhelfen? Was ist der Grund für Ihren Anruf?', 'role': 'assistant'}, {'content': 'Hallo, ich habe eine Frage: Können Sie mir ein Umzugsunternehmen empfehlen? Können Sie mir da weiterhelfen?', 'id': '015c7ed5-54a2-477d-9739-71a32615c2d5', 'role': 'user'}, {'content': 'Leider kann ich Ihnen kein Umzugsunternehmen empfehlen. Ich kann Ihnen nur Informationen zu unseren eigenen Leistungen und Angeboten geben. Haben Sie noch weitere Fragen?', 'id': 'dc10b757-4612-433f-835f-eb82ad81702c', 'role': 'assistant'}, {'content': 'Nein, danke. Das war alles. Auf Wiederhören.', 'id': 'lc_run--01a000f0-e7bd-77f1-9f1f-651ce3259460-0', 'role': 'user'}, {'content': 'Alles klar. Dann wünsche ich Ihnen einen schönen Tag. Auf Wiederhören.', 'id': '9a09c0fb-369b-4e19-bc5e-5e6da29db8f3', 'role': 'assistant'}, {'content': '', 'id': 'lc_run--01a000f0-f6dc-7663-af1a-240a777a9fa9-0', 'role': 'user'}, {'content': 'Gibt es noch etwas, wobei ich Ihnen helfen kann?', 'id': 'bc07d80f-81bf-448c-9361-c10436b69827', 'role': 'assistant'}]",11.386581,,01a000f0-daf3-7052-9728-88a45cf4d3d3,1.0,0.0,1.0,3,5,1.6267
KN2614,Ursula Marx,015789643375,immer dienstags und donnerstags,Wie funktioniert die virtuelle Wohnungsbesichtigung mit VR-Brille?,surfersimmobilien+predeploy@outlook.com,"[{'content': 'Guten Tag, Sie sprechen mit der digitalen Anruf-Assistentin von Surfers Immobilien. Was ist der Grund für Ihren Anruf?', 'role': 'assistant'}, {'content': 'Hallo, ich habe eine Frage: Wie funktioniert die virtuelle Wohnungsbesichtigung mit VR-Brille? Können Sie mir da weiterhelfen?', 'id': '3e23a864-95a8-4c37-b649-12b0d9756551', 'role': 'user'}, {'content': 'Dazu liegen mir leider keine Informationen vor. Es scheint, dass zur virtuellen Wohnungsbesichtigung mit VR-Brille bei Surfers Immobilien keine Details verfügbar sind. Haben Sie noch weitere Fragen?', 'id': '3bc595d1-8edb-4040-9a78-2b0afc855da4', 'role': 'assistant'}, {'content': 'Nein, danke. Das war alles. Auf Wiederhören.', 'id': 'lc_run--01a000f0-f183-7153-a70f-eba6e85c32cc-0', 'role': 'user'}, {'content': 'Alles klar. Dann wünsche ich Ihnen einen schönen Tag. Auf Wiederhören.', 'id': '677f85ee-fc72-49c7-9472-41542aabfd4a', 'role': 'assistant'}, {'content': '', 'id': 'lc_run--01a000f0-ff2d-7580-b4ed-bdfd1ad5d8ae-0', 'role': 'user'}, {'content': 'Sie haben den Anruf beendet. Falls Sie wieder Fragen haben, sind wir gerne für Sie da. Auf Wiederhören.', 'id': '354cee3a-fe72-4d2e-b7fe-96c5c1bc300a', 'role': 'assistant'}]",11.823649,,01a000f0-e12a-7223-b2ee-ba4c72b16f03,1.0,0.0,1.0,3,5,1.6891
KN2582,Rudolf Meyer,015789643375,nur vormittags unter der Woche,"Können Sie mir sagen, wie das Wetter diese Woche wird?",surfersimmobilien+predeploy@outlook.com,"[{'content': 'Guten Tag, Sie sprechen mit der digitalen Anruf-Assistentin von Surfers Immobilien. Wie kann ich Ihnen weiterhelfen? Was ist der Grund für Ihren Anruf?', 'role': 'assistant'}, {'content': 'Hallo, ich habe eine Frage: Können Sie mir sagen, wie das Wetter diese Woche wird? Können Sie mir da weiterhelfen?', 'id': '29b65faf-f138-40da-92eb-9ebb8bb427c4', 'role': 'user'}, {'content': 'Ich bin für Anliegen rund um Surfers Immobilien zuständig, zum Beispiel zu Wohnungen, Mitgliedschaft oder Bauprojekten. Bei Wetterfragen kann ich Ihnen leider nicht weiterhelfen. Gibt es ein Thema rund um unsere Genossenschaft, bei dem ich Sie unterstützen kann?', 'id': 'd8961f17-40bb-4bab-8f12-34f74ea206a6', 'role': 'assistant'}, {'content': 'Nein, danke. Das war alles. Auf Wiederhören.', 'id': 'lc_run--01a000f1-15a9-79e0-a94b-014a78426229-0', 'role': 'user'}, {'content': 'Alles klar. Dann wünsche ich Ihnen einen schönen Tag. Auf Wiederhören!', 'id': 'a6dfd785-fd06-4d9f-93cc-95d3c0f0f45c', 'role': 'assistant'}, {'content': '', 'id': 'lc_run--01a000f1-23a5-7a53-b5b2-6f7c87b08ab7-0', 'role': 'user'}, {'content': 'Ist noch etwas, wobei ich Ihnen rund um Surfers Immobilien behilflich sein kann?', 'id': '8df4bcb5-b2b9-4a52-ae5b-9668957ba3ef', 'role': 'assistant'}]",9.932325,,01a000f1-061a-7be2-8ff8-ffbf60b1c4e4,1.0,0.0,1.0,3,5,1.4189
KN9713,Cornelia Kuhn,015789643375,Mittwoch von 10 Uhr bis 13 Uhr,Gibt es einen Fitnessraum im Gebäude?,surfersimmobilien+predeploy@outlook.com,"[{'content': 'Guten Tag, Sie sprechen mit der digitalen Anruf-Assistentin von Surfers Immobilien. Was ist der Grund für Ihren Anruf?', 'role': 'assistant'}, {'content': 'Hallo, ich habe eine Frage: Gibt es einen Fitnessraum im Gebäude? Können Sie mir da weiterhelfen?', 'id': '8acb7455-a7fd-466f-a0fc-137e57726073', 'role': 'user'}, {'content': 'Im Moment finde ich keine Informationen dazu, ob es einen Fitnessraum im Gebäude gibt. Möchten Sie noch etwas anderes wissen?', 'id': 'a6cbff58-b42c-47cd-86b2-424b10d3ac5d', 'role': 'assistant'}, {'content': 'Nein, danke. Das war alles. Auf Wiederhören.', 'id': 'lc_run--01a000f1-176d-7142-b5db-3c8e7093b048-0', 'role': 'user'}, {'content': 'Alles klar. Dann wünsche ich Ihnen einen schönen Tag. Auf Wiederhören.', 'id': 'e3d71bdb-adc9-444f-87d1-7755007a27a6', 'role': 'assistant'}, {'content': '', 'id': 'lc_run--01a000f1-26f4-7941-901d-b63dfb691d38-0', 'role': 'user'}, {'content': 'Sie haben aktuell keine weitere Frage gestellt. Falls Sie noch etwas wissen möchten, können Sie sich gerne wieder melden. Auf Wiederhören.', 'id': 'fc6a1a21-efea-4921-86bc-428c66ccdb9a', 'role': 'assistant'}]",13.116283,,01a000f1-0760-7511-919e-68b3270c56e2,1.0,0.0,1.0,3,5,1.8738
KN3330,Holger Brandt,015789643375,den ganzen Mittwoch,Welche Anwaltskanzlei empfehlen Sie mir für einen Mietstreit?,surfersimmobilien+predeploy@outlook.com,"[{'content': 'Guten Tag, Sie sprechen mit der digitalen Anruf-Assistentin von Surfers Immobilien. Wie kann ich Ihnen weiterhelfen? Was ist der Grund für Ihren Anruf?', 'role': 'assistant'}, {'content': 'Hallo, ich habe eine Frage: Welche Anwaltskanzlei empfehlen Sie mir für einen Mietstreit? Können Sie mir da weiterhelfen?', 'id': '101ce498-c0a9-4fe8-a831-e4cbef80852c', 'role': 'user'}, {'content': 'Es tut mir leid, aber ich darf keine Empfehlungen für Anwaltskanzleien aussprechen. Haben Sie noch weitere Fragen zu unseren Wohnungen oder zur Mitgliedschaft?', 'id': 'e9eff957-9382-4620-a9d4-6d2f75c278d3', 'role': 'assistant'}, {'content': 'Nein, danke. Das war alles. Auf Wiederhören.', 'id': 'lc_run--01a000f1-15f2-75d1-9ba5-58c6587a04e7-0', 'role': 'user'}, {'content': 'Alles klar. Dann wünsche ich Ihnen einen schönen Tag. Auf Wiederhören!', 'id': 'c14a4390-6667-4081-8809-1fb5e0dba6fd', 'role': 'assistant'}, {'content': '', 'id': 'lc_run--01a000f1-23c9-7eb2-84fc-271ae7495129-0', 'role': 'user'}, {'content': 'Das Gespräch ist beendet. Falls Sie wieder Fragen zu unseren Wohnungen oder zur Mitgliedschaft haben, können Sie sich gerne melden. Auf Wiederhören!', 'id': '41ad8c7e-c281-49b2-bd23-30cd0f6dab9c', 'role': 'assistant'}]",10.442341,,01a000f1-076e-70a0-906f-ddd1c5e0aecf,1.0,0.0,1.0,3,5,1.4918
KN9898,Norbert Arnold,015789643375,Donnerstag von 13 Uhr bis 15 Uhr,Können Sie mir einen Kredit für meine Kaution vermitteln?,surfersimmobilien+predeploy@outlook.com,"[{'content': 'Guten Tag, Sie sprechen mit der digitalen Anruf-Assistentin von Surfers Immobilien. Wie kann ich Ihnen weiterhelfen? Was ist der Grund Ihres Anrufs?', 'role': 'assistant'}, {'content': 'Hallo, ich habe eine Frage: Können Sie mir einen Kredit für meine Kaution vermitteln? Können Sie mir da weiterhelfen?', 'id': 'dbfb13c0-73cd-48e4-9812-69b9f220bbdc', 'role': 'user'}, {'content': 'Leider kann ich Ihnen bei der Vermittlung eines Kredits für Ihre Kaution nicht weiterhelfen. Surfers Immobilien bietet keine Kreditvermittlung an. Haben Sie noch weitere Fragen?', 'id': '3f3860e6-e2a7-4acf-9ff5-85246ef33780', 'role': 'assistant'}, {'content': 'Nein, danke. Das war alles. Auf Wiederhören.', 'id': 'lc_run--01a000f1-1ad3-7de3-8f28-6f5d5e86099c-0', 'role': 'user'}, {'content': 'Alles klar. Dann wünsche ich Ihnen einen schönen Tag. Auf Wiederhören.', 'id': '9b4d335f-ec5c-48b1-9131-811f39e1b6ac', 'role': 'assistant'}, {'content': '', 'id': 'lc_run--01a000f1-29a2-7950-ba4e-026bdedbd78b-0', 'role': 'user'}, {'content': 'Falls Sie noch einmal Fragen haben, können Sie sich gerne melden. Auf Wiederhören.', 'id': 'e7b40099-e3d7-4f99-9a67-773d961648fa', 'role': 'assistant'}]",8.836141,,01a000f1-0f5c-7751-a392-4b1b7b54b7dc,1.0,0.0,0.0,3,5,1.2623
KN1386,Chris Friedrich,015789643375,immer dienstags und donnerstags,"Können Sie mir sagen, wie hoch meine Rückzahlung ausfällt?",surfersimmobilien+predeploy@outlook.com,"[{'content': 'Guten Tag, Sie sprechen mit der digitalen Anruf-Assistentin von Surfers Immobilien. Was ist der Grund für Ihren Anruf?', 'role': 'assistant'}, {'content': 'Hallo, ich habe eine Frage: Können Sie mir sagen, wie hoch meine Rückzahlung ausfällt? Können Sie mir da weiterhelfen?', 'id': '70cb9e21-7d83-4a9a-9429-a2f36685e367', 'role': 'user'}, {'content': 'Leider kann ich Ihnen dazu keine Auskunft geben. Informationen zur individuellen Rückzahlung liegen mir nicht vor. Haben Sie noch weitere Fragen?', 'id': 'b32997cf-09dd-44ee-a053-4346dd8480fa', 'role': 'assistant'}, {'content': 'Nein, danke. Auf Wiederhören.', 'id': 'lc_run--01a000f1-3ab1-7712-a128-8be348353773-0', 'role': 'user'}, {'content': 'Alles klar. Dann wünsche ich Ihnen einen schönen Tag. Auf Wiederhören.', 'id': 'e53d2bcb-4fa2-4560-916f-642239e0161c', 'role': 'assistant'}, {'content': '', 'id': 'lc_run--01a000f1-4a4b-7601-96e2-8ebdc25d00ab-0', 'role': 'user'}, {'content': 'Gibt es noch etwas, wobei ich Ihnen helfen kann?', 'id': '85bc3601-a1be-4bd3-a1c5-3227dda0bbed', 'role': 'assistant'}]",12.995016,,01a000f1-2ce9-7793-9b9b-0ab2f66c0076,1.0,0.0,1.0,3,5,1.8564
KN5657,Volker Scholz,015789643375,"flexibel, außer montags",Was stand in dem Pressebericht über Surfers Immobilien letztes Jahr?,surfersimmobilien+predeploy@outlook.com,"[{'content': 'Guten Tag, Sie sprechen mit der digitalen Anruf-Assistentin von Surfers Immobilien. Was ist der Grund für Ihren Anruf?', 'role': 'assistant'}, {'content': 'Hallo, ich habe eine Frage: Was stand in dem Pressebericht über Surfers Immobilien letztes Jahr? Können Sie mir da weiterhelfen?', 'id': '05c6c393-6d00-4d97-996b-3e89fef3d051', 'role': 'user'}, {'content': 'Im Pressebericht aus dem letzten Jahr wurde erwähnt, dass Surfers Immobilien laufend neue Wohnbauprojekte in Düsseldorf realisiert, um das genossenschaftliche Wohnungsangebot zu erweitern. Außerdem wurde erklärt, dass man Mitglied werden muss, indem man Genossenschaftsanteile kauft, um eine Wohnung zu bekommen. Haben Sie noch weitere Fragen?', 'id': '07fe1de9-5f41-445c-809a-6db666406f79', 'role': 'assistant'}, {'content': 'Nein, danke. Das beantwortet meine Frage. Auf Wiederhören.', 'id': 'lc_run--01a000f1-4358-71e0-83a2-f1c336fb3f45-0', 'role': 'user'}, {'content': 'Alles klar. Dann wünsche ich Ihnen einen schönen Tag. Auf Wiederhören.', 'id': '8c3f5bb1-3c82-4c56-9b77-99260f1dfe6f', 'role': 'assistant'}, {'content': '', 'id': 'lc_run--01a000f1-527d-72d3-9495-a8b948fc9617-0', 'role': 'user'}, {'content': 'Sie haben aktuell keine weitere Frage gestellt. Falls Sie doch noch etwas wissen möchten, können Sie sich gerne melden. Auf Wiederhören.', 'id': 'fa5c468a-845e-4aea-8566-a48c3387bf37', 'role': 'assistant'}]",12.792533,,01a000f1-303a-7e83-876b-448cbcf37043,1.0,0.0,0.0,3,5,1.8275
KN7441,Ines Groß,015789643375,Mittwoch von 8 Uhr bis 10 Uhr,"Können Sie mir sagen, welche Baugenehmigung für das Nachbargebäude vorliegt?",surfersimmobilien+predeploy@outlook.com,"[{'content': 'Guten Tag, Sie sprechen mit der digitalen Anruf-Assistentin von Surfers Immobilien. Was ist der Grund für Ihren Anruf?', 'role': 'assistant'}, {'content': 'Hallo, ich habe eine Frage: Können Sie mir sagen, welche Baugenehmigung für das Nachbargebäude vorliegt? Können Sie mir da weiterhelfen?', 'id': '585883f0-b225-4ec8-970c-fd771771b01b', 'role': 'user'}, {'content': 'Die Informationen zur Baugenehmigung für das Nachbargebäude können im Kundenportal von Surfers Immobilien im Bereich „Gebäudeinformationen“ eingesehen werden. Haben Sie noch weitere Fragen?', 'id': '286dd2c4-9ea0-4e73-b458-01db69bee2c9', 'role': 'assistant'}, {'content': 'Nein, vielen Dank. Auf Wiederhören.', 'id': 'lc_run--01a000f1-4260-77c0-a5d5-81fc1fe08c78-0', 'role': 'user'}, {'content': 'Alles klar. Einen schönen Tag noch und auf Wiederhören.', 'id': 'd3b92937-b60b-4add-9751-781952ad7d72', 'role': 'assistant'}, {'content': '', 'id': 'lc_run--01a000f1-517f-74c0-b56a-4c65eb36cb0e-0', 'role': 'user'}, {'content': 'Sie haben aktuell keine Anfrage gestellt. Falls Sie doch noch ein Anliegen haben, lassen Sie es mich bitte wissen.', 'id': 'f4246536-2094-4f53-829c-421b31636641', 'role': 'assistant'}]",11.340608,,01a000f1-31e1-73b0-a7c1-ce26ea6dcafa,1.0,0.0,0.0,3,5,1.6201
KN6233,Andreas Baumann,015789643375,nur vormittags unter der Woche,Können Sie mir den Namen des Geschäftsführers nennen?,surfersimmobilien+predeploy@outlook.com,"[{'content': 'Guten Tag, Sie sprechen mit der digitalen Anruf-Assistentin von Surfers Immobilien. Was ist der Grund für Ihren Anruf?', 'role': 'assistant'}, {'content': 'Hallo, ich habe eine Frage: Können Sie mir den Namen des Geschäftsführers nennen? Können Sie mir da weiterhelfen?', 'id': 'a7a4b0e2-9dbd-4a7b-b222-5116d3b40176', 'role': 'user'}, {'content': 'Leider kann ich Ihnen den Namen des Geschäftsführers nicht nennen. Diese Information liegt mir aktuell nicht vor. Haben Sie noch weitere Fragen?', 'id': 'f8c5e3fa-6412-46c3-80eb-bbf38d0f7d0e', 'role': 'assistant'}, {'content': 'Nein, danke. Auf Wiederhören.', 'id': 'lc_run--01a000f1-4af1-7970-a8d6-42b38b22ece9-0', 'role': 'user'}, {'content': 'Alles klar. Dann wünsche ich Ihnen einen schönen Tag. Auf Wiederhören.', 'id': '89bfa01a-ee79-43cf-a58a-96987d7a338b', 'role': 'assistant'}, {'content': '', 'id': 'lc_run--01a000f1-5847-7751-8c6d-b003621ea47e-0', 'role': 'user'}, {'content': 'Gibt es noch etwas, wobei ich Ihnen helfen kann?', 'id': '1a19179c-fa84-4753-9a18-0bfa87b99094', 'role': 'assistant'}]",10.562211,,01a000f1-3a9e-75e3-812b-2196a4beea84,1.0,0.0,1.0,3,5,1.5089
KN2654,Julius Hartmann,015789643375,Freitag den ganzen Tag,Bieten Sie eine Tierarztberatung für Haustiere im Notfall an?,surfersimmobilien+predeploy@outlook.com,"[{'content': 'Guten Tag, Sie sprechen mit der digitalen Anruf-Assistentin von Surfers Immobilien. Was ist der Grund für Ihren Anruf?', 'role': 'assistant'}, {'content': 'Hallo, ich habe eine Frage: Bieten Sie eine Tierarztberatung für Haustiere im Notfall an? Können Sie mir da weiterhelfen?', 'id': '546ed0ce-8d3c-496f-bdc5-dc5161b86ca4', 'role': 'user'}, {'content': 'Leider kann ich Ihnen dazu keine Informationen anbieten. Surfers Immobilien bietet keine Tierarztberatung für Haustiere im Notfall an. Haben Sie noch weitere Fragen?', 'id': '027f5149-1cb5-4266-abab-49f983e11663', 'role': 'assistant'}, {'content': 'Nein, danke. Das war alles. Auf Wiederhören.', 'id': 'lc_run--01a000f1-6a52-7270-af67-01553cf4a2c2-0', 'role': 'user'}, {'content': 'Alles klar. Dann wünsche ich Ihnen einen schönen Tag. Auf Wiederhören.', 'id': 'a2bf4932-7095-4da7-a8c2-7acd64e2d8fc', 'role': 'assistant'}, {'content': '', 'id': 'lc_run--01a000f1-7d56-7b63-835c-58ef05b7ff4f-0', 'role': 'user'}, {'content': 'Die Verbindung wurde beendet. Falls Sie wieder Fragen zu unseren Wohnungen oder zur Mitgliedschaft haben, können Sie sich gerne melden. Auf Wiederhören.', 'id': '0ca11e45-3976-4c26-9cff-3a30a3d1c054', 'role': 'assistant'}]",10.409953,,01a000f1-5e2f-7c10-8183-09268d36c271,1.0,0.0,0.0,3,5,1.4871
KN8102,Helmut Busch,015789643375,immer mittwochs und freitags,Können Sie mir bei meiner Visumsverlängerung helfen?,surfersimmobilien+predeploy@outlook.com,"[{'content': 'Guten Tag, Sie sprechen mit der digitalen Anruf-Assistentin von Surfers Immobilien. Was ist der Grund für Ihren Anruf?', 'role': 'assistant'}, {'content': 'Hallo, ich habe eine Frage: Können Sie mir bei meiner Visumsverlängerung helfen? Können Sie mir da weiterhelfen?', 'id': '575241f3-5475-44ba-ba7f-ae92ca05e977', 'role': 'user'}, {'content': 'Ich bin für Anliegen rund um unsere Wohnungen und Mitgliedschaft bei Surfers Immobilien zuständig. Bei Fragen zur Visumsverlängerung kann ich Sie leider nicht unterstützen.\n\nGibt es ein Anliegen zu unseren Wohnungen, zur Mitgliedschaft oder zu Mietverträgen, bei dem ich Ihnen helfen kann?', 'id': '06f4128e-27d0-4742-9c09-df012ea26f06', 'role': 'assistant'}, {'content': 'Nein, danke. Das war meine einzige Frage. Auf Wiederhören.', 'id': 'lc_run--01a000f1-6d52-7802-9b9f-8cf4a78c9c20-0', 'role': 'user'}, {'content': 'Alles klar. Dann wünsche ich Ihnen einen schönen Tag. Auf Wiederhören.', 'id': '11b6def1-c32c-42b3-9153-a3198df45f2b', 'role': 'assistant'}, {'content': '', 'id': 'lc_run--01a000f1-7d39-7cd1-b7e7-a10db4ff09a6-0', 'role': 'user'}, {'content': 'Sie haben aktuell keine Frage gestellt. Falls Sie ein Anliegen zu unseren Wohnungen, zur Mitgliedschaft oder zu Mietverträgen haben, lassen Sie es mich gerne wissen.', 'id': 'b9abbd92-b7c0-4332-9bbe-9a62ad50f8b5', 'role': 'assistant'}]",11.862421,,01a000f1-5fae-76c0-99a7-67e346a398c2,1.0,0.0,1.0,3,5,1.6946
KN2827,Uwe Schumacher,015789643375,den ganzen Donnerstag,Bietet Surfers Immobilien eine eigene App an?,surfersimmobilien+predeploy@outlook.com,"[{'content': 'Guten Tag, Sie sprechen mit der digitalen Anruf-Assistentin von Surfers Immobilien. Was ist der Grund für Ihren Anruf?', 'role': 'assistant'}, {'content': 'Hallo, ich habe eine Frage: Bietet Surfers Immobilien eine eigene App an? Können Sie mir da weiterhelfen?', 'id': '671bce70-2147-46a0-b1da-0a7b5c98bcbe', 'role': 'user'}, {'content': 'Surfers Immobilien bietet aktuell keine eigene App an. Es gibt aber ein Kundenportal, das Sie online nutzen können. Haben Sie noch weitere Fragen?', 'id': 'eee5e1e2-4e40-45ce-8f8e-cb6eaad07bff', 'role': 'assistant'}, {'content': 'Nein, danke. Das war alles. Auf Wiederhören.', 'id': 'lc_run--01a000f1-721e-7001-bbdd-5dca198fb702-0', 'role': 'user'}, {'content': 'Alles klar. Dann wünsche ich Ihnen einen schönen Tag. Auf Wiederhören.', 'id': '1db29e1a-75fe-4fa0-902f-c2bb30e73537', 'role': 'assistant'}, {'content': '', 'id': 'lc_run--01a000f1-8093-7e03-979c-1675943c6214-0', 'role': 'user'}, {'content': 'Sie haben aktuell keine weitere Frage gestellt. Falls Sie noch etwas wissen möchten, können Sie sich gerne wieder melden. Auf Wiederhören.', 'id': 'a1cad984-889c-4042-a016-c9c8878c5cb1', 'role': 'assistant'}]",11.522354,,01a000f1-6233-7f30-b8b1-7197d9f87af2,1.0,0.0,0.0,3,5,1.6461
KN8267,Wilhelm Neumann,015789643375,Donnerstag von 13 Uhr bis 15 Uhr,Können Sie mir Investmenttipps für Immobilien geben?,surfersimmobilien+predeploy@outlook.com,"[{'content': 'Guten Tag, Sie sprechen mit der digitalen Anruf-Assistentin von Surfers Immobilien. Wie kann ich Ihnen weiterhelfen? Was ist der Grund für Ihren Anruf?', 'role': 'assistant'}, {'content': 'Hallo, ich habe eine Frage: Können Sie mir Investmenttipps für Immobilien geben? Können Sie mir da weiterhelfen?', 'id': '0f43a9a2-3cad-49ed-ae3a-a2dc0b7c18c2', 'role': 'user'}, {'content': 'Es tut mir leid, aber ich kann Ihnen keine Investmenttipps für Immobilien geben. Haben Sie noch weitere Fragen zu unseren Wohnungen oder zur Mitgliedschaft bei Surfers Immobilien?', 'id': '834ca5e2-bf8c-4925-908a-f18fa4ae2598', 'role': 'assistant'}, {'content': 'Nein, danke. Auf Wiederhören.', 'id': 'lc_run--01a000f1-6ef7-7630-8acc-4f78a4cfd47f-0', 'role': 'user'}, {'content': 'Alles klar. Dann wünsche ich Ihnen einen schönen Tag. Auf Wiederhören.', 'id': 'bc336bb8-d9a1-41c2-ac2b-3d3d8d660238', 'role': 'assistant'}, {'content': '', 'id': 'lc_run--01a000f1-7e6d-7680-9ec2-8cad04b3fa6f-0', 'role': 'user'}, {'content': 'Gibt es noch etwas, wobei ich Ihnen helfen kann?', 'id': '0e482f5a-dd4f-4ce7-a410-eeba6bc26414', 'role': 'assistant'}]",8.846072,,01a000f1-63e1-7dd0-a190-a223b77e354f,1.0,0.0,1.0,3,5,1.2637
KN6610,Ralf Ziegler,015789643375,immer montags und mittwochs,Wird ein Schwimmbad in der Wohnanlage gebaut?,surfersimmobilien+predeploy@outlook.com,"[{'content': 'Guten Tag, Sie sprechen mit der digitalen Anruf-Assistentin von Surfers Immobilien. Wie kann ich Ihnen weiterhelfen? Was ist der Grund für Ihren Anruf?', 'role': 'assistant'}, {'content': 'Hallo, ich habe eine Frage: Wird ein Schwimmbad in der Wohnanlage gebaut? Können Sie mir da weiterhelfen?', 'id': '07ec7e3b-fc9d-488f-bc6f-ba5017998b9b', 'role': 'user'}, {'content': 'Aktuell gibt es keine Informationen darüber, dass ein Schwimmbad in einer Wohnanlage von Surfers Immobilien gebaut wird. Haben Sie noch weitere Fragen?', 'id': '8fc75b09-c9d8-4837-8ebf-1d7dcac61870', 'role': 'assistant'}, {'content': 'Nein, danke. Das war alles. Auf Wiederhören.', 'id': 'lc_run--01a000f1-97c4-7ce0-bc35-dcfffd7fa0a2-0', 'role': 'user'}, {'content': 'Alles klar. Dann wünsche ich Ihnen einen schönen Tag. Auf Wiederhören!', 'id': '49b128b4-cb2b-4456-9ee3-c75f64201b9c', 'role': 'assistant'}, {'content': '', 'id': 'lc_run--01a000f1-a93a-7342-8669-6ee4af620da2-0', 'role': 'user'}, {'content': 'Das Gespräch ist beendet. Falls Sie wieder Fragen haben, können Sie sich jederzeit melden. Auf Wiederhören!', 'id': '334526a0-e7e3-4523-b097-5bdcb72cc80f', 'role': 'assistant'}]",11.407385,,01a000f1-8670-7730-b02e-970c9df06f92,1.0,0.0,1.0,3,5,1.6296
KN4226,Elfriede Schmidt,015789643375,den ganzen Freitag,Was kostet ein Concierge-Service für die Poststelle zusätzlich?,surfersimmobilien+predeploy@outlook.com,"[{'content': 'Guten Tag, Sie sprechen mit der digitalen Anruf-Assistentin von Surfers Immobilien. Wie kann ich Ihnen weiterhelfen? Was ist der Grund Ihres Anrufs?', 'role': 'assistant'}, {'content': 'Hallo, ich habe eine Frage: Was kostet ein Concierge-Service für die Poststelle zusätzlich? Können Sie mir da weiterhelfen?', 'id': '1d7eb48e-ac3b-4324-bf11-14861e854c0c', 'role': 'user'}, {'content': 'Zu den Kosten für einen Concierge-Service speziell für die Poststelle finde ich leider keine Informationen in den verfügbaren Unterlagen. Möchten Sie noch etwas anderes wissen?', 'id': '6831677c-c13e-4539-aefa-8c53153cc768', 'role': 'assistant'}, {'content': 'Nein, danke. Das war alles. Auf Wiederhören.', 'id': 'lc_run--01a000f1-9b9d-7053-828b-09401337cf7c-0', 'role': 'user'}, {'content': 'Alles klar. Dann wünsche ich Ihnen einen schönen Tag. Auf Wiederhören.', 'id': '56301a75-9f5b-430b-96f3-367254c23a6c', 'role': 'assistant'}, {'content': '', 'id': 'lc_run--01a000f1-ae2b-72d3-8807-2b8899c33a55-0', 'role': 'user'}, {'content': 'Das Gespräch ist beendet. Falls Sie wieder Fragen haben, stehe ich Ihnen gerne zur Verfügung. Auf Wiederhören.', 'id': 'd73ecc0c-c6be-42a3-84f6-a19ccf1e5031', 'role': 'assistant'}]",13.832206,,01a000f1-86d9-70e1-9fe5-fe1d1780a267,1.0,0.0,1.0,3,5,1.976
KN8001,Dietmar Voigt,015789643375,nur am späten Nachmittag,Darf ich einen eigenen Wintergarten auf dem Balkon bauen?,surfersimmobilien+predeploy@outlook.com,"[{'content': 'Guten Tag, Sie sprechen mit der digitalen Anruf-Assistentin von Surfers Immobilien. Was ist der Grund für Ihren Anruf?', 'role': 'assistant'}, {'content': 'Hallo, ich habe eine Frage: Darf ich einen eigenen Wintergarten auf dem Balkon bauen? Können Sie mir da weiterhelfen?', 'id': 'b202cce3-975f-4f54-9706-5f3373bf29cc', 'role': 'user'}, {'content': 'Dazu habe ich leider keine konkrete Information gefunden. Es sieht so aus, als ob spezielle bauliche Veränderungen wie ein Wintergarten nicht ohne Genehmigung möglich sind. Sie sollten sich direkt an Surfers Immobilien wenden, um eine offizielle Erlaubnis einzuholen. Haben Sie noch weitere Fragen?', 'id': 'f54db743-28db-4ee7-bf48-a31982faf097', 'role': 'assistant'}, {'content': 'Nein, danke. Das war alles. Auf Wiederhören.', 'id': 'lc_run--01a000f1-9ece-7c60-afd4-1e83714ee5cc-0', 'role': 'user'}, {'content': 'Alles klar. Dann wünsche ich Ihnen einen schönen Tag. Auf Wiederhören!', 'id': '6ad73fd6-ba5c-4275-9150-f156c6e60204', 'role': 'assistant'}, {'content': '', 'id': 'lc_run--01a000f1-ae1a-7191-8da4-03c10643095e-0', 'role': 'user'}, {'content': 'Gibt es noch etwas, wobei ich Ihnen helfen kann?', 'id': 'acc52189-8ab6-4f4f-8421-e1d44f9971e9', 'role': 'assistant'}]",11.874233,,01a000f1-8e05-7220-a14d-c6771e157e67,1.0,0.0,0.0,3,5,1.6963
KN7906,Martina Winter,015789643375,Dienstag den ganzen Tag,Können Sie mir meinen Mietvertrag ins Englische übersetzen?,surfersimmobilien+predeploy@outlook.com,"[{'content': 'Guten Tag, Sie sprechen mit der digitalen Anruf-Assistentin von Surfers Immobilien. Wie kann ich Ihnen weiterhelfen? Was ist der Grund Ihres Anrufs?', 'role': 'assistant'}, {'content': 'Hallo, ich habe eine Frage: Können Sie mir meinen Mietvertrag ins Englische übersetzen? Können Sie mir da weiterhelfen?', 'id': 'b5cba6be-aa6d-4db9-bed3-e1f9199d0ae9', 'role': 'user'}, {'content': 'Leider kann ich Ihnen dabei nicht weiterhelfen. Eine Übersetzung Ihres Mietvertrags ins Englische ist über diesen Service nicht möglich. Haben Sie noch weitere Fragen?', 'id': '122e028e-668a-41e7-abd7-05a9dc6abddd', 'role': 'assistant'}, {'content': 'Nein, danke. Auf Wiederhören.', 'id': 'lc_run--01a000f1-9b54-7c03-bef6-d3af86b93e39-0', 'role': 'user'}, {'content': 'Alles klar. Dann wünsche ich Ihnen einen schönen Tag. Auf Wiederhören!', 'id': 'ec53ab03-a8a6-46ed-a385-571e154eb7fe', 'role': 'assistant'}, {'content': '', 'id': 'lc_run--01a000f1-a9ae-72c2-a3ab-4b1735b9b052-0', 'role': 'user'}, {'content': 'Die Verbindung wurde beendet. Falls Sie wieder Unterstützung benötigen, können Sie sich gerne erneut melden. Auf Wiederhören!', 'id': '388d3d5b-0595-486f-a7dd-332bb4d034fe', 'role': 'assistant'}]",10.788794,,01a000f1-8f37-7730-b83e-8b56755c47fa,1.0,0.0,1.0,3,5,1.5413
KN7164,Fritz Koch,015789643375,abends nach 18 Uhr,Wie viele Bewerber stehen aktuell auf der Warteliste für eine Genossenschaftswohnung?,surfersimmobilien+predeploy@outlook.com,"[{'content': 'Guten Tag, Sie sprechen mit der digitalen Anruf-Assistentin von Surfers Immobilien. Was ist der Grund für Ihren Anruf?', 'role': 'assistant'}, {'content': 'Hallo, ich habe eine Frage: Wie viele Bewerber stehen aktuell auf der Warteliste für eine Genossenschaftswohnung? Können Sie mir da weiterhelfen?', 'id': 'a232eaa7-7f03-4f7b-bf54-1932225fa511', 'role': 'user'}, {'content': 'Leider liegen mir keine aktuellen Zahlen zur Warteliste für eine Genossenschaftswohnung vor. Möchten Sie noch etwas anderes wissen?', 'id': '71dc626c-f9b9-48ee-8112-746c59f7ef6f', 'role': 'assistant'}, {'content': 'Nein, danke. Das war alles. Auf Wiederhören.', 'id': 'lc_run--01a000f1-c2e4-7392-83ad-df64dfa15494-0', 'role': 'user'}, {'content': 'Alles klar. Dann wünsche ich Ihnen einen schönen Tag. Auf Wiederhören.', 'id': '31278a1c-0e3b-4179-98da-3db77097c02d', 'role': 'assistant'}, {'content': '', 'id': 'lc_run--01a000f1-cf9f-7460-9a0a-197d1c077bec-0', 'role': 'user'}, {'content': 'Gibt es noch etwas, wobei ich Ihnen helfen kann?', 'id': 'e9eaf45d-55b9-45f1-bd80-3a423d73e5f5', 'role': 'assistant'}]",11.471191,,01a000f1-b301-7c91-ad27-7ce645f9fe44,1.0,0.0,1.0,3,5,1.6387
KN4022,Werner Sommer,015789643375,nur am späten Nachmittag,Gibt es eine Prämie für Mieterwerbung?,surfersimmobilien+predeploy@outlook.com,"[{'content': 'Guten Tag, Sie sprechen mit der digitalen Anruf-Assistentin von Surfers Immobilien. Was ist der Grund für Ihren Anruf?', 'role': 'assistant'}, {'content': 'Hallo, ich habe eine Frage: Gibt es eine Prämie für Mieterwerbung? Können Sie mir da weiterhelfen?', 'id': 'd9289ebf-0762-4ff5-86dd-f5d23bbaaefe', 'role': 'user'}, {'content': 'Ich finde dazu leider keine Information, dass es eine Prämie für Mieterwerbung bei Surfers Immobilien gibt. Soll ich noch etwas anderes für Sie nachschauen?', 'id': 'e44e7db0-c17a-445c-b703-a7c6c210dbba', 'role': 'assistant'}, {'content': 'Nein, danke. Das war alles. Auf Wiederhören.', 'id': 'lc_run--01a000f1-cae0-7e50-9c33-c8039abb4198-0', 'role': 'user'}, {'content': 'Alles klar. Dann wünsche ich Ihnen einen schönen Tag. Auf Wiederhören.', 'id': '0ba8252d-49d5-4d0d-b3b7-96a152aa02cc', 'role': 'assistant'}, {'content': '', 'id': 'lc_run--01a000f1-d6b6-7012-ab72-9a1cb318020d-0', 'role': 'user'}, {'content': 'Gibt es noch etwas, wobei ich Ihnen helfen kann?', 'id': '5ac28bec-ef5c-4cee-82cc-6a555bdb8d1e', 'role': 'assistant'}]",10.938177,,01a000f1-b95d-7be1-a303-bdea47d60101,1.0,0.0,1.0,3,5,1.5626
KN9636,Ute Engel,015789643375,den ganzen Dienstag,Bieten Sie Unterstützung bei Behördengängen für Ausländer an?,surfersimmobilien+predeploy@outlook.com,"[{'content': 'Guten Tag, Sie sprechen mit der digitalen Anruf-Assistentin von Surfers Immobilien. Was ist der Grund für Ihren Anruf?', 'role': 'assistant'}, {'content': 'Hallo, ich habe eine Frage: Bieten Sie Unterstützung bei Behördengängen für Ausländer an? Können Sie mir da weiterhelfen?', 'id': 'd10c62c9-223d-4a5f-b6f0-834be1540a61', 'role': 'user'}, {'content': 'Nach den verfügbaren Informationen bietet Surfers Immobilien keine spezielle Unterstützung bei Behördengängen für Ausländer an. Haben Sie noch weitere Fragen?', 'id': 'd5fb1bda-780b-44b3-9a3b-b0332f5da2c5', 'role': 'assistant'}, {'content': 'Nein, danke. Das war alles. Auf Wiederhören.', 'id': 'lc_run--01a000f1-cd5f-7d81-b01d-0af79b4709a3-0', 'role': 'user'}, {'content': 'Alles klar. Dann wünsche ich Ihnen einen schönen Tag. Auf Wiederhören.', 'id': '6d0fdba0-9557-44d7-a248-c822fa4c9d15', 'role': 'assistant'}, {'content': '', 'id': 'lc_run--01a000f1-da4c-7b83-af8b-709fbcec29df-0', 'role': 'user'}, {'content': 'Gibt es noch etwas, wobei ich Ihnen helfen kann?', 'id': 'f9599ded-2166-49e7-8610-102e1c56f031', 'role': 'assistant'}]",12.227974,,01a000f1-bc68-7f11-bfff-3aa4df91866d,1.0,0.0,0.0,3,5,1.7469
KN5233,Heike Otto,015789643375,Montag von 14 Uhr bis 16 Uhr,"Bekomme ich einen Rabatt, wenn ich einen Freund als neuen Mieter werbe?",surfersimmobilien+predeploy@outlook.com,"[{'content': 'Guten Tag, Sie sprechen mit der digitalen Anruf-Assistentin von Surfers Immobilien. Worum geht es bei Ihrem Anruf?', 'role': 'assistant'}, {'content': 'Hallo, ich habe eine Frage: Bekomme ich einen Rabatt, wenn ich einen Freund als neuen Mieter werbe? Können Sie mir da weiterhelfen?', 'id': 'ada1d195-8e15-4b5d-8651-afd7a7d18b3a', 'role': 'user'}, {'content': 'Es gibt keinen Hinweis darauf, dass Sie einen Rabatt erhalten, wenn Sie einen Freund als neuen Mieter werben. Surfers Immobilien arbeitet nicht gewinnorientiert und bietet generell günstige Konditionen für Mitglieder. Haben Sie noch weitere Fragen?', 'id': '98b743a9-7bbf-4887-a409-19f5a36a8c69', 'role': 'assistant'}, {'content': 'Nein, danke. Das war alles. Auf Wiederhören.', 'id': 'lc_run--01a000f1-cf83-7032-9430-b66b5d4cd725-0', 'role': 'user'}, {'content': 'Alles klar. Dann wünsche ich Ihnen einen schönen Tag. Auf Wiederhören.', 'id': 'c089b86e-2ca4-40c6-a2a4-09b3d009941c', 'role': 'assistant'}, {'content': '', 'id': 'lc_run--01a000f1-dcea-7363-807b-c331faca2d5d-0', 'role': 'user'}, {'content': 'Falls Sie noch einmal Fragen haben, können Sie sich gerne wieder melden. Auf Wiederhören.', 'id': 'dc577c45-7b94-4a7c-b53f-82f62127a2a0', 'role': 'assistant'}]",11.76157,,01a000f1-bce3-7102-8360-0e0a06d4fb06,1.0,0.0,1.0,3,5,1.6802
KN5121,Matthias Peters,015789643375,nur vormittags unter der Woche,Welchen Stromanbieter sollte ich für meine Wohnung wählen?,surfersimmobilien+predeploy@outlook.com,"[{'content': 'Guten Tag, Sie sprechen mit der digitalen Anruf-Assistentin von Surfers Immobilien. Was ist der genaue Grund für Ihren Anruf?', 'role': 'assistant'}, {'content': 'Hallo, ich habe eine Frage: Welchen Stromanbieter sollte ich für meine Wohnung wählen? Können Sie mir da weiterhelfen?', 'id': '9b3e0d39-092e-4c80-a828-be4fb9e98e25', 'role': 'user'}, {'content': 'Leider kann ich Ihnen dazu keine Empfehlung geben. Informationen zu Stromanbietern oder individuelle Empfehlungen liegen mir nicht vor. Haben Sie noch weitere Fragen zu unseren Wohnungen oder zur Mitgliedschaft?', 'id': '21ec9192-bf75-4c9b-9884-58ccc66034c0', 'role': 'assistant'}, {'content': 'Nein, danke. Das war alles. Auf Wiederhören.', 'id': 'lc_run--01a000f1-eabc-75d1-85bf-c178e5a50a44-0', 'role': 'user'}, {'content': 'Alles klar. Dann wünsche ich Ihnen einen schönen Tag. Auf Wiederhören.', 'id': '60cf9220-f1f9-48d8-b2e7-3fd756275eaf', 'role': 'assistant'}, {'content': '', 'id': 'lc_run--01a000f1-f7e8-7221-a5b7-9f123ba5988c-0', 'role': 'user'}, {'content': 'Gibt es noch etwas, wobei ich Ihnen helfen kann?', 'id': '38a88fef-c95a-4c4d-a2eb-e5ce288b35d6', 'role': 'assistant'}]",9.669179,,01a000f1-dfd1-7a62-a188-cfe7c01f680e,1.0,0.0,1.0,3,5,1.3813
KN1853,Meta Lange,015789643375,Montag von 10 Uhr bis 13 Uhr,"Können Sie mir sagen, wo ich am besten mein Auto waschen kann?",surfersimmobilien+predeploy@outlook.com,"[{'content': 'Guten Tag, Sie sprechen mit der digitalen Anruf-Assistentin von Surfers Immobilien. Was ist der genaue Grund für Ihren Anruf?', 'role': 'assistant'}, {'content': 'Hallo, ich habe eine Frage: Können Sie mir sagen, wo ich am besten mein Auto waschen kann? Können Sie mir da weiterhelfen?', 'id': 'c85f9068-8e87-472e-996d-5b9fefc02fdc', 'role': 'user'}, {'content': 'Es tut mir leid, dazu kann ich Ihnen leider keine Auskunft geben. Ich kann nur Informationen rund um Surfers Immobilien und deren Wohnungsangebote bereitstellen. Haben Sie noch weitere Fragen dazu?', 'id': 'c5f453b6-cb62-422d-b0e6-d61c25fb8eb7', 'role': 'assistant'}, {'content': 'Nein, danke. Auf Wiederhören.', 'id': 'lc_run--01a000f1-ef8a-7a81-a6a8-48a20a8d8657-0', 'role': 'user'}, {'content': 'Alles klar. Dann wünsche ich Ihnen einen schönen Tag. Auf Wiederhören.', 'id': '363a47bb-3409-4806-9e08-83563f474ea7', 'role': 'assistant'}, {'content': '', 'id': 'lc_run--01a000f1-fbd6-7651-842c-23f90fcdc458-0', 'role': 'user'}, {'content': 'Gibt es noch etwas, wobei ich Ihnen rund um Surfers Immobilien behilflich sein kann?', 'id': 'e9ebd390-9b3d-4867-b895-cca29f99f404', 'role': 'assistant'}]",9.518427,,01a000f1-e418-7b51-acba-ea800d6daa73,1.0,0.0,1.0,3,5,1.3598
KN8073,Erwin Barak,015789643375,Montag von 9 Uhr bis 12 Uhr,"Können Sie mir sagen, wie hoch die Zinsen für verspätete Mietzahlungen sind?",surfersimmobilien+predeploy@outlook.com,"[{'content': 'Guten Tag, Sie sprechen mit der digitalen Anruf-Assistentin von Surfers Immobilien. Was ist der genaue Grund für Ihren Anruf?', 'role': 'assistant'}, {'content': 'Hallo, ich habe eine Frage: Können Sie mir sagen, wie hoch die Zinsen für verspätete Mietzahlungen sind? Können Sie mir da weiterhelfen?', 'id': '77eecd7c-15fe-486a-9ca7-ac11bde6205a', 'role': 'user'}, {'content': 'Die monatliche Nutzungsgebühr, also die Miete, muss spätestens am dritten Werktag jedes Monats auf dem Konto von Surfers Immobilien eingehen. Zu den Zinsen für verspätete Zahlungen finde ich leider keine konkrete Angabe. Möchten Sie noch etwas anderes wissen?', 'id': 'cf1daf5a-18e5-4bec-8d16-6e7ba73a2a06', 'role': 'assistant'}, {'content': 'Nein, danke. Das war alles. Auf Wiederhören.', 'id': 'lc_run--01a000f1-faca-7ba1-9c83-55ccfcfae4e8-0', 'role': 'user'}, {'content': 'Alles klar. Dann wünsche ich Ihnen einen schönen Tag. Auf Wiederhören.', 'id': 'ca653c65-2c3c-4745-87cc-a8e1606d893c', 'role': 'assistant'}, {'content': '', 'id': 'lc_run--01a000f2-0827-76e3-ac2e-ed753f8387ba-0', 'role': 'user'}, {'content': 'Gibt es noch etwas, wobei ich Ihnen helfen kann?', 'id': 'd7496dd6-0525-4f03-acfc-c46e666c6e59', 'role': 'assistant'}]",10.936117,,01a000f1-ead5-7112-b656-e465cc52081c,1.0,0.0,1.0,3,5,1.5623
KN2998,Christa Krause,015789643375,Montag von 9 Uhr bis 12 Uhr,Können Sie mir eine psychologische Beratung wegen Stress mit meinem Nachbarn vermitteln?,surfersimmobilien+predeploy@outlook.com,"[{'content': 'Guten Tag, Sie sprechen mit der digitalen Anruf-Assistentin von Surfers Immobilien. Was ist der genaue Grund für Ihren Anruf?', 'role': 'assistant'}, {'content': 'Hallo, ich habe eine Frage: Können Sie mir eine psychologische Beratung wegen Stress mit meinem Nachbarn vermitteln? Können Sie mir da weiterhelfen?', 'id': 'd8494921-8fd7-43b4-a7eb-6abac4934ad7', 'role': 'user'}, {'content': 'Das Thema psychologische Beratung liegt außerhalb meines Aufgabenbereichs. Ich bin ausschließlich für Anliegen rund um Surfers Immobilien zuständig, zum Beispiel:\n\n- Informationen zu unseren Wohnungen\n- Mitgliedschaft und Genossenschaftsanteile\n- Fragen zur Vermietung oder zu Bauprojekten\n\nGibt es ein Anliegen in diesem Bereich, bei dem ich Ihnen helfen kann?', 'id': 'ee3b69a7-bbe7-4e24-b8f2-0840ed231b54', 'role': 'assistant'}, {'content': 'Nein, danke. Das war meine einzige Frage. Auf Wiederhören.', 'id': 'lc_run--01a000f1-fa0a-7252-8878-338075de6436-0', 'role': 'user'}, {'content': 'Alles klar. Dann wünsche ich Ihnen einen angenehmen Tag. Auf Wiederhören.', 'id': 'e53259a2-b0fb-48dc-9dd9-a07fc6421552', 'role': 'assistant'}, {'content': '', 'id': 'lc_run--01a000f2-0708-75c1-b1ec-8c1a39b12c2c-0', 'role': 'user'}, {'content': 'Gibt es noch etwas, wobei ich Ihnen helfen kann?', 'id': 'a2450dbb-ac4a-40b7-9807-89dda612800b', 'role': 'assistant'}]",10.241761,,01a000f1-ec2d-7153-9a07-dee7f4555489,1.0,0.0,1.0,3,5,1.4631
KN9475,Nicole Möller,015789643375,"am Wochenende, Samstag oder Sonntag",Hat Surfers Immobilien schon einmal einen Preis gewonnen?,surfersimmobilien+predeploy@outlook.com,"[{'content': 'Guten Tag, Sie sprechen mit der digitalen Anruf-Assistentin von Surfers Immobilien. Was ist der genaue Grund für Ihren Anruf?', 'role': 'assistant'}, {'content': 'Hallo, ich habe eine Frage: Hat Surfers Immobilien schon einmal einen Preis gewonnen? Können Sie mir da weiterhelfen?', 'id': 'a2a95523-770b-4fc4-b3e8-d9ff54c8e8b1', 'role': 'user'}, {'content': 'Mir liegen dazu keine Informationen vor, dass Surfers Immobilien einen Preis oder eine Auszeichnung erhalten hat. Kann ich Ihnen sonst noch weiterhelfen?', 'id': 'dc0431af-63b8-4165-a22a-4f334bbe40f8', 'role': 'assistant'}, {'content': 'Nein, danke. Das war alles. Auf Wiederhören.', 'id': 'lc_run--01a000f2-1624-76c3-baca-0deb5f0cd477-0', 'role': 'user'}, {'content': 'Alles klar. Dann wünsche ich Ihnen einen schönen Tag. Auf Wiederhören.', 'id': '78f88fd1-eccf-47d7-b4da-4d6d61bc7660', 'role': 'assistant'}, {'content': '', 'id': 'lc_run--01a000f2-24bc-77a1-9ddb-cf93b34b95f3-0', 'role': 'user'}, {'content': 'Gibt es noch etwas, wobei ich Ihnen helfen kann?', 'id': '9aebef1f-7793-4248-9776-58f6ac8c6c68', 'role': 'assistant'}]",11.402086,,01a000f2-0598-77e3-badc-2965a1eb42a7,1.0,0.0,1.0,3,5,1.6289
KN4028,Achim Hahn,015789643375,abends nach 18 Uhr,Wie viele Wohnungen verwaltet Surfers Immobilien insgesamt?,surfersimmobilien+predeploy@outlook.com,"[{'content': 'Guten Tag, Sie sprechen mit der digitalen Anruf-Assistentin von Surfers Immobilien. Was ist der genaue Grund für Ihren Anruf?', 'role': 'assistant'}, {'content': 'Hallo, ich habe eine Frage: Wie viele Wohnungen verwaltet Surfers Immobilien insgesamt? Können Sie mir da weiterhelfen?', 'id': '974e49a0-a799-4340-b1be-df2c4310f612', 'role': 'user'}, {'content': 'Surfers Immobilien verwaltet aktuell knapp achttausend Wohnungen im Düsseldorfer Stadtgebiet. Haben Sie noch weitere Fragen?', 'id': '52c26db1-5db8-42fd-a3b1-c8b8f3b6c058', 'role': 'assistant'}, {'content': 'Nein, danke. Das war alles. Auf Wiederhören.', 'id': 'lc_run--01a000f2-187c-7161-a6bc-d9c4604c45dd-0', 'role': 'user'}, {'content': 'Alles klar. Dann wünsche ich Ihnen einen schönen Tag. Auf Wiederhören.', 'id': 'fd9cb8a2-fcce-4a9c-9edf-119ea364783e', 'role': 'assistant'}, {'content': '', 'id': 'lc_run--01a000f2-26e4-7c32-84db-7c1daca28712-0', 'role': 'user'}, {'content': 'Gibt es noch etwas, wobei ich Ihnen helfen kann?', 'id': '5e87875b-bb9b-45f4-a361-515123123c07', 'role': 'assistant'}]",10.976731,,01a000f2-0947-7a73-8b8d-31f74d8f9878,1.0,0.0,0.0,3,5,1.5681
KN4195,Theodor Schmitt,015789643375,den ganzen Mittwoch,Gibt es einen Waschsalon in der Nähe?,surfersimmobilien+predeploy@outlook.com,"[{'content': 'Guten Tag, Sie sprechen mit der digitalen Anruf-Assistentin von Surfers Immobilien. Was ist der Grund für Ihren Anruf?', 'role': 'assistant'}, {'content': 'Hallo, ich habe eine Frage: Gibt es einen Waschsalon in der Nähe? Können Sie mir da weiterhelfen?', 'id': 'd3253337-588a-4373-83d1-3642c091e4f9', 'role': 'user'}, {'content': 'Leider habe ich dazu keine Informationen. Es liegen keine Angaben zu Waschsalons in der Nähe vor. Haben Sie noch weitere Fragen?', 'id': '2e7652a3-5b8d-47e0-8cae-2596a1622312', 'role': 'assistant'}, {'content': 'Nein, danke. Das war alles. Auf Wiederhören.', 'id': 'lc_run--01a000f2-234e-7520-a91a-2328a129ef10-0', 'role': 'user'}, {'content': 'Alles klar. Dann wünsche ich Ihnen einen schönen Tag. Auf Wiederhören!', 'id': '66e0b8d2-93a4-4f54-a99c-65aa798bac9a', 'role': 'assistant'}, {'content': '', 'id': 'lc_run--01a000f2-2fea-72c3-8ccd-bc36f24e963a-0', 'role': 'user'}, {'content': 'Gibt es noch etwas, wobei ich Ihnen helfen kann?', 'id': '3e7eaae0-1b1f-4a6d-820f-aadabc5887eb', 'role': 'assistant'}]",11.364867,,01a000f2-1430-71c3-8605-f48d0c62aad6,1.0,0.0,1.0,3,5,1.6236
KN9654,Christine Pfeiffer,015789643375,Montag von 14 Uhr bis 16 Uhr,"Wie kann ich eine Waschmaschine anschließen, die nicht vorgesehen ist?",surfersimmobilien+predeploy@outlook.com,"[{'content': 'Guten Tag, Sie sprechen mit der digitalen Anruf-Assistentin von Surfers Immobilien. Was ist der genaue Grund für Ihren Anruf?', 'role': 'assistant'}, {'content': 'Hallo, ich habe eine Frage: Wie kann ich eine Waschmaschine anschließen, die nicht vorgesehen ist? Können Sie mir da weiterhelfen?', 'id': '7ab2843c-093e-4706-ac9f-7a8e488ec20d', 'role': 'user'}, {'content': 'Dazu habe ich leider keine Informationen gefunden. Es tut mir leid, aber ich kann Ihnen in diesem Fall nicht weiterhelfen. Haben Sie noch weitere Fragen?', 'id': '5f487175-0b74-4f63-ada7-4e86e0c818d9', 'role': 'assistant'}, {'content': 'Nein, danke. Auf Wiederhören.', 'id': 'lc_run--01a000f2-2531-75f3-8af2-d387203b5264-0', 'role': 'user'}, {'content': 'Alles klar. Dann wünsche ich Ihnen einen schönen Tag. Auf Wiederhören.', 'id': '3bed9216-371a-4464-9723-4fcbcb6e7b86', 'role': 'assistant'}, {'content': '', 'id': 'lc_run--01a000f2-320f-7b80-b5c0-cb5253e55fce-0', 'role': 'user'}, {'content': 'Gibt es noch etwas, wobei ich Ihnen helfen kann?', 'id': '08fe9ea3-6474-4a8c-bea2-ea68369a3c38', 'role': 'assistant'}]",10.800247,,01a000f2-158f-74e1-8863-1540393aa528,1.0,0.0,1.0,3,5,1.5429
KN7123,Manfred Vogler,015789643375,Mittwoch und Freitag vormittags,Wie stelle ich eine DSGVO-Auskunftsanfrage?,surfersimmobilien+predeploy@outlook.com,"[{'content': 'Guten Tag, Sie sprechen mit der digitalen Anruf-Assistentin von Surfers Immobilien. Was ist der genaue Grund für Ihren Anruf?', 'role': 'assistant'}, {'content': 'Hallo, ich habe eine Frage: Wie stelle ich eine DSGVO-Auskunftsanfrage? Können Sie mir da weiterhelfen?', 'id': '554ded38-4e10-4661-9234-94049e2b706e', 'role': 'user'}, {'content': 'Leider finde ich dazu keine konkrete Information in den verfügbaren Unterlagen. Ich kann Ihnen dazu keine genaue Auskunft geben. Haben Sie noch weitere Fragen?', 'id': '2abf6e94-7692-4623-afd7-65676faacefd', 'role': 'assistant'}, {'content': 'Nein, danke. Auf Wiederhören.', 'id': 'lc_run--01a000f2-440c-77e1-9995-a17c6a834112-0', 'role': 'user'}, {'content': 'Alles klar. Dann wünsche ich Ihnen einen schönen Tag. Auf Wiederhören.', 'id': '5933aad8-0be9-4596-a366-7c7242ff0637', 'role': 'assistant'}, {'content': '', 'id': 'lc_run--01a000f2-4fff-75b0-b66f-52abd60433ff-0', 'role': 'user'}, {'content': 'Gibt es noch etwas, wobei ich Ihnen helfen kann?', 'id': 'ed962fcc-5fc6-45fc-a22f-77b7b65bbbf9', 'role': 'assistant'}]",11.090584,,01a000f2-3223-7e51-802e-268e9f06dd19,1.0,0.0,1.0,3,5,1.5844
KN9167,Kaspar Maier,015789643375,Mittwoch von 10 Uhr bis 13 Uhr,"Können Sie mir sagen, welcher Aktienkurs für Immobilienfonds aktuell attraktiv ist?",surfersimmobilien+predeploy@outlook.com,"[{'content': 'Guten Tag, Sie sprechen mit der digitalen Anruf-Assistentin von Surfers Immobilien. Was ist der genaue Grund für Ihren Anruf?', 'role': 'assistant'}, {'content': 'Hallo, ich habe eine Frage: Können Sie mir sagen, welcher Aktienkurs für Immobilienfonds aktuell attraktiv ist? Können Sie mir da weiterhelfen?', 'id': '271c855e-1ac7-4a44-af97-9f6271a8137f', 'role': 'user'}, {'content': 'Es tut mir leid, aber ich kann Ihnen dazu keine Informationen geben. Surfers Immobilien beschäftigt sich ausschließlich mit der Vermietung von Wohnungen in Düsseldorf und bietet keine Beratung zu Aktienkursen oder Immobilienfonds an. Haben Sie noch weitere Fragen?', 'id': '2613aea1-e3bf-404a-9409-dcf8c33f528e', 'role': 'assistant'}, {'content': 'Nein, danke. Auf Wiederhören.', 'id': 'lc_run--01a000f2-3fab-7b30-89d2-a94bef83f1af-0', 'role': 'user'}, {'content': 'Alles klar. Dann wünsche ich Ihnen einen schönen Tag. Auf Wiederhören.', 'id': 'd6ad64b2-2d7a-468a-86bd-f51a6bb73a2a', 'role': 'assistant'}, {'content': '', 'id': 'lc_run--01a000f2-4dc8-7c01-8dc6-127f9353f13e-0', 'role': 'user'}, {'content': 'Gibt es noch etwas, wobei ich Ihnen helfen kann?', 'id': 'b48cea17-e280-4550-b20e-47fbaeaa09f3', 'role': 'assistant'}]",10.28019,,01a000f2-3429-70f0-829f-06f8d423cbea,1.0,0.0,1.0,3,5,1.4686
KN4031,Kerstin Graf,015789643375,Dienstag von 14 Uhr bis 17 Uhr,Wie hoch sind die Zinsen für eine Umschuldung meines Kredits?,surfersimmobilien+predeploy@outlook.com,"[{'content': 'Guten Tag, Sie sprechen mit der digitalen Anruf-Assistentin von Surfers Immobilien. Was ist der genaue Grund für Ihren Anruf?', 'role': 'assistant'}, {'content': 'Hallo, ich habe eine Frage: Wie hoch sind die Zinsen für eine Umschuldung meines Kredits? Können Sie mir da weiterhelfen?', 'id': '937aaaf4-0436-461f-9907-17a85618fe81', 'role': 'user'}, {'content': 'Zu den Zinsen für eine Umschuldung Ihres Kredits finde ich leider keine Informationen in den verfügbaren Unterlagen von Surfers Immobilien. Haben Sie noch weitere Fragen?', 'id': '39f0986a-ee3c-4c8a-b4ed-672636815c9a', 'role': 'assistant'}, {'content': 'Nein, danke. Auf Wiederhören.', 'id': 'lc_run--01a000f2-4ee1-71a0-83a1-bcdf9d1c46e8-0', 'role': 'user'}, {'content': 'Alles klar. Dann wünsche ich Ihnen einen schönen Tag. Auf Wiederhören.', 'id': '4014a897-c36e-4914-bc84-888e1d335649', 'role': 'assistant'}, {'content': '', 'id': 'lc_run--01a000f2-5b90-7230-9575-fcfc95c15dfd-0', 'role': 'user'}, {'content': 'Gibt es noch etwas, wobei ich Ihnen helfen kann?', 'id': '4d4659be-2418-4e8c-8212-d390420d067d', 'role': 'assistant'}]",11.580695,,01a000f2-3fc0-74e1-ba93-940b0cf3235b,1.0,0.0,1.0,3,5,1.6544
KN6090,Frank Böhm,015789643375,abends nach 18 Uhr,"Können Sie mir helfen, meine Steuererklärung auszufüllen?",surfersimmobilien+predeploy@outlook.com,"[{'content': 'Guten Tag, Sie sprechen mit der digitalen Anruf-Assistentin von Surfers Immobilien. Was ist der genaue Grund für Ihren Anruf?', 'role': 'assistant'}, {'content': 'Hallo, ich habe eine Frage: Können Sie mir helfen, meine Steuererklärung auszufüllen? Können Sie mir da weiterhelfen?', 'id': 'ff1bca77-4b85-4f9c-a5c0-3d50c908d31e', 'role': 'user'}, {'content': 'Das Thema Steuererklärung fällt nicht in meinen Aufgabenbereich. Ich bin zuständig für Anliegen rund um Surfers Immobilien, zum Beispiel Wohnungsangebote, Mitgliedschaft oder Fragen zu bestehenden Mietverhältnissen. Gibt es dazu etwas, wobei ich Ihnen helfen kann?', 'id': 'a701f12a-f481-4ed6-b6fe-15d38c0f78cd', 'role': 'assistant'}, {'content': 'Nein, danke. Das war alles. Auf Wiederhören.', 'id': 'lc_run--01a000f2-4e01-7ec0-b9eb-5c2aa6efd347-0', 'role': 'user'}, {'content': 'Alles klar. Dann wünsche ich Ihnen einen schönen Tag. Auf Wiederhören.', 'id': '3f60888a-b18d-4123-a172-fad2276c97a6', 'role': 'assistant'}, {'content': '', 'id': 'lc_run--01a000f2-5b9b-7243-9674-67b870955ab9-0', 'role': 'user'}, {'content': 'Gibt es noch etwas, wobei ich Ihnen helfen kann?', 'id': '5b8d7b16-a361-471c-90e6-0f030ecb6f1f', 'role': 'assistant'}]",9.807591,,01a000f2-4096-7a72-866f-831f64497c27,1.0,0.0,1.0,3,5,1.4011
KN1494,Walter Hoffmann,015789643375,Montag und Mittwoch von 9 bis 12 Uhr,Können Sie mir Tipps zur Steueroptimierung meiner Mieteinnahmen als Vermieter geben?,surfersimmobilien+predeploy@outlook.com,"[{'content': 'Guten Tag, Sie sprechen mit der digitalen Anruf-Assistentin von Surfers Immobilien. Was ist der genaue Grund für Ihren Anruf?', 'role': 'assistant'}, {'content': 'Hallo, ich habe eine Frage: Können Sie mir Tipps zur Steueroptimierung meiner Mieteinnahmen als Vermieter geben? Können Sie mir da weiterhelfen?', 'id': '2e8a5c51-eef8-4b74-b085-e395d68c174b', 'role': 'user'}, {'content': 'Es tut mir leid, aber ich kann Ihnen keine Tipps zur Steueroptimierung Ihrer Mieteinnahmen als Vermieter geben. Haben Sie noch weitere Fragen?', 'id': '99424cf8-93c9-4391-836d-c24dd77aa293', 'role': 'assistant'}, {'content': 'Nein, danke. Das war alles. Auf Wiederhören.', 'id': 'lc_run--01a000f2-666e-7801-92dc-83cb94f491b9-0', 'role': 'user'}, {'content': 'Alles klar. Dann wünsche ich Ihnen einen schönen Tag. Auf Wiederhören.', 'id': '4859115f-bfdd-442e-b59c-9556e78500cd', 'role': 'assistant'}, {'content': '', 'id': 'lc_run--01a000f2-738e-72d2-9c8f-a3b03a08200a-0', 'role': 'user'}, {'content': 'Gibt es noch etwas, womit ich Ihnen helfen kann?', 'id': '5484b942-3098-4b55-a04a-7ee575897f8e', 'role': 'assistant'}]",9.246946,,01a000f2-5c52-7973-a082-47a02707abd9,1.0,0.0,1.0,3,5,1.321
KN1804,Angelika Dietrich,015789643375,den ganzen Freitag,Gibt es in meinem Gebäude einen Concierge-Service?,surfersimmobilien+predeploy@outlook.com,"[{'content': 'Guten Tag, Sie sprechen mit der digitalen Anruf-Assistentin von Surfers Immobilien. Was ist der genaue Grund für Ihren Anruf?', 'role': 'assistant'}, {'content': 'Hallo, ich habe eine Frage: Gibt es in meinem Gebäude einen Concierge-Service? Können Sie mir da weiterhelfen?', 'id': 'f3ac7720-3ae0-4204-b7d1-3b4f61960dfd', 'role': 'user'}, {'content': 'In den Gebäuden von Surfers Immobilien gibt es einen Hausmeisterservice, aber keinen Concierge-Service. Der Hausmeister ist von Montag bis Freitag zwischen acht Uhr und sechzehn Uhr vor Ort und über die zentrale Hotline erreichbar. Haben Sie noch weitere Fragen?', 'id': 'd741ef60-c901-4829-aaad-a56c32abcdb1', 'role': 'assistant'}, {'content': 'Nein, danke. Das war alles. Auf Wiederhören.', 'id': 'lc_run--01a000f2-6ce1-7a62-b4d9-f7c6f9514887-0', 'role': 'user'}, {'content': 'Alles klar. Dann wünsche ich Ihnen einen schönen Tag. Auf Wiederhören.', 'id': '8a3fab6b-ded9-4456-a9d4-04befa380b66', 'role': 'assistant'}, {'content': '', 'id': 'lc_run--01a000f2-7a63-7fc1-83a9-8c5df9f2d0f7-0', 'role': 'user'}, {'content': 'Gibt es noch etwas, wobei ich Ihnen helfen kann?', 'id': '326c5d3d-f006-4c00-b1eb-40ae2edc8fdf', 'role': 'assistant'}]",11.238855,,01a000f2-5d77-7ef3-b685-4906a14a6323,1.0,0.0,0.0,3,5,1.6056
KN2967,Isolde Schulze,015789643375,immer montags und mittwochs,Wie kann ich eine Beschwerde bei der Verbraucherzentrale gegen Sie einreichen?,surfersimmobilien+predeploy@outlook.com,"[{'content': 'Guten Tag, Sie sprechen mit der digitalen Anruf-Assistentin von Surfers Immobilien. Was ist der genaue Grund für Ihren Anruf?', 'role': 'assistant'}, {'content': 'Hallo, ich habe eine Frage: Wie kann ich eine Beschwerde bei der Verbraucherzentrale gegen Sie einreichen? Können Sie mir da weiterhelfen?', 'id': '24eadeda-66f1-4f2f-8d5b-d252cbeb34f7', 'role': 'user'}, {'content': 'Dazu kann ich Ihnen leider keine Informationen bereitstellen. Haben Sie noch weitere Fragen?', 'id': 'bfe217c9-cb10-47d9-b8bd-7624b6227b28', 'role': 'assistant'}, {'content': 'Nein, danke. Auf Wiederhören.', 'id': 'lc_run--01a000f2-72b0-7800-ba76-fd03bffa0d63-0', 'role': 'user'}, {'content': 'Alles klar. Dann wünsche ich Ihnen einen schönen Tag. Auf Wiederhören.', 'id': 'd5630ca9-3ab6-49c7-82d9-04a7136a9378', 'role': 'assistant'}, {'content': '', 'id': 'lc_run--01a000f2-7ea9-7b23-ac13-a48ea3af040e-0', 'role': 'user'}, {'content': 'Gibt es noch etwas, wobei ich Ihnen helfen kann?', 'id': '8f414691-08f2-463f-951c-2cd101263a48', 'role': 'assistant'}]",8.286067,,01a000f2-66e6-7ae3-bf9c-1f58d329c9a4,1.0,0.0,1.0,3,5,1.1837
KN7871,Silke Fuchs,015789643375,Freitag von 13 Uhr bis 16 Uhr,Wie komme ich am schnellsten mit öffentlichen Verkehrsmitteln zur Verwaltung?,surfersimmobilien+predeploy@outlook.com,"[{'content': 'Guten Tag, Sie sprechen mit der digitalen Anruf-Assistentin von Surfers Immobilien. Was ist der genaue Grund für Ihren Anruf?', 'role': 'assistant'}, {'content': 'Hallo, ich habe eine Frage: Wie komme ich am schnellsten mit öffentlichen Verkehrsmitteln zur Verwaltung? Können Sie mir da weiterhelfen?', 'id': '1a685823-2de5-4dcc-9e33-b9a3464014ff', 'role': 'user'}, {'content': 'Leider kann ich Ihnen dazu keine Auskunft geben. Informationen zu Anfahrtswegen oder öffentlichen Verkehrsmitteln liegen mir nicht vor. Haben Sie noch weitere Fragen?', 'id': '20d89b31-e0a6-4a0f-9167-061fac3bfe21', 'role': 'assistant'}, {'content': 'Nein, danke. Auf Wiederhören.', 'id': 'lc_run--01a000f2-7864-7c63-a941-1e59bc055868-0', 'role': 'user'}, {'content': 'Alles klar. Dann wünsche ich Ihnen einen schönen Tag. Auf Wiederhören.', 'id': '5fca098f-a34b-4709-a5a8-db9850caa68c', 'role': 'assistant'}, {'content': '', 'id': 'lc_run--01a000f2-8434-7893-835f-ca63634a340a-0', 'role': 'user'}, {'content': 'Gibt es noch etwas, wobei ich Ihnen helfen kann?', 'id': '3b497862-b441-48dd-8960-a7a59b438bf3', 'role': 'assistant'}]",8.79409,,01a000f2-6cfe-7773-b38e-01e3c82c6db7,1.0,0.0,1.0,3,5,1.2563
KN7729,August Werner,015789643375,immer dienstags und donnerstags,"Können Sie mir sagen, ob mein Paket schon beim Nachbarn abgegeben wurde?",surfersimmobilien+predeploy@outlook.com,"[{'content': 'Guten Tag, Sie sprechen mit der digitalen Anruf-Assistentin von Surfers Immobilien. Was ist der genaue Grund für Ihren Anruf?', 'role': 'assistant'}, {'content': 'Hallo, ich habe eine Frage: Können Sie mir sagen, ob mein Paket schon beim Nachbarn abgegeben wurde? Können Sie mir da weiterhelfen?', 'id': 'be2c4784-e6fe-4ca3-b185-74ad7d23118f', 'role': 'user'}, {'content': 'Ich bin ausschließlich für Anliegen rund um Surfers Immobilien zuständig, zum Beispiel zu Wohnungen, Mitgliedschaft oder Vermietung. Bei Paketfragen kann ich leider nicht weiterhelfen. Möchten Sie etwas zu unseren Wohnungen, Ihrer Mitgliedschaft oder einem anderen Thema bei Surfers Immobilien wissen?', 'id': 'e295949f-035b-4f79-8403-5fd6832c9610', 'role': 'assistant'}, {'content': 'Nein, danke. Dann hat sich meine Frage erledigt. Auf Wiederhören.', 'id': 'lc_run--01a000f2-8d47-7e11-8112-9ee501a1a6ff-0', 'role': 'user'}, {'content': 'Alles klar, dann wünsche ich Ihnen einen schönen Tag. Auf Wiederhören.', 'id': 'a9f103be-0477-47d2-9bb1-36855d6cf637', 'role': 'assistant'}, {'content': '', 'id': 'lc_run--01a000f2-9ad2-7cb3-8155-bb130c74f20c-0', 'role': 'user'}, {'content': 'Gibt es noch etwas, wobei ich Ihnen rund um Surfers Immobilien behilflich sein kann?', 'id': '7a4b7c86-0e09-4928-ac9e-869c7f47f1c2', 'role': 'assistant'}]",10.917171,,01a000f2-8072-77f0-9ad4-de3b3e21f82a,1.0,0.0,1.0,3,5,1.5596
KN1412,Reinhard Krämer,015789643375,den ganzen Donnerstag,"Wie heißt der Handwerker, der meinen Schaden reparieren wird?",surfersimmobilien+predeploy@outlook.com,"[{'content': 'Guten Tag, Sie sprechen mit der digitalen Anruf-Assistentin von Surfers Immobilien. Was ist der genaue Grund für Ihren Anruf?', 'role': 'assistant'}, {'content': 'Hallo, ich habe eine Frage: Wie heißt der Handwerker, der meinen Schaden reparieren wird? Können Sie mir da weiterhelfen?', 'id': 'ed3f6d5f-ad8f-47e4-99c3-1d909444f458', 'role': 'user'}, {'content': 'Leider kann ich Ihnen den Namen des Handwerkers nicht nennen. In den verfügbaren Informationen steht nur, dass Reparaturen über das Kundenportal oder telefonisch gemeldet werden und dann von einer beauftragten Fachfirma durchgeführt werden. Haben Sie noch weitere Fragen?', 'id': '6e0713a0-0361-40ac-8369-de45c1357404', 'role': 'assistant'}, {'content': 'Nein, danke. Auf Wiederhören.', 'id': 'lc_run--01a000f2-985c-7f50-9d52-eb3b84704fc9-0', 'role': 'user'}, {'content': 'Alles klar. Dann wünsche ich Ihnen einen schönen Tag. Auf Wiederhören.', 'id': '0690cdea-20d2-4871-9a48-8933906d5a2e', 'role': 'assistant'}, {'content': '', 'id': 'lc_run--01a000f2-a545-7e63-9295-99a89dc76a43-0', 'role': 'user'}, {'content': 'Falls Sie noch einmal Fragen haben, können Sie sich gerne melden. Auf Wiederhören.', 'id': 'b39c621f-6839-4bb8-8385-f42830a11742', 'role': 'assistant'}]",11.479449,,01a000f2-8746-74c1-9bad-de0b1341ea47,1.0,0.0,0.0,3,5,1.6399
KN6034,Katja Schubert,015789643375,Dienstag den ganzen Tag,Können Sie mir den Datenschutzbeauftragten von Surfers Immobilien nennen?,surfersimmobilien+predeploy@outlook.com,"[{'content': 'Guten Tag, Sie sprechen mit der digitalen Anruf-Assistentin von Surfers Immobilien. Was ist der genaue Grund für Ihren Anruf?', 'role': 'assistant'}, {'content': 'Hallo, ich habe eine Frage: Können Sie mir den Datenschutzbeauftragten von Surfers Immobilien nennen? Können Sie mir da weiterhelfen?', 'id': 'b90ee909-c6e6-4d02-9811-5448034bf645', 'role': 'user'}, {'content': 'Ich kann Ihnen dazu leider keine Information nennen. In den verfügbaren Unterlagen finde ich keinen Hinweis auf den Datenschutzbeauftragten von Surfers Immobilien.', 'id': '6bd8da31-b284-4a68-87ff-74a38462b4ac', 'role': 'assistant'}, {'content': 'Verstehe, danke fürs Nachsehen. Auf Wiederhören.', 'id': 'lc_run--01a000f2-9a02-7c81-ab25-e869da3d19d4-0', 'role': 'user'}, {'content': 'Alles klar. Ich wünsche Ihnen einen angenehmen Tag. Auf Wiederhören.', 'id': '97090137-1296-42a1-aca8-949fc3de2ac4', 'role': 'assistant'}, {'content': '', 'id': 'lc_run--01a000f2-a78a-7313-b0ed-315667f9a5a5-0', 'role': 'user'}, {'content': 'Gibt es noch etwas, wobei ich Ihnen helfen kann?', 'id': '60d529a5-9bf4-4938-bee8-fe1744f24abb', 'role': 'assistant'}]",11.303394,,01a000f2-895f-70f2-9efb-f79f4f027384,1.0,0.0,1.0,3,5,1.6148
KN1951,Hans Tersteegen,015789643375,den ganzen Montag,"Können Sie mir sagen, wie ich einen Handwerker außerhalb Ihres Netzwerks beauftrage?",surfersimmobilien+predeploy@outlook.com,"[{'content': 'Guten Tag, Sie sprechen mit der digitalen Anruf-Assistentin von Surfers Immobilien. Was ist der genaue Grund für Ihren Anruf?', 'role': 'assistant'}, {'content': 'Hallo, ich habe eine Frage: Können Sie mir sagen, wie ich einen Handwerker außerhalb Ihres Netzwerks beauftrage? Können Sie mir da weiterhelfen?', 'id': '0b31c175-cf4f-4945-862f-0bb0a5a8da9a', 'role': 'user'}, {'content': 'Für kleinere Reparaturen bis zu einhundert Euro pro Einzelfall können Sie selbst einen Handwerker beauftragen. Die Kosten dafür tragen Sie als Mitglied. Für größere Reparaturen übernimmt die Genossenschaft die Kosten. Haben Sie noch weitere Fragen?', 'id': '5893fbe4-d8b0-4578-a839-08ea53fcc4d2', 'role': 'assistant'}, {'content': 'Nein, danke. Das war alles. Auf Wiederhören.', 'id': 'lc_run--01a000f2-a320-72c3-aa59-a0c4e2118c5c-0', 'role': 'user'}, {'content': 'Alles klar. Dann wünsche ich Ihnen einen schönen Tag. Auf Wiederhören.', 'id': '64be4da8-931d-4fda-91ea-0ffa877697f1', 'role': 'assistant'}, {'content': '', 'id': 'lc_run--01a000f2-af8a-7991-afe5-4cbc606dd384-0', 'role': 'user'}, {'content': 'Gibt es noch etwas, wobei ich Ihnen helfen kann?', 'id': 'e567c5c0-8608-4b2a-8016-a6e22928dfcb', 'role': 'assistant'}]",12.132192,,01a000f2-8f59-7000-9690-8c35687bd80c,1.0,0.0,0.0,3,5,1.7332
KN6852,Frieda Wolf,015789643375,den ganzen Donnerstag,Wie hoch war der Überschuss von Surfers Immobilien im letzten Geschäftsjahr?,surfersimmobilien+predeploy@outlook.com,"[{'content': 'Guten Tag, Sie sprechen mit der digitalen Anruf-Assistentin von Surfers Immobilien. Was ist der Grund für Ihren Anruf?', 'role': 'assistant'}, {'content': 'Hallo, ich habe eine Frage: Wie hoch war der Überschuss von Surfers Immobilien im letzten Geschäftsjahr? Können Sie mir da weiterhelfen?', 'id': '1143682b-1120-43e5-8eb7-64815f9a6076', 'role': 'user'}, {'content': 'Zum Überschuss im letzten Geschäftsjahr finde ich leider keine konkrete Zahl. Es wird nur erwähnt, dass eventuelle Überschüsse in den Erhalt und Ausbau des Wohnungsbestands zurückfließen. Möchten Sie noch etwas anderes wissen?', 'id': '659b9365-996a-45c8-96a8-7e1bfb314d8c', 'role': 'assistant'}, {'content': 'Nein, vielen Dank. Auf Wiederhören.', 'id': 'lc_run--01a000f2-bbc9-7592-928f-082bf6f3cabc-0', 'role': 'user'}, {'content': 'Alles klar. Dann wünsche ich Ihnen einen schönen Tag. Auf Wiederhören.', 'id': '29f4a8c6-626e-44c6-b0b7-3a443c991e56', 'role': 'assistant'}, {'content': '', 'id': 'lc_run--01a000f2-c79a-7862-8903-50426904eebe-0', 'role': 'user'}, {'content': 'Gibt es noch etwas, wobei ich Ihnen helfen kann?', 'id': '1115f97a-1cf4-4765-b2f2-285c37061225', 'role': 'assistant'}]",9.65069,,01a000f2-ab18-78c3-9ff2-f1c7c58fecef,1.0,0.0,1.0,3,5,1.3787
KN5871,Doris Sauer,015789643375,Dienstag von 9 Uhr bis 11 Uhr,"Können Sie mir sagen, wie lange mein Nachbar schon hier wohnt?",surfersimmobilien+predeploy@outlook.com,"[{'content': 'Guten Tag, Sie sprechen mit der digitalen Anruf-Assistentin von Surfers Immobilien. Was ist der genaue Grund für Ihren Anruf?', 'role': 'assistant'}, {'content': 'Hallo, ich habe eine Frage: Können Sie mir sagen, wie lange mein Nachbar schon hier wohnt? Können Sie mir da weiterhelfen?', 'id': 'a0f9356b-395e-4ca9-a5bc-7a11ece2df94', 'role': 'user'}, {'content': 'Dazu kann ich Ihnen leider keine Auskunft geben. Informationen über andere Mitglieder oder deren Mietverhältnisse darf ich aus Datenschutzgründen nicht weitergeben. Gibt es noch etwas, wobei ich Ihnen helfen kann?', 'id': '0f2c6dfd-35f4-407c-adb2-2d308154f671', 'role': 'assistant'}, {'content': 'Nein, danke. Auf Wiederhören.', 'id': 'lc_run--01a000f2-c1aa-7711-9ef5-45a5c1129038-0', 'role': 'user'}, {'content': 'Alles klar. Dann wünsche ich Ihnen einen schönen Tag. Auf Wiederhören.', 'id': '8d395342-1a79-4b7d-910e-94f06c584363', 'role': 'assistant'}, {'content': '', 'id': 'lc_run--01a000f2-d4f1-7dd0-ae99-405b080fea7a-0', 'role': 'user'}, {'content': 'Falls Sie doch noch eine Frage haben, können Sie sich jederzeit melden. Auf Wiederhören.', 'id': '2ff3d9b6-7fbf-4e30-9151-b31b67544213', 'role': 'assistant'}]",11.679325,,01a000f2-b41e-7e22-9455-206225574db3,1.0,0.0,1.0,3,5,1.6685
KN3808,Edith Schulz,015789643375,"am Wochenende, Samstag oder Sonntag",Verleiht Surfers Immobilien Werkzeuge an Mieter?,surfersimmobilien+predeploy@outlook.com,"[{'content': 'Guten Tag, Sie sprechen mit der digitalen Anruf-Assistentin von Surfers Immobilien. Was ist der genaue Grund für Ihren Anruf?', 'role': 'assistant'}, {'content': 'Hallo, ich habe eine Frage: Verleiht Surfers Immobilien Werkzeuge an Mieter? Können Sie mir da weiterhelfen?', 'id': '824fbfb4-a3bc-45b2-9100-1291bafc8a81', 'role': 'user'}, {'content': 'Dazu finde ich leider keine Information. Es gibt keinen Hinweis darauf, dass Surfers Immobilien Werkzeuge an Mieter verleiht. Haben Sie noch weitere Fragen?', 'id': '7f64dbc9-94e4-47e3-9abc-d4df37678ebb', 'role': 'assistant'}, {'content': 'Nein, danke. Das war alles. Auf Wiederhören.', 'id': 'lc_run--01a000f2-c74f-7ba0-bbc8-e2c04c44500f-0', 'role': 'user'}, {'content': 'Alles klar. Dann wünsche ich Ihnen einen schönen Tag. Auf Wiederhören!', 'id': 'c0ba2c3f-e98c-49b9-9868-5b916edb7d93', 'role': 'assistant'}, {'content': '', 'id': 'lc_run--01a000f2-d725-7840-a393-7af485568c22-0', 'role': 'user'}, {'content': 'Gibt es noch etwas, wobei ich Ihnen helfen kann?', 'id': 'd478cf07-1ba5-42d0-9320-ea652f9db51b', 'role': 'assistant'}]",11.806902,,01a000f2-b588-7f42-a7a3-7347bc659bc1,1.0,0.0,1.0,3,5,1.6867
KN4169,Herbert Becker,015789643375,"flexibel, außer montags","Können Sie mir sagen, wie ich einen geliehenen Presslufthammer zurückgeben kann?",surfersimmobilien+predeploy@outlook.com,"[{'content': 'Guten Tag, Sie sprechen mit der digitalen Anruf-Assistentin von Surfers Immobilien. Was ist der genaue Grund für Ihren Anruf?', 'role': 'assistant'}, {'content': 'Hallo, ich habe eine Frage: Können Sie mir sagen, wie ich einen geliehenen Presslufthammer zurückgeben kann? Können Sie mir da weiterhelfen?', 'id': 'a1f303b1-2000-47d9-b15c-5279c49fa53d', 'role': 'user'}, {'content': 'Dazu habe ich leider keine Informationen gefunden. Es tut mir leid, dass ich Ihnen in diesem Fall nicht weiterhelfen kann. Haben Sie noch weitere Fragen?', 'id': 'dfae7e7e-54d8-4dd7-a152-f3ce88fa8c39', 'role': 'assistant'}, {'content': 'Nein, danke. Auf Wiederhören.', 'id': 'lc_run--01a000f2-cf17-7340-8cbc-301744ad9b48-0', 'role': 'user'}, {'content': 'Alles klar. Dann wünsche ich Ihnen einen schönen Tag. Auf Wiederhören.', 'id': '1e348121-cd7a-4b7d-bdca-7b7957c89647', 'role': 'assistant'}, {'content': '', 'id': 'lc_run--01a000f2-dc02-7cb1-8218-d71b2206f599-0', 'role': 'user'}, {'content': 'Gibt es noch etwas, wobei ich Ihnen helfen kann?', 'id': '9e9fb6a8-a063-4f4b-ab44-837ae093d692', 'role': 'assistant'}]",11.26647,,01a000f2-bebe-78f3-b8df-908301c86b93,1.0,0.0,1.0,3,5,1.6095
KN5433,Lars Schreiber,015789643375,Montag von 9 Uhr bis 12 Uhr,Können Sie mir eine Baufinanzierung für ein eigenes Haus vermitteln?,surfersimmobilien+predeploy@outlook.com,"[{'content': 'Guten Tag, Sie sprechen mit der digitalen Anruf-Assistentin von Surfers Immobilien. Was ist der genaue Grund für Ihren Anruf?', 'role': 'assistant'}, {'content': 'Hallo, ich habe eine Frage: Können Sie mir eine Baufinanzierung für ein eigenes Haus vermitteln? Können Sie mir da weiterhelfen?', 'id': '385b4fa3-fb93-4db7-8e52-9572235d0751', 'role': 'user'}, {'content': 'Surfers Immobilien vermittelt keine Baufinanzierungen für den Bau eines eigenen Hauses. Die Genossenschaft bietet ausschließlich Wohnungen zur Miete für ihre Mitglieder an. Haben Sie noch weitere Fragen?', 'id': '0f5b1e90-08da-431e-a297-fb9f0911b5ac', 'role': 'assistant'}, {'content': 'Nein, danke. Das war alles. Auf Wiederhören.', 'id': 'lc_run--01a000f2-e193-7b03-a752-c9bab831bcba-0', 'role': 'user'}, {'content': 'Alles klar. Dann wünsche ich Ihnen einen schönen Tag. Auf Wiederhören.', 'id': 'd5a64a8c-e4db-4d3e-a700-49d42d206fb0', 'role': 'assistant'}, {'content': '', 'id': 'lc_run--01a000f2-ef5a-7bd1-a11a-b276fabbed41-0', 'role': 'user'}, {'content': 'Gibt es noch etwas, wobei ich Ihnen helfen kann?', 'id': 'c8f165e9-0d56-4287-ae4a-a62f8784c8a4', 'role': 'assistant'}]",11.439206,,01a000f2-d0cc-72d0-9203-0a5ca0d83e4a,1.0,0.0,0.0,3,5,1.6342
KN9697,Susanne Kramer,015789643375,Dienstag von 9 Uhr bis 11 Uhr,"Können Sie mir sagen, wann mein Nachbar auszieht?",surfersimmobilien+predeploy@outlook.com,"[{'content': 'Guten Tag, Sie sprechen mit der digitalen Anruf-Assistentin von Surfers Immobilien. Was ist der genaue Grund für Ihren Anruf?', 'role': 'assistant'}, {'content': 'Hallo, ich habe eine Frage: Können Sie mir sagen, wann mein Nachbar auszieht? Können Sie mir da weiterhelfen?', 'id': '74a943d5-00ea-48a7-bad2-a35ccd630a59', 'role': 'user'}, {'content': 'Dazu kann ich Ihnen leider keine Auskunft geben. Informationen zum Auszug anderer Mieter dürfen aus Datenschutzgründen nicht weitergegeben werden. Haben Sie noch weitere Fragen?', 'id': 'a2e18d9f-f387-4251-a4e1-9fb42fd06c31', 'role': 'assistant'}, {'content': 'Nein, danke. Auf Wiederhören.', 'id': 'lc_run--01a000f2-ed19-7753-a81c-146bb22f14e6-0', 'role': 'user'}, {'content': 'Alles klar. Dann wünsche ich Ihnen einen schönen Tag. Auf Wiederhören.', 'id': 'eb99846c-2fbb-4929-a102-8604689e8510', 'role': 'assistant'}, {'content': '', 'id': 'lc_run--01a000f2-f8e8-7922-a91a-263c1ece92bd-0', 'role': 'user'}, {'content': 'Gibt es noch etwas, wobei ich Ihnen helfen kann?', 'id': '8a640322-c28c-49a1-8004-eecffd3d29b5', 'role': 'assistant'}]",10.474325,,01a000f2-e1bf-7c23-9b2c-cc64d9c2fee7,1.0,0.0,1.0,3,5,1.4963
KN1349,Jürgen Simon,015789643375,Montag und Mittwoch von 9 bis 12 Uhr,Planen Sie den Einbau von Solaranlagen auf dem Dach?,surfersimmobilien+predeploy@outlook.com,"[{'content': 'Guten Tag, Sie sprechen mit der digitalen Anruf-Assistentin von Surfers Immobilien. Was ist der genaue Grund Ihres Anrufs?', 'role': 'assistant'}, {'content': 'Hallo, ich habe eine Frage: Planen Sie den Einbau von Solaranlagen auf dem Dach? Können Sie mir da weiterhelfen?', 'id': 'd6fdc173-5986-4355-aae5-917b3637f659', 'role': 'user'}, {'content': 'Dazu liegen mir aktuell keine Informationen vor. Es gibt keine Hinweise darauf, dass der Einbau von Solaranlagen auf den Dächern geplant ist. Haben Sie noch weitere Fragen?', 'id': 'dff18066-ff74-4c9f-9a08-e8a2af0ed278', 'role': 'assistant'}, {'content': 'Nein, danke. Das war alles. Auf Wiederhören.', 'id': 'lc_run--01a000f2-f44b-7ea2-891f-1a89a0311186-0', 'role': 'user'}, {'content': 'Alles klar. Dann wünsche ich Ihnen einen schönen Tag. Auf Wiederhören.', 'id': 'fc0043d5-95b8-4717-a893-6ed44eba4101', 'role': 'assistant'}, {'content': '', 'id': 'lc_run--01a000f3-005d-7bf0-8626-f2893877caf2-0', 'role': 'user'}, {'content': 'Gibt es noch etwas, wobei ich Ihnen helfen kann?', 'id': 'b7174d48-d6a0-44f4-8351-32c31288f9b8', 'role': 'assistant'}]",11.420911,,01a000f2-e3a7-7e10-acca-339209be290d,1.0,0.0,1.0,3,5,1.6316
KN2975,Thomas Frank,015789643375,den ganzen Montag,Wie hoch ist die Grundsteuer für mein Gebäude?,surfersimmobilien+predeploy@outlook.com,"[{'content': 'Guten Tag, Sie sprechen mit der digitalen Anruf-Assistentin von Surfers Immobilien. Was ist der Grund für Ihren Anruf?', 'role': 'assistant'}, {'content': 'Hallo, ich habe eine Frage: Wie hoch ist die Grundsteuer für mein Gebäude? Können Sie mir da weiterhelfen?', 'id': '6a897be3-0665-496b-ba3f-5dd525595e61', 'role': 'user'}, {'content': 'Zur Höhe der Grundsteuer für Ihr Gebäude liegen mir leider keine konkreten Angaben vor. In den verfügbaren Unterlagen wird die Grundsteuer nicht einzeln aufgeführt. Haben Sie noch weitere Fragen?', 'id': 'b5d58c86-b894-49c0-b226-93460fe2a4bd', 'role': 'assistant'}, {'content': 'Nein, danke. Das war alles. Auf Wiederhören.', 'id': 'lc_run--01a000f2-fcd9-7180-b21d-a50c73d9ac1e-0', 'role': 'user'}, {'content': 'Alles klar. Dann wünsche ich Ihnen einen schönen Tag. Auf Wiederhören.', 'id': '87663648-3802-44dd-afff-ec2c1e43b8be', 'role': 'assistant'}, {'content': '', 'id': 'lc_run--01a000f3-091c-7502-a33c-68799bd485ea-0', 'role': 'user'}, {'content': 'Gibt es noch etwas, wobei ich Ihnen helfen kann?', 'id': '3ccba40f-dc21-417e-a03f-ab59fa4a33e6', 'role': 'assistant'}]",11.161887,,01a000f2-eac2-7773-87ff-a9930d46094c,1.0,0.0,1.0,3,5,1.5946
KN3957,Birgit Martin,015789643375,immer freitags,Ist WLAN im Waschkeller kostenlos verfügbar?,surfersimmobilien+predeploy@outlook.com,"[{'content': 'Guten Tag, Sie sprechen mit der digitalen Anruf-Assistentin von Surfers Immobilien. Was ist der genaue Grund Ihres Anrufs?', 'role': 'assistant'}, {'content': 'Hallo, ich habe eine Frage: Ist WLAN im Waschkeller kostenlos verfügbar? Können Sie mir da weiterhelfen?', 'id': '1c64f66d-4f29-44f2-9dfe-600db9ec66d9', 'role': 'user'}, {'content': 'Laut den verfügbaren Informationen gibt es in den Gebäuden von Surfers Immobilien einen Kabelanschluss, aber WLAN im Waschkeller wird nicht als kostenlos verfügbar erwähnt. Jedes Mitglied schließt seinen Internetvertrag selbst ab. Haben Sie noch weitere Fragen?', 'id': 'd56c0a98-6dd0-4b44-8867-df64e93a6de8', 'role': 'assistant'}, {'content': 'Nein, danke. Das war alles. Auf Wiederhören.', 'id': 'lc_run--01a000f3-1037-7981-8a30-d437326b3389-0', 'role': 'user'}, {'content': 'Alles klar. Dann wünsche ich Ihnen einen schönen Tag. Auf Wiederhören!', 'id': '16224371-6bd2-48fb-aa52-285af75d87e8', 'role': 'assistant'}, {'content': '', 'id': 'lc_run--01a000f3-1d9e-7e72-84d4-56450eba6809-0', 'role': 'user'}, {'content': 'Gibt es noch etwas, wobei ich Ihnen helfen kann?', 'id': '7a847716-196f-429d-8646-fe79e25aa80e', 'role': 'assistant'}]",10.722028,,01a000f2-fd7c-7283-91b5-a50afae4521e,1.0,0.0,1.0,3,5,1.5317
KN2483,Horst Sander,015789643375,Freitag den ganzen Tag,"Können Sie mir sagen, ob ich ein Gewerbe in meiner Wohnung anmelden darf?",surfersimmobilien+predeploy@outlook.com,"[{'content': 'Guten Tag, Sie sprechen mit der digitalen Anruf-Assistentin von Surfers Immobilien. Was ist der genaue Grund für Ihren Anruf?', 'role': 'assistant'}, {'content': 'Hallo, ich habe eine Frage: Können Sie mir sagen, ob ich ein Gewerbe in meiner Wohnung anmelden darf? Können Sie mir da weiterhelfen?', 'id': '83c898be-2ed4-4e5c-bf71-a9bbe94c39bc', 'role': 'user'}, {'content': 'Dazu liegen mir leider keine konkreten Informationen vor. Es kann sein, dass für die Anmeldung eines Gewerbes in Ihrer Wohnung besondere Regelungen gelten. Wenden Sie sich am besten direkt an Surfers Immobilien oder prüfen Sie Ihren Mietvertrag. Haben Sie noch weitere Fragen?', 'id': '1d55205c-c7ea-4e54-a900-ee1aaa220d4a', 'role': 'assistant'}, {'content': 'Nein, danke. Das war alles. Auf Wiederhören.', 'id': 'lc_run--01a000f3-1c76-7683-87a3-9290cd95f195-0', 'role': 'user'}, {'content': 'Alles klar. Dann wünsche ich Ihnen einen schönen Tag. Auf Wiederhören.', 'id': '31321ee8-c00b-4059-9e9b-80e903d26598', 'role': 'assistant'}, {'content': '', 'id': 'lc_run--01a000f3-2985-7a61-82cf-8e0f330747bb-0', 'role': 'user'}, {'content': 'Gibt es noch etwas, wobei ich Ihnen helfen kann?', 'id': '6ab6068a-0be5-4311-b883-d0209cb118c6', 'role': 'assistant'}]",11.029334,,01a000f3-0aaa-7742-8381-62b2463bfbd7,1.0,0.0,1.0,3,5,1.5756
KN5411,Michael Beck,015789643375,Donnerstag von 8 Uhr bis 11 Uhr,"Können Sie mir raten, ob ich gegen meinen Nachbarn klagen sollte?",surfersimmobilien+predeploy@outlook.com,"[{'content': 'Guten Tag, Sie sprechen mit der digitalen Anruf-Assistentin von Surfers Immobilien. Was ist der genaue Grund für Ihren Anruf?', 'role': 'assistant'}, {'content': 'Hallo, ich habe eine Frage: Können Sie mir raten, ob ich gegen meinen Nachbarn klagen sollte? Können Sie mir da weiterhelfen?', 'id': '5be8004b-eaa7-4ba7-94ba-6d0059353fa1', 'role': 'user'}, {'content': 'Dazu kann ich leider keine Empfehlung geben. Ich darf keine rechtliche Beratung leisten oder persönliche Einschätzungen abgeben. Wenn Sie ein konkretes Anliegen zu Ihrer Wohnung oder Nachbarschaft haben, kann ich Ihnen gerne Informationen dazu heraussuchen.', 'id': 'e34edccf-4d05-4534-85a8-dc555a5bb727', 'role': 'assistant'}, {'content': 'Verstehe, danke. Dann wende ich mich gegebenenfalls an eine Rechtsberatung. Auf Wiederhören.', 'id': 'lc_run--01a000f3-1da6-78b3-b002-db0126fc38b1-0', 'role': 'user'}, {'content': 'Alles klar. Ich wünsche Ihnen einen angenehmen Tag. Auf Wiederhören.', 'id': '7aa8aba1-c895-48d5-895c-2d128919c54b', 'role': 'assistant'}, {'content': '', 'id': 'lc_run--01a000f3-2c88-72f0-9f96-80925e9f6511-0', 'role': 'user'}, {'content': 'Gibt es noch etwas, wobei ich Ihnen helfen kann?', 'id': 'af10b802-0092-4590-a538-ca74aa61ffed', 'role': 'assistant'}]",11.64978,,01a000f3-1045-7820-b7e6-1f9a2b2e2ddd,1.0,0.0,1.0,3,5,1.6643
KN3205,Emil Krüger,015789643375,nur am späten Nachmittag,Wie funktioniert die Fernwärmeabrechnung im technischen Detail?,surfersimmobilien+predeploy@outlook.com,"[{'content': 'Guten Tag, Sie sprechen mit der digitalen Anruf-Assistentin von Surfers Immobilien. Was ist der genaue Grund für Ihren Anruf?', 'role': 'assistant'}, {'content': 'Hallo, ich habe eine Frage: Wie funktioniert die Fernwärmeabrechnung im technischen Detail? Können Sie mir da weiterhelfen?', 'id': '45511ede-e22c-4f0f-9d00-5b7edc855798', 'role': 'user'}, {'content': 'Zu den technischen Details der Fernwärmeabrechnung finde ich leider keine konkreten Informationen. Es gibt Hinweise zur Nebenkostenabrechnung allgemein, aber keine genaue Beschreibung, wie die Fernwärme technisch abgerechnet wird. Möchten Sie zu einem anderen Thema etwas wissen?', 'id': '3d967fbc-e082-4d4e-9b1d-4bce59321913', 'role': 'assistant'}, {'content': 'Nein, danke. Das war meine Frage. Auf Wiederhören.', 'id': 'lc_run--01a000f3-282f-7b63-9ebc-c4194a4642ab-0', 'role': 'user'}, {'content': 'Alles klar. Dann wünsche ich Ihnen einen schönen Tag. Auf Wiederhören.', 'id': 'e4aedaed-6d35-4cd7-b44e-da8da16f9d4a', 'role': 'assistant'}, {'content': '', 'id': 'lc_run--01a000f3-35a6-7a20-aa16-ce1bbc2f54f4-0', 'role': 'user'}, {'content': 'Gibt es noch etwas, wobei ich Ihnen helfen kann?', 'id': '78d4d7ba-f2dd-441e-bc66-bc63ecf73f19', 'role': 'assistant'}]",12.392832,,01a000f3-165d-7d00-9251-66947258c54e,1.0,0.0,1.0,3,5,1.7704
KN1110,Gisela Weber,015789643375,Freitag von 13 Uhr bis 16 Uhr,Gibt es einen Kindergarten in der Nähe meiner Wohnung?,surfersimmobilien+predeploy@outlook.com,"[{'content': 'Guten Tag, Sie sprechen mit der digitalen Anruf-Assistentin von Surfers Immobilien. Was ist der Grund für Ihren Anruf?', 'role': 'assistant'}, {'content': 'Hallo, ich habe eine Frage: Gibt es einen Kindergarten in der Nähe meiner Wohnung? Können Sie mir da weiterhelfen?', 'id': 'f192457a-9bcf-48d5-b8ee-4acc09cdebed', 'role': 'user'}, {'content': 'Dazu liegen mir leider keine Informationen vor. Ich kann Ihnen nicht sagen, ob es einen Kindergarten in der Nähe Ihrer Wohnung gibt. Haben Sie noch weitere Fragen?', 'id': '85414a02-b013-402e-9207-5e3f98919dc5', 'role': 'assistant'}, {'content': 'Nein, danke. Auf Wiederhören.', 'id': 'lc_run--01a000f3-37f6-7990-943a-d75d5ac091c3-0', 'role': 'user'}, {'content': 'Alles klar. Dann wünsche ich Ihnen einen schönen Tag. Auf Wiederhören.', 'id': '8de6e6ba-63b8-4e72-b996-7f3f7e2bd5b3', 'role': 'assistant'}, {'content': '', 'id': 'lc_run--01a000f3-457a-71e2-9f14-6f92d60d71b2-0', 'role': 'user'}, {'content': 'Gibt es noch etwas, wobei ich Ihnen helfen kann?', 'id': 'f14c5bed-9ac3-4de0-b159-60df5ef724fb', 'role': 'assistant'}]",11.693209,,01a000f3-2760-71a3-a88c-1022ecc04144,1.0,0.0,1.0,3,5,1.6705
KN7599,Brigitte Herrmann,015789643375,Dienstag von 14 Uhr bis 17 Uhr,Gibt es einen Fahrradverleih auf dem Gelände?,surfersimmobilien+predeploy@outlook.com,"[{'content': 'Guten Tag, Sie sprechen mit der digitalen Anruf-Assistentin von Surfers Immobilien. Was ist der genaue Grund für Ihren Anruf?', 'role': 'assistant'}, {'content': 'Hallo, ich habe eine Frage: Gibt es einen Fahrradverleih auf dem Gelände? Können Sie mir da weiterhelfen?', 'id': '09424044-68a2-4a18-9d18-94c93c151447', 'role': 'user'}, {'content': 'Ich habe dazu leider keine Informationen gefunden. Es scheint keinen Hinweis auf einen Fahrradverleih auf dem Gelände zu geben. Haben Sie noch weitere Fragen?', 'id': '7bd5440c-2f04-49e3-b30a-d68b1ccdf995', 'role': 'assistant'}, {'content': 'Nein, danke. Das war alles. Auf Wiederhören.', 'id': 'lc_run--01a000f3-4812-72b0-9b21-aeedb2132edb-0', 'role': 'user'}, {'content': 'Alles klar. Dann wünsche ich Ihnen einen schönen Tag. Auf Wiederhören.', 'id': '0b656f5e-8ff0-469a-b2b3-7120a797e742', 'role': 'assistant'}, {'content': '', 'id': 'lc_run--01a000f3-54ef-78d1-bdb8-77aebf6f39b3-0', 'role': 'user'}, {'content': 'Gibt es noch etwas, wobei ich Ihnen helfen kann?', 'id': 'fff78055-3051-4c47-9441-962475e37103', 'role': 'assistant'}]",10.452337,,01a000f3-35c1-7e81-b371-248484ef779e,1.0,0.0,1.0,3,5,1.4932
KN6378,Alfred Klein,015789643375,immer freitags,Gibt es eine Poolanlage in der Wohnanlage?,surfersimmobilien+predeploy@outlook.com,"[{'content': 'Guten Tag, Sie sprechen mit der digitalen Anruf-Assistentin von Surfers Immobilien. Was ist der genaue Grund für Ihren Anruf?', 'role': 'assistant'}, {'content': 'Hallo, ich habe eine Frage: Gibt es eine Poolanlage in der Wohnanlage? Können Sie mir da weiterhelfen?', 'id': '2866d5ca-84e4-47c8-ba8d-094e988ffa31', 'role': 'user'}, {'content': 'Nach meinen Informationen gibt es in den Wohnanlagen von Surfers Immobilien keine Poolanlage. Falls Sie noch etwas anderes wissen möchten, sagen Sie gern Bescheid.', 'id': 'ecd2b1c7-248f-4af3-934c-04f3018cabe8', 'role': 'assistant'}, {'content': 'Nein, danke. Das war alles. Auf Wiederhören.', 'id': 'lc_run--01a000f3-500d-71b2-a804-16e2bfe812ef-0', 'role': 'user'}, {'content': 'Alles klar. Dann wünsche ich Ihnen einen schönen Tag. Auf Wiederhören.', 'id': 'f9df3c6c-70f1-48b6-b424-6a8b8f0a6ebb', 'role': 'assistant'}, {'content': '', 'id': 'lc_run--01a000f3-5ccc-7060-9b22-6b205274646e-0', 'role': 'user'}, {'content': 'Falls Sie noch einmal Fragen haben, können Sie sich jederzeit melden. Auf Wiederhören.', 'id': 'b4e72295-6dfe-42a9-96c4-d60e15ba38d8', 'role': 'assistant'}]",14.458258,,01a000f3-3dc8-7da0-9dad-383867d2a969,1.0,0.0,0.0,3,5,2.0655
KN6827,Bernhard Nagel,015789643375,den ganzen Mittwoch,Bieten Sie einen Concierge für die Paketannahme an?,surfersimmobilien+predeploy@outlook.com,"[{'content': 'Guten Tag, Sie sprechen mit der digitalen Anruf-Assistentin von Surfers Immobilien. Was ist der genaue Grund für Ihren Anruf?', 'role': 'assistant'}, {'content': 'Hallo, ich habe eine Frage: Bieten Sie einen Concierge für die Paketannahme an? Können Sie mir da weiterhelfen?', 'id': 'c086d1c6-ec02-4247-9e8b-1c9defc63b58', 'role': 'user'}, {'content': 'Einen Concierge-Service für die Paketannahme bieten wir nicht an. Es gibt jedoch einen Hausmeisterservice, der werktags vor Ort ist. Haben Sie noch weitere Fragen?', 'id': '94e54138-824f-4002-83d2-0f55aa699502', 'role': 'assistant'}, {'content': 'Nein, danke. Das war alles. Auf Wiederhören.', 'id': 'lc_run--01a000f3-580f-7452-b300-9b7d4981c925-0', 'role': 'user'}, {'content': 'Alles klar. Dann wünsche ich Ihnen einen schönen Tag. Auf Wiederhören.', 'id': 'c5bff736-3fb1-49d4-aa5a-e24a49ab40c2', 'role': 'assistant'}, {'content': '', 'id': 'lc_run--01a000f3-65ab-78a3-9031-adf506f4eeda-0', 'role': 'user'}, {'content': 'Gibt es noch etwas, wobei ich Ihnen helfen kann?', 'id': '5802b028-787a-4bf0-987d-90599e22a9fc', 'role': 'assistant'}]",11.443161,,01a000f3-46c7-7e60-9fa8-90b132111a08,1.0,0.0,0.0,3,5,1.6347
KN9584,Roswitha Köhler,015789643375,Donnerstag von 8 Uhr bis 11 Uhr,"Können Sie mir sagen, ob es in der Nachbarschaft eine Bürgerinitiative gegen Mieterhöhungen gibt?",surfersimmobilien+predeploy@outlook.com,"[{'content': 'Guten Tag, Sie sprechen mit der digitalen Anruf-Assistentin von Surfers Immobilien. Was ist der genaue Grund für Ihren Anruf?', 'role': 'assistant'}, {'content': 'Hallo, ich habe eine Frage: Können Sie mir sagen, ob es in der Nachbarschaft eine Bürgerinitiative gegen Mieterhöhungen gibt? Können Sie mir da weiterhelfen?', 'id': '5d7394c2-a9c9-4eab-9c42-7bb828e103b9', 'role': 'user'}, {'content': 'Dazu liegen mir leider keine Informationen vor. Ich kann Ihnen nicht sagen, ob es in der Nachbarschaft eine Bürgerinitiative gegen Mieterhöhungen gibt. Haben Sie noch weitere Fragen?', 'id': '68314d02-f1a0-4de2-a785-c7022d277de5', 'role': 'assistant'}, {'content': 'Nein, danke. Das war alles. Auf Wiederhören.', 'id': 'lc_run--01a000f3-6645-7f61-8eb3-7a91114265e0-0', 'role': 'user'}, {'content': 'Alles klar. Dann wünsche ich Ihnen einen schönen Tag. Auf Wiederhören.', 'id': 'd3c14387-9ea3-4745-894f-b5b84fa1dcfe', 'role': 'assistant'}, {'content': '', 'id': 'lc_run--01a000f3-71b3-7e62-80b3-5b50cd6e96bc-0', 'role': 'user'}, {'content': 'Gibt es noch etwas, wobei ich Ihnen helfen kann?', 'id': '34e67a36-d36e-4e56-8f12-becf32cf3f0c', 'role': 'assistant'}]",11.807774,,01a000f3-550e-7262-8229-f43b4feea6e3,1.0,0.0,1.0,3,5,1.6868
KN4796,Nadine Roth,015789643375,Mittwoch von 10 Uhr bis 13 Uhr,Kann ich meine Miete mit Kryptowährung bezahlen?,surfersimmobilien+predeploy@outlook.com,"[{'content': 'Guten Tag, Sie sprechen mit der digitalen Anruf-Assistentin von Surfers Immobilien. Was ist der genaue Grund für Ihren Anruf?', 'role': 'assistant'}, {'content': 'Hallo, ich habe eine Frage: Kann ich meine Miete mit Kryptowährung bezahlen? Können Sie mir da weiterhelfen?', 'id': 'c9b9c9b7-fd97-4282-ad3d-abafb6d6b29e', 'role': 'user'}, {'content': 'Die Miete kann bei Surfers Immobilien per SEPA-Lastschrift oder Überweisung bezahlt werden. Eine Zahlung mit Kryptowährung ist nicht vorgesehen. Haben Sie noch weitere Fragen?', 'id': 'd77915c5-0317-4a64-b758-4a52743b19e7', 'role': 'assistant'}, {'content': 'Nein, danke. Das war alles. Auf Wiederhören.', 'id': 'lc_run--01a000f3-7053-7570-8ef4-6d427cbaab52-0', 'role': 'user'}, {'content': 'Alles klar. Dann wünsche ich Ihnen einen schönen Tag. Auf Wiederhören.', 'id': '4d10c7ad-6e4a-4347-88d7-b1e8bac251db', 'role': 'assistant'}, {'content': '', 'id': 'lc_run--01a000f3-7d39-7723-b5cf-b2737bc05aad-0', 'role': 'user'}, {'content': 'Die Verbindung wurde beendet. Wenn Sie wieder Fragen haben, können Sie sich jederzeit melden.', 'id': '3d5cce9e-d1bc-47e6-ad23-c91991f6698a', 'role': 'assistant'}]",12.164386,,01a000f3-5e96-7470-b6a1-42f623c97321,1.0,0.0,0.0,3,5,1.7378
KN6720,Karl Bauer,015789643375,Dienstag den ganzen Tag,Bieten Sie einen Concierge-Wäscheservice an?,surfersimmobilien+predeploy@outlook.com,"[{'content': 'Guten Tag, Sie sprechen mit der digitalen Anruf-Assistentin von Surfers Immobilien. Was ist der genaue Grund für Ihren Anruf?', 'role': 'assistant'}, {'content': 'Hallo, ich habe eine Frage: Bieten Sie einen Concierge-Wäscheservice an? Können Sie mir da weiterhelfen?', 'id': 'f1e030a6-bb6e-40ec-ae14-a2ce0bf9989c', 'role': 'user'}, {'content': 'Einen Concierge-Wäscheservice bieten wir nicht an. Es gibt einen Hausmeisterservice, aber keinen speziellen Wäscheservice. Haben Sie noch weitere Fragen?', 'id': '8561335e-cdfe-4412-a9e0-bc405e9ad61c', 'role': 'assistant'}, {'content': 'Nein, danke. Das war alles. Auf Wiederhören.', 'id': 'lc_run--01a000f3-861d-75c3-ae5e-5e75527ec889-0', 'role': 'user'}, {'content': 'Alles klar. Dann wünsche ich Ihnen einen schönen Tag. Auf Wiederhören.', 'id': 'bb60b2f5-5d88-4536-9f58-e6c6152a79e5', 'role': 'assistant'}, {'content': '', 'id': 'lc_run--01a000f3-9b83-7ff3-ab95-08ccd191331e-0', 'role': 'user'}, {'content': 'Gibt es noch etwas, wobei ich Ihnen helfen kann?', 'id': 'aaa9cb40-052a-4208-aa24-f59d14b01cd8', 'role': 'assistant'}]",12.618658,,01a000f3-737b-7700-a889-61913564dcf8,1.0,0.0,0.0,3,5,1.8027
KN4301,Ida Hofmann,015789643375,Mittwoch von 8 Uhr bis 10 Uhr,"Können Sie mir sagen, wie hoch der Wasserdruck in meinem Gebäude ist?",surfersimmobilien+predeploy@outlook.com,"[{'content': 'Guten Tag, Sie sprechen mit der digitalen Anruf-Assistentin von Surfers Immobilien. Was ist der genaue Grund für Ihren Anruf?', 'role': 'assistant'}, {'content': 'Hallo, ich habe eine Frage: Können Sie mir sagen, wie hoch der Wasserdruck in meinem Gebäude ist? Können Sie mir da weiterhelfen?', 'id': 'af71edfe-279c-41c3-9f16-77165fcde542', 'role': 'user'}, {'content': 'Zum genauen Wasserdruck in Ihrem Gebäude finde ich leider keine Angabe. Diese Information scheint nicht in den verfügbaren Unterlagen zu stehen. Haben Sie noch weitere Fragen?', 'id': '31dac52b-3700-4e94-b480-f677d58bad2f', 'role': 'assistant'}, {'content': 'Nein, danke. Auf Wiederhören.', 'id': 'lc_run--01a000f3-876f-7d53-8a63-7861e0ad6ace-0', 'role': 'user'}, {'content': 'Alles klar. Dann wünsche ich Ihnen einen schönen Tag. Auf Wiederhören.', 'id': '0616275e-264f-4ed9-8692-951b9b4c5add', 'role': 'assistant'}, {'content': '', 'id': 'lc_run--01a000f3-93da-7c30-a505-317947c0f5aa-0', 'role': 'user'}, {'content': 'Gibt es noch etwas, wobei ich Ihnen helfen kann?', 'id': '2e722561-de2c-4b5c-8f96-bf5d016136db', 'role': 'assistant'}]",10.983072,,01a000f3-7644-7872-86ff-264b6a26c5ba,1.0,0.0,1.0,3,5,1.569
KN8076,Bernd Schulte,015789643375,den ganzen Montag,"Können Sie mir sagen, ob mein Vermieter vor Ihnen gewechselt hat?",surfersimmobilien+predeploy@outlook.com,"[{'content': 'Guten Tag, Sie sprechen mit der digitalen Anruf-Assistentin von Surfers Immobilien. Was ist der genaue Grund für Ihren Anruf?', 'role': 'assistant'}, {'content': 'Hallo, ich habe eine Frage: Können Sie mir sagen, ob mein Vermieter vor Ihnen gewechselt hat? Können Sie mir da weiterhelfen?', 'id': 'afcdbf3f-7a7c-411b-a514-6aed0cae2878', 'role': 'user'}, {'content': 'Dazu liegen mir leider keine Informationen vor. Ich kann keine Auskunft darüber geben, ob Ihr Vermieter vor Surfers Immobilien gewechselt hat. Haben Sie noch weitere Fragen?', 'id': '5b725c3d-de81-4cb3-9770-54e2ec71cd73', 'role': 'assistant'}, {'content': 'Nein, danke. Das war alles. Auf Wiederhören.', 'id': 'lc_run--01a000f3-8e31-7fb1-9872-f2635d7dc77f-0', 'role': 'user'}, {'content': 'Alles klar, dann wünsche ich Ihnen einen schönen Tag. Auf Wiederhören.', 'id': '73eb5685-7d5c-4c14-a14c-5e78c07f875e', 'role': 'assistant'}, {'content': '', 'id': 'lc_run--01a000f3-99d5-7ab1-9815-8bc6d994f5f8-0', 'role': 'user'}, {'content': 'Gibt es noch etwas, wobei ich Ihnen helfen kann?', 'id': 'ed04af31-a096-4da3-8e17-ad697ec0f258', 'role': 'assistant'}]",9.852165,,01a000f3-832f-79e0-bd16-780f5e55938d,1.0,0.0,1.0,3,5,1.4075
KN5324,Sandra Ludwig,015789643375,jeden Tag außer donnerstags,Wird es in meinem Gebäude Ladestationen für Elektroautos geben?,surfersimmobilien+predeploy@outlook.com,"[{'content': 'Guten Tag, Sie sprechen mit der digitalen Anruf-Assistentin von Surfers Immobilien. Was ist der genaue Grund für Ihren Anruf?', 'role': 'assistant'}, {'content': 'Hallo, ich habe eine Frage: Wird es in meinem Gebäude Ladestationen für Elektroautos geben? Können Sie mir da weiterhelfen?', 'id': 'cf339357-6268-401a-972c-c20c701912d9', 'role': 'user'}, {'content': 'Dazu liegen mir leider keine Informationen vor. Es gibt keinen Hinweis darauf, ob in Ihrem Gebäude Ladestationen für Elektroautos geplant oder vorhanden sind.', 'id': '4efefa38-b766-4524-a251-4c04d8cacc4b', 'role': 'assistant'}, {'content': 'Okay, vielen Dank für die Auskunft. Auf Wiederhören.', 'id': 'lc_run--01a000f3-9e18-78b0-b8a4-0c828119f3d5-0', 'role': 'user'}, {'content': 'Gerne. Ich wünsche Ihnen einen schönen Tag. Auf Wiederhören.', 'id': '8b2578fe-7b72-462d-9d1c-00a3defa432f', 'role': 'assistant'}, {'content': '', 'id': 'lc_run--01a000f3-ac07-7e41-8a56-76e2cc128609-0', 'role': 'user'}, {'content': 'Gibt es noch etwas, wobei ich Ihnen helfen kann?', 'id': '02879812-d1c6-49a7-b3f0-4986b26297ff', 'role': 'assistant'}]",11.201539,,01a000f3-8e1c-7323-ace0-e855dfdc81e2,1.0,0.0,1.0,3,5,1.6002
KN8519,Ilse Wagner,015789643375,nur nachmittags ab 15 Uhr,Welche Ärzte in der Umgebung nehmen neue Patienten auf?,surfersimmobilien+predeploy@outlook.com,"[{'content': 'Guten Tag, Sie sprechen mit der digitalen Anruf-Assistentin von Surfers Immobilien. Was ist der genaue Grund für Ihren Anruf?', 'role': 'assistant'}, {'content': 'Hallo, ich habe eine Frage: Welche Ärzte in der Umgebung nehmen neue Patienten auf? Können Sie mir da weiterhelfen?', 'id': '72a82e71-509e-42f5-aafa-e3d0ab49a10c', 'role': 'user'}, {'content': 'Dazu liegen mir leider keine Informationen vor. Ich kann Ihnen nur Auskünfte rund um Surfers Immobilien und deren Wohnungen geben. Haben Sie dazu eine Frage?', 'id': '3403f65c-7eb9-4f42-bd50-106ae91e163d', 'role': 'assistant'}, {'content': 'Nein, danke. Dann weiß ich Bescheid. Auf Wiederhören.', 'id': 'lc_run--01a000f3-ac9a-78a1-9912-3e07a1e34746-0', 'role': 'user'}, {'content': 'Alles klar. Dann wünsche ich Ihnen einen schönen Tag. Auf Wiederhören.', 'id': '487957da-34fd-4aae-b42b-6b76915d00c0', 'role': 'assistant'}, {'content': '', 'id': 'lc_run--01a000f3-baa8-7c00-b833-732d2e5cd5a4-0', 'role': 'user'}, {'content': 'Gibt es noch etwas, wobei ich Ihnen rund um Surfers Immobilien behilflich sein kann?', 'id': '8ad68a37-2339-4481-ad02-fc80eeebb4fc', 'role': 'assistant'}]",9.838376,,01a000f3-a12c-7da1-849e-ae24eeb434ea,1.0,0.0,1.0,3,5,1.4055
KN2029,Paul Zimmermann,015789643375,immer mittwochs und freitags,Wie hoch ist der CO2-Fußabdruck meines Gebäudes?,surfersimmobilien+predeploy@outlook.com,"[{'content': 'Guten Tag, Sie sprechen mit der digitalen Anruf-Assistentin von Surfers Immobilien. Was ist der genaue Grund für Ihren Anruf?', 'role': 'assistant'}, {'content': 'Hallo, ich habe eine Frage: Wie hoch ist der CO2-Fußabdruck meines Gebäudes? Können Sie mir da weiterhelfen?', 'id': '62c2f4a6-16b9-4e0f-8fb9-5a4c21f68db1', 'role': 'user'}, {'content': 'Leider kann ich Ihnen den CO2-Fußabdruck Ihres Gebäudes nicht mitteilen. In den verfügbaren Informationen gibt es dazu keine Angaben. Haben Sie noch weitere Fragen?', 'id': '162cbe68-8864-4860-871c-4551d3008f78', 'role': 'assistant'}, {'content': 'Nein, danke. Auf Wiederhören.', 'id': 'lc_run--01a000f3-b674-7621-9aa8-dfa2e671f34c-0', 'role': 'user'}, {'content': 'Alles klar. Dann wünsche ich Ihnen einen schönen Tag. Auf Wiederhören.', 'id': '32a3c739-afc5-4949-883f-abfc6cd4e907', 'role': 'assistant'}, {'content': '', 'id': 'lc_run--01a000f3-c228-7642-9b78-ac5bd9cca079-0', 'role': 'user'}, {'content': 'Gibt es noch etwas, wobei ich Ihnen helfen kann?', 'id': '8e687593-d59e-4da5-8163-d5333d48644e', 'role': 'assistant'}]",10.14006,,01a000f3-a4c7-7c21-96b0-d7891e784a30,1.0,0.0,1.0,3,5,1.4486
KN8325,Markus Keller,015789643375,Montag von 9 Uhr bis 12 Uhr,Welche Versicherung sollte ich für meine Wohnung abschließen?,surfersimmobilien+predeploy@outlook.com,"[{'content': 'Guten Tag, Sie sprechen mit der digitalen Anruf-Assistentin von Surfers Immobilien. Was ist der Grund für Ihren Anruf?', 'role': 'assistant'}, {'content': 'Hallo, ich habe eine Frage: Welche Versicherung sollte ich für meine Wohnung abschließen? Können Sie mir da weiterhelfen?', 'id': '87adf01d-8745-462d-97de-c06ce86da25d', 'role': 'user'}, {'content': 'Zu empfohlenen Versicherungen für Ihre Wohnung finde ich in den verfügbaren Unterlagen leider keine konkreten Hinweise. Allgemein üblich ist für Mieter eine private Hausratversicherung und eine private Haftpflichtversicherung. Haben Sie noch weitere Fragen?', 'id': '74630b54-0f8e-440c-9234-c6c1cee27f03', 'role': 'assistant'}, {'content': 'Nein, danke. Das hilft mir weiter. Auf Wiederhören.', 'id': 'lc_run--01a000f3-ba3f-7031-bdae-cb84491ded3d-0', 'role': 'user'}, {'content': 'Gern geschehen. Ich wünsche Ihnen einen schönen Tag. Auf Wiederhören.', 'id': 'db7e93aa-b985-4226-a13b-4f8fb5d2307c', 'role': 'assistant'}, {'content': '', 'id': 'lc_run--01a000f3-c735-72a0-bcf7-6bf510af46a9-0', 'role': 'user'}, {'content': 'Falls Sie noch einmal Fragen haben, können Sie sich gerne melden. Auf Wiederhören.', 'id': '3823c969-cf52-4b27-9c1a-c47ea59427dd', 'role': 'assistant'}]",9.965822,,01a000f3-a9ad-7392-906c-1d1bfdd7267b,1.0,0.0,0.0,3,5,1.4237
KN1813,Karin Lorenz,015789643375,Freitag von 13 Uhr bis 16 Uhr,Wie viele Mitarbeiter beschäftigt Surfers Immobilien insgesamt?,surfersimmobilien+predeploy@outlook.com,"[{'content': 'Guten Tag, Sie sprechen mit der digitalen Anruf-Assistentin von Surfers Immobilien. Was ist der Grund für Ihren Anruf?', 'role': 'assistant'}, {'content': 'Hallo, ich habe eine Frage: Wie viele Mitarbeiter beschäftigt Surfers Immobilien insgesamt? Können Sie mir da weiterhelfen?', 'id': 'e418a51d-f61c-4f53-9b82-a1d341502a9b', 'role': 'user'}, {'content': 'Dazu liegen mir leider keine Informationen vor. Die genaue Anzahl der Mitarbeiter von Surfers Immobilien ist in meinen Unterlagen nicht angegeben. Haben Sie noch weitere Fragen?', 'id': '441a1ed3-6bf2-47c0-b613-77a2c3fb0407', 'role': 'assistant'}, {'content': 'Nein, danke. Auf Wiederhören.', 'id': 'lc_run--01a000f3-ca06-7790-b37b-e386fb170396-0', 'role': 'user'}, {'content': 'Alles klar. Dann wünsche ich Ihnen einen schönen Tag. Auf Wiederhören.', 'id': '4950c14a-6f25-42f4-a4af-1fe992b2cb6f', 'role': 'assistant'}, {'content': '', 'id': 'lc_run--01a000f3-d7f1-79e1-9a9e-c1f1a4c73bc6-0', 'role': 'user'}, {'content': 'Gibt es noch etwas, wobei ich Ihnen helfen kann?', 'id': 'ff6847df-9534-4885-b86c-c6364a7f4af4', 'role': 'assistant'}]",10.991885,,01a000f3-b9df-7122-8db2-c5cceec7017c,1.0,0.0,1.0,3,5,1.5703
KN6485,Rainer Jäger,015789643375,immer mittwochs und freitags,Was hat der Vorbesitzer für die Sanierung des Hauses bezahlt?,surfersimmobilien+predeploy@outlook.com,"[{'content': 'Guten Tag, Sie sprechen mit der digitalen Anruf-Assistentin von Surfers Immobilien. Was ist der genaue Grund für Ihren Anruf?', 'role': 'assistant'}, {'content': 'Hallo, ich habe eine Frage: Was hat der Vorbesitzer für die Sanierung des Hauses bezahlt? Können Sie mir da weiterhelfen?', 'id': '45276eb9-0ec2-4184-881f-0d2723a409a2', 'role': 'user'}, {'content': 'Zu den Sanierungskosten, die der Vorbesitzer für das Haus bezahlt hat, liegen mir leider keine Informationen vor. Ich kann Ihnen dazu keine Auskunft geben. Haben Sie noch weitere Fragen?', 'id': 'b81d9cd9-73d3-4f3b-8282-db3260b27114', 'role': 'assistant'}, {'content': 'Nein, danke. Das war alles. Auf Wiederhören.', 'id': 'lc_run--01a000f3-d77e-7683-9f26-0a31f4b15975-0', 'role': 'user'}, {'content': 'Alles klar. Dann wünsche ich Ihnen einen schönen Tag. Auf Wiederhören.', 'id': '0791ee4d-ea33-4bc8-b17d-a2724bdfcdd7', 'role': 'assistant'}, {'content': '', 'id': 'lc_run--01a000f3-ee4c-75b0-85f4-e4ef4ac904e7-0', 'role': 'user'}, {'content': 'Gibt es noch etwas, wobei ich Ihnen helfen kann?', 'id': '618f8150-f538-4de2-971d-c6395aaf14c6', 'role': 'assistant'}]",14.496585,,01a000f3-c79b-78c0-89bf-6e31e51f4441,1.0,0.0,1.0,3,5,2.0709
KN3299,Lucia Herzog,015789643375,Montag von 10 Uhr bis 13 Uhr,Wie hoch ist mein aktueller Kontostand bei Ihnen?,surfersimmobilien+predeploy@outlook.com,"[{'content': 'Guten Tag, Sie sprechen mit der digitalen Anruf-Assistentin von Surfers Immobilien. Was ist der Grund für Ihren Anruf?', 'role': 'assistant'}, {'content': 'Hallo, ich habe eine Frage: Wie hoch ist mein aktueller Kontostand bei Ihnen? Können Sie mir da weiterhelfen?', 'id': '2ad18ad7-907a-4d4f-aae8-69961f888413', 'role': 'user'}, {'content': 'Es tut mir leid, aber ich kann Ihnen Ihren aktuellen Kontostand nicht mitteilen. Haben Sie noch weitere Fragen?', 'id': '0f990c7b-05cc-4764-b032-f483ff72cf2e', 'role': 'assistant'}, {'content': 'Nein, danke. Auf Wiederhören.', 'id': 'lc_run--01a000f3-d6b3-7213-8be8-c3f7e646d2f5-0', 'role': 'user'}, {'content': 'Alles klar. Dann wünsche ich Ihnen einen schönen Tag. Auf Wiederhören.', 'id': '98c332fd-61ba-4eda-9a7d-0f713e5f62c0', 'role': 'assistant'}, {'content': '', 'id': 'lc_run--01a000f3-e3d2-7131-80bd-bd1e9560fbe1-0', 'role': 'user'}, {'content': 'Gibt es noch etwas, wobei ich Ihnen helfen kann?', 'id': '9a6a4736-d5b4-4980-9f63-77cfc9a522cf', 'role': 'assistant'}]",9.895865,,01a000f3-cc64-7471-a8b3-4942ada7aecd,1.0,0.0,1.0,3,5,1.4137
