input.Kundennummer,input.Name,input.Telefon,input.availability,input.call_intent,input.email,outputs.trajectory,execution_time,error,id,feedback.call_reason_identified,feedback.info_duplicate,feedback.techsupport_correctness,assistant_turns,total_turns,avg_turn_duration
KN4111,Sabine Müller,015789643375,Dienstag von 14 Uhr bis 17 Uhr,Wie hoch ist die Kaution für meine Wohnung?,surfersimmobilien+predeploy@outlook.com,"[{'content': 'Guten Tag, Sie sprechen mit der digitalen Anruf-Assistentin von Surfers Immobilien. Wie kann ich Ihnen weiterhelfen? Was ist der Grund für Ihren Anruf?', 'role': 'assistant'}, {'content': 'Hallo, ich habe eine Frage: Wie hoch ist die Kaution für meine Wohnung? Können Sie mir da weiterhelfen?', 'id': '8ecb1566-afaf-4632-a2c6-1328973a309e', 'role': 'user'}, {'content': 'Zur Kaution finde ich keine konkreten Angaben. Bei Surfers Immobilien erwerben Sie Genossenschaftsanteile, um Mitglied zu werden und eine Wohnung zu beziehen. Eine klassische Mietkaution scheint es nicht zu geben. Haben Sie noch weitere Fragen?', 'id': '01b8175b-0c4b-404e-be04-1550c15f5ef6', 'role': 'assistant'}, {'content': 'Nein, danke. Das war alles. Auf Wiederhören.', 'id': 'lc_run--01a000ed-1f81-7841-bdd1-2cff3c943fec-0', 'role': 'user'}, {'content': 'Alles klar. Dann wünsche ich Ihnen einen schönen Tag. Auf Wiederhören!', 'id': '03c79c44-b858-4cb2-a291-ac590216a8e0', 'role': 'assistant'}, {'content': '', 'id': 'lc_run--01a000ed-2f1d-7d42-90d4-f1b0144e5331-0', 'role': 'user'}, {'content': 'Das Gespräch ist beendet. Falls Sie wieder Fragen haben, können Sie sich gerne melden. Auf Wiederhören!', 'id': '44d62505-db92-4854-9cf6-721669c80d0e', 'role': 'assistant'}]",13.291759,,01a000ed-0cdd-7d63-a11b-abd9bc749143,1.0,0.0,0.0,3,5,1.8988
KN9825,Claudia Koch,015789643375,"am Wochenende, Samstag oder Sonntag",Wie oft werden die Rauchmelder in meiner Wohnung gewartet?,surfersimmobilien+predeploy@outlook.com,"[{'content': 'Guten Tag, Sie sprechen mit der digitalen Anruf-Assistentin von Surfers Immobilien. Was ist der Grund für Ihren Anruf?', 'role': 'assistant'}, {'content': 'Hallo, ich habe eine Frage: Wie oft werden die Rauchmelder in meiner Wohnung gewartet? Können Sie mir da weiterhelfen?', 'id': 'ab81b971-e31a-4125-8dcf-32c5020351f9', 'role': 'user'}, {'content': 'Die Rauchmelder in Ihrer Wohnung werden einmal jährlich im Herbst von einer Fachfirma gewartet und geprüft. Der Termin wird Ihnen mindestens zwei Wochen vorher schriftlich angekündigt. Haben Sie noch weitere Fragen?', 'id': '1846f880-582f-4b92-9b50-4f62e84ae462', 'role': 'assistant'}, {'content': 'Nein, danke. Das beantwortet meine Frage. Auf Wiederhören.', 'id': 'lc_run--01a000ed-20e3-7e53-91c6-5ace3d06ff77-0', 'role': 'user'}, {'content': 'Alles klar. Dann wünsche ich Ihnen einen schönen Tag. Auf Wiederhören!', 'id': 'e1193e1d-a24e-4d59-9d54-d3ac7acdbe74', 'role': 'assistant'}, {'content': '', 'id': 'lc_run--01a000ed-2fc4-78a2-8caf-9f008999514c-0', 'role': 'user'}, {'content': 'Die Verbindung wurde beendet. Falls Sie wieder Fragen haben, können Sie sich jederzeit melden. Auf Wiederhören!', 'id': '8992b0ed-9975-45f1-82c3-29cf3c3fb27d', 'role': 'assistant'}]",12.192225,,01a000ed-0f2f-7a13-815d-b9c5ffdb9f9e,1.0,0.0,1.0,3,5,1.7417
KN2485,Wolfgang Schäfer,015789643375,"flexibel, außer montags",Bis zu welchem Betrag muss ich Kleinreparaturen selbst bezahlen?,surfersimmobilien+predeploy@outlook.com,"[{'content': 'Guten Tag, Sie sprechen mit der digitalen Anruf-Assistentin von Surfers Immobilien. Wie kann ich Ihnen weiterhelfen? Was ist der Grund für Ihren Anruf?', 'role': 'assistant'}, {'content': 'Hallo, ich habe eine Frage: Bis zu welchem Betrag muss ich Kleinreparaturen selbst bezahlen? Können Sie mir da weiterhelfen?', 'id': '8ad5a789-cc75-4be8-aa88-168158ed212d', 'role': 'user'}, {'content': 'Sie müssen Kleinreparaturen bis zu einem Betrag von einhundert Euro pro Einzelfall selbst bezahlen. Alles, was darüber hinausgeht, übernimmt die Genossenschaft. Haben Sie noch weitere Fragen?', 'id': '8691a675-c935-461b-b108-423f46f290cb', 'role': 'assistant'}, {'content': 'Nein, danke, das war alles. Auf Wiederhören.', 'id': 'lc_run--01a000ed-2b23-7623-a579-e2f892e2b4d5-0', 'role': 'user'}, {'content': 'Alles klar. Dann wünsche ich Ihnen einen schönen Tag. Auf Wiederhören!', 'id': 'ef2b086c-4564-422b-af62-394bedaac41f', 'role': 'assistant'}, {'content': '', 'id': 'lc_run--01a000ed-3b27-7620-8229-0e03de32a7ef-0', 'role': 'user'}, {'content': 'Die Verbindung wird nun beendet. Falls Sie wieder Fragen haben, können Sie sich jederzeit melden. Auf Wiederhören!', 'id': 'd4f316f8-f879-416d-9965-283d0a3ef542', 'role': 'assistant'}]",12.768663,,01a000ed-18f2-7a63-b395-0b748b9f4852,1.0,0.0,1.0,3,5,1.8241
KN4050,Nadine Meyer,015789643375,Mittwoch von 10 Uhr bis 13 Uhr,"Brauche ich eine Genehmigung, um meine Wohnung unterzuvermieten?",surfersimmobilien+predeploy@outlook.com,"[{'content': 'Guten Tag, Sie sprechen mit der digitalen Anruf-Assistentin von Surfers Immobilien. Worum geht es bei Ihrem Anruf?', 'role': 'assistant'}, {'content': 'Hallo, ich habe eine Frage: Brauche ich eine Genehmigung, um meine Wohnung unterzuvermieten? Können Sie mir da weiterhelfen?', 'id': 'ae867f7e-2f9f-4a83-a29f-66d852ededd2', 'role': 'user'}, {'content': 'Ja, Sie brauchen eine Genehmigung. Eine Untervermietung ist nur mit vorheriger schriftlicher Zustimmung der Genossenschaft erlaubt.', 'id': 'e8343954-f239-42f4-aec7-3ec31cb72fc7', 'role': 'assistant'}, {'content': 'Vielen Dank für die Auskunft. Wiederhören.', 'id': 'lc_run--01a000ed-3bf5-7ea1-ac5f-1dc81c918b5b-0', 'role': 'user'}, {'content': 'Gern geschehen. Auf Wiederhören und einen schönen Tag noch!', 'id': 'd67347a1-0738-49f7-b6a0-45a07759dcdc', 'role': 'assistant'}, {'content': '', 'id': 'lc_run--01a000ed-4b76-7d50-8d9f-dbd67a734d9a-0', 'role': 'user'}, {'content': 'Ist noch etwas, wobei ich Ihnen helfen kann?', 'id': '66579f5e-bc0d-407b-bc14-687e390b99a8', 'role': 'assistant'}]",12.232628,,01a000ed-2975-7843-b528-8fdf10bd9ecf,1.0,0.0,1.0,3,5,1.7475
KN4828,Simone Lehmann,015789643375,immer dienstags und donnerstags,Wie lautet die E-Mail-Adresse des Kundenservice?,surfersimmobilien+predeploy@outlook.com,"[{'content': 'Guten Tag, Sie sprechen mit der digitalen Anruf-Assistentin von Surfers Immobilien. Worum geht es bei Ihrem Anruf?', 'role': 'assistant'}, {'content': 'Hallo, ich habe eine Frage: Wie lautet die E-Mail-Adresse des Kundenservice? Können Sie mir da weiterhelfen?', 'id': '35110486-f9fa-4d94-8e86-473b5bb5b75d', 'role': 'user'}, {'content': 'Die E-Mail-Adresse des Kundenservice konnte ich leider nicht finden. Soll ich Ihnen bei etwas anderem behilflich sein?', 'id': 'de832826-88de-436b-9e33-a5a752b1bef0', 'role': 'assistant'}, {'content': 'Nein, danke. Auf Wiederhören.', 'id': 'lc_run--01a000ed-50e9-79e2-a347-994202b864e3-0', 'role': 'user'}, {'content': 'Alles klar. Dann wünsche ich Ihnen einen schönen Tag. Auf Wiederhören.', 'id': 'ffb3c54d-0555-49b7-b3b8-4020d5c87dee', 'role': 'assistant'}, {'content': '', 'id': 'lc_run--01a000ed-5fd9-79d3-a33f-75ff0412b5ad-0', 'role': 'user'}, {'content': 'Sie haben aktuell keine Anfrage gestellt. Falls Sie doch noch ein Anliegen haben, lassen Sie es mich bitte wissen.', 'id': 'eb1eab50-e93c-4c8e-a240-a271771593df', 'role': 'assistant'}]",10.925091,,01a000ed-3ed0-72e3-a6de-32eb8f4b962a,1.0,0.0,0.0,3,5,1.5607
KN5819,Lars Schmid,015789643375,Montag von 9 Uhr bis 12 Uhr,Wie lautet die Telefonnummer der Hotline?,surfersimmobilien+predeploy@outlook.com,"[{'content': 'Guten Tag, Sie sprechen mit der digitalen Anruf-Assistentin von Surfers Immobilien. Worum geht es bei Ihrem Anruf?', 'role': 'assistant'}, {'content': 'Hallo, ich habe eine Frage: Wie lautet die Telefonnummer der Hotline? Können Sie mir da weiterhelfen?', 'id': '16bd4bb0-231a-4703-bd71-278fe434959c', 'role': 'user'}, {'content': 'Die Telefonnummer der Hotline von Surfers Immobilien lautet: null, zwei, eins, eins, vier, fünf, sechs, sieben, acht, neun, null. Haben Sie noch weitere Fragen?', 'id': '11369e1f-b061-4a52-b74b-4ebf3f8c5bec', 'role': 'assistant'}, {'content': 'Nein, vielen Dank. Auf Wiederhören.', 'id': 'lc_run--01a000ed-51c4-70c2-8cb1-1545c6fd49ee-0', 'role': 'user'}, {'content': 'Alles klar. Dann wünsche ich Ihnen einen schönen Tag. Auf Wiederhören.', 'id': '9a0f4719-dca2-4a89-af4d-d6cbcf3e2a36', 'role': 'assistant'}, {'content': '', 'id': 'lc_run--01a000ed-5fc0-7ab0-989c-8b50b2f02a72-0', 'role': 'user'}, {'content': 'Das Gespräch ist beendet. Falls Sie wieder Unterstützung benötigen, stehen wir Ihnen gerne zur Verfügung. Auf Wiederhören.', 'id': '2246cfad-6558-44cd-8525-715bc5178ed6', 'role': 'assistant'}]",11.733269,,01a000ed-40ca-7c71-ac19-073dce30ea8c,1.0,0.0,1.0,3,5,1.6762
KN1686,Jürgen Bauer,015789643375,Montag und Mittwoch von 9 bis 12 Uhr,Darf ich eine Katze in meiner Wohnung halten?,surfersimmobilien+predeploy@outlook.com,"[{'content': 'Guten Tag, Sie sprechen mit der digitalen Anruf-Assistentin von Surfers Immobilien. Worum geht es bei Ihrem Anruf?', 'role': 'assistant'}, {'content': 'Hallo, ich habe eine Frage: Darf ich eine Katze in meiner Wohnung halten? Können Sie mir da weiterhelfen?', 'id': '95650f51-73d3-463c-bc5d-647cbd44ede3', 'role': 'user'}, {'content': 'Sie dürfen eine Katze in Ihrer Wohnung halten. Für Katzen, kleine Hunde und Vögel brauchen Sie keine gesonderte Genehmigung von Surfers Immobilien. Haben Sie noch weitere Fragen?', 'id': 'a111b0f8-412c-4b66-804f-2fe6e72b454f', 'role': 'assistant'}, {'content': 'Nein, danke. Das war alles. Auf Wiederhören.', 'id': 'lc_run--01a000ed-5d7a-71c2-89fd-a5181d213e18-0', 'role': 'user'}, {'content': 'Alles klar. Dann wünsche ich Ihnen einen schönen Tag. Auf Wiederhören.', 'id': '6b17c560-3c71-4a91-8973-83e57ecedd01', 'role': 'assistant'}, {'content': '', 'id': 'lc_run--01a000ed-6ccb-70c2-9a2f-5329640ec8a2-0', 'role': 'user'}, {'content': 'Gibt es noch etwas, wobei ich Ihnen helfen kann?', 'id': '10628bf5-0ed7-4373-8a45-bca5a62113ca', 'role': 'assistant'}]",12.130843,,01a000ed-4ad4-7cc2-a13a-bd56d9d50ad6,1.0,0.0,1.0,3,5,1.733
KN1975,Susanne Zimmermann,015789643375,Dienstag von 9 Uhr bis 11 Uhr,Wann wird die Papiertonne geleert?,surfersimmobilien+predeploy@outlook.com,"[{'content': 'Guten Tag, Sie sprechen mit der digitalen Anruf-Assistentin von Surfers Immobilien. Was ist der Grund für Ihren Anruf?', 'role': 'assistant'}, {'content': 'Hallo, ich habe eine Frage: Wann wird die Papiertonne geleert? Können Sie mir da weiterhelfen?', 'id': 'bdd5d52f-8dd5-4f6c-867a-2a83343515f8', 'role': 'user'}, {'content': 'Die Papiertonne wird immer am ersten Donnerstag im Monat geleert. Haben Sie noch weitere Fragen?', 'id': '950b7b31-107d-45e3-8017-a43c2ec8c957', 'role': 'assistant'}, {'content': 'Nein, danke. Das war alles. Auf Wiederhören.', 'id': 'lc_run--01a000ed-6b1d-7e52-8f6c-0df1dd161636-0', 'role': 'user'}, {'content': 'Alles klar. Dann wünsche ich Ihnen einen schönen Tag. Auf Wiederhören!', 'id': '71d9e90e-2f6c-489a-b3d4-cde9e04e9873', 'role': 'assistant'}, {'content': '', 'id': 'lc_run--01a000ed-7a4f-7342-bf4b-7e5bfe050b2c-0', 'role': 'user'}, {'content': 'Die Verbindung wird nun beendet. Falls Sie wieder Fragen haben, können Sie sich gerne melden. Auf Wiederhören!', 'id': '4ad382e7-99d0-4862-a04c-1bcdd5f2ce60', 'role': 'assistant'}]",11.081009,,01a000ed-593e-74f2-a9da-dc88cbc74718,1.0,0.0,1.0,3,5,1.583
KN5766,Reinhard Schuster,015789643375,den ganzen Donnerstag,"Was passiert, wenn ich meiner Nebenkostenabrechnung nicht widerspreche?",surfersimmobilien+predeploy@outlook.com,"[{'content': 'Guten Tag, Sie sprechen mit der digitalen Anruf-Assistentin von Surfers Immobilien. Was ist der Grund für Ihren Anruf?', 'role': 'assistant'}, {'content': 'Hallo, ich habe eine Frage: Was passiert, wenn ich meiner Nebenkostenabrechnung nicht widerspreche? Können Sie mir da weiterhelfen?', 'id': 'ca9071d9-2dde-4104-b19a-27568174a1c4', 'role': 'user'}, {'content': 'Wenn Sie Ihrer Nebenkostenabrechnung nicht innerhalb von zwölf Monaten nach Erhalt schriftlich oder per E-Mail widersprechen, gilt die Abrechnung als anerkannt. Danach können Einwände in der Regel nicht mehr berücksichtigt werden. Haben Sie noch weitere Fragen?', 'id': '21e0a20b-5191-45c2-9ae6-1012fb14446a', 'role': 'assistant'}, {'content': 'Nein, danke. Das war alles. Auf Wiederhören.', 'id': 'lc_run--01a000ed-7c15-7403-b708-5809d920a248-0', 'role': 'user'}, {'content': 'Alles klar. Dann wünsche ich Ihnen einen schönen Tag. Auf Wiederhören.', 'id': 'db7dbb61-d7c4-49ac-b40b-0ea3c223e375', 'role': 'assistant'}, {'content': '', 'id': 'lc_run--01a000ed-8ade-7be1-83fa-3acf04a30ef9-0', 'role': 'user'}, {'content': 'Sie haben aktuell keine weitere Frage gestellt. Falls Sie noch etwas wissen möchten, können Sie sich gerne wieder melden. Auf Wiederhören.', 'id': '8b2ba0ce-6dae-4e36-9b16-3268a38cb7a1', 'role': 'assistant'}]",11.738938,,01a000ed-697f-7e13-8413-0ef2e02221e2,1.0,0.0,1.0,3,5,1.677
KN4452,Luise Bergmann,015789643375,den ganzen Montag,Was genau umfasst die Kleinreparaturklausel?,surfersimmobilien+predeploy@outlook.com,"[{'content': 'Guten Tag, Sie sprechen mit der digitalen Anruf-Assistentin von Surfers Immobilien. Worum geht es bei Ihrem Anruf?', 'role': 'assistant'}, {'content': 'Hallo, ich habe eine Frage: Was genau umfasst die Kleinreparaturklausel? Können Sie mir da weiterhelfen?', 'id': '2b3dc089-54f7-41af-be30-e664e2c1b0c4', 'role': 'user'}, {'content': 'Die Kleinreparaturklausel besagt, dass Mitglieder kleinere Reparaturen, zum Beispiel an Wasserhähnen, Fenstergriffen oder Lichtschaltern, bis zu einem Betrag von einhundert Euro pro Einzelfall selbst zahlen. Alles, was darüber hinausgeht, übernimmt die Genossenschaft.', 'id': '512f15ef-8c0f-45cf-8fd5-08bb0f44b621', 'role': 'assistant'}, {'content': 'Vielen Dank, das hilft mir weiter. Auf Wiederhören.', 'id': 'lc_run--01a000ed-8475-7d32-a76c-489be02aa06a-0', 'role': 'user'}, {'content': 'Gern geschehen. Einen schönen Tag noch und auf Wiederhören.', 'id': '5ba509e5-f9c9-4656-bad7-52b8b87ee717', 'role': 'assistant'}, {'content': '', 'id': 'lc_run--01a000ed-97a7-77b1-a75b-79600732a827-0', 'role': 'user'}, {'content': 'Das Gespräch ist beendet. Falls Sie wieder Fragen haben, stehe ich Ihnen gerne zur Verfügung. Auf Wiederhören.', 'id': '0200f889-ce1f-48ae-83aa-fdb9fd239584', 'role': 'assistant'}]",14.102436,,01a000ed-6ea1-7931-a015-38300a77c33e,1.0,0.0,1.0,3,5,2.0146
KN2655,Walter Kuhn,015789643375,Montag und Mittwoch von 9 bis 12 Uhr,Wann sind die Nebenstellen dienstags geöffnet?,surfersimmobilien+predeploy@outlook.com,"[{'content': 'Guten Tag, Sie sprechen mit der digitalen Anruf-Assistentin von Surfers Immobilien. Worum geht es bei Ihrem Anruf?', 'role': 'assistant'}, {'content': 'Hallo, ich habe eine Frage: Wann sind die Nebenstellen dienstags geöffnet? Können Sie mir da weiterhelfen?', 'id': '36aa163f-7a6f-475b-841e-407d1649e51b', 'role': 'user'}, {'content': 'Die Nebenstellen sind dienstags von zehn Uhr bis sechzehn Uhr geöffnet. Gibt es noch etwas, das ich für Sie tun kann?', 'id': '4b771005-b1a0-4395-bb53-0d6bac0c8a71', 'role': 'assistant'}, {'content': 'Nein, vielen Dank. Auf Wiederhören.', 'id': 'lc_run--01a000ed-8e61-7890-9acb-28799656e0d8-0', 'role': 'user'}, {'content': 'Alles klar. Einen schönen Tag noch und auf Wiederhören.', 'id': '99dbf98c-de89-4921-b305-f4476247d154', 'role': 'assistant'}, {'content': '', 'id': 'lc_run--01a000ed-9dad-77f0-95a5-0f9ab895eda6-0', 'role': 'user'}, {'content': 'Sie haben aktuell keine Anfrage gestellt. Falls Sie noch eine Frage haben, lassen Sie es mich gerne wissen.', 'id': '66c4c174-4270-403a-b3d2-c8fc2e192651', 'role': 'assistant'}]",12.824422,,01a000ed-7a38-76a3-bd11-1423559fca5f,1.0,0.0,1.0,3,5,1.8321
KN7718,Rudolf Graf,015789643375,nur vormittags unter der Woche,Über welche Nummer erreiche ich den Hausmeister?,surfersimmobilien+predeploy@outlook.com,"[{'content': 'Guten Tag, Sie sprechen mit der digitalen Anruf-Assistentin von Surfers Immobilien. Was ist der Grund für Ihren Anruf?', 'role': 'assistant'}, {'content': 'Hallo, ich habe eine Frage: Über welche Nummer erreiche ich den Hausmeister? Können Sie mir da weiterhelfen?', 'id': '5f7cafaf-d6f7-44ba-845e-58c6ddbcb82c', 'role': 'user'}, {'content': 'Die Hausmeister sind über die zentrale Hotline von Surfers Immobilien erreichbar. Eine direkte Telefonnummer wird aus Datenschutzgründen nicht herausgegeben. Soll ich Ihnen die zentrale Hotline nennen?', 'id': '2c6162fb-bbfa-475c-b886-29a26fac3df1', 'role': 'assistant'}, {'content': 'Ja, bitte nennen Sie mir die zentrale Hotline.', 'id': 'lc_run--01a000ed-96d1-7c51-88be-0b3f6bace51d-0', 'role': 'user'}, {'content': 'Die zentrale Hotline von Surfers Immobilien erreichen Sie unter der Telefonnummer null, zwei, eins, eins, vier, fünf, sechs, sieben, acht, neun, null. Haben Sie noch weitere Fragen?', 'id': '8825842d-fac4-482c-adfd-d72fd87e6c6a', 'role': 'assistant'}, {'content': 'Nein, danke. Das war alles. Auf Wiederhören.', 'id': 'lc_run--01a000ed-a7a3-7c01-9e6a-c18ab54b0b77-0', 'role': 'user'}, {'content': 'Alles klar. Dann wünsche ich Ihnen einen schönen Tag. Auf Wiederhören!', 'id': 'a893afc1-31e7-4653-9096-55c3c5e2b3ea', 'role': 'assistant'}, {'content': '', 'id': 'lc_run--01a000ed-b98b-7d41-a073-8afe4eb0c3e8-0', 'role': 'user'}, {'content': 'Sie haben aktuell keine weitere Frage gestellt. Falls Sie noch etwas wissen möchten, können Sie sich gerne wieder melden. Auf Wiederhören!', 'id': 'b529a7c4-960d-4a09-b4a3-df83c8242e8b', 'role': 'assistant'}]",17.678511,,01a000ed-8489-7852-8756-166946d8e049,1.0,0.0,1.0,4,7,1.9643
KN8601,Werner Lange,015789643375,nur am späten Nachmittag,Wie erreiche ich den Hausmeister?,surfersimmobilien+predeploy@outlook.com,"[{'content': 'Guten Tag, Sie sprechen mit der digitalen Anruf-Assistentin von Surfers Immobilien. Was ist der Grund für Ihren Anruf?', 'role': 'assistant'}, {'content': 'Hallo, ich habe eine Frage: Wie erreiche ich den Hausmeister? Können Sie mir da weiterhelfen?', 'id': '8f0b972c-dc7b-4c74-b6cf-cd7b9d3d5da2', 'role': 'user'}, {'content': 'Sie erreichen den Hausmeister von Montag bis Freitag zwischen acht Uhr und sechzehn Uhr über die zentrale Hotline von Surfers Immobilien. Eine direkte Nummer gibt es aus Datenschutzgründen nicht. Haben Sie noch weitere Fragen?', 'id': '8c53e00c-9f5b-4079-b934-94a40dc27f07', 'role': 'assistant'}, {'content': 'Nein, danke. Das war alles. Auf Wiederhören.', 'id': 'lc_run--01a000ed-a90d-7511-9e07-c5d8025e6eab-0', 'role': 'user'}, {'content': 'Alles klar. Dann wünsche ich Ihnen einen schönen Tag. Auf Wiederhören.', 'id': 'b6483a8f-c1aa-419d-9641-48b7c7de84d5', 'role': 'assistant'}, {'content': '', 'id': 'lc_run--01a000ed-b898-7961-9ea7-065cc9184cf7-0', 'role': 'user'}, {'content': 'Gibt es noch etwas, wobei ich Ihnen helfen kann?', 'id': '05d86488-4bdf-42b2-9aa4-d3db3138e541', 'role': 'assistant'}]",11.43247,,01a000ed-975b-76b0-ade0-b88af5a4dac2,1.0,0.0,1.0,3,5,1.6332
KN8617,Karl Peters,015789643375,Dienstag den ganzen Tag,Wann genau muss die Miete jeden Monat eingegangen sein?,surfersimmobilien+predeploy@outlook.com,"[{'content': 'Guten Tag, Sie sprechen mit der digitalen Anruf-Assistentin von Surfers Immobilien. Worum geht es bei Ihrem Anruf?', 'role': 'assistant'}, {'content': 'Hallo, ich habe eine Frage: Wann genau muss die Miete jeden Monat eingegangen sein? Können Sie mir da weiterhelfen?', 'id': 'e882fad2-2e93-4200-815a-1b5bf56cce94', 'role': 'user'}, {'content': 'Die Miete muss immer im Voraus bezahlt werden und spätestens am dritten Werktag jedes Monats auf dem Konto von Surfers Immobilien eingegangen sein.', 'id': 'b93bdf0d-de06-4f69-97d5-3f63c3f0b3ba', 'role': 'assistant'}, {'content': 'Vielen Dank, das beantwortet meine Frage. Auf Wiederhören.', 'id': 'lc_run--01a000ed-b887-7c42-a004-ad95af045679-0', 'role': 'user'}, {'content': 'Gern geschehen. Einen schönen Tag noch und auf Wiederhören.', 'id': 'c1c583b4-2fae-4646-9fcc-55ce9a62414b', 'role': 'assistant'}, {'content': '', 'id': 'lc_run--01a000ed-c83d-7642-ae76-54f643fffb74-0', 'role': 'user'}, {'content': 'Ist noch etwas, wobei ich Ihnen helfen kann?', 'id': '00954a6e-1acc-44eb-b3fe-2786cf32d732', 'role': 'assistant'}]",12.46204,,01a000ed-a5b8-7d31-b0a8-f60680b3d05e,1.0,0.0,1.0,3,5,1.7803
KN9387,Julia Fischer,015789643375,den ganzen Freitag,Welche Kündigungsfrist gilt für meinen Mietvertrag?,surfersimmobilien+predeploy@outlook.com,"[{'content': 'Guten Tag, Sie sprechen mit der digitalen Anruf-Assistentin von Surfers Immobilien. Worum geht es bei Ihrem Anruf?', 'role': 'assistant'}, {'content': 'Hallo, ich habe eine Frage: Welche Kündigungsfrist gilt für meinen Mietvertrag? Können Sie mir da weiterhelfen?', 'id': 'f9f15277-6528-46e9-99aa-51dd75b2c037', 'role': 'user'}, {'content': 'Für Ihren Mietvertrag bei Surfers Immobilien gilt eine Kündigungsfrist von drei Monaten zum Monatsende. Die Kündigung muss schriftlich erfolgen, entweder per Brief oder als eingescanntes, unterschriebenes Dokument. Haben Sie noch weitere Fragen?', 'id': '6cbb3a62-b446-4503-98e1-2db7da843199', 'role': 'assistant'}, {'content': 'Nein, danke. Das war alles. Auf Wiederhören.', 'id': 'lc_run--01a000ed-c137-76b2-aff8-1b7eecc7b23b-0', 'role': 'user'}, {'content': 'Alles klar. Dann wünsche ich Ihnen einen schönen Tag. Auf Wiederhören.', 'id': 'b39948a0-3022-451c-9c98-44bef8ce4a9a', 'role': 'assistant'}, {'content': '', 'id': 'lc_run--01a000ed-cf9b-71d3-bf6e-18a50db460ee-0', 'role': 'user'}, {'content': 'Das Gespräch ist beendet. Falls Sie wieder Fragen haben, können Sie sich gerne melden. Auf Wiederhören.', 'id': '21d613c7-3227-4e9e-b2ae-999a8c588e40', 'role': 'assistant'}]",13.339005,,01a000ed-ac52-7293-a2c3-fbcdbd614ef1,1.0,0.0,1.0,3,5,1.9056
KN8217,Torsten Werner,015789643375,Freitag den ganzen Tag,Wo finde ich Informationen zur Barrierefreiheit meines Gebäudes?,surfersimmobilien+predeploy@outlook.com,"[{'content': 'Guten Tag, Sie sprechen mit der digitalen Anruf-Assistentin von Surfers Immobilien. Was ist der Grund für Ihren Anruf?', 'role': 'assistant'}, {'content': 'Hallo, ich habe eine Frage: Wo finde ich Informationen zur Barrierefreiheit meines Gebäudes? Können Sie mir da weiterhelfen?', 'id': 'c90a206d-fa07-4d90-9185-d2f9a71e164b', 'role': 'user'}, {'content': 'Informationen zur Barrierefreiheit Ihres Gebäudes finden Sie im Kundenportal unter „Meine Wohnung“ im Bereich „Gebäudeinformationen“. Dort steht, ob Ihr Objekt barrierefrei zugänglich ist. Haben Sie noch weitere Fragen?', 'id': 'bd5c9fd4-e2ca-4ac3-8e2e-7ced1ddbd162', 'role': 'assistant'}, {'content': 'Nein, danke. Das war alles. Auf Wiederhören.', 'id': 'lc_run--01a000ed-d64d-7710-845f-5b486ada715d-0', 'role': 'user'}, {'content': 'Alles klar. Dann wünsche ich Ihnen einen schönen Tag. Auf Wiederhören.', 'id': '61508387-526e-4828-96f2-5b12531bbf09', 'role': 'assistant'}, {'content': '', 'id': 'lc_run--01a000ed-e528-74f1-be1d-b686a4b2c4ee-0', 'role': 'user'}, {'content': 'Sie haben aktuell keine Frage gestellt. Gibt es noch etwas, wobei ich Ihnen helfen kann?', 'id': 'e15d583d-9b0f-40eb-b81d-ff54becd3465', 'role': 'assistant'}]",11.080742,,01a000ed-c404-7723-9052-6194a032282f,1.0,0.0,1.0,3,5,1.583
KN3580,Martina Wolf,015789643375,Dienstag den ganzen Tag,Wie kann ich mich für einen Stellplatz anmelden?,surfersimmobilien+predeploy@outlook.com,"[{'content': 'Guten Tag, Sie sprechen mit der digitalen Anruf-Assistentin von Surfers Immobilien. Worum geht es bei Ihrem Anruf?', 'role': 'assistant'}, {'content': 'Hallo, ich habe eine Frage: Wie kann ich mich für einen Stellplatz anmelden? Können Sie mir da weiterhelfen?', 'id': '5358771b-7701-417c-8165-fef3fd73242d', 'role': 'user'}, {'content': 'Sie können sich über das Kundenportal von Surfers Immobilien auf die Warteliste für einen Stellplatz anmelden. Die Anzahl der Stellplätze ist begrenzt und die monatliche Gebühr beträgt fünfunddreißig Euro. Haben Sie noch weitere Fragen?', 'id': '89f730b2-55ef-46fa-b506-f3f3d70969a2', 'role': 'assistant'}, {'content': 'Nein, danke. Das war alles. Auf Wiederhören.', 'id': 'lc_run--01a000ed-db91-7491-966f-8704d20ffc33-0', 'role': 'user'}, {'content': 'Alles klar. Dann wünsche ich Ihnen einen schönen Tag. Auf Wiederhören.', 'id': '8b67392e-9c65-4198-9161-a35128727d47', 'role': 'assistant'}, {'content': '', 'id': 'lc_run--01a000ed-eaeb-74a1-920c-e5e5ac768622-0', 'role': 'user'}, {'content': 'Die Verbindung wurde beendet. Falls Sie wieder Fragen haben, stehe ich Ihnen gerne zur Verfügung. Auf Wiederhören.', 'id': '399ca2ab-7399-4313-ba20-d901d0a04197', 'role': 'assistant'}]",13.497434,,01a000ed-c998-7520-bb9f-03082ce70f49,1.0,0.0,1.0,3,5,1.9282
KN6165,Elke Frank,015789643375,nur nachmittags ab 15 Uhr,Wo finde ich meine Vertragsdokumente online?,surfersimmobilien+predeploy@outlook.com,"[{'content': 'Guten Tag, Sie sprechen mit der digitalen Anruf-Assistentin von Surfers Immobilien. Worum geht es bei Ihrem Anruf?', 'role': 'assistant'}, {'content': 'Hallo, ich habe eine Frage: Wo finde ich meine Vertragsdokumente online? Können Sie mir da weiterhelfen?', 'id': '079c3d6a-7d1f-4299-be3e-5391d7a918c3', 'role': 'user'}, {'content': 'Sie können Ihren Nutzungsvertrag und weitere Vertragsdokumente online einsehen. Dafür gibt es einen Bereich, in dem Sie auch Ihre Kontakt- und Bankdaten ändern können. Haben Sie noch weitere Fragen?', 'id': '58b344b2-2de9-4cf6-95a9-663ebb9798fb', 'role': 'assistant'}, {'content': 'Nein, danke. Können Sie mir nur noch sagen, wo genau ich diesen Bereich online finde?', 'id': 'lc_run--01a000ed-e8ea-7ca1-8a6a-8c3af952cb15-0', 'role': 'user'}, {'content': 'Dazu liegen mir leider keine genaueren Informationen vor, wo Sie diesen Bereich online finden.', 'id': '094b5838-23a1-4b45-b78c-fbcaa6b3efe3', 'role': 'assistant'}, {'content': 'Okay, danke für die Auskunft. Auf Wiederhören.', 'id': 'lc_run--01a000ed-fedb-7f01-822b-066edbdc4051-0', 'role': 'user'}, {'content': 'Gern geschehen. Einen schönen Tag noch und auf Wiederhören.', 'id': '1a81801b-d630-4052-b524-ff387a0b91fc', 'role': 'assistant'}, {'content': '', 'id': 'lc_run--01a000ee-1420-7c71-b8f8-5e96b3a05f7f-0', 'role': 'user'}, {'content': 'Ist noch etwas offen, wobei ich Ihnen helfen kann?', 'id': 'd828108a-93c0-40b8-8fdb-24b5afd486a1', 'role': 'assistant'}]",17.958354,,01a000ed-d667-73f0-a2b3-a5fbc065665c,1.0,0.0,0.0,4,7,1.9954
KN2933,Ilse Schulte,015789643375,nur nachmittags ab 15 Uhr,Verfügen alle Gebäude über einen Aufzug?,surfersimmobilien+predeploy@outlook.com,"[{'content': 'Guten Tag, Sie sprechen mit der digitalen Anruf-Assistentin von Surfers Immobilien. Wie kann ich Ihnen heute weiterhelfen? Was ist der Grund für Ihren Anruf?', 'role': 'assistant'}, {'content': 'Hallo, ich habe eine Frage: Verfügen alle Gebäude über einen Aufzug? Können Sie mir da weiterhelfen?', 'id': 'f3d90a6e-2971-49e3-aa48-b8cc1cc3d2db', 'role': 'user'}, {'content': 'Nicht alle Gebäude von Surfers Immobilien verfügen über einen Aufzug. Ob ein bestimmtes Gebäude einen Aufzug hat, hängt vom jeweiligen Objekt ab. Haben Sie noch weitere Fragen?', 'id': '5d68331c-e654-4170-8b12-09400a587135', 'role': 'assistant'}, {'content': 'Nein, danke. Das war alles. Auf Wiederhören.', 'id': 'lc_run--01a000ed-f384-7ee0-bdee-de85995fa896-0', 'role': 'user'}, {'content': 'Alles klar. Dann wünsche ich Ihnen einen schönen Tag. Auf Wiederhören.', 'id': '3d2d53d9-c339-4147-bdc3-b066ca200910', 'role': 'assistant'}, {'content': '', 'id': 'lc_run--01a000ee-034c-7b11-9131-0569fec35e0b-0', 'role': 'user'}, {'content': 'Die Verbindung wird beendet. Einen angenehmen Tag noch. Auf Wiederhören.', 'id': '271e2b21-4e95-41ee-b835-3106e29e04e5', 'role': 'assistant'}]",12.905271,,01a000ed-e06e-73e1-8d48-ab575dc6943b,1.0,0.0,1.0,3,5,1.8436
KN3323,Petra Hoffmann,015789643375,nur nachmittags ab 15 Uhr,"Was mache ich, wenn ich Gasgeruch in meiner Wohnung wahrnehme?",surfersimmobilien+predeploy@outlook.com,"[{'content': 'Guten Tag, Sie sprechen mit der digitalen Anruf-Assistentin von Surfers Immobilien. Was ist der Grund für Ihren Anruf?', 'role': 'assistant'}, {'content': 'Hallo, ich habe eine Frage: Was mache ich, wenn ich Gasgeruch in meiner Wohnung wahrnehme? Können Sie mir da weiterhelfen?', 'id': 'ac983b42-78d6-4f4d-ad0d-f417e8dc8417', 'role': 'user'}, {'content': 'Wenn Sie Gasgeruch in Ihrer Wohnung bemerken, kontaktieren Sie bitte sofort die Notfallhotline unter null, acht, null, null, vier, fünf, sechs, sieben, acht, neun, eins. Das gilt unabhängig von den regulären Öffnungszeiten. Haben Sie noch weitere Fragen?', 'id': '1348b1d4-f30c-4fe5-bfbf-72e3d9f7783a', 'role': 'assistant'}, {'content': 'Nein, danke. Das hilft mir weiter. Auf Wiederhören.', 'id': 'lc_run--01a000ee-0363-7ae2-bcd8-15959b2046d1-0', 'role': 'user'}, {'content': 'Alles klar. Dann wünsche ich Ihnen einen angenehmen Tag. Auf Wiederhören.', 'id': 'c0444741-1980-466b-b15a-bc2f3df9a913', 'role': 'assistant'}, {'content': '', 'id': 'lc_run--01a000ee-1359-7f40-b921-cfac372b3ea2-0', 'role': 'user'}, {'content': 'Gibt es noch etwas, wobei ich Ihnen helfen kann?', 'id': 'aa4520dc-dc11-4b2a-8dba-e56e8c8484d2', 'role': 'assistant'}]",13.304947,,01a000ed-ef4d-7752-8d3a-1a4b4a8c8ad4,1.0,0.0,1.0,3,5,1.9007
KN7868,Gertrud Vogler,015789643375,Montag von 14 Uhr bis 16 Uhr,Wie läuft die Rückgabe der Wohnung genau ab?,surfersimmobilien+predeploy@outlook.com,"[{'content': 'Guten Tag, Sie sprechen mit der digitalen Anruf-Assistentin von Surfers Immobilien. Was ist der Grund für Ihren Anruf?', 'role': 'assistant'}, {'content': 'Hallo, ich habe eine Frage: Wie läuft die Rückgabe der Wohnung genau ab? Können Sie mir da weiterhelfen?', 'id': '99131f8c-cd60-43aa-bdda-b875f86b5552', 'role': 'user'}, {'content': 'Bei der Rückgabe der Wohnung läuft es so: Nach Ihrer Kündigung findet eine Wohnungsübergabe statt. Dabei wird geprüft, ob alles in Ordnung ist. Die Kaution bekommen Sie nach dem Auszug und der Übergabe, abzüglich möglicher Instandsetzungskosten, innerhalb von sechs Monaten zurücküberwiesen. \n\nMöchten Sie noch mehr Details dazu?', 'id': '9ee6aa3b-fcef-4c54-9a65-ac8f09d9aeb4', 'role': 'assistant'}, {'content': 'Nein, danke. Das beantwortet meine Frage. Auf Wiederhören.', 'id': 'lc_run--01a000ee-11b0-7151-bed7-ebe86f45519f-0', 'role': 'user'}, {'content': 'Alles klar. Dann wünsche ich Ihnen einen schönen Tag. Auf Wiederhören!', 'id': '6744bdf8-d148-40cf-ba6f-4a4e69519229', 'role': 'assistant'}, {'content': '', 'id': 'lc_run--01a000ee-2004-7841-8715-7ab5212643cb-0', 'role': 'user'}, {'content': 'Gibt es noch etwas, wobei ich Ihnen helfen kann?', 'id': '7bb6ef17-846c-4c30-8e1a-53a8db9e7cf6', 'role': 'assistant'}]",12.760978,,01a000ed-fe53-7c13-add1-9577621fd472,1.0,0.0,0.0,3,5,1.823
KN8976,Margarete Lang,015789643375,Mittwoch und Freitag vormittags,Werden SEPA-Lastschriften bevorzugt?,surfersimmobilien+predeploy@outlook.com,"[{'content': 'Guten Tag, Sie sprechen mit der digitalen Anruf-Assistentin von Surfers Immobilien. Worum geht es bei Ihrem Anruf?', 'role': 'assistant'}, {'content': 'Hallo, ich habe eine Frage: Werden SEPA-Lastschriften bevorzugt? Können Sie mir da weiterhelfen?', 'id': 'f0a56bcc-f1a0-485b-9724-3999f6955636', 'role': 'user'}, {'content': 'Ja, bei Surfers Immobilien wird die Zahlung per SEPA-Lastschrift bevorzugt. Überweisungen sind aber ebenfalls möglich. Haben Sie noch weitere Fragen?', 'id': '3168360d-5cb9-4874-a0e7-7f83fe476630', 'role': 'assistant'}, {'content': 'Nein, vielen Dank. Auf Wiederhören.', 'id': 'lc_run--01a000ee-2561-7991-b3ba-ea5648c591c6-0', 'role': 'user'}, {'content': 'Gern geschehen. Einen schönen Tag noch und auf Wiederhören!', 'id': 'b19b464e-37bc-4bef-b8ca-b38655f2e501', 'role': 'assistant'}, {'content': '', 'id': 'lc_run--01a000ee-38c1-7532-9a20-a25cbb9a93e6-0', 'role': 'user'}, {'content': 'Ist noch etwas offen, wobei ich Ihnen helfen kann?', 'id': '95fc3c20-63a0-45d8-9eb7-8eaf7582cab3', 'role': 'assistant'}]",13.113063,,01a000ee-12d9-7aa3-aa86-dccd356b2859,1.0,0.0,1.0,3,5,1.8733
KN6345,Ines Schmitt,015789643375,Mittwoch von 8 Uhr bis 10 Uhr,Hat mein Gebäude einen Aufzug?,surfersimmobilien+predeploy@outlook.com,"[{'content': 'Guten Tag, Sie sprechen mit der digitalen Anruf-Assistentin von Surfers Immobilien. Was ist der Grund für Ihren Anruf?', 'role': 'assistant'}, {'content': 'Hallo, ich habe eine Frage: Hat mein Gebäude einen Aufzug? Können Sie mir da weiterhelfen?', 'id': '38997292-4749-4464-99d0-3a97dddd204a', 'role': 'user'}, {'content': 'Nicht alle Gebäude von Surfers Immobilien verfügen über einen Aufzug. Um Ihnen genau Auskunft geben zu können, benötige ich die Adresse oder den Namen Ihres Gebäudes. Haben Sie diese Information zur Hand?', 'id': '7acca55c-86bf-4837-8f80-937f28b136cc', 'role': 'assistant'}, {'content': 'Die Adresse habe ich gerade nicht zur Hand. Können Sie das über meine Kundennummer herausfinden?', 'id': 'lc_run--01a000ee-2d71-7d61-ad77-a1bac66a862e-0', 'role': 'user'}, {'content': 'Leider kann ich nicht auf persönliche Daten oder Kundennummern zugreifen. Sobald Sie die Adresse Ihres Gebäudes wissen, kann ich gerne nachsehen, ob dort ein Aufzug vorhanden ist.', 'id': '34cb14e3-e889-46ab-8ea9-59a7b331b668', 'role': 'assistant'}, {'content': 'Verstehe, danke. Dann kläre ich das später mit der Adresse. Auf Wiederhören.', 'id': 'lc_run--01a000ee-396c-70b2-ad2f-fa369805484d-0', 'role': 'user'}, {'content': 'Alles klar, dann wünsche ich Ihnen einen schönen Tag. Auf Wiederhören!', 'id': 'ff032008-ee0d-4d3f-8a06-6d414d39f2d3', 'role': 'assistant'}, {'content': '', 'id': 'lc_run--01a000ee-46a2-71b3-a316-a7ebe73e21f5-0', 'role': 'user'}, {'content': 'Gibt es noch etwas, wobei ich Ihnen helfen kann?', 'id': 'fbc3b295-db72-4020-9934-fe019f4950ea', 'role': 'assistant'}]",14.477955,,01a000ee-1c8f-7690-9499-6b7ea5b1939a,1.0,0.0,0.0,4,7,1.6087
KN2094,Norbert Ludwig,015789643375,Donnerstag von 13 Uhr bis 15 Uhr,Wie kündige ich meinen Mietvertrag korrekt?,surfersimmobilien+predeploy@outlook.com,"[{'content': 'Guten Tag, Sie sprechen mit der digitalen Anruf-Assistentin von Surfers Immobilien. Was ist der Grund für Ihren Anruf?', 'role': 'assistant'}, {'content': 'Hallo, ich habe eine Frage: Wie kündige ich meinen Mietvertrag korrekt? Können Sie mir da weiterhelfen?', 'id': '7834ed97-73a9-498d-af53-3184931d80fd', 'role': 'user'}, {'content': 'Sie können Ihren Mietvertrag mit einer Frist von drei Monaten zum Monatsende kündigen. Die Kündigung muss schriftlich erfolgen, also per Brief oder als eingescanntes, unterschriebenes Dokument. Die Mitgliedschaft in der Genossenschaft muss separat gekündigt werden, dafür gilt eine einjährige Frist zum Geschäftsjahresende. Haben Sie noch weitere Fragen?', 'id': '6a69b698-61ca-45d5-a38c-a8cc0cc9ca66', 'role': 'assistant'}, {'content': 'Nein, vielen Dank. Das hat mir weitergeholfen. Auf Wiederhören.', 'id': 'lc_run--01a000ee-3486-7e63-9a6e-4b03b1ea2b25-0', 'role': 'user'}, {'content': 'Alles klar. Dann wünsche ich Ihnen einen schönen Tag. Auf Wiederhören!', 'id': 'a040ccae-42af-4302-9684-b115acf4c6a6', 'role': 'assistant'}, {'content': '', 'id': 'lc_run--01a000ee-436d-7260-b017-857be2c575e8-0', 'role': 'user'}, {'content': 'Gibt es noch etwas, wobei ich Ihnen helfen kann?', 'id': '4062d075-27f2-4852-926b-160bc6bca4d6', 'role': 'assistant'}]",11.960481,,01a000ee-2347-7f31-8a1a-5e71e609856b,1.0,0.0,1.0,3,5,1.7086
KN2150,Achim Lorenz,015789643375,abends nach 18 Uhr,Ist die Gartenpflege in den Nebenkosten enthalten?,surfersimmobilien+predeploy@outlook.com,"[{'content': 'Guten Tag, Sie sprechen mit der digitalen Anruf-Assistentin von Surfers Immobilien. Was ist der Grund für Ihren Anruf?', 'role': 'assistant'}, {'content': 'Hallo, ich habe eine Frage: Ist die Gartenpflege in den Nebenkosten enthalten? Können Sie mir da weiterhelfen?', 'id': '9565e567-2521-4a44-a52b-221756938c4b', 'role': 'user'}, {'content': 'Ja, die Gartenpflege ist in den Nebenkosten enthalten. Haben Sie noch weitere Fragen?', 'id': '25468c7b-681c-4507-af03-9ed705a47724', 'role': 'assistant'}, {'content': 'Nein, danke. Das war alles. Auf Wiederhören.', 'id': 'lc_run--01a000ee-4037-7fc3-8507-ca8137785a26-0', 'role': 'user'}, {'content': 'Alles klar, dann wünsche ich Ihnen einen schönen Tag. Auf Wiederhören!', 'id': 'f632ffc1-4c46-4db1-af5e-96901094495b', 'role': 'assistant'}, {'content': '', 'id': 'lc_run--01a000ee-4e93-78b3-b4b6-ebc7f92bf643-0', 'role': 'user'}, {'content': 'Gibt es noch etwas, wobei ich Ihnen helfen kann?', 'id': '8eef9ebf-d177-4165-9ad2-42b8b90d6431', 'role': 'assistant'}]",10.387701,,01a000ee-302d-7631-af3b-e975cff8a2d2,1.0,0.0,1.0,3,5,1.484
KN1981,Fritz Fuchs,015789643375,abends nach 18 Uhr,Gibt es eine separate Nummer für Notfälle?,surfersimmobilien+predeploy@outlook.com,"[{'content': 'Guten Tag, Sie sprechen mit der digitalen Anruf-Assistentin von Surfers Immobilien. Was ist der genaue Grund für Ihren Anruf?', 'role': 'assistant'}, {'content': 'Hallo, ich habe eine Frage: Gibt es eine separate Nummer für Notfälle? Können Sie mir da weiterhelfen?', 'id': '97301c35-981f-4156-8dc8-65b2f6b535e6', 'role': 'user'}, {'content': 'Eine separate Notfallnummer ist in den verfügbaren Informationen nicht aufgeführt. Der Hausmeister ist werktags zwischen acht Uhr und sechzehn Uhr über die zentrale Hotline von Surfers Immobilien erreichbar. Außerhalb dieser Zeiten scheint es keine spezielle Notfallnummer zu geben.', 'id': '83916b6f-97a9-43cd-a777-2d7ec25d9125', 'role': 'assistant'}, {'content': 'Alles klar, vielen Dank für die Auskunft. Auf Wiederhören.', 'id': 'lc_run--01a000ee-57dc-7772-b436-96cf5f017d0c-0', 'role': 'user'}, {'content': 'Gern geschehen. Einen schönen Tag noch und auf Wiederhören.', 'id': 'cf93f8ea-39b2-4d26-8582-7b2d13b66686', 'role': 'assistant'}, {'content': '', 'id': 'lc_run--01a000ee-75bf-74f3-b27b-2f010850a7b7-0', 'role': 'user'}, {'content': 'Gibt es noch etwas, wobei ich Ihnen helfen kann?', 'id': 'f57f556b-4756-4245-961e-2e6b10042bd6', 'role': 'assistant'}]",15.216338,,01a000ee-4613-77c0-8a8d-682882529b84,1.0,0.0,0.0,3,5,2.1738
KN4086,Frieda Möller,015789643375,den ganzen Donnerstag,Wie kann ich meinen Zählerstand im Portal eintragen?,surfersimmobilien+predeploy@outlook.com,"[{'content': 'Guten Tag, Sie sprechen mit der digitalen Anruf-Assistentin von Surfers Immobilien. Was ist der Grund für Ihren Anruf?', 'role': 'assistant'}, {'content': 'Hallo, ich habe eine Frage: Wie kann ich meinen Zählerstand im Portal eintragen? Können Sie mir da weiterhelfen?', 'id': '092e360a-1c8b-48a4-9d82-a734982420a1', 'role': 'user'}, {'content': 'Sie können Ihren Zählerstand im Kundenportal von Surfers Immobilien eintragen. Loggen Sie sich dazu mit Ihrer Mitglieds- oder Kundennummer und Ihrem Passwort unter portal.surfers-immobilien.de ein. Dort finden Sie die Funktion zum Melden der Zählerstände.', 'id': '639a15fa-01bc-4bab-9ec3-0f8d447a4b43', 'role': 'assistant'}, {'content': 'Danke. Wo genau finde ich diese Funktion im Portal?', 'id': 'lc_run--01a000ee-65e9-7012-b653-b63d9d930005-0', 'role': 'user'}, {'content': 'Im Portal gibt es eine eigene Funktion zum Melden der Zählerstände, zum Beispiel für Wasser, Strom oder Heizung. Leider liegen mir keine genaueren Angaben zum Menüpunkt oder zur Bezeichnung vor. Sie finden die Funktion aber nach dem Login im Kundenportal.', 'id': 'd99556fd-c113-4fa1-9b1e-fb85bf102d11', 'role': 'assistant'}, {'content': 'Verstehe, vielen Dank. Dann schaue ich dort nach. Auf Wiederhören.', 'id': 'lc_run--01a000ee-7a38-7761-abe1-38d90a8178f6-0', 'role': 'user'}, {'content': 'Alles klar. Ich wünsche Ihnen einen angenehmen Tag. Auf Wiederhören!', 'id': '7bcb913c-4f9c-4e41-8ca8-fb8f7332f362', 'role': 'assistant'}, {'content': '', 'id': 'lc_run--01a000ee-85a5-7fe1-883f-e1c85317802b-0', 'role': 'user'}, {'content': 'Das Gespräch ist nun beendet. Falls Sie wieder Fragen haben, stehe ich Ihnen gerne zur Verfügung.', 'id': '26df6ead-05c1-46a2-b871-4e5d7bd93591', 'role': 'assistant'}]",18.010652,,01a000ee-5201-7023-9e58-55aef8b8a100,1.0,0.0,1.0,4,7,2.0012
KN4200,Gabriele Krause,015789643375,Montag von 10 Uhr bis 13 Uhr,Wann ist die Zentrale von Surfers Immobilien geöffnet?,surfersimmobilien+predeploy@outlook.com,"[{'content': 'Guten Tag, Sie sprechen mit der digitalen Anruf-Assistentin von Surfers Immobilien. Was ist der Grund für Ihren Anruf?', 'role': 'assistant'}, {'content': 'Hallo, ich habe eine Frage: Wann ist die Zentrale von Surfers Immobilien geöffnet? Können Sie mir da weiterhelfen?', 'id': '2bc9867c-3943-40d2-b789-e17bb30f12bb', 'role': 'user'}, {'content': 'Die Zentrale von Surfers Immobilien ist montags bis mittwochs von neun Uhr bis fünfzehn Uhr geöffnet und freitags von vierzehn Uhr bis siebzehn Uhr. Donnerstags bleibt die Zentrale geschlossen. Haben Sie noch weitere Fragen?', 'id': 'af6256ee-b182-4499-b77f-b9140d3112de', 'role': 'assistant'}, {'content': 'Nein, vielen Dank. Auf Wiederhören.', 'id': 'lc_run--01a000ee-6674-7ca2-8343-8c9aa3dddf94-0', 'role': 'user'}, {'content': 'Gern geschehen. Einen schönen Tag noch und auf Wiederhören.', 'id': '7dbe87fe-6319-43ca-87c2-522b2224e383', 'role': 'assistant'}, {'content': '', 'id': 'lc_run--01a000ee-73ca-77e0-a959-89fefe129a60-0', 'role': 'user'}, {'content': 'Gibt es noch etwas, wobei ich Ihnen helfen kann?', 'id': 'b25b8154-dd08-4ecc-a11f-2a7fb9eb7e79', 'role': 'assistant'}]",11.335399,,01a000ee-551e-73e0-bbde-057c857e1d86,1.0,0.0,1.0,3,5,1.6193
KN1007,August Busch,015789643375,immer dienstags und donnerstags,Brauche ich für eine Untervermietung die Zustimmung der Verwaltung?,surfersimmobilien+predeploy@outlook.com,"[{'content': 'Guten Tag, Sie sprechen mit der digitalen Anruf-Assistentin von Surfers Immobilien. Was ist der Grund für Ihren Anruf?', 'role': 'assistant'}, {'content': 'Hallo, ich habe eine Frage: Brauche ich für eine Untervermietung die Zustimmung der Verwaltung? Können Sie mir da weiterhelfen?', 'id': '0f114797-e3ca-4ed7-946e-96475506121e', 'role': 'user'}, {'content': 'Ja, für eine Untervermietung benötigen Sie die vorherige schriftliche Zustimmung der Genossenschaft. Ohne diese Zustimmung ist eine Untervermietung nicht erlaubt. Haben Sie noch weitere Fragen?', 'id': '7bcdc597-4334-457c-b621-48dd94c3e5a3', 'role': 'assistant'}, {'content': 'Nein, danke. Das war alles. Auf Wiederhören.', 'id': 'lc_run--01a000ee-6802-74d0-b3db-8a987271a354-0', 'role': 'user'}, {'content': 'Alles klar. Dann wünsche ich Ihnen einen schönen Tag. Auf Wiederhören!', 'id': 'b73a79c2-0845-43c4-828b-4577d4ed97bd', 'role': 'assistant'}, {'content': '', 'id': 'lc_run--01a000ee-77e0-7a62-b5ef-d9b926cafffb-0', 'role': 'user'}, {'content': 'Gibt es noch etwas, wobei ich Ihnen helfen kann?', 'id': '308f9b29-93a6-4433-9a83-d75130c635a0', 'role': 'assistant'}]",10.749373,,01a000ee-58c2-7af2-9268-26b7d0fd655e,1.0,0.0,1.0,3,5,1.5356
KN5161,Matthias Günther,015789643375,nur vormittags unter der Woche,"Was brauche ich, um mich im Kundenportal anzumelden?",surfersimmobilien+predeploy@outlook.com,"[{'content': 'Guten Tag, Sie sprechen mit der digitalen Anruf-Assistentin von Surfers Immobilien. Was ist der genaue Grund für Ihren Anruf?', 'role': 'assistant'}, {'content': 'Hallo, ich habe eine Frage: Was brauche ich, um mich im Kundenportal anzumelden? Können Sie mir da weiterhelfen?', 'id': '0b073015-8477-4d06-8241-a74c8a509f69', 'role': 'user'}, {'content': 'Um sich im Kundenportal anzumelden, benötigen Sie Ihre Mitglieds- oder Kundennummer und ein selbst gewähltes Passwort. Damit können Sie sich unter portal.surfers-immobilien.de einloggen. Haben Sie noch weitere Fragen?', 'id': 'bf412d5e-8745-4153-8dc1-ead8b458ec49', 'role': 'assistant'}, {'content': 'Nein, danke. Das war alles. Auf Wiederhören.', 'id': 'lc_run--01a000ee-9315-7ef3-be4b-a2724ffaeb12-0', 'role': 'user'}, {'content': 'Alles klar. Dann wünsche ich Ihnen einen schönen Tag. Auf Wiederhören!', 'id': 'ab8970e9-0171-4032-a7be-1d1298fb2019', 'role': 'assistant'}, {'content': '', 'id': 'lc_run--01a000ee-a0d2-7cf2-9594-51e72064a3d0-0', 'role': 'user'}, {'content': 'Gibt es noch etwas, wobei ich Ihnen helfen kann?', 'id': '4478cf12-d577-4313-832b-55704d313dd5', 'role': 'assistant'}]",11.888859,,01a000ee-8167-7751-bbf7-22a13139b5cb,1.0,0.0,1.0,3,5,1.6984
KN1492,Heike Hartmann,015789643375,Montag von 14 Uhr bis 16 Uhr,Zu welchen Zeiten ist der Hausmeister vor Ort?,surfersimmobilien+predeploy@outlook.com,"[{'content': 'Guten Tag, Sie sprechen mit der digitalen Anruf-Assistentin von Surfers Immobilien. Was ist der Grund für Ihren Anruf?', 'role': 'assistant'}, {'content': 'Hallo, ich habe eine Frage: Zu welchen Zeiten ist der Hausmeister vor Ort? Können Sie mir da weiterhelfen?', 'id': '75524365-f698-4732-93af-d499a2a9a2c4', 'role': 'user'}, {'content': 'Der Hausmeister ist von Montag bis Freitag zwischen acht Uhr und sechzehn Uhr vor Ort. Bei Bedarf erreichen Sie ihn über die zentrale Hotline von Surfers Immobilien. Haben Sie noch weitere Fragen?', 'id': '41e4ad20-a276-451a-9960-aea6e5c36558', 'role': 'assistant'}, {'content': 'Nein, das war alles. Vielen Dank für die Auskunft. Auf Wiederhören.', 'id': 'lc_run--01a000ee-9681-7db0-8fe3-54163b598433-0', 'role': 'user'}, {'content': 'Gern geschehen. Ich wünsche Ihnen einen schönen Tag. Auf Wiederhören.', 'id': '19490db2-c660-4dbf-8f9c-33bcdb6ede95', 'role': 'assistant'}, {'content': '', 'id': 'lc_run--01a000ee-a509-7962-a081-8cf72c137ce2-0', 'role': 'user'}, {'content': 'Gibt es noch etwas, wobei ich Ihnen helfen kann?', 'id': 'd8036297-eafc-4455-a615-921b21898964', 'role': 'assistant'}]",12.874543,,01a000ee-8184-70d2-865d-02c22831628f,1.0,0.0,1.0,3,5,1.8392
KN1321,Gustav Voigt,015789643375,Dienstag von 14 Uhr bis 17 Uhr,Muss meine Kündigung per Post oder reicht eine E-Mail?,surfersimmobilien+predeploy@outlook.com,"[{'content': 'Guten Tag, Sie sprechen mit der digitalen Anruf-Assistentin von Surfers Immobilien. Wie kann ich Ihnen weiterhelfen? Was ist der Grund Ihres Anrufs?', 'role': 'assistant'}, {'content': 'Hallo, ich habe eine Frage: Muss meine Kündigung per Post oder reicht eine E-Mail? Können Sie mir da weiterhelfen?', 'id': '9b37dfaf-7dde-4abe-a134-6ad418ebf672', 'role': 'user'}, {'content': 'Für eine Kündigung reicht eine formlose E-Mail ohne Unterschrift nicht aus. Sie müssen das Dokument unterschreiben und dann entweder per Post oder als eingescanntes, unterschriebenes Dokument per E-Mail senden.', 'id': '9a9c69fc-0515-424e-9063-53648899f1c2', 'role': 'assistant'}, {'content': 'Verstanden, vielen Dank für die Auskunft. Auf Wiederhören.', 'id': 'lc_run--01a000ee-93bf-7483-8ad8-c0f0a037e42b-0', 'role': 'user'}, {'content': 'Gern geschehen. Ich wünsche Ihnen einen schönen Tag. Auf Wiederhören.', 'id': '8c298375-7c2f-45ee-b2f6-051342436914', 'role': 'assistant'}, {'content': '', 'id': 'lc_run--01a000ee-a261-7fa2-8d5e-98a248dd4e0a-0', 'role': 'user'}, {'content': 'Ist noch etwas offen, wobei ich Ihnen helfen kann?', 'id': '6a97679f-db34-4c9f-9e0f-08fc06bfec38', 'role': 'assistant'}]",11.674518,,01a000ee-82c0-7712-8f64-f5ff2c07ea91,1.0,0.0,1.0,3,5,1.6678
KN4436,Dietmar Martin,015789643375,nur am späten Nachmittag,"Was zählt als Notfall, bei dem ich sofort anrufen sollte?",surfersimmobilien+predeploy@outlook.com,"[{'content': 'Guten Tag, Sie sprechen mit der digitalen Anruf-Assistentin von Surfers Immobilien. Was ist der genaue Grund für Ihren Anruf?', 'role': 'assistant'}, {'content': 'Hallo, ich habe eine Frage: Was zählt als Notfall, bei dem ich sofort anrufen sollte? Können Sie mir da weiterhelfen?', 'id': '0efe8a09-baf6-4ed1-9107-22e31474ef75', 'role': 'user'}, {'content': 'Ein Notfall ist zum Beispiel ein Wasserrohrbruch, Gasgeruch oder ein kompletter Stromausfall im Gebäude. In solchen Fällen sollten Sie sofort die Notfallhotline anrufen. Haben Sie noch weitere Fragen?', 'id': 'd0b72f8f-9920-4801-b6d1-8df755017bf9', 'role': 'assistant'}, {'content': 'Nein, danke. Das war alles. Auf Wiederhören.', 'id': 'lc_run--01a000ee-a9cc-7f21-beb8-e92e921de82c-0', 'role': 'user'}, {'content': 'Alles klar. Dann wünsche ich Ihnen einen schönen Tag. Auf Wiederhören.', 'id': '1fbb0058-6c7a-4c09-85ba-9c5928af00bf', 'role': 'assistant'}, {'content': '', 'id': 'lc_run--01a000ee-b745-7da1-aeee-751f56d544df-0', 'role': 'user'}, {'content': 'Gibt es noch etwas, wobei ich Ihnen helfen kann?', 'id': 'dc1bf6fa-01c7-42f2-bdb9-c18b204b6705', 'role': 'assistant'}]",11.791692,,01a000ee-985d-72a3-9f58-d840152d5710,1.0,0.0,1.0,3,5,1.6845
KN1584,Dieter Braun,015789643375,Donnerstag von 13 Uhr bis 15 Uhr,Wie kann ich Sperrmüll anmelden?,surfersimmobilien+predeploy@outlook.com,"[{'content': 'Guten Tag, Sie sprechen mit der digitalen Anruf-Assistentin von Surfers Immobilien. Wie kann ich Ihnen weiterhelfen? Was ist der Grund Ihres Anrufs?', 'role': 'assistant'}, {'content': 'Hallo, ich habe eine Frage: Wie kann ich Sperrmüll anmelden? Können Sie mir da weiterhelfen?', 'id': '194b1f57-acd7-459f-85c1-beb660daac31', 'role': 'user'}, {'content': 'Sperrmüll können Sie über das städtische Entsorgungsunternehmen anmelden. Dabei können zusätzliche Kosten entstehen, die Sie selbst tragen müssen. Haben Sie noch weitere Fragen?', 'id': '4e5c170a-b5a0-40c1-9276-aee4ce5541d7', 'role': 'assistant'}, {'content': 'Nein, danke. Das war alles. Auf Wiederhören.', 'id': 'lc_run--01a000ee-c360-7602-8a16-3f81a9ebf81c-0', 'role': 'user'}, {'content': 'Alles klar. Dann wünsche ich Ihnen einen schönen Tag. Auf Wiederhören.', 'id': '84bad628-2d68-4ae4-bbc8-4ee19af308ce', 'role': 'assistant'}, {'content': '', 'id': 'lc_run--01a000ee-d2e1-78e1-bb41-0e0312bdfc34-0', 'role': 'user'}, {'content': 'Gibt es noch etwas, wobei ich Ihnen helfen kann?', 'id': 'dbd9545d-51a6-4217-ae49-d38141869f9a', 'role': 'assistant'}]",12.523288,,01a000ee-afd9-74d2-a5d8-557b43de7c22,1.0,0.0,1.0,3,5,1.789
KN5557,Cornelia Vogel,015789643375,Mittwoch von 10 Uhr bis 13 Uhr,Wie melde ich meinen aktuellen Zählerstand?,surfersimmobilien+predeploy@outlook.com,"[{'content': 'Guten Tag, Sie sprechen mit der digitalen Anruf-Assistentin von Surfers Immobilien. Was ist der genaue Grund für Ihren Anruf?', 'role': 'assistant'}, {'content': 'Hallo, ich habe eine Frage: Wie melde ich meinen aktuellen Zählerstand? Können Sie mir da weiterhelfen?', 'id': 'a185b649-2b50-4f62-9cce-1b06fbdb2638', 'role': 'user'}, {'content': 'Sie können Ihren aktuellen Zählerstand ganz einfach über das Kundenportal von Surfers Immobilien melden. Loggen Sie sich dazu mit Ihrer Mitglieds- oder Kundennummer und Ihrem Passwort unter portal.surfers-immobilien.de ein. Dort finden Sie die entsprechende Funktion. Haben Sie noch weitere Fragen?', 'id': '37abc691-cbaf-447b-9fa2-dd534a9df384', 'role': 'assistant'}, {'content': 'Nein, danke. Das war alles. Auf Wiederhören.', 'id': 'lc_run--01a000ee-c24f-7c70-ae53-3145fcfee939-0', 'role': 'user'}, {'content': 'Alles klar, dann wünsche ich Ihnen einen schönen Tag. Auf Wiederhören!', 'id': 'ee36423c-72e9-4c2b-9ad7-e7bed38f4213', 'role': 'assistant'}, {'content': '', 'id': 'lc_run--01a000ee-d07e-7071-80b3-48b2be39cc03-0', 'role': 'user'}, {'content': 'Gibt es noch etwas, wobei ich Ihnen helfen kann?', 'id': 'f6fe2b5b-2fc1-431e-a937-faf80cfb1235', 'role': 'assistant'}]",11.127911,,01a000ee-b05c-7500-bf7b-2410276af275,1.0,0.0,1.0,3,5,1.5897
KN4025,Thomas Schneider,015789643375,den ganzen Montag,Wann bekomme ich meine Kaution nach dem Auszug zurück?,surfersimmobilien+predeploy@outlook.com,"[{'content': 'Guten Tag, Sie sprechen mit der digitalen Anruf-Assistentin von Surfers Immobilien. Was ist der Grund für Ihren Anruf?', 'role': 'assistant'}, {'content': 'Hallo, ich habe eine Frage: Wann bekomme ich meine Kaution nach dem Auszug zurück? Können Sie mir da weiterhelfen?', 'id': 'c462cf2c-6d0c-4415-9d0b-9b0d785cd9ae', 'role': 'user'}, {'content': 'Nach Ihrem Auszug und der Wohnungsübergabe wird die Kaution, abzüglich möglicher Instandsetzungskosten, innerhalb von sechs Monaten auf Ihr angegebenes Konto zurücküberwiesen. Haben Sie noch weitere Fragen?', 'id': '49224672-0d16-4374-836b-ef480a12e7c1', 'role': 'assistant'}, {'content': 'Nein, danke. Das war alles. Auf Wiederhören.', 'id': 'lc_run--01a000ee-c50b-7491-8153-dea1fddfe653-0', 'role': 'user'}, {'content': 'Alles klar, dann wünsche ich Ihnen einen schönen Tag. Auf Wiederhören!', 'id': 'f67a9e50-3323-424d-9fea-6509d9c81ef9', 'role': 'assistant'}, {'content': '', 'id': 'lc_run--01a000ee-d2cf-7b40-ba56-bb77dccbd8c8-0', 'role': 'user'}, {'content': 'Gibt es noch etwas, wobei ich Ihnen helfen kann?', 'id': '394dfcdc-f49b-4202-9a0d-ef605750b231', 'role': 'assistant'}]",12.132572,,01a000ee-b3d0-70a3-9c4d-4b28c855efc3,1.0,0.0,1.0,3,5,1.7332
KN4124,Anneliese Hahn,015789643375,den ganzen Dienstag,Wie hoch ist die Kaution genau in Monatsmieten?,surfersimmobilien+predeploy@outlook.com,"[{'content': 'Guten Tag, Sie sprechen mit der digitalen Anruf-Assistentin von Surfers Immobilien. Wie kann ich Ihnen weiterhelfen? Was ist der Grund Ihres Anrufs?', 'role': 'assistant'}, {'content': 'Hallo, ich habe eine Frage: Wie hoch ist die Kaution genau in Monatsmieten? Können Sie mir da weiterhelfen?', 'id': 'def9f41f-64fa-40a0-9c1c-4d79a44da149', 'role': 'user'}, {'content': 'Die Kaution beträgt genau eine Monatsnutzungsgebühr. Haben Sie noch weitere Fragen?', 'id': '43f0064e-5b38-444a-8d78-2813eaa90762', 'role': 'assistant'}, {'content': 'Nein, danke. Das war alles. Auf Wiederhören.', 'id': 'lc_run--01a000ee-d5d4-7e71-9c89-0112c6b9447e-0', 'role': 'user'}, {'content': 'Alles klar. Dann wünsche ich Ihnen einen schönen Tag. Auf Wiederhören.', 'id': 'b6548708-c94c-4f8a-8eb1-08b6b37882c9', 'role': 'assistant'}, {'content': '', 'id': 'lc_run--01a000ee-e38d-7e20-a065-e3d469b06c97-0', 'role': 'user'}, {'content': 'Gibt es noch etwas, wobei ich Ihnen helfen kann?', 'id': '62f9a579-61ed-4680-b562-b2e3d19523f6', 'role': 'assistant'}]",11.604929,,01a000ee-c66d-71c1-a105-58044013b350,1.0,0.0,1.0,3,5,1.6578
KN1075,Bernd Maier,015789643375,den ganzen Montag,Bis wann muss ich meine Miete überweisen?,surfersimmobilien+predeploy@outlook.com,"[{'content': 'Guten Tag, Sie sprechen mit der digitalen Anruf-Assistentin von Surfers Immobilien. Was ist der genaue Grund für Ihren Anruf?', 'role': 'assistant'}, {'content': 'Hallo, ich habe eine Frage: Bis wann muss ich meine Miete überweisen? Können Sie mir da weiterhelfen?', 'id': '3a44b82b-d6d8-4ee2-8827-3f852db17f94', 'role': 'user'}, {'content': 'Die Miete muss immer im Voraus bezahlt werden und spätestens am dritten Werktag eines jeden Monats auf dem Konto von Surfers Immobilien eingegangen sein. Haben Sie noch weitere Fragen?', 'id': '2ac35a26-e9b0-4ec7-b6fa-92a366b077ad', 'role': 'assistant'}, {'content': 'Nein, danke. Das war alles. Auf Wiederhören.', 'id': 'lc_run--01a000ee-eecc-7e53-97cd-6f666f0ac57b-0', 'role': 'user'}, {'content': 'Alles klar, dann wünsche ich Ihnen einen schönen Tag. Auf Wiederhören!', 'id': '5ae1fbc3-43c9-4fd9-b6a9-1a4809576478', 'role': 'assistant'}, {'content': '', 'id': 'lc_run--01a000ee-fc87-7813-baf0-dd86b927d121-0', 'role': 'user'}, {'content': 'Gibt es noch etwas, wobei ich Ihnen helfen kann?', 'id': 'ac6742b8-948b-484f-9b13-224980be8da3', 'role': 'assistant'}]",11.516335,,01a000ee-dbd5-78f3-a7a9-326cda9ac845,1.0,0.0,1.0,3,5,1.6452
KN4252,Brigitte Sommer,015789643375,Dienstag von 14 Uhr bis 17 Uhr,An welchem Wochentag wird der Restmüll bei mir abgeholt?,surfersimmobilien+predeploy@outlook.com,"[{'content': 'Guten Tag, Sie sprechen mit der digitalen Anruf-Assistentin von Surfers Immobilien. Was ist der Grund für Ihren Anruf?', 'role': 'assistant'}, {'content': 'Hallo, ich habe eine Frage: An welchem Wochentag wird der Restmüll bei mir abgeholt? Können Sie mir da weiterhelfen?', 'id': '67b9d75b-df49-43ae-8ec5-ba0d7d5392a7', 'role': 'user'}, {'content': 'Die Restmülltonne wird immer montags geleert. Haben Sie noch weitere Fragen?', 'id': 'e5c8014c-bdda-4c91-bb8c-809d4495dd06', 'role': 'assistant'}, {'content': 'Nein, vielen Dank. Auf Wiederhören.', 'id': 'lc_run--01a000ee-f15d-7f72-8cf0-66e3e445af0b-0', 'role': 'user'}, {'content': 'Gern geschehen. Einen schönen Tag noch und auf Wiederhören.', 'id': 'b2121c32-a751-451d-818e-8763a4ff3ede', 'role': 'assistant'}, {'content': '', 'id': 'lc_run--01a000ee-fe19-7a42-babf-28119edaf3bc-0', 'role': 'user'}, {'content': 'Sie haben aktuell keine Frage gestellt. Gibt es noch etwas, wobei ich Ihnen helfen kann?', 'id': 'de2031a9-66d8-4227-871f-36293760b43b', 'role': 'assistant'}]",9.757459,,01a000ee-e0c5-70a2-8ca4-3a742579808b,1.0,0.0,1.0,3,5,1.3939
KN8700,Horst Kramer,015789643375,Freitag den ganzen Tag,Wer prüft die Rauchmelder in meiner Wohnung?,surfersimmobilien+predeploy@outlook.com,"[{'content': 'Guten Tag, Sie sprechen mit der digitalen Anruf-Assistentin von Surfers Immobilien. Was ist der Grund für Ihren Anruf?', 'role': 'assistant'}, {'content': 'Hallo, ich habe eine Frage: Wer prüft die Rauchmelder in meiner Wohnung? Können Sie mir da weiterhelfen?', 'id': 'bb77bae2-7402-42cd-ab9b-33b8239e16ec', 'role': 'user'}, {'content': 'Die Rauchmelder in Ihrer Wohnung werden einmal jährlich im Herbst von einer beauftragten Fachfirma geprüft. Der Termin wird Ihnen mindestens zwei Wochen vorher schriftlich angekündigt. Haben Sie noch weitere Fragen?', 'id': 'b24aa947-ba70-403f-a8d5-9dbb86a9fab5', 'role': 'assistant'}, {'content': 'Nein, danke. Das war alles. Auf Wiederhören.', 'id': 'lc_run--01a000ee-f3db-7941-b726-edaec1074a02-0', 'role': 'user'}, {'content': 'Alles klar. Dann wünsche ich Ihnen einen schönen Tag. Auf Wiederhören!', 'id': 'dd7ef0b0-4f76-4096-8982-10d74d8e0ac4', 'role': 'assistant'}, {'content': '', 'id': 'lc_run--01a000ef-012a-7c92-80c0-687348df0a95-0', 'role': 'user'}, {'content': 'Gibt es noch etwas, wobei ich Ihnen helfen kann?', 'id': 'f174284c-4c0f-4585-93ef-cb87cd42668e', 'role': 'assistant'}]",11.784216,,01a000ee-e335-76d2-b587-9718c1bf66a1,1.0,0.0,1.0,3,5,1.6835
KN5036,Edith Ziegler,015789643375,"am Wochenende, Samstag oder Sonntag",Wie sind die Öffnungszeiten der Zentrale an Freitagen?,surfersimmobilien+predeploy@outlook.com,"[{'content': 'Guten Tag, Sie sprechen mit der digitalen Anruf-Assistentin von Surfers Immobilien. Was ist der genaue Grund für Ihren Anruf?', 'role': 'assistant'}, {'content': 'Hallo, ich habe eine Frage: Wie sind die Öffnungszeiten der Zentrale an Freitagen? Können Sie mir da weiterhelfen?', 'id': '89c51e1c-ec87-41b7-8289-be8ba5b24521', 'role': 'user'}, {'content': 'Die Zentrale von Surfers Immobilien ist freitags von vierzehn Uhr bis siebzehn Uhr geöffnet. Haben Sie noch weitere Fragen?', 'id': '44388c56-18f8-47fa-9574-30cc47050363', 'role': 'assistant'}, {'content': 'Nein, danke. Das war alles. Auf Wiederhören.', 'id': 'lc_run--01a000ef-04f0-7933-9465-cbe2ce4981f1-0', 'role': 'user'}, {'content': 'Alles klar. Dann wünsche ich Ihnen einen schönen Tag. Auf Wiederhören!', 'id': '9223a1d3-2fb1-4712-9134-45054b2d52a6', 'role': 'assistant'}, {'content': '', 'id': 'lc_run--01a000ef-1328-76e2-b1a9-3a4d3c25ef9d-0', 'role': 'user'}, {'content': 'Gibt es noch etwas, wobei ich Ihnen helfen kann?', 'id': '8d798883-d58f-4a93-aa6d-8ab1a1eda5f8', 'role': 'assistant'}]",13.379876,,01a000ee-f3c4-7c82-8fe8-95db34687d25,1.0,0.0,1.0,3,5,1.9114
KN8794,Stefan Weber,015789643375,immer montags und mittwochs,"Verlängert sich mein Mietvertrag automatisch, wenn ich nicht kündige?",surfersimmobilien+predeploy@outlook.com,"[{'content': 'Guten Tag, Sie sprechen mit der digitalen Anruf-Assistentin von Surfers Immobilien. Wie kann ich Ihnen weiterhelfen? Was ist der Grund für Ihren Anruf?', 'role': 'assistant'}, {'content': 'Hallo, ich habe eine Frage: Verlängert sich mein Mietvertrag automatisch, wenn ich nicht kündige? Können Sie mir da weiterhelfen?', 'id': '502af12c-a496-4388-b1b4-b8f481db3a21', 'role': 'user'}, {'content': 'Ihr Mietvertrag läuft unbefristet und verlängert sich nicht extra, sondern bleibt einfach bestehen, solange Sie nicht form- und fristgerecht kündigen. Sie müssen also nichts tun, wenn Sie weiter wohnen möchten. Haben Sie noch weitere Fragen?', 'id': '8fadeab4-8994-453b-9ef6-edff1f619735', 'role': 'assistant'}, {'content': 'Nein, danke. Das hat mir weitergeholfen. Auf Wiederhören.', 'id': 'lc_run--01a000ef-18e2-70f2-a3f8-2a80afe60b51-0', 'role': 'user'}, {'content': 'Gern geschehen. Ich wünsche Ihnen einen schönen Tag. Auf Wiederhören!', 'id': 'c00c99c1-b1b4-42bc-a77d-0868a19e1024', 'role': 'assistant'}, {'content': '', 'id': 'lc_run--01a000ef-2fd3-78e2-bb23-20498d239e8c-0', 'role': 'user'}, {'content': 'Falls Sie noch einmal Fragen haben, können Sie sich jederzeit melden. Auf Wiederhören!', 'id': 'c29ddeab-73b1-42fe-8995-09b97d0c8de2', 'role': 'assistant'}]",14.098031,,01a000ef-06e3-7493-9f79-a943b557dc43,1.0,0.0,1.0,3,5,2.014
KN4068,Benno Sander,015789643375,den ganzen Freitag,Wie melde ich einen Schaden über die Hotline statt über das Portal?,surfersimmobilien+predeploy@outlook.com,"[{'content': 'Guten Tag, Sie sprechen mit der digitalen Anruf-Assistentin von Surfers Immobilien. Wie kann ich Ihnen weiterhelfen? Was ist der Grund für Ihren Anruf?', 'role': 'assistant'}, {'content': 'Hallo, ich habe eine Frage: Wie melde ich einen Schaden über die Hotline statt über das Portal? Können Sie mir da weiterhelfen?', 'id': 'a46f8114-07b7-4f56-809d-9b5f6afdadd0', 'role': 'user'}, {'content': 'Sie können einen Schaden während der Geschäftszeiten entweder über das Kundenportal oder telefonisch über die Hotline melden. Bei akuten Notfällen wie einem Wasserrohrbruch rufen Sie bitte sofort die Notfallhotline an. Möchten Sie die Nummer der Hotline wissen?', 'id': '52714d0f-e40b-46fa-962a-d8211c500fc9', 'role': 'assistant'}, {'content': 'Ja, bitte.', 'id': 'lc_run--01a000ef-1c47-7853-b882-bbcab095f411-0', 'role': 'user'}, {'content': 'Die Notfallhotline erreichen Sie unter der Nummer null, acht, null, null, vier, fünf, sechs, sieben, acht, neun, eins. Haben Sie noch weitere Fragen?', 'id': 'eb75b94e-fe16-47a8-8120-65674b349c3b', 'role': 'assistant'}, {'content': 'Nein, danke. Das war alles. Auf Wiederhören.', 'id': 'lc_run--01a000ef-264c-7f62-bd56-273c8125667e-0', 'role': 'user'}, {'content': 'Alles klar. Dann wünsche ich Ihnen einen schönen Tag. Auf Wiederhören!', 'id': 'b02503dc-b4ea-4609-bbc7-6adf1c259033', 'role': 'assistant'}, {'content': '', 'id': 'lc_run--01a000ef-3305-7b13-92c0-2c8f76e8f109-0', 'role': 'user'}, {'content': 'Sie haben aktuell keine weitere Frage gestellt. Falls Sie noch etwas wissen möchten, können Sie sich gerne wieder melden. Ich wünsche Ihnen einen angenehmen Tag!', 'id': '704dd194-1662-42dd-902a-92f1d0aafbef', 'role': 'assistant'}]",15.017972,,01a000ef-08d2-7923-b4c5-4f1a51caf7ac,1.0,0.0,0.0,4,7,1.6687
KN5735,Gerd Roth,015789643375,Montag und Mittwoch von 9 bis 12 Uhr,Wie läuft die Wohnungsübergabe beim Auszug ab?,surfersimmobilien+predeploy@outlook.com,"[{'content': 'Guten Tag, Sie sprechen mit der digitalen Anruf-Assistentin von Surfers Immobilien. Was ist der Grund für Ihren Anruf?', 'role': 'assistant'}, {'content': 'Hallo, ich habe eine Frage: Wie läuft die Wohnungsübergabe beim Auszug ab? Können Sie mir da weiterhelfen?', 'id': 'f21481c0-bba0-4078-b5b6-e4a94bb1cc7b', 'role': 'user'}, {'content': 'Nach dem Auszug findet eine Wohnungsübergabe statt. Dabei wird geprüft, ob die Wohnung in einem ordnungsgemäßen Zustand ist. Erst nach dieser Übergabe wird die Kaution – abzüglich möglicher Instandsetzungskosten – innerhalb von sechs Monaten zurückgezahlt. Haben Sie dazu noch eine spezielle Frage?', 'id': '3432e9b7-fa4f-49b9-84cd-eaa4fa2c9fcf', 'role': 'assistant'}, {'content': 'Nein, danke. Das beantwortet meine Frage. Auf Wiederhören.', 'id': 'lc_run--01a000ef-2313-7621-9676-c637c16da9bf-0', 'role': 'user'}, {'content': 'Alles klar. Dann wünsche ich Ihnen einen schönen Tag. Auf Wiederhören!', 'id': '007da360-e92f-4571-a522-80a6ba0ab7c3', 'role': 'assistant'}, {'content': '', 'id': 'lc_run--01a000ef-316c-70a0-b5de-7802ed015109-0', 'role': 'user'}, {'content': 'Gibt es noch etwas, wobei ich Ihnen helfen kann?', 'id': '341288dd-d84c-4f2e-9bcf-46a2147faa95', 'role': 'assistant'}]",11.191976,,01a000ef-113e-7d00-8c00-de12c735091a,1.0,0.0,0.0,3,5,1.5989
KN1857,Marion Schumacher,015789643375,Mittwoch von 8 Uhr bis 10 Uhr,Wie oft wird meine Wohnung auf Rauchmelder überprüft?,surfersimmobilien+predeploy@outlook.com,"[{'content': 'Guten Tag, Sie sprechen mit der digitalen Anruf-Assistentin von Surfers Immobilien. Was ist der Grund für Ihren Anruf?', 'role': 'assistant'}, {'content': 'Hallo, ich habe eine Frage: Wie oft wird meine Wohnung auf Rauchmelder überprüft? Können Sie mir da weiterhelfen?', 'id': '5f91da6f-a53a-4cb3-bbfc-9216b7232ecf', 'role': 'user'}, {'content': 'Die Rauchmelder in Ihrer Wohnung werden einmal jährlich im Herbst von einer Fachfirma überprüft. Der Termin wird Ihnen mindestens zwei Wochen vorher schriftlich angekündigt. Haben Sie noch weitere Fragen?', 'id': 'c458386b-8656-4899-97de-fee7ca53475e', 'role': 'assistant'}, {'content': 'Nein, danke. Das war alles. Auf Wiederhören.', 'id': 'lc_run--01a000ef-3788-7d62-bc7f-151013987d9b-0', 'role': 'user'}, {'content': 'Alles klar. Dann wünsche ich Ihnen einen schönen Tag. Auf Wiederhören!', 'id': 'b4f3e6f0-3d06-4e56-92d2-c7dd9885e6a8', 'role': 'assistant'}, {'content': '', 'id': 'lc_run--01a000ef-46b0-7890-9416-4d96289f35dc-0', 'role': 'user'}, {'content': 'Gibt es noch etwas, wobei ich Ihnen helfen kann?', 'id': 'bf1d8a7a-5030-4069-b62d-6d3077f051ad', 'role': 'assistant'}]",11.574168,,01a000ef-2809-7282-bece-b3a6754b8280,1.0,0.0,1.0,3,5,1.6535
KN9403,Nicole Winkler,015789643375,"am Wochenende, Samstag oder Sonntag",Muss ich bei der Wohnungsübergabe persönlich anwesend sein?,surfersimmobilien+predeploy@outlook.com,"[{'content': 'Guten Tag, Sie sprechen mit der digitalen Anruf-Assistentin von Surfers Immobilien. Was ist der Grund für Ihren Anruf?', 'role': 'assistant'}, {'content': 'Hallo, ich habe eine Frage: Muss ich bei der Wohnungsübergabe persönlich anwesend sein? Können Sie mir da weiterhelfen?', 'id': 'a0b7f198-83db-4863-93ce-643c15256946', 'role': 'user'}, {'content': 'Dazu habe ich leider keine konkrete Information gefunden. Es kann sein, dass die persönliche Anwesenheit bei der Wohnungsübergabe erforderlich ist, aber ich kann das nicht sicher bestätigen. Haben Sie noch weitere Fragen?', 'id': 'c91354e3-4740-41f4-8f89-3a79765a5c5b', 'role': 'assistant'}, {'content': 'Nein, danke. Das war alles. Auf Wiederhören.', 'id': 'lc_run--01a000ef-4f36-74e1-9981-6f768831c9a9-0', 'role': 'user'}, {'content': 'Alles klar. Dann wünsche ich Ihnen einen schönen Tag. Auf Wiederhören!', 'id': '25a18eeb-1e8a-4acb-a643-317c53203f79', 'role': 'assistant'}, {'content': '', 'id': 'lc_run--01a000ef-5d25-7163-8e10-f2f0deeff57e-0', 'role': 'user'}, {'content': 'Gibt es noch etwas, wobei ich Ihnen helfen kann?', 'id': '7b563a19-0256-412a-9f6c-442a67ee9d33', 'role': 'assistant'}]",11.769469,,01a000ef-3cf8-7231-ad74-8c9e0261dc51,1.0,0.0,0.0,3,5,1.6814
KN1248,Gisela Schreiber,015789643375,Freitag von 13 Uhr bis 16 Uhr,Wann ist der Hausmeister erreichbar?,surfersimmobilien+predeploy@outlook.com,"[{'content': 'Guten Tag, Sie sprechen mit der digitalen Anruf-Assistentin von Surfers Immobilien. Wie kann ich Ihnen weiterhelfen? Was ist der Grund für Ihren Anruf?', 'role': 'assistant'}, {'content': 'Hallo, ich habe eine Frage: Wann ist der Hausmeister erreichbar? Können Sie mir da weiterhelfen?', 'id': '16c2f36f-590e-4f53-ad3f-feaf6d2e4e87', 'role': 'user'}, {'content': 'Der Hausmeister ist von Montag bis Freitag zwischen acht Uhr und sechzehn Uhr vor Ort. Sie erreichen ihn über die zentrale Hotline von Surfers Immobilien. Eine direkte Telefonnummer wird aus Datenschutzgründen nicht herausgegeben. Haben Sie noch weitere Fragen?', 'id': '72a0b94e-187b-4c05-9fbd-34347f722270', 'role': 'assistant'}, {'content': 'Nein, danke. Das war alles. Auf Wiederhören.', 'id': 'lc_run--01a000ef-4f20-7e23-adbb-48cea894a044-0', 'role': 'user'}, {'content': 'Alles klar. Dann wünsche ich Ihnen einen schönen Tag. Auf Wiederhören!', 'id': '38a1f42d-6692-4305-9b4e-ed0220e24afc', 'role': 'assistant'}, {'content': '', 'id': 'lc_run--01a000ef-5dd3-74f1-b28c-6f5328a36440-0', 'role': 'user'}, {'content': 'Gibt es noch etwas, wobei ich Ihnen helfen kann?', 'id': '7ebf45cb-e3a1-49ec-87bb-446bfd0c2208', 'role': 'assistant'}]",10.580645,,01a000ef-3df7-7171-ae87-2b08bf85496b,1.0,0.0,1.0,3,5,1.5115
KN2766,Bettina Albrecht,015789643375,immer freitags,Kann ich meine Nebenkostenabrechnung auch schriftlich per Post erhalten?,surfersimmobilien+predeploy@outlook.com,"[{'content': 'Guten Tag, Sie sprechen mit der digitalen Anruf-Assistentin von Surfers Immobilien. Wie kann ich Ihnen weiterhelfen? Was ist der Grund für Ihren Anruf?', 'role': 'assistant'}, {'content': 'Hallo, ich habe eine Frage: Kann ich meine Nebenkostenabrechnung auch schriftlich per Post erhalten? Können Sie mir da weiterhelfen?', 'id': '9de6effc-ecb1-4295-a2fb-ec2ee5288a34', 'role': 'user'}, {'content': 'Ja, Sie können Ihre Nebenkostenabrechnung auch schriftlich per Post erhalten. Die Abrechnung wird sowohl per Post verschickt als auch im Kundenportal bereitgestellt. Haben Sie noch weitere Fragen?', 'id': '4571a339-144a-4f61-923f-08396c3023e0', 'role': 'assistant'}, {'content': 'Nein, danke. Das war alles. Auf Wiederhören.', 'id': 'lc_run--01a000ef-55b0-79b2-8ce3-fb1119321a89-0', 'role': 'user'}, {'content': 'Alles klar. Dann wünsche ich Ihnen einen schönen Tag. Auf Wiederhören!', 'id': 'b333d004-be12-48c0-be7e-e38fae4cf6d2', 'role': 'assistant'}, {'content': '', 'id': 'lc_run--01a000ef-63ef-7ae3-b615-d70eecfb4eae-0', 'role': 'user'}, {'content': 'Gibt es noch etwas, wobei ich Ihnen helfen kann?', 'id': 'fa105080-1d7d-40a6-b946-afa628f84fc6', 'role': 'assistant'}]",11.947549,,01a000ef-437e-7372-9fe1-40b151187385,1.0,0.0,1.0,3,5,1.7068
KN1487,Yvonne Beck,015789643375,jeden Tag außer donnerstags,Wer übernimmt die Gartenpflege in meiner Wohnanlage?,surfersimmobilien+predeploy@outlook.com,"[{'content': 'Guten Tag, Sie sprechen mit der digitalen Anruf-Assistentin von Surfers Immobilien. Was ist der Grund für Ihren Anruf?', 'role': 'assistant'}, {'content': 'Hallo, ich habe eine Frage: Wer übernimmt die Gartenpflege in meiner Wohnanlage? Können Sie mir da weiterhelfen?', 'id': '3f910f70-29b9-4774-b12d-67cda00fda4a', 'role': 'user'}, {'content': 'Die Gartenpflege ist in den Nebenkosten enthalten. Das bedeutet, Surfers Immobilien kümmert sich darum. Haben Sie noch weitere Fragen?', 'id': '0996589b-a0ed-426d-80b7-2edb9deb19e3', 'role': 'assistant'}, {'content': 'Nein, danke. Das war alles. Auf Wiederhören.', 'id': 'lc_run--01a000ef-64c8-7431-9598-719a6d536df1-0', 'role': 'user'}, {'content': 'Alles klar. Dann wünsche ich Ihnen einen schönen Tag. Auf Wiederhören!', 'id': '72858fe5-a3bb-495b-9068-099c109d5617', 'role': 'assistant'}, {'content': '', 'id': 'lc_run--01a000ef-71a2-7261-894a-a27e3d1bf4ec-0', 'role': 'user'}, {'content': 'Sie haben aktuell keine weitere Frage gestellt. Falls Sie noch etwas wissen möchten, können Sie sich gerne melden. Auf Wiederhören!', 'id': 'b2193e10-8b01-4231-8f2d-a3b9b629e5a9', 'role': 'assistant'}]",11.833526,,01a000ef-5540-7780-93fc-f80192e4e5fc,1.0,0.0,0.0,3,5,1.6905
KN6098,Erika Brandt,015789643375,Mittwoch von 10 Uhr bis 13 Uhr,Muss ich mich selbst um den Internetanbieter kümmern?,surfersimmobilien+predeploy@outlook.com,"[{'content': 'Guten Tag, Sie sprechen mit der digitalen Anruf-Assistentin von Surfers Immobilien. Wie kann ich Ihnen weiterhelfen? Was ist der Grund für Ihren Anruf?', 'role': 'assistant'}, {'content': 'Hallo, ich habe eine Frage: Muss ich mich selbst um den Internetanbieter kümmern? Können Sie mir da weiterhelfen?', 'id': '04601e02-bf74-471b-86f3-12913125d78a', 'role': 'user'}, {'content': 'Ja, Sie müssen sich selbst um den Internetanbieter kümmern. Alle Gebäude sind mit einem Kabelanschluss von Vodafone ausgestattet, aber den Vertrag für Internet oder Fernsehen schließen Sie direkt mit dem Anbieter ab. Surfers Immobilien ist dabei nicht Vertragspartner und bietet keinen technischen Support für den Anschluss. Haben Sie noch weitere Fragen?', 'id': 'e302df59-50db-42d5-83f4-ed720717d1d7', 'role': 'assistant'}, {'content': 'Nein, danke. Das war alles. Auf Wiederhören.', 'id': 'lc_run--01a000ef-8796-73b3-8df8-ff2bb8a93b77-0', 'role': 'user'}, {'content': 'Alles klar, dann wünsche ich Ihnen einen schönen Tag. Auf Wiederhören!', 'id': '422d7661-1c0a-4d4e-962c-86516e8c6e94', 'role': 'assistant'}, {'content': '', 'id': 'lc_run--01a000ef-94a6-7240-a9d5-294ff9873c0a-0', 'role': 'user'}, {'content': 'Gibt es noch etwas, wobei ich Ihnen helfen kann?', 'id': 'e2e88885-7b07-4ad4-bf37-83fe1d06cfa7', 'role': 'assistant'}]",15.181641,,01a000ef-674d-7561-a4ca-7adb14cc0c47,1.0,0.0,1.0,3,5,2.1688
KN2908,Ida Krämer,015789643375,Mittwoch von 8 Uhr bis 10 Uhr,Ist die Müllabfuhr in den Nebenkosten enthalten?,surfersimmobilien+predeploy@outlook.com,"[{'content': 'Guten Tag, Sie sprechen mit der digitalen Anruf-Assistentin von Surfers Immobilien. Was ist der genaue Grund für Ihren Anruf?', 'role': 'assistant'}, {'content': 'Hallo, ich habe eine Frage: Ist die Müllabfuhr in den Nebenkosten enthalten? Können Sie mir da weiterhelfen?', 'id': '045f1bdc-6df4-41a9-b9e1-548913e38077', 'role': 'user'}, {'content': 'Ja, die Müllabfuhr ist in den Nebenkosten enthalten. Haben Sie noch weitere Fragen?', 'id': '47a2788c-6f41-4035-b7cc-40778d9df186', 'role': 'assistant'}, {'content': 'Nein, danke. Das war alles. Auf Wiederhören.', 'id': 'lc_run--01a000ea-dd11-7d30-9f0f-3b3f627ba5fb-0', 'role': 'user'}, {'content': 'Alles klar. Dann wünsche ich Ihnen einen schönen Tag. Auf Wiederhören.', 'id': '2eb1fdab-ed37-48e0-89d5-7f19299488b8', 'role': 'assistant'}, {'content': '', 'id': 'lc_run--01a000ea-ed6d-7530-88d1-7d01fc259ee3-0', 'role': 'user'}, {'content': 'Gibt es noch etwas, wobei ich Ihnen helfen kann?', 'id': '3718c5a3-785c-4f88-84e4-5aa45bd8cefc', 'role': 'assistant'}]",11.365299,,01a000ea-c93c-71e3-9429-3a2b60894c29,1.0,0.0,1.0,3,5,1.6236
KN4963,Rainer Hofmann,015789643375,immer mittwochs und freitags,Muss ich meinen Internetvertrag selbst abschließen?,surfersimmobilien+predeploy@outlook.com,"[{'content': 'Guten Tag, Sie sprechen mit der digitalen Anruf-Assistentin von Surfers Immobilien. Was ist der genaue Grund für Ihren Anruf?', 'role': 'assistant'}, {'content': 'Hallo, ich habe eine Frage: Muss ich meinen Internetvertrag selbst abschließen? Können Sie mir da weiterhelfen?', 'id': '38d58457-f08a-4b1b-9395-da5af543b55c', 'role': 'user'}, {'content': 'Ja, Sie müssen Ihren Internetvertrag selbst direkt mit dem Anbieter abschließen. Surfers Immobilien stellt nur den Kabelanschluss bereit, ist aber kein Vertragspartner und bietet keinen technischen Support für den Internetanschluss. Haben Sie noch weitere Fragen?', 'id': '0a937ad6-9093-418b-8273-7ac919bedbcf', 'role': 'assistant'}, {'content': 'Nein, danke. Das war alles. Auf Wiederhören.', 'id': 'lc_run--01a000ea-e2da-76d3-8fd7-931e90f53522-0', 'role': 'user'}, {'content': 'Alles klar, dann wünsche ich Ihnen einen schönen Tag. Auf Wiederhören.', 'id': 'cfaac4a9-946e-43f7-8bfd-894f4c7bed39', 'role': 'assistant'}, {'content': '', 'id': 'lc_run--01a000ea-f032-7552-902f-4ed5ad1a6fd9-0', 'role': 'user'}, {'content': 'Gibt es noch etwas, wobei ich Ihnen helfen kann?', 'id': 'f35a02b8-6085-46cd-999e-61b10ecc0aa3', 'role': 'assistant'}]",13.252536,,01a000ea-c940-78f1-b3fb-cb5a633bb201,1.0,0.0,1.0,3,5,1.8932
KN8411,Lucia Barak,015789643375,Montag von 10 Uhr bis 13 Uhr,Wo finde ich meine Nebenkostenabrechnung im Kundenportal?,surfersimmobilien+predeploy@outlook.com,"[{'content': 'Guten Tag, Sie sprechen mit der digitalen Anruf-Assistentin von Surfers Immobilien. Was ist der genaue Grund für Ihren Anruf?', 'role': 'assistant'}, {'content': 'Hallo, ich habe eine Frage: Wo finde ich meine Nebenkostenabrechnung im Kundenportal? Können Sie mir da weiterhelfen?', 'id': '5a404207-7417-4f05-b39c-1dcd1e200e57', 'role': 'user'}, {'content': 'Ihre Nebenkostenabrechnung finden Sie im Kundenportal. Sie wird dort bereitgestellt, zusätzlich erhalten Sie sie auch per Post. Im Kundenportal können Sie die Abrechnung unter dem Bereich „Abrechnungen & Nebenkosten“ einsehen. Haben Sie noch weitere Fragen?', 'id': '5b2561d5-3e64-4835-9c82-bace1640e3d7', 'role': 'assistant'}, {'content': 'Nein, danke. Das war alles. Auf Wiederhören.', 'id': 'lc_run--01a000ea-dd92-7b20-a9f5-61206743c82f-0', 'role': 'user'}, {'content': 'Alles klar. Dann wünsche ich Ihnen einen schönen Tag. Auf Wiederhören!', 'id': 'd1e32bbb-b14e-4f43-8c9b-81c667bbf1ed', 'role': 'assistant'}, {'content': '', 'id': 'lc_run--01a000ea-ed67-7a42-b9ee-6953d821c1fb-0', 'role': 'user'}, {'content': 'Gibt es noch etwas, wobei ich Ihnen helfen kann?', 'id': 'e6c5b088-d834-4774-a2bb-5e7ecf429435', 'role': 'assistant'}]",13.348339,,01a000ea-c945-71b3-9b2d-56b418213ab3,1.0,0.0,0.0,3,5,1.9069
KN1008,Helmut Winter,015789643375,immer mittwochs und freitags,Was ist die Kleinreparaturklausel in meinem Mietvertrag?,surfersimmobilien+predeploy@outlook.com,"[{'content': 'Guten Tag, Sie sprechen mit der digitalen Anruf-Assistentin von Surfers Immobilien. Was ist der genaue Grund für Ihren Anruf?', 'role': 'assistant'}, {'content': 'Hallo, ich habe eine Frage: Was ist die Kleinreparaturklausel in meinem Mietvertrag? Können Sie mir da weiterhelfen?', 'id': 'd5b2ad7d-b54e-4600-a3ea-fe18d567109c', 'role': 'user'}, {'content': 'Die Kleinreparaturklausel bedeutet, dass Sie kleinere Reparaturen, zum Beispiel an Wasserhähnen, Fenstergriffen oder Lichtschaltern, bis zu einem Betrag von einhundert Euro pro Einzelfall selbst übernehmen. Alles, was darüber hinausgeht, übernimmt die Genossenschaft. Haben Sie noch weitere Fragen?', 'id': 'f8123502-a2b3-4a24-83e8-45bd89db5fd0', 'role': 'assistant'}, {'content': 'Nein, danke. Das hat mir weitergeholfen. Auf Wiederhören.', 'id': 'lc_run--01a000ea-dd23-7463-afc5-d925e2839073-0', 'role': 'user'}, {'content': 'Das freut mich. Dann wünsche ich Ihnen einen schönen Tag. Auf Wiederhören!', 'id': '05927a3b-def9-44eb-8cd9-3b4670c4de93', 'role': 'assistant'}, {'content': '', 'id': 'lc_run--01a000ea-edcf-7891-a372-38585b63a553-0', 'role': 'user'}, {'content': 'Gibt es noch etwas, wobei ich Ihnen helfen kann?', 'id': 'a84c3c5c-717b-4595-9bab-395d56a4fde5', 'role': 'assistant'}]",13.546087,,01a000ea-c945-7db3-b0f4-c7cdfca2229a,1.0,0.0,1.0,3,5,1.9352
KN5970,Andreas Schulz,015789643375,nur vormittags unter der Woche,Welche Nummer muss ich bei einem Wasserrohrbruch anrufen?,surfersimmobilien+predeploy@outlook.com,"[{'content': 'Guten Tag, Sie sprechen mit der digitalen Anruf-Assistentin von Surfers Immobilien. Was ist der genaue Grund für Ihren Anruf?', 'role': 'assistant'}, {'content': 'Hallo, ich habe eine Frage: Welche Nummer muss ich bei einem Wasserrohrbruch anrufen? Können Sie mir da weiterhelfen?', 'id': '4dce87d7-7b5f-45bb-8fb5-0bc3dda3a071', 'role': 'user'}, {'content': 'Bei einem Wasserrohrbruch sollten Sie sofort die Notfallhotline unter der Nummer null, acht, null, null, vier, fünf, sechs, sieben, acht, neun, eins anrufen. Haben Sie noch weitere Fragen?', 'id': '867e1c47-5b04-474c-9c05-4d7ab4c0a67f', 'role': 'assistant'}, {'content': 'Nein, danke. Das war alles. Auf Wiederhören.', 'id': 'lc_run--01a000eb-04ef-7563-9984-cbf0ac93287e-0', 'role': 'user'}, {'content': 'Alles klar. Dann wünsche ich Ihnen einen angenehmen Tag. Auf Wiederhören.', 'id': 'fcc0555d-535e-4daf-a9b1-b369d672b545', 'role': 'assistant'}, {'content': '', 'id': 'lc_run--01a000eb-1344-7153-b6e1-eb990081173f-0', 'role': 'user'}, {'content': 'Gibt es noch etwas, wobei ich Ihnen helfen kann?', 'id': 'a8493560-c889-4a9b-ba1f-12ffebafc2a5', 'role': 'assistant'}]",9.983205,,01a000ea-f5a3-7af3-b9ae-d9f4ae0ccaca,1.0,0.0,1.0,3,5,1.4262
KN7893,Meta Arnold,015789643375,Montag von 10 Uhr bis 13 Uhr,Bekomme ich meine Abrechnung auch per Post zugeschickt?,surfersimmobilien+predeploy@outlook.com,"[{'content': 'Guten Tag, Sie sprechen mit der digitalen Anruf-Assistentin von Surfers Immobilien. Was ist der genaue Grund für Ihren Anruf?', 'role': 'assistant'}, {'content': 'Hallo, ich habe eine Frage: Bekomme ich meine Abrechnung auch per Post zugeschickt? Können Sie mir da weiterhelfen?', 'id': 'adbb17d5-a62f-4db2-ab02-cd235cf5babb', 'role': 'user'}, {'content': 'Ja, Sie bekommen Ihre Abrechnung auch per Post zugeschickt. Zusätzlich steht sie im Kundenportal zur Verfügung. Haben Sie noch weitere Fragen?', 'id': 'ad7cd3fe-4ed1-48fa-b1ad-34b0daccda92', 'role': 'assistant'}, {'content': 'Nein, danke. Das war alles. Auf Wiederhören.', 'id': 'lc_run--01a000eb-0bf1-7653-a935-aaf805775d09-0', 'role': 'user'}, {'content': 'Alles klar. Dann wünsche ich Ihnen einen schönen Tag. Auf Wiederhören!', 'id': '8accca5a-4463-405e-a2b6-1e7dc4be661f', 'role': 'assistant'}, {'content': '', 'id': 'lc_run--01a000eb-1a92-7af1-b3cb-35263a2f35d9-0', 'role': 'user'}, {'content': 'Falls Sie wieder Fragen haben, können Sie sich gerne melden. Auf Wiederhören!', 'id': '97b8d075-8199-421d-af9c-74e8351f08f4', 'role': 'assistant'}]",11.859061,,01a000ea-fd06-7b20-b66c-29bd7019412b,1.0,0.0,1.0,3,5,1.6942
KN4487,Theodor Engel,015789643375,den ganzen Mittwoch,"Was passiert, wenn ich die Widerspruchsfrist verpasse?",surfersimmobilien+predeploy@outlook.com,"[{'content': 'Guten Tag, Sie sprechen mit der digitalen Anruf-Assistentin von Surfers Immobilien. Was ist der Grund für Ihren Anruf?', 'role': 'assistant'}, {'content': 'Hallo, ich habe eine Frage: Was passiert, wenn ich die Widerspruchsfrist verpasse? Können Sie mir da weiterhelfen?', 'id': '9ad2fcb9-784b-4d00-9898-59cd27b0c677', 'role': 'user'}, {'content': 'Wenn Sie die Widerspruchsfrist verpassen, gilt die Abrechnung als anerkannt. Das bedeutet, Sie können danach keinen Widerspruch mehr einlegen. Haben Sie noch weitere Fragen?', 'id': '5e88d780-8c28-4921-aacb-2d2eccef4f70', 'role': 'assistant'}, {'content': 'Nein, danke. Das war alles. Auf Wiederhören.', 'id': 'lc_run--01a000eb-0c51-7fd2-9818-5855a2c2da8b-0', 'role': 'user'}, {'content': 'Alles klar. Dann wünsche ich Ihnen einen schönen Tag. Auf Wiederhören!', 'id': 'f0b40bae-40f2-401f-8bdf-b7f6f8708990', 'role': 'assistant'}, {'content': '', 'id': 'lc_run--01a000eb-1a7f-7dc0-a3be-d27aee09413d-0', 'role': 'user'}, {'content': 'Gibt es noch etwas, wobei ich Ihnen helfen kann?', 'id': '5a60b21d-07f7-497a-8e33-4067a222969d', 'role': 'assistant'}]",11.575481,,01a000ea-fd6a-7e02-b629-c5f03cd47214,1.0,0.0,1.0,3,5,1.6536
KN5420,Hans Groß,015789643375,den ganzen Montag,Wie oft wird die gelbe Tonne geleert?,surfersimmobilien+predeploy@outlook.com,"[{'content': 'Guten Tag, Sie sprechen mit der digitalen Anruf-Assistentin von Surfers Immobilien. Wie kann ich Ihnen weiterhelfen? Was ist der Grund Ihres Anrufs?', 'role': 'assistant'}, {'content': 'Hallo, ich habe eine Frage: Wie oft wird die gelbe Tonne geleert? Können Sie mir da weiterhelfen?', 'id': 'cd6e783a-46ca-46d9-b38d-a73d03453824', 'role': 'user'}, {'content': 'Die gelbe Tonne wird bei Surfers Immobilien jeden zweiten Mittwoch geleert. Haben Sie noch weitere Fragen?', 'id': '3d613e0a-2180-4db9-bce7-53caa3af6788', 'role': 'assistant'}, {'content': 'Nein, danke. Das war alles. Auf Wiederhören.', 'id': 'lc_run--01a000eb-0d17-7b63-9a76-7bb8e07f9342-0', 'role': 'user'}, {'content': 'Alles klar, dann wünsche ich Ihnen einen schönen Tag. Auf Wiederhören.', 'id': '752b78aa-5682-4f46-9299-bac9fecce53c', 'role': 'assistant'}, {'content': '', 'id': 'lc_run--01a000eb-19cf-72f1-b719-f016c97c81f2-0', 'role': 'user'}, {'content': 'Gibt es noch etwas, wobei ich Ihnen helfen kann?', 'id': 'db54a33e-5bb6-4f80-bbe0-237b3c824d03', 'role': 'assistant'}]",11.906093,,01a000ea-fe30-78a0-8ca8-1978f1597730,1.0,0.0,1.0,3,5,1.7009
KN7332,Doris Simon,015789643375,Dienstag von 9 Uhr bis 11 Uhr,Brauche ich für eine Untervermietung eine schriftliche Zustimmung?,surfersimmobilien+predeploy@outlook.com,"[{'content': 'Guten Tag, Sie sprechen mit der digitalen Anruf-Assistentin von Surfers Immobilien. Was ist der genaue Grund Ihres Anrufs?', 'role': 'assistant'}, {'content': 'Hallo, ich habe eine Frage: Brauche ich für eine Untervermietung eine schriftliche Zustimmung? Können Sie mir da weiterhelfen?', 'id': '2247d269-e543-4b24-93b3-b12b670575fd', 'role': 'user'}, {'content': 'Ja, für eine Untervermietung benötigen Sie die vorherige schriftliche Zustimmung der Genossenschaft. Eine formlose E-Mail reicht dafür nicht aus. Haben Sie noch weitere Fragen?', 'id': '9b5bcc44-188c-429d-af86-78acbeac566e', 'role': 'assistant'}, {'content': 'Nein, danke. Das war alles. Auf Wiederhören.', 'id': 'lc_run--01a000eb-2b07-74f1-a0a1-e12e578f1b53-0', 'role': 'user'}, {'content': 'Alles klar, dann wünsche ich Ihnen einen schönen Tag. Auf Wiederhören.', 'id': '89bb15b8-e990-4a6c-b315-8c1522ceb979', 'role': 'assistant'}, {'content': '', 'id': 'lc_run--01a000eb-3833-7c93-8647-07fd076e75f6-0', 'role': 'user'}, {'content': 'Gibt es noch etwas, wobei ich Ihnen helfen kann?', 'id': '9a4a41c7-20eb-4c27-85be-f428583dfa44', 'role': 'assistant'}]",11.122106,,01a000eb-1ca3-79e1-ab10-d342cb1758e2,1.0,0.0,0.0,3,5,1.5889
KN2643,Kaspar Nagel,015789643375,Mittwoch von 10 Uhr bis 13 Uhr,Wie oft kommt die Fachfirma zur Rauchmelderwartung vorbei?,surfersimmobilien+predeploy@outlook.com,"[{'content': 'Guten Tag, Sie sprechen mit der digitalen Anruf-Assistentin von Surfers Immobilien. Was ist der genaue Grund Ihres Anrufs?', 'role': 'assistant'}, {'content': 'Hallo, ich habe eine Frage: Wie oft kommt die Fachfirma zur Rauchmelderwartung vorbei? Können Sie mir da weiterhelfen?', 'id': 'db96eea8-af8d-4476-848e-d82495d04caf', 'role': 'user'}, {'content': 'Die Fachfirma kommt einmal jährlich im Herbst zur Rauchmelderwartung vorbei. Der Termin wird Ihnen mindestens zwei Wochen vorher schriftlich angekündigt. Haben Sie noch weitere Fragen?', 'id': '14c40a35-67a6-4948-a6a3-8631904a9bbf', 'role': 'assistant'}, {'content': 'Nein, danke. Das beantwortet meine Frage. Auf Wiederhören.', 'id': 'lc_run--01a000eb-3982-7f81-a233-d778b6ea4e2f-0', 'role': 'user'}, {'content': 'Alles klar, dann wünsche ich Ihnen einen schönen Tag. Auf Wiederhören.', 'id': '928483a3-af46-4063-9371-3c570517ce9a', 'role': 'assistant'}, {'content': '', 'id': 'lc_run--01a000eb-482c-7e70-9d6e-c6d43bb5ce34-0', 'role': 'user'}, {'content': 'Falls Sie noch einmal Fragen haben, können Sie sich gerne wieder melden. Auf Wiederhören.', 'id': '14b8fcb6-dcb8-48d7-a4f1-744b3e2f5568', 'role': 'assistant'}]",9.967851,,01a000eb-2aa2-7843-b549-402b1801bab5,1.0,0.0,1.0,3,5,1.424
KN9188,Kerstin Schulze,015789643375,Dienstag von 14 Uhr bis 17 Uhr,Gibt es eine Notfallhotline außerhalb der Öffnungszeiten?,surfersimmobilien+predeploy@outlook.com,"[{'content': 'Guten Tag, Sie sprechen mit der digitalen Anruf-Assistentin von Surfers Immobilien. Was ist der Grund für Ihren Anruf?', 'role': 'assistant'}, {'content': 'Hallo, ich habe eine Frage: Gibt es eine Notfallhotline außerhalb der Öffnungszeiten? Können Sie mir da weiterhelfen?', 'id': 'afd6efec-4cca-4f9e-958b-6badb46b4850', 'role': 'user'}, {'content': 'Ja, es gibt eine Notfallhotline, die Sie auch außerhalb der Öffnungszeiten erreichen können. Bei akuten Notfällen wie Wasserrohrbruch, Gasgeruch oder komplettem Stromausfall im Gebäude können Sie die Nummer null, acht, null, null, vier, fünf, sechs, sieben, acht, neun, eins anrufen.', 'id': 'f7597454-58a0-4560-9687-aa1988c76934', 'role': 'assistant'}, {'content': 'Vielen Dank, das hilft mir weiter. Auf Wiederhören.', 'id': 'lc_run--01a000eb-3bd2-7b22-8454-ee7898db4f57-0', 'role': 'user'}, {'content': 'Gern geschehen. Einen schönen Tag noch und auf Wiederhören.', 'id': '842d5721-4781-4595-bce3-50d50f5aaaaa', 'role': 'assistant'}, {'content': '', 'id': 'lc_run--01a000eb-4c9e-7763-a5cd-da32831236bd-0', 'role': 'user'}, {'content': 'Falls Sie noch weitere Fragen haben, können Sie sich jederzeit melden. Auf Wiederhören.', 'id': '9a1b4e77-8712-450e-9709-11cf3f64ffb5', 'role': 'assistant'}]",13.075109,,01a000eb-2b5a-7950-80e5-c6321ced5ee4,1.0,0.0,1.0,3,5,1.8679
KN2427,Otto Heinrich,015789643375,immer montags und mittwochs,Fallen für die Sperrmüllabholung Kosten an?,surfersimmobilien+predeploy@outlook.com,"[{'content': 'Guten Tag, Sie sprechen mit der digitalen Anruf-Assistentin von Surfers Immobilien. Was ist der genaue Grund für Ihren Anruf?', 'role': 'assistant'}, {'content': 'Hallo, ich habe eine Frage: Fallen für die Sperrmüllabholung Kosten an? Können Sie mir da weiterhelfen?', 'id': '1dafd553-a407-4c72-8ed4-c54f717ccb71', 'role': 'user'}, {'content': 'Ja, für die Sperrmüllabholung können zusätzliche Kosten anfallen. Diese Kosten müssen von Ihnen als Mitglied selbst getragen werden. Die Anmeldung läuft über das städtische Entsorgungsunternehmen. Haben Sie noch weitere Fragen?', 'id': 'ff6bdf0d-048e-4366-8863-80fda300440d', 'role': 'assistant'}, {'content': 'Nein, danke. Das war alles. Auf Wiederhören.', 'id': 'lc_run--01a000eb-3ce9-7253-8283-f089042ab959-0', 'role': 'user'}, {'content': 'Alles klar. Dann wünsche ich Ihnen einen schönen Tag. Auf Wiederhören.', 'id': '112c56f1-90f8-445c-a8e8-1b5a07491bc2', 'role': 'assistant'}, {'content': '', 'id': 'lc_run--01a000eb-4cb0-7d02-b20f-a1c777f31cea-0', 'role': 'user'}, {'content': 'Gibt es noch etwas, wobei ich Ihnen helfen kann?', 'id': '89777a37-81eb-447a-8a50-6695bbfd7f87', 'role': 'assistant'}]",10.383054,,01a000eb-2cb4-79e2-a7a5-5678870a0015,1.0,0.0,1.0,3,5,1.4833
KN7664,Jörg Friedrich,015789643375,Donnerstag von 8 Uhr bis 11 Uhr,Wo kann ich meine Kontaktdaten online ändern?,surfersimmobilien+predeploy@outlook.com,"[{'content': 'Guten Tag, Sie sprechen mit der digitalen Anruf-Assistentin von Surfers Immobilien. Was ist der genaue Grund Ihres Anrufs?', 'role': 'assistant'}, {'content': 'Hallo, ich habe eine Frage: Wo kann ich meine Kontaktdaten online ändern? Können Sie mir da weiterhelfen?', 'id': 'efd42533-4a2d-4ac6-9375-1bc0544ec92d', 'role': 'user'}, {'content': 'Sie können Ihre Kontaktdaten online im Kundenportal von Surfers Immobilien ändern. Gehen Sie dazu auf die Seite portal.surfers-immobilien.de und loggen Sie sich mit Ihrer Mitglieds- oder Kundennummer sowie Ihrem Passwort ein. Dort finden Sie die entsprechende Funktion.', 'id': '9f4f7448-b1b4-4acb-a70f-6eaf9b3a5658', 'role': 'assistant'}, {'content': 'Vielen Dank, das hilft mir weiter. Auf Wiederhören!', 'id': 'lc_run--01a000eb-58fc-7b73-afcc-0d76269ac15a-0', 'role': 'user'}, {'content': 'Gern geschehen. Einen schönen Tag noch und auf Wiederhören!', 'id': 'f72ee77f-deca-45a7-808f-61ab7c4420ee', 'role': 'assistant'}, {'content': '', 'id': 'lc_run--01a000eb-68c0-7080-9b8e-567ab4140eb0-0', 'role': 'user'}, {'content': 'Ist noch etwas, wobei ich Ihnen helfen kann?', 'id': '600cf045-490b-4692-a5f0-4cc4071ed41b', 'role': 'assistant'}]",12.028678,,01a000eb-4816-7251-bbf1-e5dc09dd2380,1.0,0.0,1.0,3,5,1.7184
KN7459,Isolde Fiedler,015789643375,immer montags und mittwochs,Welche Situationen gelten als Notfall bei Surfers Immobilien?,surfersimmobilien+predeploy@outlook.com,"[{'content': 'Guten Tag, Sie sprechen mit der digitalen Anruf-Assistentin von Surfers Immobilien. Was ist der Grund für Ihren Anruf?', 'role': 'assistant'}, {'content': 'Hallo, ich habe eine Frage: Welche Situationen gelten als Notfall bei Surfers Immobilien? Können Sie mir da weiterhelfen?', 'id': 'ba8ec9dd-13c8-4345-9d1d-d45448a4efc4', 'role': 'user'}, {'content': 'Leider finde ich dazu keine konkrete Information in den verfügbaren Unterlagen. Es tut mir leid, aber ich kann Ihnen aktuell nicht sagen, welche Situationen als Notfall bei Surfers Immobilien gelten. Haben Sie noch weitere Fragen?', 'id': 'e108ecc2-8f24-45de-9735-6d81baf9e464', 'role': 'assistant'}, {'content': 'Nein, danke. Das war alles. Auf Wiederhören.', 'id': 'lc_run--01a000eb-6283-7350-bf7b-a38c85539716-0', 'role': 'user'}, {'content': 'Alles klar. Dann wünsche ich Ihnen einen schönen Tag. Auf Wiederhören.', 'id': '92483be9-fa79-40a6-bedf-066039529802', 'role': 'assistant'}, {'content': '', 'id': 'lc_run--01a000eb-70a6-7891-a108-3fee7da5e0f4-0', 'role': 'user'}, {'content': 'Gibt es noch etwas, wobei ich Ihnen helfen kann?', 'id': 'c6c72ba8-ead3-40fb-9e28-150759500c03', 'role': 'assistant'}]",10.317018,,01a000eb-5193-7350-8d3e-a2fe6f9a289d,1.0,0.0,0.0,3,5,1.4739
KN3205,Herbert Dietrich,015789643375,"flexibel, außer montags",Wo finde ich Infos zur Barrierefreiheit meines Objekts?,surfersimmobilien+predeploy@outlook.com,"[{'content': 'Guten Tag, Sie sprechen mit der digitalen Anruf-Assistentin von Surfers Immobilien. Was ist der genaue Grund für Ihren Anruf?', 'role': 'assistant'}, {'content': 'Hallo, ich habe eine Frage: Wo finde ich Infos zur Barrierefreiheit meines Objekts? Können Sie mir da weiterhelfen?', 'id': '979eefe4-e079-4148-b9f2-83585281e5ea', 'role': 'user'}, {'content': 'Informationen zur Barrierefreiheit finden Sie direkt bei Surfers Immobilien. Nicht alle Gebäude verfügen über einen Aufzug. Ob Ihr Objekt barrierefrei zugänglich ist, können Sie über die zentrale Hotline erfragen. Haben Sie noch weitere Fragen?', 'id': 'b7ac03de-92fe-4ede-8638-e9bb77c8613c', 'role': 'assistant'}, {'content': 'Nein, danke. Auf Wiederhören.', 'id': 'lc_run--01a000eb-6642-7692-8185-8b8d728c5a30-0', 'role': 'user'}, {'content': 'Alles klar. Dann wünsche ich Ihnen einen schönen Tag. Auf Wiederhören!', 'id': '04050732-d389-45aa-b957-e4133a0690f4', 'role': 'assistant'}, {'content': '', 'id': 'lc_run--01a000eb-73f6-7720-a22f-0e37617a771e-0', 'role': 'user'}, {'content': 'Das Gespräch ist beendet. Falls Sie wieder Fragen haben, können Sie sich jederzeit melden. Auf Wiederhören!', 'id': '373fb8cb-02e2-47d5-95ac-d05d4c990c3a', 'role': 'assistant'}]",11.681283,,01a000eb-5544-7a32-867d-5baf4da306eb,1.0,0.0,0.0,3,5,1.6688
KN9320,Markus Schmidt,015789643375,Montag von 9 Uhr bis 12 Uhr,"Wie lange habe ich Zeit, gegen die Nebenkostenabrechnung Widerspruch einzulegen?",surfersimmobilien+predeploy@outlook.com,"[{'content': 'Guten Tag, Sie sprechen mit der digitalen Anruf-Assistentin von Surfers Immobilien. Wie kann ich Ihnen weiterhelfen? Was ist der Grund für Ihren Anruf?', 'role': 'assistant'}, {'content': 'Hallo, ich habe eine Frage: Wie lange habe ich Zeit, gegen die Nebenkostenabrechnung Widerspruch einzulegen? Können Sie mir da weiterhelfen?', 'id': 'fb9cb660-59dc-4a69-a1ca-b33eeb994c68', 'role': 'user'}, {'content': 'Sie haben zwölf Monate Zeit, nach Erhalt der Nebenkostenabrechnung schriftlich oder per E-Mail Widerspruch einzulegen. Nach Ablauf dieser Frist gilt die Abrechnung als anerkannt. Haben Sie noch weitere Fragen?', 'id': '9c7862cc-39f0-430f-9352-bc030f186936', 'role': 'assistant'}, {'content': 'Nein, vielen Dank. Das war alles. Auf Wiederhören.', 'id': 'lc_run--01a000eb-6eb3-7b71-a01d-dac9c2dd27c0-0', 'role': 'user'}, {'content': 'Gern geschehen. Ich wünsche Ihnen einen schönen Tag. Auf Wiederhören!', 'id': '502d3206-856b-4e27-a237-57fc189bd5d5', 'role': 'assistant'}, {'content': '', 'id': 'lc_run--01a000eb-7d4c-7762-9451-e0fab88f5187-0', 'role': 'user'}, {'content': 'Das Gespräch ist beendet. Falls Sie wieder Fragen haben, stehen wir Ihnen gerne zur Verfügung. Auf Wiederhören!', 'id': '19997ee2-8a89-49d5-b7c7-abdf832c9f68', 'role': 'assistant'}]",12.315092,,01a000eb-5e6e-7d83-8d22-30cc549c6ff1,1.0,0.0,1.0,3,5,1.7593
KN7287,Emil Nowak,015789643375,nur am späten Nachmittag,Wer kümmert sich um die Gartenpflege in der Wohnanlage?,surfersimmobilien+predeploy@outlook.com,"[{'content': 'Guten Tag, Sie sprechen mit der digitalen Anruf-Assistentin von Surfers Immobilien. Wie kann ich Ihnen heute weiterhelfen? Was ist der Grund für Ihren Anruf?', 'role': 'assistant'}, {'content': 'Hallo, ich habe eine Frage: Wer kümmert sich um die Gartenpflege in der Wohnanlage? Können Sie mir da weiterhelfen?', 'id': '3613b84a-8016-4d13-9548-f6e373f1faef', 'role': 'user'}, {'content': 'Die Gartenpflege in der Wohnanlage ist in den Nebenkosten enthalten. In der Regel übernimmt der Hausmeisterservice diese Aufgaben. Der Hausmeister ist von Montag bis Freitag zwischen acht Uhr und sechzehn Uhr vor Ort und über die zentrale Hotline von Surfers Immobilien erreichbar.', 'id': '7f5e0aa3-448f-4982-b55b-c4fd12f60d97', 'role': 'assistant'}, {'content': 'Vielen Dank, das hilft mir weiter. Auf Wiederhören.', 'id': 'lc_run--01a000eb-8883-70e3-a873-9839565bd2ad-0', 'role': 'user'}, {'content': 'Gern geschehen. Einen schönen Tag noch und auf Wiederhören!', 'id': '349cbcb3-086c-4d5a-8708-bd68d1577489', 'role': 'assistant'}, {'content': '', 'id': 'lc_run--01a000eb-9c29-7ad3-ac85-4818f7861768-0', 'role': 'user'}, {'content': 'Ist noch etwas, wobei ich Ihnen helfen kann?', 'id': '36c585e9-96b0-4045-8729-0bdf3081766d', 'role': 'assistant'}]",13.040653,,01a000eb-7714-7281-abc5-47f8b490103d,1.0,0.0,0.0,3,5,1.863
KN5983,Christa Pfeiffer,015789643375,Montag von 9 Uhr bis 12 Uhr,Zu welchem Termin kann ich frühestens kündigen?,surfersimmobilien+predeploy@outlook.com,"[{'content': 'Guten Tag, Sie sprechen mit der digitalen Anruf-Assistentin von Surfers Immobilien. Wie kann ich Ihnen heute weiterhelfen? Was ist der Grund für Ihren Anruf?', 'role': 'assistant'}, {'content': 'Hallo, ich habe eine Frage: Zu welchem Termin kann ich frühestens kündigen? Können Sie mir da weiterhelfen?', 'id': 'e97a3aaf-599c-4986-9ee8-970665dddcbe', 'role': 'user'}, {'content': 'Die Kündigung Ihrer Wohnung ist unbefristet möglich, aber Sie müssen die Kündigungsfrist beachten. Für die Mitgliedschaft gilt eine separate Frist: Sie können Ihre Mitgliedschaft mit einer Frist von einem Jahr zum Ende des Geschäftsjahres kündigen. Haben Sie noch weitere Fragen?', 'id': 'a55104e4-0921-484a-b206-1a1cfbff4689', 'role': 'assistant'}, {'content': 'Nein, danke. Das war alles. Auf Wiederhören.', 'id': 'lc_run--01a000eb-8bc3-7460-9eb9-490b6f2342ba-0', 'role': 'user'}, {'content': 'Alles klar. Dann wünsche ich Ihnen einen schönen Tag. Auf Wiederhören!', 'id': '41a6cb67-fa8d-4efd-b274-7da0df7112de', 'role': 'assistant'}, {'content': '', 'id': 'lc_run--01a000eb-a02b-7933-b15c-f45b5d62a720-0', 'role': 'user'}, {'content': 'Das Gespräch ist beendet. Falls Sie wieder Fragen haben, können Sie sich gerne melden. Auf Wiederhören!', 'id': '6da2adf8-9601-43c6-834a-db1f2dd809ec', 'role': 'assistant'}]",13.641866,,01a000eb-79e1-7a51-bbdb-a4750600af0b,1.0,0.0,0.0,3,5,1.9488
KN7151,Renate Vogt,015789643375,Montag von 10 Uhr bis 13 Uhr,Darf ich zwei Katzen ohne Genehmigung halten?,surfersimmobilien+predeploy@outlook.com,"[{'content': 'Guten Tag, Sie sprechen mit der digitalen Anruf-Assistentin von Surfers Immobilien. Wie kann ich Ihnen weiterhelfen? Was ist der Grund für Ihren Anruf?', 'role': 'assistant'}, {'content': 'Hallo, ich habe eine Frage: Darf ich zwei Katzen ohne Genehmigung halten? Können Sie mir da weiterhelfen?', 'id': 'c9201c98-f0a6-4569-8a9a-c19e0585656f', 'role': 'user'}, {'content': 'Sie dürfen bis zu zwei Katzen ohne gesonderte Genehmigung halten. Für mehr als zwei Haustiere gleichzeitig brauchen Sie eine schriftliche Genehmigung von Surfers Immobilien. Haben Sie noch weitere Fragen?', 'id': '9f0a1503-be83-4df1-88f8-8f5468307826', 'role': 'assistant'}, {'content': 'Nein, danke. Das war alles. Auf Wiederhören.', 'id': 'lc_run--01a000eb-9441-79d0-b4c9-8218082f24bf-0', 'role': 'user'}, {'content': 'Alles klar. Dann wünsche ich Ihnen einen schönen Tag. Auf Wiederhören!', 'id': 'af5672d3-05c0-43e8-aef9-df0f7ee77784', 'role': 'assistant'}, {'content': '', 'id': 'lc_run--01a000eb-a2e7-7110-8c6c-3776a4e49f4c-0', 'role': 'user'}, {'content': 'Das Gespräch ist beendet. Falls Sie wieder Fragen haben, können Sie sich gerne melden. Auf Wiederhören!', 'id': '308066b4-cd25-46c9-9fcf-8e56a222b62c', 'role': 'assistant'}]",13.209565,,01a000eb-82e6-7630-b229-d4d597904c7d,1.0,0.0,1.0,3,5,1.8871
KN8330,Ernst Weiß,015789643375,Dienstag von 9 Uhr bis 11 Uhr,Wo ändere ich meine Telefonnummer im Kundenportal?,surfersimmobilien+predeploy@outlook.com,"[{'content': 'Guten Tag, Sie sprechen mit der digitalen Anruf-Assistentin von Surfers Immobilien. Wie kann ich Ihnen heute weiterhelfen? Was ist der Grund für Ihren Anruf?', 'role': 'assistant'}, {'content': 'Hallo, ich habe eine Frage: Wo ändere ich meine Telefonnummer im Kundenportal? Können Sie mir da weiterhelfen?', 'id': '9d4dd08a-affc-4d08-a401-405fc7e7c70f', 'role': 'user'}, {'content': 'Sie können Ihre Telefonnummer im Kundenportal ändern. Loggen Sie sich einfach mit Ihrer Mitglieds- oder Kundennummer und Ihrem Passwort ein. Dort finden Sie die Funktion „Kontakt- und Bankdaten ändern“. Haben Sie noch weitere Fragen?', 'id': '3225229e-39bf-4265-bbb1-97c7006f8cab', 'role': 'assistant'}, {'content': 'Nein, danke. Das war alles. Auf Wiederhören.', 'id': 'lc_run--01a000eb-9f89-7ad3-8da7-337be16f8965-0', 'role': 'user'}, {'content': 'Alles klar. Dann wünsche ich Ihnen einen schönen Tag. Auf Wiederhören!', 'id': 'b669685e-bd5c-4db3-baf2-e2f0cff3445e', 'role': 'assistant'}, {'content': '', 'id': 'lc_run--01a000eb-ad82-7a43-bed0-e6daff0e7334-0', 'role': 'user'}, {'content': 'Die Verbindung wurde beendet. Wenn Sie wieder Unterstützung benötigen, stehen wir Ihnen gerne zur Verfügung.', 'id': '7334a3fe-dc1e-4f3e-8573-5cc4a7d0c3e8', 'role': 'assistant'}]",12.40456,,01a000eb-8e8a-75d2-8ac0-16cde49080d9,1.0,0.0,1.0,3,5,1.7721
KN4762,Volker Berger,015789643375,"flexibel, außer montags",Wie hoch ist die Kaution im Verhältnis zur Kaltmiete?,surfersimmobilien+predeploy@outlook.com,"[{'content': 'Guten Tag, Sie sprechen mit der digitalen Anruf-Assistentin von Surfers Immobilien. Wie kann ich Ihnen weiterhelfen? Was ist der Grund für Ihren Anruf?', 'role': 'assistant'}, {'content': 'Hallo, ich habe eine Frage: Wie hoch ist die Kaution im Verhältnis zur Kaltmiete? Können Sie mir da weiterhelfen?', 'id': '5efb45c8-741d-4c37-9264-731579811c57', 'role': 'user'}, {'content': 'Die Kaution beträgt bei Surfers Immobilien eine Monatsnutzungsgebühr, also eine Monatskaltmiete. Haben Sie noch weitere Fragen?', 'id': '5d3e868e-5173-42ad-a697-1d1924d82037', 'role': 'assistant'}, {'content': 'Nein, danke. Das war alles. Auf Wiederhören.', 'id': 'lc_run--01a000eb-bad4-7a71-b0ff-b584f0e5bfc2-0', 'role': 'user'}, {'content': 'Alles klar. Dann wünsche ich Ihnen einen schönen Tag. Auf Wiederhören!', 'id': '3007f0e0-05f0-4696-b808-278a505e2082', 'role': 'assistant'}, {'content': '', 'id': 'lc_run--01a000eb-c830-7362-a099-1a6411072646-0', 'role': 'user'}, {'content': 'Gerne, falls Sie wieder Fragen haben, bin ich für Sie da. Auf Wiederhören!', 'id': 'eccec124-7005-4220-9e3a-a88a28f250d6', 'role': 'assistant'}]",11.855802,,01a000eb-aa06-7761-a1d8-0b2b5b740f6d,1.0,0.0,1.0,3,5,1.6937
KN2392,Angelika Köhler,015789643375,den ganzen Freitag,Welche Zahlungsmethoden werden für die Miete akzeptiert?,surfersimmobilien+predeploy@outlook.com,"[{'content': 'Guten Tag, Sie sprechen mit der digitalen Anruf-Assistentin von Surfers Immobilien. Was ist der Grund für Ihren Anruf?', 'role': 'assistant'}, {'content': 'Hallo, ich habe eine Frage: Welche Zahlungsmethoden werden für die Miete akzeptiert? Können Sie mir da weiterhelfen?', 'id': '4ec3dc22-c724-44bd-a28e-97ed483683d1', 'role': 'user'}, {'content': 'Für die Miete werden bevorzugt SEPA-Lastschrift und Überweisung akzeptiert. Bei finanziellen Engpässen kann auch eine Ratenzahlung beantragt werden. Haben Sie noch weitere Fragen?', 'id': '449a419d-0f46-4627-8ee1-98e1607bd191', 'role': 'assistant'}, {'content': 'Nein, vielen Dank. Das war alles. Auf Wiederhören.', 'id': 'lc_run--01a000eb-bfbb-7471-9c4c-6c85af3288cb-0', 'role': 'user'}, {'content': 'Alles klar. Dann wünsche ich Ihnen einen schönen Tag. Auf Wiederhören!', 'id': '46d3f615-a133-4702-af9c-ac5d589c89fb', 'role': 'assistant'}, {'content': '', 'id': 'lc_run--01a000eb-ce4d-7622-aa2f-70cef8373044-0', 'role': 'user'}, {'content': 'Gibt es noch etwas, wobei ich Ihnen helfen kann?', 'id': 'c9bff26a-7ec8-4cce-a286-5f17aa07c2bd', 'role': 'assistant'}]",11.309436,,01a000eb-af2c-7041-b895-01869adc6d28,1.0,0.0,1.0,3,5,1.6156
KN2034,Uwe Schwarz,015789643375,den ganzen Donnerstag,Wann wird die gelbe Tonne geleert?,surfersimmobilien+predeploy@outlook.com,"[{'content': 'Guten Tag, Sie sprechen mit der digitalen Anruf-Assistentin von Surfers Immobilien. Worum geht es bei Ihrem Anruf?', 'role': 'assistant'}, {'content': 'Hallo, ich habe eine Frage: Wann wird die gelbe Tonne geleert? Können Sie mir da weiterhelfen?', 'id': 'd83a7725-8f03-4390-a8d8-1c8f6b2d8b34', 'role': 'user'}, {'content': 'Die gelbe Tonne wird bei Surfers Immobilien jeden zweiten Mittwoch geleert. Haben Sie noch weitere Fragen?', 'id': '851950a0-8577-46ba-90b3-7e375fffd94a', 'role': 'assistant'}, {'content': 'Nein, danke. Das war alles. Auf Wiederhören.', 'id': 'lc_run--01a000eb-c768-7321-b8f8-2631a863f0c2-0', 'role': 'user'}, {'content': 'Alles klar. Dann wünsche ich Ihnen einen schönen Tag. Auf Wiederhören!', 'id': '43eac2b4-23c9-4142-b55c-1db66cbcaac7', 'role': 'assistant'}, {'content': '', 'id': 'lc_run--01a000eb-d7ec-79c1-8f5f-5b6c0f2e0118-0', 'role': 'user'}, {'content': 'Die Verbindung wurde beendet. Falls Sie wieder Fragen haben, können Sie sich jederzeit melden. Auf Wiederhören!', 'id': '3d8fc8f0-6d55-417a-af89-ffc009b48d89', 'role': 'assistant'}]",12.628935,,01a000eb-b681-7763-9971-f1000e984ac2,1.0,0.0,1.0,3,5,1.8041
KN2542,Michael Wagner,015789643375,Donnerstag von 8 Uhr bis 11 Uhr,Wie kann ich einen Schaden in meiner Wohnung melden?,surfersimmobilien+predeploy@outlook.com,"[{'content': 'Guten Tag, Sie sprechen mit der digitalen Anruf-Assistentin von Surfers Immobilien. Was ist der Grund für Ihren Anruf?', 'role': 'assistant'}, {'content': 'Hallo, ich habe eine Frage: Wie kann ich einen Schaden in meiner Wohnung melden? Können Sie mir da weiterhelfen?', 'id': '37f2b64d-d12a-4fde-925d-4e87a4985dab', 'role': 'user'}, {'content': 'Sie können einen Schaden in Ihrer Wohnung entweder über das Kundenportal mit dem Formular „Schadensmeldung“ melden oder während der Öffnungszeiten telefonisch über die Hotline. Bei akuten Notfällen wie Wasserrohrbruch oder Gasgeruch sollten Sie sofort die Notfallhotline unter null, acht, null, null, vier, fünf, sechs, sieben, acht, neun, eins anrufen.', 'id': 'b6bcf3b6-3230-4623-8519-b0a3e2a72efd', 'role': 'assistant'}, {'content': 'Vielen Dank, das hilft mir weiter. Auf Wiederhören.', 'id': 'lc_run--01a000eb-d187-75f3-a40f-5e5d639041e0-0', 'role': 'user'}, {'content': 'Gern geschehen. Ich wünsche Ihnen einen schönen Tag. Auf Wiederhören.', 'id': 'a7d4bbca-a96c-4c28-a85b-62735d522adf', 'role': 'assistant'}, {'content': '', 'id': 'lc_run--01a000eb-df70-7f90-91c7-9d8b911ade09-0', 'role': 'user'}, {'content': 'Das Gespräch ist beendet. Falls Sie wieder Unterstützung benötigen, stehe ich Ihnen gerne zur Verfügung.', 'id': '8959fea1-f7cb-47bf-b0f1-3a9b80b1213f', 'role': 'assistant'}]",11.779885,,01a000eb-beff-7f41-98de-015c459dfbb4,1.0,0.0,1.0,3,5,1.6828
KN7877,Ursula Jäger,015789643375,immer dienstags und donnerstags,Wie melde ich mich für die Stellplatz-Warteliste an?,surfersimmobilien+predeploy@outlook.com,"[{'content': 'Guten Tag, Sie sprechen mit der digitalen Anruf-Assistentin von Surfers Immobilien. Worum geht es bei Ihrem Anruf?', 'role': 'assistant'}, {'content': 'Hallo, ich habe eine Frage: Wie melde ich mich für die Stellplatz-Warteliste an? Können Sie mir da weiterhelfen?', 'id': '903ffb5d-15a4-4542-8605-f06e1de32963', 'role': 'user'}, {'content': 'Sie können sich über das Kundenportal von Surfers Immobilien für die Stellplatz-Warteliste anmelden. Die Anzahl der Stellplätze ist begrenzt und die monatliche Gebühr beträgt fünfunddreißig Euro. Haben Sie noch weitere Fragen?', 'id': 'cfb7f64c-a1f1-4ec8-8a4a-e42f06efbb17', 'role': 'assistant'}, {'content': 'Nein, danke. Das war alles. Auf Wiederhören.', 'id': 'lc_run--01a000eb-e8ee-73a2-b6b4-5938918b8a98-0', 'role': 'user'}, {'content': 'Alles klar. Dann wünsche ich Ihnen einen schönen Tag. Auf Wiederhören!', 'id': '15b0a750-0f18-4b4b-afdc-94b05902b776', 'role': 'assistant'}, {'content': '', 'id': 'lc_run--01a000eb-f745-7c03-be15-8b57d954605f-0', 'role': 'user'}, {'content': 'Die Verbindung wurde beendet. Wenn Sie wieder Fragen haben, stehe ich Ihnen gerne zur Verfügung. Auf Wiederhören!', 'id': '0b86f054-bc73-4b3a-9197-11edc1e09565', 'role': 'assistant'}]",12.187291,,01a000eb-d857-73d0-8cdc-f57cd7c05610,1.0,0.0,1.0,3,5,1.741
KN1245,Klaus Schröder,015789643375,Mittwoch und Freitag vormittags,Wie viel kostet ein Stellplatz pro Monat?,surfersimmobilien+predeploy@outlook.com,"[{'content': 'Guten Tag, Sie sprechen mit der digitalen Anruf-Assistentin von Surfers Immobilien. Was ist der Grund für Ihren Anruf?', 'role': 'assistant'}, {'content': 'Hallo, ich habe eine Frage: Wie viel kostet ein Stellplatz pro Monat? Können Sie mir da weiterhelfen?', 'id': '3d927a0b-7f86-4ffa-a1e5-798a0ffc7021', 'role': 'user'}, {'content': 'Ein Stellplatz kostet monatlich fünfunddreißig Euro. Haben Sie noch weitere Fragen?', 'id': 'a105f7aa-239c-4e6e-8d9e-a51b112ef069', 'role': 'assistant'}, {'content': 'Nein, danke. Das war alles. Auf Wiederhören.', 'id': 'lc_run--01a000eb-ec64-7a70-9d37-5713f407facd-0', 'role': 'user'}, {'content': 'Alles klar. Dann wünsche ich Ihnen einen schönen Tag. Auf Wiederhören.', 'id': '88633053-2e46-478f-802a-7a31d8d2409b', 'role': 'assistant'}, {'content': '', 'id': 'lc_run--01a000eb-fabd-79a3-b98d-cc2a2ff21758-0', 'role': 'user'}, {'content': 'Die Verbindung wurde beendet. Falls Sie wieder Fragen haben, können Sie sich jederzeit melden. Auf Wiederhören.', 'id': '15da692f-b51b-49fd-9f4b-814d2e759d31', 'role': 'assistant'}]",12.852925,,01a000eb-db5b-7b40-81cd-77b59ab0bceb,1.0,0.0,1.0,3,5,1.8361
KN3145,Paul Schubert,015789643375,immer mittwochs und freitags,Muss ich beim Auszug persönlich bei der Übergabe dabei sein?,surfersimmobilien+predeploy@outlook.com,"[{'content': 'Guten Tag, Sie sprechen mit der digitalen Anruf-Assistentin von Surfers Immobilien. Wie kann ich Ihnen weiterhelfen? Was ist der Grund Ihres Anrufs?', 'role': 'assistant'}, {'content': 'Hallo, ich habe eine Frage: Muss ich beim Auszug persönlich bei der Übergabe dabei sein? Können Sie mir da weiterhelfen?', 'id': 'aace6e02-c6a5-4556-a01e-8c53f3fb3883', 'role': 'user'}, {'content': 'Zur Wohnungsübergabe nach dem Auszug steht in den verfügbaren Informationen nichts dazu, ob Sie persönlich anwesend sein müssen. Es wird nur erwähnt, dass nach einer erfolgten Übergabe die Kaution zurückgezahlt wird. Leider kann ich Ihnen dazu keine genauere Auskunft geben.', 'id': 'c0dc5e35-69f7-47d2-aa48-b8264e57a619', 'role': 'assistant'}, {'content': 'Verstehe, danke für die Auskunft.', 'id': 'lc_run--01a000eb-fb6a-7422-89b5-d72945000848-0', 'role': 'user'}, {'content': 'Gern geschehen. Haben Sie noch weitere Fragen?', 'id': '03081370-8699-4cd4-8b78-aa81a77df598', 'role': 'assistant'}, {'content': 'Nein, danke. Auf Wiederhören.', 'id': 'lc_run--01a000ec-0782-7433-b853-90c32ffb53fa-0', 'role': 'user'}, {'content': 'Alles klar. Auf Wiederhören und einen schönen Tag noch!', 'id': '58e05a60-b489-473c-b3fd-70d3531d0ebd', 'role': 'assistant'}, {'content': '', 'id': 'lc_run--01a000ec-16e9-70c3-9cf8-042581195759-0', 'role': 'user'}, {'content': 'Falls Sie wieder Fragen haben, können Sie sich jederzeit melden. Auf Wiederhören!', 'id': '61acd5a7-b061-47ca-9bf3-84892b6fde48', 'role': 'assistant'}]",14.443065,,01a000eb-e7d7-7f22-ae0c-c96aa8f1d473,1.0,0.0,0.0,4,7,1.6048
KN8402,Chris Tersteegen,015789643375,immer dienstags und donnerstags,Bis wann muss die jährliche Nebenkostenabrechnung erstellt werden?,surfersimmobilien+predeploy@outlook.com,"[{'content': 'Guten Tag, Sie sprechen mit der digitalen Anruf-Assistentin von Surfers Immobilien. Was ist der Grund für Ihren Anruf?', 'role': 'assistant'}, {'content': 'Hallo, ich habe eine Frage: Bis wann muss die jährliche Nebenkostenabrechnung erstellt werden? Können Sie mir da weiterhelfen?', 'id': '6684f08c-1b1a-46f2-afff-0b2069e4001b', 'role': 'user'}, {'content': 'Die jährliche Nebenkostenabrechnung wird spätestens bis zum einunddreißigsten Dezember des Folgejahres erstellt. Haben Sie noch weitere Fragen?', 'id': 'dba9784f-df5c-4417-bbcd-91233c320cc4', 'role': 'assistant'}, {'content': 'Nein, danke. Das war alles. Auf Wiederhören.', 'id': 'lc_run--01a000eb-fe14-7702-9f20-7d5de76713b0-0', 'role': 'user'}, {'content': 'Alles klar. Dann wünsche ich Ihnen einen schönen Tag. Auf Wiederhören!', 'id': '6cdb313d-d0b0-4366-ae2b-32035b915323', 'role': 'assistant'}, {'content': '', 'id': 'lc_run--01a000ec-0eb9-7ea3-bb57-a9e4ae8b4e0a-0', 'role': 'user'}, {'content': 'Die Verbindung wurde beendet. Wenn Sie wieder Fragen haben, stehe ich Ihnen gerne zur Verfügung. Auf Wiederhören!', 'id': 'df02fdf9-358a-48e5-bd67-71ec5f7abdc7', 'role': 'assistant'}]",12.949472,,01a000eb-ed05-7a01-b94f-29eaa30c3fb5,1.0,0.0,1.0,3,5,1.8499
KN8629,Anna Herrmann,015789643375,den ganzen Mittwoch,Welche Kosten sind in der Nebenkostenabrechnung enthalten?,surfersimmobilien+predeploy@outlook.com,"[{'content': 'Guten Tag, Sie sprechen mit der digitalen Anruf-Assistentin von Surfers Immobilien. Wie kann ich Ihnen weiterhelfen? Was ist der Grund Ihres Anrufs?', 'role': 'assistant'}, {'content': 'Hallo, ich habe eine Frage: Welche Kosten sind in der Nebenkostenabrechnung enthalten? Können Sie mir da weiterhelfen?', 'id': 'd7065219-ecc2-4403-9306-3e4d6b829bee', 'role': 'user'}, {'content': 'In der Nebenkostenabrechnung sind zum Beispiel Wasser- und Abwasserkosten, Müllabfuhr, Gartenpflege und Allgemeinstrom für Treppenhaus und Außenbeleuchtung enthalten. Haben Sie noch weitere Fragen?', 'id': '2bd8a534-df56-425f-b8f2-5e3e395b8b92', 'role': 'assistant'}, {'content': 'Nein, danke. Das war alles. Auf Wiederhören.', 'id': 'lc_run--01a000ec-1a59-7902-b82e-04a99e7699e8-0', 'role': 'user'}, {'content': 'Alles klar. Dann wünsche ich Ihnen einen schönen Tag. Auf Wiederhören!', 'id': '6eb41a81-0624-4bf0-9718-4627f4b82f5b', 'role': 'assistant'}, {'content': '', 'id': 'lc_run--01a000ec-2a31-7e41-88eb-95499c502be1-0', 'role': 'user'}, {'content': 'Gibt es noch etwas, wobei ich Ihnen helfen kann?', 'id': '460621a6-8de7-4599-9cfc-04233f8c7d9a', 'role': 'assistant'}]",11.052309,,01a000ec-07f3-7143-8ab9-c8b305075eba,1.0,0.0,0.0,3,5,1.5789
KN1276,Ute Böhm,015789643375,den ganzen Dienstag,Muss die Kündigung schriftlich erfolgen?,surfersimmobilien+predeploy@outlook.com,"[{'content': 'Guten Tag, Sie sprechen mit der digitalen Anruf-Assistentin von Surfers Immobilien. Wie kann ich Ihnen heute weiterhelfen? Was ist der Grund für Ihren Anruf?', 'role': 'assistant'}, {'content': 'Hallo, ich habe eine Frage: Muss die Kündigung schriftlich erfolgen? Können Sie mir da weiterhelfen?', 'id': '742714f3-c6d4-4f6f-a19b-d73525072f76', 'role': 'user'}, {'content': 'Ja, die Kündigung muss schriftlich erfolgen. Eine formlose E-Mail ohne Unterschrift reicht nicht aus. Haben Sie noch weitere Fragen?', 'id': '76e8738b-170a-4158-87df-fd3792b81410', 'role': 'assistant'}, {'content': 'Nein, danke. Das war alles. Auf Wiederhören.', 'id': 'lc_run--01a000ec-1f87-7782-b505-c6e78f80c7f6-0', 'role': 'user'}, {'content': 'Alles klar. Dann wünsche ich Ihnen einen schönen Tag. Auf Wiederhören!', 'id': 'af251fb2-5174-4b0a-b14e-5ff2ea6452cc', 'role': 'assistant'}, {'content': '', 'id': 'lc_run--01a000ec-3312-7461-8910-cf98a3bccfbc-0', 'role': 'user'}, {'content': 'Das Gespräch ist beendet. Falls Sie wieder Fragen haben, können Sie sich gerne melden. Auf Wiederhören!', 'id': 'fe5f48a5-7ef2-4822-a1d3-7dc82728d80a', 'role': 'assistant'}]",14.192687,,01a000ec-0d91-7622-8599-a8ab357b76dd,1.0,0.0,1.0,3,5,2.0275
KN8421,Frank Klein,015789643375,abends nach 18 Uhr,Wie viele Haustiere darf ich ohne Genehmigung halten?,surfersimmobilien+predeploy@outlook.com,"[{'content': 'Guten Tag, Sie sprechen mit der digitalen Anruf-Assistentin von Surfers Immobilien. Wie kann ich Ihnen weiterhelfen? Was ist der Grund Ihres Anrufs?', 'role': 'assistant'}, {'content': 'Hallo, ich habe eine Frage: Wie viele Haustiere darf ich ohne Genehmigung halten? Können Sie mir da weiterhelfen?', 'id': 'da1fdbad-e0da-4e02-a4e1-fe5d6cc1a771', 'role': 'user'}, {'content': 'Sie dürfen bis zu zwei Haustiere ohne Genehmigung halten. Für große Hunde oder wenn Sie mehr als zwei Haustiere gleichzeitig halten möchten, brauchen Sie eine schriftliche Genehmigung von Surfers Immobilien. Haben Sie noch weitere Fragen?', 'id': 'ba0ee9c4-4839-4a14-927f-0e8cc0d39d68', 'role': 'assistant'}, {'content': 'Nein, danke. Das war alles. Auf Wiederhören.', 'id': 'lc_run--01a000ec-30b5-79f3-a02e-976683e7047b-0', 'role': 'user'}, {'content': 'Alles klar. Dann wünsche ich Ihnen einen schönen Tag. Auf Wiederhören!', 'id': '4aa2184e-458e-489f-815a-3efc6fb86eab', 'role': 'assistant'}, {'content': '', 'id': 'lc_run--01a000ec-3f3c-73a1-9f3f-3f63117f5718-0', 'role': 'user'}, {'content': 'Das Gespräch ist beendet. Falls Sie wieder Fragen haben, können Sie sich jederzeit melden. Auf Wiederhören!', 'id': '61042c0a-58ca-4ce1-9edd-81f592bebdaf', 'role': 'assistant'}]",11.887576,,01a000ec-1f9b-7502-bc08-e7888ef9bced,1.0,0.0,1.0,3,5,1.6982
KN8492,Ralf Herzog,015789643375,immer montags und mittwochs,Kann ich eine Ratenzahlung für meine Miete vereinbaren?,surfersimmobilien+predeploy@outlook.com,"[{'content': 'Guten Tag, Sie sprechen mit der digitalen Anruf-Assistentin von Surfers Immobilien. Wie kann ich Ihnen weiterhelfen? Was ist der Grund Ihres Anrufs?', 'role': 'assistant'}, {'content': 'Hallo, ich habe eine Frage: Kann ich eine Ratenzahlung für meine Miete vereinbaren? Können Sie mir da weiterhelfen?', 'id': 'f88e2a29-5d08-4c94-939f-86f4d17c512c', 'role': 'user'}, {'content': 'Ja, bei vorübergehenden finanziellen Engpässen können Sie eine Ratenzahlung für Ihre Miete beantragen. Das geht telefonisch oder per E-Mail direkt bei Surfers Immobilien. Haben Sie noch weitere Fragen?', 'id': 'f8742f3c-be8e-4286-93de-fe85db43d8e2', 'role': 'assistant'}, {'content': 'Nein, danke. Das war alles. Auf Wiederhören.', 'id': 'lc_run--01a000ec-3158-7031-884e-feda0ccf3032-0', 'role': 'user'}, {'content': 'Alles klar. Dann wünsche ich Ihnen einen schönen Tag. Auf Wiederhören!', 'id': '6ec6f042-cf9d-43f1-b0eb-2e17bbf8de3a', 'role': 'assistant'}, {'content': '', 'id': 'lc_run--01a000ec-3f51-7cb2-a2da-24610c64b7c9-0', 'role': 'user'}, {'content': 'Das Gespräch ist beendet. Falls Sie wieder Fragen haben, können Sie sich gerne melden. Auf Wiederhören!', 'id': 'bec6759d-6436-44ec-a71d-34878a68eb07', 'role': 'assistant'}]",10.494508,,01a000ec-2043-72b1-a250-ad7a593d7e1b,1.0,0.0,1.0,3,5,1.4992
KN4116,Monika Krüger,015789643375,den ganzen Dienstag,Welcher Anbieter stellt den Kabelanschluss in meinem Gebäude bereit?,surfersimmobilien+predeploy@outlook.com,"[{'content': 'Guten Tag, Sie sprechen mit der digitalen Anruf-Assistentin von Surfers Immobilien. Was ist der Grund für Ihren Anruf?', 'role': 'assistant'}, {'content': 'Hallo, ich habe eine Frage: Welcher Anbieter stellt den Kabelanschluss in meinem Gebäude bereit? Können Sie mir da weiterhelfen?', 'id': '41ee7eb4-b3d3-4e5d-b13a-83bf8a6b2211', 'role': 'user'}, {'content': 'Der Kabelanschluss in den Gebäuden von Surfers Immobilien wird vom Netzbetreiber Vodafone bereitgestellt. Den Vertrag für Internet oder Fernsehen müssen Sie direkt mit Vodafone abschließen. Surfers Immobilien ist dabei nicht Vertragspartner und bietet keinen technischen Support für den Anschluss. Haben Sie noch weitere Fragen?', 'id': '191196bd-5937-482d-857d-7413defdf883', 'role': 'assistant'}, {'content': 'Nein, danke. Das war alles. Auf Wiederhören.', 'id': 'lc_run--01a000ec-43fe-7253-bc33-319c44580c23-0', 'role': 'user'}, {'content': 'Alles klar. Dann wünsche ich Ihnen einen schönen Tag. Auf Wiederhören.', 'id': '0571cb2a-ee95-40a3-ba87-3232d660fe38', 'role': 'assistant'}, {'content': '', 'id': 'lc_run--01a000ec-5395-7222-90ad-ba070da1f0fc-0', 'role': 'user'}, {'content': 'Sie haben aufgelegt. Falls Sie wieder Fragen haben, stehen wir Ihnen gerne zur Verfügung. Auf Wiederhören.', 'id': 'fa108e18-c3f7-4ce7-a77e-efe0f9757536', 'role': 'assistant'}]",10.784069,,01a000ec-3320-7970-8769-a755c339e7a4,1.0,0.0,1.0,3,5,1.5406
KN1179,Hildegard Kaiser,015789643375,jeden Tag außer donnerstags,Welche E-Mail-Adresse nutzt der Kundenservice?,surfersimmobilien+predeploy@outlook.com,"[{'content': 'Guten Tag, Sie sprechen mit der digitalen Anruf-Assistentin von Surfers Immobilien. Worum geht es bei Ihrem Anruf?', 'role': 'assistant'}, {'content': 'Hallo, ich habe eine Frage: Welche E-Mail-Adresse nutzt der Kundenservice? Können Sie mir da weiterhelfen?', 'id': '52e92698-b66e-4aab-927c-7f0a7bcba6be', 'role': 'user'}, {'content': 'Leider finde ich keine konkrete E-Mail-Adresse für den Kundenservice von Surfers Immobilien in den verfügbaren Dokumenten. Möchten Sie noch etwas anderes wissen?', 'id': '037cf6c3-8529-4dcf-bf57-d4dda8876e5c', 'role': 'assistant'}, {'content': 'Nein, danke. Auf Wiederhören.', 'id': 'lc_run--01a000ec-5644-72d0-89c4-22900dde8948-0', 'role': 'user'}, {'content': 'Alles klar. Dann wünsche ich Ihnen einen schönen Tag. Auf Wiederhören!', 'id': 'eaf1fdae-f5d3-45bb-8ca5-62e831f80396', 'role': 'assistant'}, {'content': '', 'id': 'lc_run--01a000ec-63ec-70c0-988f-2a497284df69-0', 'role': 'user'}, {'content': 'Das Gespräch ist beendet. Falls Sie wieder Fragen haben, können Sie sich gerne melden. Auf Wiederhören!', 'id': '6f36372b-99cf-48b2-a41d-0193a7b76c6d', 'role': 'assistant'}]",11.347557,,01a000ec-4502-70a2-b7a6-e66075c14a14,1.0,0.0,0.0,3,5,1.6211
KN9337,Wilhelm Jung,015789643375,Donnerstag von 13 Uhr bis 15 Uhr,Welche Unterlagen finde ich im Kundenportal?,surfersimmobilien+predeploy@outlook.com,"[{'content': 'Guten Tag, Sie sprechen mit der digitalen Anruf-Assistentin von Surfers Immobilien. Was ist der Grund für Ihren Anruf?', 'role': 'assistant'}, {'content': 'Hallo, ich habe eine Frage: Welche Unterlagen finde ich im Kundenportal? Können Sie mir da weiterhelfen?', 'id': '3bbf1982-37b0-4d33-97e4-a3fa64e45de4', 'role': 'user'}, {'content': 'Im Kundenportal von Surfers Immobilien können Sie die jährliche Nebenkostenabrechnung herunterladen. Außerdem können Sie dort Zählerstände melden und Ihre Kontakt- sowie Bankdaten ändern. Haben Sie noch weitere Fragen?', 'id': '6fa7d7a9-2227-4bad-ba67-bf7ad0aa10b2', 'role': 'assistant'}, {'content': 'Nein, danke. Das war alles. Auf Wiederhören.', 'id': 'lc_run--01a000ec-5b33-73c1-817e-621114a5ae1a-0', 'role': 'user'}, {'content': 'Alles klar, dann wünsche ich Ihnen einen schönen Tag. Auf Wiederhören!', 'id': '333c8752-d4d3-4569-af0c-47b3688faf36', 'role': 'assistant'}, {'content': '', 'id': 'lc_run--01a000ec-6d35-77b2-ac5e-8cab68d1086c-0', 'role': 'user'}, {'content': 'Das Gespräch ist beendet. Falls Sie wieder Fragen haben, können Sie sich gerne melden. Auf Wiederhören!', 'id': 'f6bcf8ac-1601-4b7b-9f1d-a7f66097f079', 'role': 'assistant'}]",13.662219,,01a000ec-4943-7ca0-9f1e-24e1c9c60e49,1.0,0.0,0.0,3,5,1.9517
KN7469,Julius Sauer,015789643375,Freitag den ganzen Tag,Ist die Hausmeisterpauschale Teil der Nebenkosten?,surfersimmobilien+predeploy@outlook.com,"[{'content': 'Guten Tag, Sie sprechen mit der digitalen Anruf-Assistentin von Surfers Immobilien. Was ist der Grund für Ihren Anruf?', 'role': 'assistant'}, {'content': 'Hallo, ich habe eine Frage: Ist die Hausmeisterpauschale Teil der Nebenkosten? Können Sie mir da weiterhelfen?', 'id': 'cded1315-75f4-4cda-a8d0-3df3cfcc81ea', 'role': 'user'}, {'content': 'Ja, die Hausmeisterpauschale ist Teil der Nebenkosten bei Surfers Immobilien. Haben Sie noch weitere Fragen?', 'id': 'd62eac73-81c8-484a-a66b-10cec1c42603', 'role': 'assistant'}, {'content': 'Nein, danke. Das war alles. Auf Wiederhören.', 'id': 'lc_run--01a000ec-5dcb-71b0-bdc2-cdb7e808db8c-0', 'role': 'user'}, {'content': 'Alles klar. Dann wünsche ich Ihnen einen schönen Tag. Auf Wiederhören.', 'id': 'e856960b-6b78-4447-b9f1-ff0a5b9d600f', 'role': 'assistant'}, {'content': '', 'id': 'lc_run--01a000ec-6e07-7e23-824b-ebaa34ad875b-0', 'role': 'user'}, {'content': 'Die Verbindung wurde beendet. Falls Sie wieder Fragen haben, können Sie sich jederzeit melden. Auf Wiederhören.', 'id': 'afcc2153-4227-4a14-a7f7-834042a86bc2', 'role': 'assistant'}]",11.617248,,01a000ec-4e0c-7991-9312-f439521eb564,1.0,0.0,1.0,3,5,1.6596
KN7490,Sandra Richter,015789643375,jeden Tag außer donnerstags,"Brauche ich eine Genehmigung, um einen großen Hund zu halten?",surfersimmobilien+predeploy@outlook.com,"[{'content': 'Guten Tag, Sie sprechen mit der digitalen Anruf-Assistentin von Surfers Immobilien. Was ist der Grund für Ihren Anruf?', 'role': 'assistant'}, {'content': 'Hallo, ich habe eine Frage: Brauche ich eine Genehmigung, um einen großen Hund zu halten? Können Sie mir da weiterhelfen?', 'id': '63d8002e-2215-48b8-9465-01bd14824e14', 'role': 'user'}, {'content': 'Ja, für das Halten eines großen Hundes benötigen Sie eine schriftliche Genehmigung der Genossenschaft. Kleintiere wie kleine Hunde oder Katzen dürfen ohne Genehmigung gehalten werden. Haben Sie noch weitere Fragen?', 'id': 'ba94a6f5-b1cf-4ad8-a15c-e48769eda8b2', 'role': 'assistant'}, {'content': 'Nein, danke. Das war alles. Auf Wiederhören.', 'id': 'lc_run--01a000ec-6e05-7ef2-b247-91034784ac87-0', 'role': 'user'}, {'content': 'Alles klar, dann wünsche ich Ihnen einen schönen Tag. Auf Wiederhören!', 'id': '09ccb4f3-26e9-448f-829f-b086a60b9786', 'role': 'assistant'}, {'content': '', 'id': 'lc_run--01a000ec-7c68-7fc2-907c-fb4cc46a5534-0', 'role': 'user'}, {'content': 'Sie haben den Anruf beendet. Falls Sie wieder Fragen haben, können Sie sich jederzeit melden. Auf Wiederhören!', 'id': 'aa5ac1e4-31dd-4f20-8f50-931ef6860d7c', 'role': 'assistant'}]",11.831836,,01a000ec-5d41-7590-adb5-83eb2cb1d899,1.0,0.0,1.0,3,5,1.6903
KN9656,Birgit Neumann,015789643375,immer freitags,An welchem Tag wird bei mir der Restmüll abgeholt?,surfersimmobilien+predeploy@outlook.com,"[{'content': 'Guten Tag, Sie sprechen mit der digitalen Anruf-Assistentin von Surfers Immobilien. Was ist der Grund für Ihren Anruf?', 'role': 'assistant'}, {'content': 'Hallo, ich habe eine Frage: An welchem Tag wird bei mir der Restmüll abgeholt? Können Sie mir da weiterhelfen?', 'id': '1857e74f-024d-4811-8642-3699e3d851a1', 'role': 'user'}, {'content': 'Die Restmülltonne wird bei Ihnen jeden Montag geleert. Haben Sie noch weitere Fragen?', 'id': 'ec50c4ea-f688-4620-8965-8e01e66a3a73', 'role': 'assistant'}, {'content': 'Nein, vielen Dank. Auf Wiederhören.', 'id': 'lc_run--01a000ec-8147-73f0-b109-e31a5f21f838-0', 'role': 'user'}, {'content': 'Alles klar. Einen schönen Tag noch und auf Wiederhören.', 'id': 'c0e0aa99-289c-43ea-91e7-faceffa14f71', 'role': 'assistant'}, {'content': '', 'id': 'lc_run--01a000ec-9321-75b1-a9dc-716c7a4f37c4-0', 'role': 'user'}, {'content': 'Das Gespräch ist beendet. Falls Sie wieder Fragen haben, können Sie sich jederzeit melden. Auf Wiederhören.', 'id': 'b419dd13-d439-4714-a190-f647f385a04a', 'role': 'assistant'}]",11.12266,,01a000ec-7157-7c71-b6e3-75c95891a1ca,1.0,0.0,1.0,3,5,1.589
KN2196,Erwin Otto,015789643375,Montag von 9 Uhr bis 12 Uhr,Gibt es eine Warteliste für Stellplätze?,surfersimmobilien+predeploy@outlook.com,"[{'content': 'Guten Tag, Sie sprechen mit der digitalen Anruf-Assistentin von Surfers Immobilien. Was ist der Grund für Ihren Anruf?', 'role': 'assistant'}, {'content': 'Hallo, ich habe eine Frage: Gibt es eine Warteliste für Stellplätze? Können Sie mir da weiterhelfen?', 'id': 'a0d07d9e-0e48-46d4-a182-fc13c168e8b2', 'role': 'user'}, {'content': 'Ja, es gibt eine Warteliste für Stellplätze. Interessierte Mitglieder können sich über das Kundenportal auf diese Warteliste setzen lassen. Die monatliche Gebühr für einen Stellplatz beträgt fünfunddreißig Euro. Haben Sie noch weitere Fragen?', 'id': 'b6fd25db-352b-4ea8-86ae-2667c1177d57', 'role': 'assistant'}, {'content': 'Nein, danke. Das war alles. Auf Wiederhören.', 'id': 'lc_run--01a000ec-928d-7ba0-bd5b-baa1c7535527-0', 'role': 'user'}, {'content': 'Alles klar. Dann wünsche ich Ihnen einen schönen Tag. Auf Wiederhören!', 'id': '2139c0ee-43d5-4faa-ac62-8634b8db4615', 'role': 'assistant'}, {'content': '', 'id': 'lc_run--01a000ec-a0f6-7ff2-9051-df09f7f1f73e-0', 'role': 'user'}, {'content': 'Das Gespräch ist beendet. Falls Sie wieder Fragen haben, können Sie sich gerne melden. Auf Wiederhören!', 'id': '4025685e-3e13-490a-8f89-3408a7dbcd6f', 'role': 'assistant'}]",14.484115,,01a000ec-7b6f-71d1-a4f1-a5527a1c8aa4,1.0,0.0,1.0,3,5,2.0692
KN3911,Alfred Scholz,015789643375,immer freitags,Wie beantrage ich eine Ratenzahlung für meine Miete?,surfersimmobilien+predeploy@outlook.com,"[{'content': 'Guten Tag, Sie sprechen mit der digitalen Anruf-Assistentin von Surfers Immobilien. Was ist der Grund für Ihren Anruf?', 'role': 'assistant'}, {'content': 'Hallo, ich habe eine Frage: Wie beantrage ich eine Ratenzahlung für meine Miete? Können Sie mir da weiterhelfen?', 'id': '74ddfb59-10dd-4d74-9633-66e5a1e27e90', 'role': 'user'}, {'content': 'Sie können eine Ratenzahlung für Ihre Miete telefonisch oder per E-Mail bei Surfers Immobilien beantragen. Das geht besonders bei vorübergehenden finanziellen Engpässen. Haben Sie noch weitere Fragen?', 'id': '3dee7680-91bd-433c-84f2-5d0981ae4cde', 'role': 'assistant'}, {'content': 'Nein, danke. Das war alles. Auf Wiederhören.', 'id': 'lc_run--01a000ec-90bc-7570-8cf9-3d054ac75f46-0', 'role': 'user'}, {'content': 'Alles klar. Dann wünsche ich Ihnen einen schönen Tag. Auf Wiederhören.', 'id': '8aa3201d-a08c-4230-a41b-71d49761fc33', 'role': 'assistant'}, {'content': '', 'id': 'lc_run--01a000ec-a0df-7790-920e-546a87e0cfd1-0', 'role': 'user'}, {'content': 'Sie haben den Anruf beendet. Falls Sie wieder Fragen haben, stehen wir Ihnen gerne zur Verfügung. Einen schönen Tag noch!', 'id': 'becf49ac-78da-4f32-b829-07543bfd4453', 'role': 'assistant'}]",12.289717,,01a000ec-7ea2-7b53-9c06-6b47cd82bf55,1.0,0.0,1.0,3,5,1.7557
KN7560,Manfred Franke,015789643375,Mittwoch und Freitag vormittags,Ist der Allgemeinstrom in den Nebenkosten enthalten?,surfersimmobilien+predeploy@outlook.com,"[{'content': 'Guten Tag, Sie sprechen mit der digitalen Anruf-Assistentin von Surfers Immobilien. Wie kann ich Ihnen weiterhelfen? Was ist der Grund für Ihren Anruf?', 'role': 'assistant'}, {'content': 'Hallo, ich habe eine Frage: Ist der Allgemeinstrom in den Nebenkosten enthalten? Können Sie mir da weiterhelfen?', 'id': '88aa5233-0d38-4d91-b8c5-9746f13e6730', 'role': 'user'}, {'content': 'Ja, der Allgemeinstrom, zum Beispiel für das Treppenhaus und die Außenbeleuchtung, ist in den Nebenkosten enthalten. Haben Sie noch weitere Fragen?', 'id': '412b7ac9-d94d-4358-9e94-fcfc9b1ef235', 'role': 'assistant'}, {'content': 'Nein, danke. Das war alles. Auf Wiederhören.', 'id': 'lc_run--01a000ec-9f27-7211-a52d-53d6d8052509-0', 'role': 'user'}, {'content': 'Alles klar, dann wünsche ich Ihnen einen schönen Tag. Auf Wiederhören!', 'id': '49d333d9-3a15-44ae-922f-d6968f6b074d', 'role': 'assistant'}, {'content': '', 'id': 'lc_run--01a000ec-aec5-7e21-beb0-fc9906239332-0', 'role': 'user'}, {'content': 'Das Gespräch ist beendet. Falls Sie wieder Fragen haben, können Sie sich jederzeit melden. Auf Wiederhören!', 'id': '57e02618-5b52-4686-9f76-eb14d16cc4d0', 'role': 'assistant'}]",13.154648,,01a000ec-8b7a-7ca1-a158-7d3f209caedc,1.0,0.0,1.0,3,5,1.8792
KN7511,Bernhard Stein,015789643375,den ganzen Mittwoch,"Was passiert, wenn ich mehr als zwei Haustiere halten möchte?",surfersimmobilien+predeploy@outlook.com,"[{'content': 'Guten Tag, Sie sprechen mit der digitalen Anruf-Assistentin von Surfers Immobilien. Wie kann ich Ihnen weiterhelfen? Was ist der Grund für Ihren Anruf?', 'role': 'assistant'}, {'content': 'Hallo, ich habe eine Frage: Was passiert, wenn ich mehr als zwei Haustiere halten möchte? Können Sie mir da weiterhelfen?', 'id': '9b212e92-30ac-4781-89cf-6feaf1cc5b7a', 'role': 'user'}, {'content': 'Wenn Sie mehr als zwei Haustiere halten möchten, brauchen Sie eine schriftliche Genehmigung von der Genossenschaft. Kleintiere wie Katzen, kleine Hunde und Vögel dürfen ohne gesonderte Genehmigung gehalten werden. Haben Sie noch weitere Fragen?', 'id': 'd4d4c52b-1ba7-446b-affa-ac0774444cd5', 'role': 'assistant'}, {'content': 'Nein, danke. Das war alles. Auf Wiederhören.', 'id': 'lc_run--01a000ec-adb5-7940-8698-e74e0c3166f2-0', 'role': 'user'}, {'content': 'Alles klar. Dann wünsche ich Ihnen einen schönen Tag. Auf Wiederhören!', 'id': '802bb217-2c55-4c9a-b7de-e907a9e7baa1', 'role': 'assistant'}, {'content': '', 'id': 'lc_run--01a000ec-bd56-7423-b2d1-2553fd5f670b-0', 'role': 'user'}, {'content': 'Sie haben aktuell keine Frage gestellt. Gibt es noch etwas, wobei ich Ihnen helfen kann?', 'id': 'ad3ca57f-1df7-43fc-a4ab-740a6dd1173b', 'role': 'assistant'}]",12.956778,,01a000ec-9ccb-7b42-9d12-97b1862e1bf4,1.0,0.0,1.0,3,5,1.851
KN9505,Holger Meier,015789643375,den ganzen Mittwoch,Wann sind die Nebenstellen erreichbar?,surfersimmobilien+predeploy@outlook.com,"[{'content': 'Guten Tag, Sie sprechen mit der digitalen Anruf-Assistentin von Surfers Immobilien. Was ist der Grund für Ihren Anruf?', 'role': 'assistant'}, {'content': 'Hallo, ich habe eine Frage: Wann sind die Nebenstellen erreichbar? Können Sie mir da weiterhelfen?', 'id': 'a7533b2a-ad03-4cf0-b5d3-352cb536d381', 'role': 'user'}, {'content': 'Die Nebenstellen sind über die Telefon-Hotline erreichbar. Die Nummer lautet null, zwei, eins, eins, vier, fünf, sechs, sieben, acht, neun, null. Für Notfälle wie Gas, Wasser oder Strom gibt es eine Notfallhotline, die rund um die Uhr erreichbar ist: null, acht, null, null, vier, fünf, sechs, sieben, acht, neun, eins. Haben Sie noch weitere Fragen?', 'id': '3e42f247-15f0-44a2-9608-cf3b28d1ae3f', 'role': 'assistant'}, {'content': 'Nein, danke. Das war alles. Auf Wiederhören.', 'id': 'lc_run--01a000ec-bff7-79b0-8355-02d40aca73c4-0', 'role': 'user'}, {'content': 'Alles klar. Dann wünsche ich Ihnen einen schönen Tag. Auf Wiederhören.', 'id': '823772c7-1d54-407e-80db-189e330d6aa5', 'role': 'assistant'}, {'content': '', 'id': 'lc_run--01a000ec-ce77-7b62-940f-3be0887426f8-0', 'role': 'user'}, {'content': 'Das Gespräch ist beendet. Falls Sie wieder Fragen haben, können Sie sich gerne melden. Auf Wiederhören.', 'id': '2af8b0c6-66bb-4d69-bf9c-ea983292cec7', 'role': 'assistant'}]",12.856783,,01a000ec-aea5-75a0-9ab6-8eeb35321338,0.0,0.0,0.0,3,5,1.8367
KN2768,Katja Baumann,015789643375,Dienstag den ganzen Tag,Ist die Hausversicherung in den Nebenkosten enthalten?,surfersimmobilien+predeploy@outlook.com,"[{'content': 'Guten Tag, Sie sprechen mit der digitalen Anruf-Assistentin von Surfers Immobilien. Was ist der Grund für Ihren Anruf?', 'role': 'assistant'}, {'content': 'Hallo, ich habe eine Frage: Ist die Hausversicherung in den Nebenkosten enthalten? Können Sie mir da weiterhelfen?', 'id': 'bbecc7c7-4385-44b2-b259-32f4733d9bd2', 'role': 'user'}, {'content': 'Ja, die Gebäudeversicherung ist in den Nebenkosten enthalten. Haben Sie noch weitere Fragen?', 'id': '6b1a5f67-1c1e-41b1-aedf-e2fdc53f90ce', 'role': 'assistant'}, {'content': 'Nein, danke. Das war alles. Auf Wiederhören.', 'id': 'lc_run--01a000ec-c383-7251-8e51-7af0e6ca3f19-0', 'role': 'user'}, {'content': 'Alles klar. Dann wünsche ich Ihnen einen schönen Tag. Auf Wiederhören!', 'id': 'a9c0956a-d831-47a8-a5ed-136b679f0eea', 'role': 'assistant'}, {'content': '', 'id': 'lc_run--01a000ec-d2cc-7df3-9dab-fa6a4aa568e3-0', 'role': 'user'}, {'content': 'Das Gespräch ist beendet. Falls Sie wieder Fragen haben, können Sie sich jederzeit melden. Auf Wiederhören!', 'id': '806a3a18-6ad1-47c3-80ff-b1b5ef40e04a', 'role': 'assistant'}]",10.437062,,01a000ec-b404-7c41-a700-a0ec786031d7,1.0,0.0,1.0,3,5,1.491
KN6519,Elfriede Seidel,015789643375,den ganzen Freitag,Wie oft wird die Papiertonne geleert?,surfersimmobilien+predeploy@outlook.com,"[{'content': 'Guten Tag, Sie sprechen mit der digitalen Anruf-Assistentin von Surfers Immobilien. Wie kann ich Ihnen weiterhelfen? Was ist der Grund für Ihren Anruf?', 'role': 'assistant'}, {'content': 'Hallo, ich habe eine Frage: Wie oft wird die Papiertonne geleert? Können Sie mir da weiterhelfen?', 'id': '2d783636-997e-41f9-890f-04411da44634', 'role': 'user'}, {'content': 'Die Papiertonne wird immer am ersten Donnerstag im Monat geleert. Haben Sie noch weitere Fragen?', 'id': '331267e1-b8d3-413f-8603-d06f4d5c40e3', 'role': 'assistant'}, {'content': 'Nein, danke. Das war alles. Auf Wiederhören.', 'id': 'lc_run--01a000ec-cf6c-7cc2-b2f6-8e368f695d04-0', 'role': 'user'}, {'content': 'Alles klar. Dann wünsche ich Ihnen einen schönen Tag. Auf Wiederhören!', 'id': 'f29748bd-689d-4181-8045-6debcae8625c', 'role': 'assistant'}, {'content': '', 'id': 'lc_run--01a000ec-dea7-7aa0-8402-7d51edddeea2-0', 'role': 'user'}, {'content': 'Sie haben aktuell keine weitere Frage gestellt. Falls Sie noch etwas wissen möchten, können Sie sich gerne wieder melden. Auf Wiederhören!', 'id': 'ccb4b93f-3642-4c6b-99c7-6949db7395aa', 'role': 'assistant'}]",12.248891,,01a000ec-bede-7dc2-bcf8-1352c14e8a95,1.0,0.0,1.0,3,5,1.7498
KN8316,Karin Becker,015789643375,Freitag von 13 Uhr bis 16 Uhr,"Wie lange dauert es normalerweise, bis eine Reparatur erledigt wird?",surfersimmobilien+predeploy@outlook.com,"[{'content': 'Guten Tag, Sie sprechen mit der digitalen Anruf-Assistentin von Surfers Immobilien. Was ist der Grund für Ihren Anruf?', 'role': 'assistant'}, {'content': 'Hallo, ich habe eine Frage: Wie lange dauert es normalerweise, bis eine Reparatur erledigt wird? Können Sie mir da weiterhelfen?', 'id': '2ed963f3-6661-46ea-8972-9477e2cd85a5', 'role': 'user'}, {'content': 'Reparaturen werden normalerweise innerhalb von fünf Werktagen erledigt. Bei akuten Notfällen wie Wasserrohrbruch, Gasgeruch oder komplettem Stromausfall wird sofort gehandelt. Haben Sie noch weitere Fragen?', 'id': '6e23016f-4fe8-4579-9fb0-793cd5a58b7c', 'role': 'assistant'}, {'content': 'Nein, danke. Das beantwortet meine Frage. Auf Wiederhören.', 'id': 'lc_run--01a000ec-df11-7da1-9e79-2005e9f94eb4-0', 'role': 'user'}, {'content': 'Alles klar. Dann wünsche ich Ihnen einen schönen Tag. Auf Wiederhören!', 'id': '5adffaed-1c9c-4d29-8180-1fe83954d5ae', 'role': 'assistant'}, {'content': '', 'id': 'lc_run--01a000ec-edd2-7ba0-9bec-d1fd5e60cc12-0', 'role': 'user'}, {'content': 'Das Gespräch ist beendet. Falls Sie wieder Fragen haben, können Sie sich jederzeit melden. Auf Wiederhören!', 'id': 'b670f218-cb1e-4116-bfa4-3757132d737e', 'role': 'assistant'}]",10.784597,,01a000ec-cf69-7461-98a3-cda8a6a046db,1.0,0.0,1.0,3,5,1.5407
KN6449,Kurt Haas,015789643375,Donnerstag von 8 Uhr bis 11 Uhr,Welcher Kabelnetzbetreiber ist in meinem Gebäude verfügbar?,surfersimmobilien+predeploy@outlook.com,"[{'content': 'Guten Tag, Sie sprechen mit der digitalen Anruf-Assistentin von Surfers Immobilien. Was ist der Grund für Ihren Anruf?', 'role': 'assistant'}, {'content': 'Hallo, ich habe eine Frage: Welcher Kabelnetzbetreiber ist in meinem Gebäude verfügbar? Können Sie mir da weiterhelfen?', 'id': 'a6716f15-a9a4-4175-b719-282e1f577015', 'role': 'user'}, {'content': 'In allen Gebäuden von Surfers Immobilien ist Vodafone als Kabelnetzbetreiber verfügbar. Den Vertrag für Internet oder Fernsehen müssen Sie direkt mit Vodafone abschließen. Surfers Immobilien ist dabei nicht Vertragspartner und bietet keinen technischen Support für den Anschluss. Haben Sie noch weitere Fragen?', 'id': '3e20c6bf-eef9-4741-a95f-8d170b72c0c4', 'role': 'assistant'}, {'content': 'Nein, danke. Das war alles. Auf Wiederhören.', 'id': 'lc_run--01a000ec-f1f9-7b63-9819-6a5c15bd7a49-0', 'role': 'user'}, {'content': 'Alles klar. Dann wünsche ich Ihnen einen schönen Tag. Auf Wiederhören!', 'id': 'e1c3f6fc-1231-4924-b812-e17dde5e1644', 'role': 'assistant'}, {'content': '', 'id': 'lc_run--01a000ed-007b-7741-a7ae-ff3926c8322e-0', 'role': 'user'}, {'content': 'Das Gespräch ist beendet. Falls Sie wieder Fragen haben, können Sie sich gerne melden. Auf Wiederhören!', 'id': 'a6e82c7f-ce28-44e3-990b-238b69803b47', 'role': 'assistant'}]",12.306364,,01a000ec-dcca-7892-a05c-3ac3f5a268e2,1.0,0.0,1.0,3,5,1.7581
KN4498,Christine Kraus,015789643375,Montag von 14 Uhr bis 16 Uhr,Wie melde ich einen technischen Defekt über das Portal?,surfersimmobilien+predeploy@outlook.com,"[{'content': 'Guten Tag, Sie sprechen mit der digitalen Anruf-Assistentin von Surfers Immobilien. Was ist der Grund für Ihren Anruf?', 'role': 'assistant'}, {'content': 'Hallo, ich habe eine Frage: Wie melde ich einen technischen Defekt über das Portal? Können Sie mir da weiterhelfen?', 'id': '6d574f3a-7e40-4bef-a322-32f2509ab1cb', 'role': 'user'}, {'content': 'Sie können einen technischen Defekt ganz einfach über das Kundenportal melden. Dort gibt es das Formular „Schadensmeldung“. Füllen Sie das aus, und der Defekt wird bearbeitet. Haben Sie noch weitere Fragen?', 'id': '5b80023f-a6ad-4ccc-aec9-06e0835c3dda', 'role': 'assistant'}, {'content': 'Nein, danke. Das war alles. Auf Wiederhören.', 'id': 'lc_run--01a000ec-f29e-7ed3-81a2-c67fc1e18479-0', 'role': 'user'}, {'content': 'Alles klar. Dann wünsche ich Ihnen einen schönen Tag. Auf Wiederhören.', 'id': 'deba07de-2dea-46e7-ac0f-00e9da42393d', 'role': 'assistant'}, {'content': '', 'id': 'lc_run--01a000ed-0234-7220-bb62-00616de6cf31-0', 'role': 'user'}, {'content': 'Gibt es noch etwas, wobei ich Ihnen helfen kann?', 'id': '21f754b1-2db5-4073-aa4c-ea75ef7d4eb5', 'role': 'assistant'}]",11.854218,,01a000ec-e0e0-7703-8edd-375cabac54fe,1.0,0.0,1.0,3,5,1.6935
KN1689,Roswitha Marx,015789643375,Donnerstag von 8 Uhr bis 11 Uhr,Wer ist für die jährliche Rauchmelderprüfung zuständig?,surfersimmobilien+predeploy@outlook.com,"[{'content': 'Guten Tag, Sie sprechen mit der digitalen Anruf-Assistentin von Surfers Immobilien. Wie kann ich Ihnen weiterhelfen, was ist der Grund für Ihren Anruf?', 'role': 'assistant'}, {'content': 'Hallo, ich habe eine Frage: Wer ist für die jährliche Rauchmelderprüfung zuständig? Können Sie mir da weiterhelfen?', 'id': '4b065fa0-0ca9-41c6-aaaf-ce2edf9153c5', 'role': 'user'}, {'content': 'Für die jährliche Rauchmelderprüfung ist eine von Surfers Immobilien beauftragte Fachfirma zuständig. Die Prüfung findet immer im Herbst statt und Sie werden mindestens zwei Wochen vorher schriftlich informiert. Haben Sie noch weitere Fragen?', 'id': '2adf5dc0-c463-48f0-9041-19ce32eb40d1', 'role': 'assistant'}, {'content': 'Nein, vielen Dank. Das war alles. Auf Wiederhören.', 'id': 'lc_run--01a000ed-006d-7811-8800-496af0e0307a-0', 'role': 'user'}, {'content': 'Gern geschehen. Einen schönen Tag noch und auf Wiederhören!', 'id': 'aff11399-60ec-4ba7-8b39-dd0a8861d4a7', 'role': 'assistant'}, {'content': '', 'id': 'lc_run--01a000ed-0e2f-72d3-ba3f-60df17328883-0', 'role': 'user'}, {'content': 'Das Gespräch ist beendet. Falls Sie wieder Fragen haben, können Sie sich jederzeit melden. Auf Wiederhören!', 'id': 'bec1af5e-83ee-48f8-aa82-af9ad87365db', 'role': 'assistant'}]",10.808891,,01a000ec-eeb8-74c0-8d9e-2d1aa771e4fc,1.0,0.0,1.0,3,5,1.5441
KN2363,Silke Keller,015789643375,Freitag von 13 Uhr bis 16 Uhr,Wie logge ich mich in das Kundenportal ein?,surfersimmobilien+predeploy@outlook.com,"[{'content': 'Guten Tag, Sie sprechen mit der digitalen Anruf-Assistentin von Surfers Immobilien. Was ist der Grund für Ihren Anruf?', 'role': 'assistant'}, {'content': 'Hallo, ich habe eine Frage: Wie logge ich mich in das Kundenportal ein? Können Sie mir da weiterhelfen?', 'id': 'befe0516-451a-45db-ba64-9b8018455a1d', 'role': 'user'}, {'content': 'Sie können sich im Kundenportal unter portal.surfers-immobilien.de anmelden. Dafür benötigen Sie Ihre Mitglieds- oder Kundennummer und ein selbst gewähltes Passwort. Haben Sie noch weitere Fragen?', 'id': '15040a68-26a9-4845-bd9f-bd816b1d7c7f', 'role': 'assistant'}, {'content': 'Nein, vielen Dank. Auf Wiederhören.', 'id': 'lc_run--01a000ed-0b99-7e70-a602-71b68a48b25e-0', 'role': 'user'}, {'content': 'Alles klar. Einen schönen Tag noch und auf Wiederhören.', 'id': 'd5b123af-1474-428d-805a-3feecc589a89', 'role': 'assistant'}, {'content': '', 'id': 'lc_run--01a000ed-1f8e-76a1-a844-70ba1dc7a900-0', 'role': 'user'}, {'content': 'Das Gespräch ist beendet. Falls Sie wieder Fragen haben, können Sie sich gerne melden. Auf Wiederhören.', 'id': '43a93ccb-08b8-4b10-a477-db781b39afbd', 'role': 'assistant'}]",12.266247,,01a000ec-f98a-7d03-a372-3e4ac1efa968,1.0,0.0,1.0,3,5,1.7523
