input.Kundennummer,input.Name,input.Telefon,input.availability,input.call_intent,input.email,outputs.trajectory,execution_time,error,id,feedback.call_reason_identified,feedback.info_duplicate,feedback.techsupport_correctness,assistant_turns,total_turns,avg_turn_duration
KN2908,Ida Krämer,015789643375,Mittwoch von 8 Uhr bis 10 Uhr,Ist die Müllabfuhr in den Nebenkosten enthalten?,surfersimmobilien+predeploy@outlook.com,"[{'content': 'Hallo! Sie haben die digitale Anruf-Assistentin von Surfers Immobilien erreicht. Was kann ich für Sie tun?', 'role': 'assistant'}, {'content': 'Hallo, ich habe eine Frage: Ist die Müllabfuhr in den Nebenkosten enthalten? Können Sie mir da weiterhelfen?', 'id': '63965615-bd86-4188-9350-9d9e52b6712e', 'role': 'user'}, {'content': 'Ja, die Müllabfuhr ist in den Nebenkosten enthalten. Haben Sie noch weitere Fragen?', 'id': '93da7f42-5f6a-4250-b293-77f5a826f1f6', 'role': 'assistant'}, {'content': 'Nein, danke. Das war alles. Auf Wiederhören.', 'id': 'lc_run--01a001cd-99f8-77d0-b043-afa84bf45ec8-0', 'role': 'user'}, {'content': 'Alles klar. Auf Wiederhören!', 'id': '3362e038-2aec-4a61-a881-6dbd8815ba72', 'role': 'assistant'}, {'content': '', 'id': 'lc_run--01a001cd-a3f6-7f03-bbf1-ff8fb830e7af-0', 'role': 'user'}, {'content': '', 'id': '6ed8cd22-278c-4747-8563-3acf80ff8fce', 'role': 'assistant'}]",9.378235,,01a001cd-86ef-7742-abef-545e4ac9e7a8,1.0,0.0,1.0,3,5,1.3397
KN4963,Rainer Hofmann,015789643375,immer mittwochs und freitags,Muss ich meinen Internetvertrag selbst abschließen?,surfersimmobilien+predeploy@outlook.com,"[{'content': 'Hallo! Sie haben die digitale Anruf-Assistentin von Surfers Immobilien erreicht. Was kann ich für Sie tun?', 'role': 'assistant'}, {'content': 'Hallo, ich habe eine Frage: Muss ich meinen Internetvertrag selbst abschließen? Können Sie mir da weiterhelfen?', 'id': 'f1100846-7efd-4c46-ac66-b57ab1403f7e', 'role': 'user'}, {'content': 'Ja, das müssen Sie. Den Internet- und Fernsehvertrag schließen Sie bitte eigenständig direkt mit dem Anbieter ab. Surfers Immobilien ist hier kein Vertragspartner. Haben Sie noch weitere Fragen?', 'id': '8e68cc4f-b664-4454-9062-39826331552c', 'role': 'assistant'}, {'content': 'Nein, danke. Das war alles. Auf Wiederhören.', 'id': 'lc_run--01a001cd-9aa7-7c03-bdea-52564c93cd8f-0', 'role': 'user'}, {'content': 'Alles klar. Dann wünsche ich Ihnen noch einen schönen Tag. Auf Wiederhören!', 'id': '689fbdc6-337a-428a-a8be-0805dce52036', 'role': 'assistant'}, {'content': '', 'id': 'lc_run--01a001cd-a594-72f2-a233-c1d39b08f009-0', 'role': 'user'}, {'content': '', 'id': 'e6973548-7f92-4ffd-afdd-37ad9d45ce7e', 'role': 'assistant'}]",11.377885,,01a001cd-86f3-7862-a439-20e7a138002e,1.0,0.0,1.0,3,5,1.6254
KN8411,Lucia Barak,015789643375,Montag von 10 Uhr bis 13 Uhr,Wo finde ich meine Nebenkostenabrechnung im Kundenportal?,surfersimmobilien+predeploy@outlook.com,"[{'content': 'Hallo! Sie haben die digitale Anruf-Assistentin von Surfers Immobilien erreicht. Was kann ich für Sie tun?', 'role': 'assistant'}, {'content': 'Hallo, ich habe eine Frage: Wo finde ich meine Nebenkostenabrechnung im Kundenportal? Können Sie mir da weiterhelfen?', 'id': 'f2bba037-c5f9-4ecc-abc4-814d8b040d11', 'role': 'user'}, {'content': 'Alles klar. Die Nebenkostenabrechnung wird Ihnen sowohl postalisch als auch über das Kundenportal zur Verfügung gestellt. Dort können Sie diese einfach einsehen.\n\nHaben Sie noch weitere Fragen?', 'id': '5469780c-e396-40cf-abe9-dd2f8b80fe8f', 'role': 'assistant'}, {'content': 'Nein, danke. Das war alles. Auf Wiederhören.', 'id': 'lc_run--01a001cd-9a64-7a40-9412-339791e37c8d-0', 'role': 'user'}, {'content': '', 'id': '99b1483d-fa41-4771-8b3c-96d406c32b9b', 'role': 'assistant'}, {'content': '', 'id': 'lc_run--01a001cd-a6da-77b2-8a30-31ead6f859a8-0', 'role': 'user'}, {'content': 'Da Sie keine weitere Frage haben, verabschiede ich mich. Auf Wiederhören!', 'id': 'c32a4222-e956-4e1a-be08-e9aa8a0ba09b', 'role': 'assistant'}]",11.471681,,01a001cd-86f7-7763-98b5-34d73316dd68,1.0,0.0,1.0,3,5,1.6388
KN1008,Helmut Winter,015789643375,immer mittwochs und freitags,Was ist die Kleinreparaturklausel in meinem Mietvertrag?,surfersimmobilien+predeploy@outlook.com,"[{'content': 'Hallo! Sie haben die digitale Anruf-Assistentin von Surfers Immobilien erreicht. Was kann ich für Sie tun?', 'role': 'assistant'}, {'content': 'Hallo, ich habe eine Frage: Was ist die Kleinreparaturklausel in meinem Mietvertrag? Können Sie mir da weiterhelfen?', 'id': '18023441-ca41-4196-8a7c-e402d0bdf695', 'role': 'user'}, {'content': 'Gemäß der Kleinreparaturklausel übernehmen Sie die Kosten für kleinere Reparaturen, zum Beispiel an Wasserhähnen, Fenstergriffen oder Lichtschaltern, bis zu einem Betrag von einhundert Euro pro Einzelfall. Alle Kosten, die darüber hinausgehen, trägt die Genossenschaft.\n\nHaben Sie noch weitere Fragen?', 'id': 'db99a97f-75bb-4231-9aa8-66f0c7fa9130', 'role': 'assistant'}, {'content': 'Nein, vielen Dank. Das hat mir weitergeholfen. Auf Wiederhören.', 'id': 'lc_run--01a001cd-9b4f-7a81-a41e-a582cacb578d-0', 'role': 'user'}, {'content': 'Gerne. Auf Wiederhören!', 'id': 'ccbc27d3-8085-49b1-b3b8-1d9a73eb3002', 'role': 'assistant'}, {'content': '', 'id': 'lc_run--01a001cd-a6be-7d83-990e-20dea6bf721e-0', 'role': 'user'}, {'content': '', 'id': '97d5ccd3-0f16-41ac-9dc0-00ec9423d2e6', 'role': 'assistant'}]",11.504388,,01a001cd-86f8-7f62-aef0-b0b556a88f8d,1.0,0.0,1.0,3,5,1.6435
KN5970,Andreas Schulz,015789643375,nur vormittags unter der Woche,Welche Nummer muss ich bei einem Wasserrohrbruch anrufen?,surfersimmobilien+predeploy@outlook.com,"[{'content': 'Hallo! Sie haben die digitale Anruf-Assistentin von Surfers Immobilien erreicht. Was kann ich für Sie tun?', 'role': 'assistant'}, {'content': 'Hallo, ich habe eine Frage: Welche Nummer muss ich bei einem Wasserrohrbruch anrufen? Können Sie mir da weiterhelfen?', 'id': '5488eca3-d296-40a9-98a2-21aff36097a7', 'role': 'user'}, {'content': 'Bei einem akuten Wasserrohrbruch rufen Sie bitte sofort die Notfallhotline unter null acht null zero vier fünf sechs sieben acht neun eins an. Das gilt unabhängig von den Öffnungszeiten.\n\nHaben Sie noch weitere Fragen?', 'id': 'b55326c5-2ab8-4a4a-bcc2-473d95bcb45c', 'role': 'assistant'}, {'content': 'Nein, danke. Das war alles. Auf Wiederhören.', 'id': 'lc_run--01a001cd-baa3-7860-873a-818dd89b4e70-0', 'role': 'user'}, {'content': 'Alles klar. Auf Wiederhören!', 'id': '3a507742-a30d-4176-8275-4584e842df96', 'role': 'assistant'}, {'content': '', 'id': 'lc_run--01a001cd-c350-7903-907d-349697f3f4bf-0', 'role': 'user'}, {'content': '', 'id': '499f5a2f-1184-42b9-bb21-59d027f1f584', 'role': 'assistant'}]",9.824409,,01a001cd-ab93-7e10-bf76-40c53db687cb,1.0,0.0,1.0,3,5,1.4035
KN7893,Meta Arnold,015789643375,Montag von 10 Uhr bis 13 Uhr,Bekomme ich meine Abrechnung auch per Post zugeschickt?,surfersimmobilien+predeploy@outlook.com,"[{'content': 'Hallo! Sie haben die digitale Anruf-Assistentin von Surfers Immobilien erreicht. Was kann ich für Sie tun?', 'role': 'assistant'}, {'content': 'Hallo, ich habe eine Frage: Bekomme ich meine Abrechnung auch per Post zugeschickt? Können Sie mir da weiterhelfen?', 'id': 'bd70192b-27c8-4727-a82b-30b59d3970ec', 'role': 'user'}, {'content': 'Ja, die Abrechnung wird Ihnen sowohl per Post zugeschickt als auch im Kundenportal bereitgestellt. Haben Sie noch weitere Fragen?', 'id': '5ca0a469-66c2-4c05-b1ad-e7ee56e1763d', 'role': 'assistant'}, {'content': 'Nein, danke. Das war alles. Auf Wiederhören.', 'id': 'lc_run--01a001cd-bf98-7da0-85ba-b571d0698cdb-0', 'role': 'user'}, {'content': 'Alles klar. Dann wünsche ich Ihnen noch einen schönen Tag. Auf Wiederhören!', 'id': 'ab348f71-3369-46ff-8f1b-1c4ab1547898', 'role': 'assistant'}, {'content': '', 'id': 'lc_run--01a001cd-c87f-78a3-bf80-2e952fbfbc1b-0', 'role': 'user'}, {'content': '', 'id': '0055f5ac-08ed-49d0-8dac-5f663905c87c', 'role': 'assistant'}]",9.311088,,01a001cd-b366-7f23-bf57-56c2bb30e830,1.0,0.0,1.0,3,5,1.3302
KN4487,Theodor Engel,015789643375,den ganzen Mittwoch,"Was passiert, wenn ich die Widerspruchsfrist verpasse?",surfersimmobilien+predeploy@outlook.com,"[{'content': 'Hallo! Sie haben die digitale Anruf-Assistentin von Surfers Immobilien erreicht. Was kann ich für Sie tun?', 'role': 'assistant'}, {'content': 'Hallo, ich habe eine Frage: Was passiert, wenn ich die Widerspruchsfrist verpasse? Können Sie mir da weiterhelfen?', 'id': 'e818d554-7886-4895-b7ff-b2446552de97', 'role': 'user'}, {'content': 'Wenn Sie die Frist von zwölf Monaten nach Erhalt der Abrechnung verpassen, gilt diese als anerkannt. Haben Sie noch weitere Fragen?', 'id': 'd94f3994-c74c-4255-b326-e3671b2dcfcf', 'role': 'assistant'}, {'content': 'Nein, danke. Das war alles. Auf Wiederhören.', 'id': 'lc_run--01a001cd-c27f-7dc2-bebf-f8d927a5de29-0', 'role': 'user'}, {'content': 'Alles klar. Auf Wiederhören!', 'id': 'a1595966-f0b5-4826-8a12-8d2a465eb868', 'role': 'assistant'}, {'content': '', 'id': 'lc_run--01a001cd-cc42-72c2-a89a-98b0941900a1-0', 'role': 'user'}, {'content': '', 'id': '606dee9f-fbf8-4543-8000-7dafffcdf651', 'role': 'assistant'}]",11.448925,,01a001cd-b3c8-7660-a103-df7dd8915184,1.0,0.0,1.0,3,5,1.6356
KN5420,Hans Groß,015789643375,den ganzen Montag,Wie oft wird die gelbe Tonne geleert?,surfersimmobilien+predeploy@outlook.com,"[{'content': 'Hallo! Sie haben die digitale Anruf-Assistentin von Surfers Immobilien erreicht. Was kann ich für Sie tun?', 'role': 'assistant'}, {'content': 'Hallo, ich habe eine Frage: Wie oft wird die gelbe Tonne geleert? Können Sie mir da weiterhelfen?', 'id': '3221fc27-8c42-4210-a767-453537ae2411', 'role': 'user'}, {'content': 'Die gelbe Tonne wird jeden zweiten Mittwoch geleert. Haben Sie noch weitere Fragen?', 'id': '6620fb48-5759-46c7-9693-53dd7fa5f46a', 'role': 'assistant'}, {'content': 'Nein, danke. Das war alles. Auf Wiederhören.', 'id': 'lc_run--01a001cd-c24e-78c1-a13a-b40303f911cb-0', 'role': 'user'}, {'content': 'Alles klar. Auf Wiederhören!', 'id': '188ba706-bf48-426a-b018-65d0986d318c', 'role': 'assistant'}, {'content': '', 'id': 'lc_run--01a001cd-cc51-7b12-8502-4157693a66d3-0', 'role': 'user'}, {'content': '', 'id': 'c72445bc-2d63-4335-a15a-02063631cf3f', 'role': 'assistant'}]",9.950771,,01a001cd-b3ea-7cb3-8c6a-8ce3daebaac0,1.0,0.0,1.0,3,5,1.4215
KN7332,Doris Simon,015789643375,Dienstag von 9 Uhr bis 11 Uhr,Brauche ich für eine Untervermietung eine schriftliche Zustimmung?,surfersimmobilien+predeploy@outlook.com,"[{'content': 'Hallo! Sie haben die digitale Anruf-Assistentin von Surfers Immobilien erreicht. Was kann ich für Sie tun?', 'role': 'assistant'}, {'content': 'Hallo, ich habe eine Frage: Brauche ich für eine Untervermietung eine schriftliche Zustimmung? Können Sie mir da weiterhelfen?', 'id': '44c1297e-4425-4498-b2c6-a204c2cd162f', 'role': 'user'}, {'content': 'Ja, eine Untervermietung ist nur mit einer vorherigen schriftlichen Zustimmung der Genossenschaft erlaubt. Haben Sie noch weitere Fragen?', 'id': '25c91018-1194-4061-af22-c041096756de', 'role': 'assistant'}, {'content': 'Nein, danke. Das war alles. Auf Wiederhören.', 'id': 'lc_run--01a001cd-ea6a-7142-8ad8-1d72b3ad3640-0', 'role': 'user'}, {'content': 'Alles klar. Auf Wiederhören!', 'id': 'c5c34e0b-d0b2-44d0-9592-8e2f3a107e93', 'role': 'assistant'}, {'content': '', 'id': 'lc_run--01a001cd-f26d-76d1-aa4a-665038aa5ff6-0', 'role': 'user'}, {'content': '', 'id': '179890ab-bf80-4317-8153-b4708e67209b', 'role': 'assistant'}]",12.090306,,01a001cd-d1f5-7230-9bb6-24eb8975fb0d,1.0,0.0,1.0,3,5,1.7272
KN2643,Kaspar Nagel,015789643375,Mittwoch von 10 Uhr bis 13 Uhr,Wie oft kommt die Fachfirma zur Rauchmelderwartung vorbei?,surfersimmobilien+predeploy@outlook.com,"[{'content': 'Hallo! Sie haben die digitale Anruf-Assistentin von Surfers Immobilien erreicht. Was kann ich für Sie tun?', 'role': 'assistant'}, {'content': 'Hallo, ich habe eine Frage: Wie oft kommt die Fachfirma zur Rauchmelderwartung vorbei? Können Sie mir da weiterhelfen?', 'id': 'd462af4c-7f79-455c-a397-849dccc79a43', 'role': 'user'}, {'content': 'Die Fachfirma kommt einmal jährlich im Herbst vorbei, um die Rauchmelder zu warten und zu prüfen.', 'id': '7d6496bd-8601-43cb-a10d-85a646ba0fcf', 'role': 'assistant'}, {'content': 'Vielen Dank, das beantwortet meine Frage. Auf Wiederhören.', 'id': 'lc_run--01a001cd-ecd6-72f3-b724-98f841c7ada9-0', 'role': 'user'}, {'content': 'Gern geschehen. Auf Wiederhören!', 'id': '4e8fc7ff-1248-4692-a5ee-1a836e862970', 'role': 'assistant'}, {'content': '', 'id': 'lc_run--01a001cd-f748-75b0-aed5-5163397e54b9-0', 'role': 'user'}, {'content': '', 'id': 'e2b14bc9-3fc8-42a3-b8e5-fa2a5ec436c0', 'role': 'assistant'}]",11.33823,,01a001cd-d7c7-7553-bf8c-d0e2a2723bda,1.0,0.0,1.0,3,5,1.6197
KN9188,Kerstin Schulze,015789643375,Dienstag von 14 Uhr bis 17 Uhr,Gibt es eine Notfallhotline außerhalb der Öffnungszeiten?,surfersimmobilien+predeploy@outlook.com,"[{'content': 'Hallo! Sie haben die digitale Anruf-Assistentin von Surfers Immobilien erreicht. Was kann ich für Sie tun?', 'role': 'assistant'}, {'content': 'Hallo, ich habe eine Frage: Gibt es eine Notfallhotline außerhalb der Öffnungszeiten? Können Sie mir da weiterhelfen?', 'id': '8eecc215-fa53-4d7d-a05a-2ccc4f225808', 'role': 'user'}, {'content': 'Ja, für akute Notfälle wie Wasserrohrbrüche, Gasgeruch oder einen kompletten Stromausfall gibt es eine Notfallhotline. Diese ist unabhängig von den Öffnungszeiten unter der Nummer null acht null null vier fünf sechs sieben acht neun eins erreichbar.\n\nHaben Sie noch weitere Fragen?', 'id': '5e093305-6b3d-4d8b-9e63-50c54840c38d', 'role': 'assistant'}, {'content': 'Nein, danke. Das war alles. Auf Wiederhören.', 'id': 'lc_run--01a001cd-ef70-74c2-8de9-3398329bfd30-0', 'role': 'user'}, {'content': 'Alles klar. Auf Wiederhören!', 'id': 'c016a6f1-2c44-4cf4-837a-e9cc5389c182', 'role': 'assistant'}, {'content': '', 'id': 'lc_run--01a001cd-f78a-7eb0-b956-1cf50718081f-0', 'role': 'user'}, {'content': '', 'id': '28ed96ba-1033-4ba3-8e14-958e587d90c8', 'role': 'assistant'}]",11.20127,,01a001cd-daca-7a10-a59d-c4f3d3322d68,1.0,0.0,1.0,3,5,1.6002
KN2427,Otto Heinrich,015789643375,immer montags und mittwochs,Fallen für die Sperrmüllabholung Kosten an?,surfersimmobilien+predeploy@outlook.com,"[{'content': 'Hallo! Sie haben die digitale Anruf-Assistentin von Surfers Immobilien erreicht. Was kann ich für Sie tun?', 'role': 'assistant'}, {'content': 'Hallo, ich habe eine Frage: Fallen für die Sperrmüllabholung Kosten an? Können Sie mir da weiterhelfen?', 'id': '74383220-257e-4db8-b74b-1bd49aab2b88', 'role': 'user'}, {'content': 'Ja, für die Sperrmüllabholung können zusätzliche Kosten anfallen. Diese müssen vom Mitglied selbst getragen werden. Die Anmeldung erfolgt über das städtische Entsorgungsunternehmen.\n\nHaben Sie noch weitere Fragen?', 'id': '4ae465fd-ecee-4a2e-8dbf-0e5cccdaa02b', 'role': 'assistant'}, {'content': 'Nein, danke. Das war alles. Auf Wiederhören.', 'id': 'lc_run--01a001cd-f1e4-7fd3-ae91-d87176fdaff3-0', 'role': 'user'}, {'content': 'Alles klar. Auf Wiederhören!', 'id': '87502384-6974-4a24-bb5d-f918a001b381', 'role': 'assistant'}, {'content': '', 'id': 'lc_run--01a001cd-f9e3-7702-b73f-1a870631de86-0', 'role': 'user'}, {'content': '', 'id': 'f5808737-ddf5-4c06-9b11-03a50dcf7ab3', 'role': 'assistant'}]",10.324438,,01a001cd-e082-7980-a5fd-0954a94b973e,1.0,0.0,1.0,3,5,1.4749
KN7664,Jörg Friedrich,015789643375,Donnerstag von 8 Uhr bis 11 Uhr,Wo kann ich meine Kontaktdaten online ändern?,surfersimmobilien+predeploy@outlook.com,"[{'content': 'Hallo! Sie haben die digitale Anruf-Assistentin von Surfers Immobilien erreicht. Was kann ich für Sie tun?', 'role': 'assistant'}, {'content': 'Hallo, ich habe eine Frage: Wo kann ich meine Kontaktdaten online ändern? Können Sie mir da weiterhelfen?', 'id': '4cf9b216-c413-45b0-98f2-b337416fb4b7', 'role': 'user'}, {'content': 'Das können Sie ganz einfach über das Kundenportal erledigen. Gehen Sie dazu auf portal punkt surfers Bindestrich immobilien punkt de. Dort können Sie sich mit Ihrer Kundennummer und Ihrem Passwort einloggen und Ihre Daten anpassen.\n\nHaben Sie noch weitere Fragen?', 'id': 'c89093fe-49cf-47d5-99af-dd6deef116c3', 'role': 'assistant'}, {'content': 'Nein, vielen Dank. Auf Wiederhören.', 'id': 'lc_run--01a001ce-13b8-7670-a159-23c20a9168a0-0', 'role': 'user'}, {'content': 'Gerne. Auf Wiederhören!', 'id': '863e1c7f-5644-4759-adb0-626f8cae085b', 'role': 'assistant'}, {'content': '', 'id': 'lc_run--01a001ce-2124-7911-9ff8-5207511e4864-0', 'role': 'user'}, {'content': '', 'id': 'a211bf6d-24bf-4990-b342-d77667e8edc2', 'role': 'assistant'}]",11.541259,,01a001ce-0130-7941-b676-77842e3cda36,1.0,0.0,1.0,3,5,1.6488
KN7459,Isolde Fiedler,015789643375,immer montags und mittwochs,Welche Situationen gelten als Notfall bei Surfers Immobilien?,surfersimmobilien+predeploy@outlook.com,"[{'content': 'Hallo! Sie haben die digitale Anruf-Assistentin von Surfers Immobilien erreicht. Was kann ich für Sie tun?', 'role': 'assistant'}, {'content': 'Hallo, ich habe eine Frage: Welche Situationen gelten als Notfall bei Surfers Immobilien? Können Sie mir da weiterhelfen?', 'id': 'bb9b3f67-3f29-4e2b-87b0-80946bfd0a37', 'role': 'user'}, {'content': 'Tut mir leid, dazu liegen mir leider keine Informationen vor. Haben Sie noch weitere Fragen?', 'id': 'd882ed84-f082-4c22-98cd-c6fc745ada0c', 'role': 'assistant'}, {'content': 'Nein, danke. Auf Wiederhören.', 'id': 'lc_run--01a001ce-1339-7a71-b77e-01da555b99e6-0', 'role': 'user'}, {'content': 'Auf Wiederhören! Einen schönen Tag noch.', 'id': '4f1c64ae-80a3-4898-8a3d-4fe8a734abdb', 'role': 'assistant'}, {'content': '', 'id': 'lc_run--01a001ce-216f-78e2-a838-c3094adf4c3f-0', 'role': 'user'}, {'content': '', 'id': '97ef9c06-dbf3-4a26-ac7d-0b0531de63a8', 'role': 'assistant'}]",11.765074,,01a001ce-0412-7b31-9179-382463dcac61,1.0,0.0,0.0,3,5,1.6807
KN3205,Herbert Dietrich,015789643375,"flexibel, außer montags",Wo finde ich Infos zur Barrierefreiheit meines Objekts?,surfersimmobilien+predeploy@outlook.com,"[{'content': 'Hallo! Sie haben die digitale Anruf-Assistentin von Surfers Immobilien erreicht. Was kann ich für Sie tun?', 'role': 'assistant'}, {'content': 'Hallo, ich habe eine Frage: Wo finde ich Infos zur Barrierefreiheit meines Objekts? Können Sie mir da weiterhelfen?', 'id': '59b02bab-fa4b-4e85-a425-01097de88879', 'role': 'user'}, {'content': 'Okay, ich schaue nach. Leider gibt es in meinen Unterlagen keine spezifischen Details zur Barrierefreiheit einzelner Objekte. Da nicht alle Gebäude einen Aufzug haben, müssten Sie dies direkt anfragen.\n\nHaben Sie noch weitere Fragen?', 'id': 'bc885bf6-5bff-4405-b0a8-42b359034d69', 'role': 'assistant'}, {'content': 'Nein, danke. Das war alles. Auf Wiederhören.', 'id': 'lc_run--01a001ce-14d3-7db2-8f73-c57bc0a6c61c-0', 'role': 'user'}, {'content': '', 'id': 'cb241801-3041-44d1-bd2d-5e5ca3bbc23a', 'role': 'assistant'}, {'content': '', 'id': 'lc_run--01a001ce-1f3b-7620-b85d-053846b246f3-0', 'role': 'user'}, {'content': '(Das Gespräch wurde beendet.)', 'id': 'd40dc0aa-6e7e-4c28-bb95-52ba252ab490', 'role': 'assistant'}]",9.545743,,01a001ce-068d-7cb2-be51-ea88ebfcd852,1.0,0.0,0.0,3,5,1.3637
KN9320,Markus Schmidt,015789643375,Montag von 9 Uhr bis 12 Uhr,"Wie lange habe ich Zeit, gegen die Nebenkostenabrechnung Widerspruch einzulegen?",surfersimmobilien+predeploy@outlook.com,"[{'content': 'Hallo! Sie haben die digitale Anruf-Assistentin von Surfers Immobilien erreicht. Was kann ich für Sie tun?', 'role': 'assistant'}, {'content': 'Hallo, ich habe eine Frage: Wie lange habe ich Zeit, gegen die Nebenkostenabrechnung Widerspruch einzulegen? Können Sie mir da weiterhelfen?', 'id': '069d33f8-778d-486c-b0e4-df63b3b66297', 'role': 'user'}, {'content': 'Das können Sie tun. Sie haben zwölf Monate Zeit, nach Erhalt der Abrechnung schriftlich oder per E-Mail zu widersprechen. Danach gilt die Abrechnung als anerkannt.\n\nHaben Sie noch weitere Fragen?', 'id': '95ac6446-d134-4571-b0c7-52878190a087', 'role': 'assistant'}, {'content': 'Nein, danke. Das war alles. Auf Wiederhören.', 'id': 'lc_run--01a001ce-173d-7d73-b143-e25ee0018da4-0', 'role': 'user'}, {'content': 'Alles klar. Auf Wiederhören!', 'id': 'f8c5bab4-f543-4cc6-89e6-23921cad8b72', 'role': 'assistant'}, {'content': '', 'id': 'lc_run--01a001ce-203c-7431-a50c-60cac2f339d1-0', 'role': 'user'}, {'content': '', 'id': 'd5e0c222-164b-410f-9c56-c9bcce5a0a49', 'role': 'assistant'}]",9.560067,,01a001ce-08d9-7533-885d-75e503cf281b,1.0,0.0,1.0,3,5,1.3657
KN7287,Emil Nowak,015789643375,nur am späten Nachmittag,Wer kümmert sich um die Gartenpflege in der Wohnanlage?,surfersimmobilien+predeploy@outlook.com,"[{'content': 'Hallo! Sie haben die digitale Anruf-Assistentin von Surfers Immobilien erreicht. Was kann ich für Sie tun?', 'role': 'assistant'}, {'content': 'Hallo, ich habe eine Frage: Wer kümmert sich um die Gartenpflege in der Wohnanlage? Können Sie mir da weiterhelfen?', 'id': 'e32026b9-8588-4610-ba15-5577edb12ac0', 'role': 'user'}, {'content': 'Die Gartenpflege ist in den Nebenkosten enthalten. Wer genau die Arbeiten ausführt, geht aus den Unterlagen nicht hervor. Haben Sie noch weitere Fragen?', 'id': 'b33e4104-ab9e-4eac-a59f-7a22042bf582', 'role': 'assistant'}, {'content': 'Nein, danke. Das war alles. Auf Wiederhören.', 'id': 'lc_run--01a001ce-3d40-7ff2-a6be-3ba107c4e913-0', 'role': 'user'}, {'content': 'Alles klar. Auf Wiederhören!', 'id': 'd4595b55-394b-4c86-a700-249881a08476', 'role': 'assistant'}, {'content': '', 'id': 'lc_run--01a001ce-45cf-7d20-9cbc-5c6d013ffcd8-0', 'role': 'user'}, {'content': '', 'id': 'f72dc940-f343-4b2b-9675-be766b194e18', 'role': 'assistant'}]",10.100002,,01a001ce-2bd8-7493-8c02-a83e2d7e0198,1.0,0.0,1.0,3,5,1.4429
KN5983,Christa Pfeiffer,015789643375,Montag von 9 Uhr bis 12 Uhr,Zu welchem Termin kann ich frühestens kündigen?,surfersimmobilien+predeploy@outlook.com,"[{'content': 'Hallo! Sie haben die digitale Anruf-Assistentin von Surfers Immobilien erreicht. Was kann ich für Sie tun?', 'role': 'assistant'}, {'content': 'Hallo, ich habe eine Frage: Zu welchem Termin kann ich frühestens kündigen? Können Sie mir da weiterhelfen?', 'id': '79faf240-5956-4210-919d-dfa4215d307f', 'role': 'user'}, {'content': 'Die ordentliche Kündigungsfrist für den Nutzungsvertrag Ihrer Wohnung beträgt drei Monate zum Monatsende. Die Kündigung muss schriftlich erfolgen.\n\nHaben Sie noch weitere Fragen?', 'id': 'fbbf3ab0-539c-4243-ba94-16671aa07e51', 'role': 'assistant'}, {'content': 'Nein, danke. Das war alles. Auf Wiederhören.', 'id': 'lc_run--01a001ce-3d3d-7d83-9bf6-fb54ee99f842-0', 'role': 'user'}, {'content': 'Alles klar. Auf Wiederhören!', 'id': 'd3618ff5-d8dc-4f8a-ae45-c12ec51d9fef', 'role': 'assistant'}, {'content': '', 'id': 'lc_run--01a001ce-465b-77b0-97fc-d7340eadf353-0', 'role': 'user'}, {'content': '', 'id': 'de7e03a0-ad10-415a-a512-e67f1865880a', 'role': 'assistant'}]",9.570846,,01a001ce-2e32-70a1-b6e1-b85c531e05ed,1.0,0.0,1.0,3,5,1.3673
KN7151,Renate Vogt,015789643375,Montag von 10 Uhr bis 13 Uhr,Darf ich zwei Katzen ohne Genehmigung halten?,surfersimmobilien+predeploy@outlook.com,"[{'content': 'Hallo! Sie haben die digitale Anruf-Assistentin von Surfers Immobilien erreicht. Was kann ich für Sie tun?', 'role': 'assistant'}, {'content': 'Hallo, ich habe eine Frage: Darf ich zwei Katzen ohne Genehmigung halten? Können Sie mir da weiterhelfen?', 'id': '4e9bb5f2-5e98-4a61-b802-2dbe12463594', 'role': 'user'}, {'content': 'Ja, Katzen dürfen ohne gesonderte Genehmigung gehalten werden. Das gilt allerdings nur für maximal zwei Haustiere gleichzeitig. Haben Sie noch weitere Fragen?', 'id': '5900555d-d788-43a6-bec5-a51f3140248b', 'role': 'assistant'}, {'content': 'Nein, danke. Das war alles. Auf Wiederhören.', 'id': 'lc_run--01a001ce-3dcd-73f1-a2d9-9f76f0dca47a-0', 'role': 'user'}, {'content': '', 'id': 'fd6c5902-4de1-4427-a0e9-f6543535255b', 'role': 'assistant'}, {'content': '', 'id': 'lc_run--01a001ce-4a0c-7983-ae18-311bf41af649-0', 'role': 'user'}, {'content': '(Die Konversation wurde beendet.)', 'id': 'd82c3710-34ea-49ee-af5c-c3a234aff93d', 'role': 'assistant'}]",9.97418,,01a001ce-2e47-7581-aca0-ce9ef2da1a66,1.0,0.0,1.0,3,5,1.4249
KN8330,Ernst Weiß,015789643375,Dienstag von 9 Uhr bis 11 Uhr,Wo ändere ich meine Telefonnummer im Kundenportal?,surfersimmobilien+predeploy@outlook.com,"[{'content': 'Hallo! Sie haben die digitale Anruf-Assistentin von Surfers Immobilien erreicht. Was kann ich für Sie tun?', 'role': 'assistant'}, {'content': 'Hallo, ich habe eine Frage: Wo ändere ich meine Telefonnummer im Kundenportal? Können Sie mir da weiterhelfen?', 'id': '1759c7b2-6340-4e53-b6cd-c9858a7556a3', 'role': 'user'}, {'content': 'Alles klar. Das können Sie direkt im Kundenportal unter portal punkt surfers-immobilien punkt de erledigen. Loggen Sie sich dort einfach mit Ihrer Kundennummer und Ihrem Passwort ein. Dort gibt es den Bereich zum Ändern Ihrer Kontakt- und Bankdaten.\n\nHaben Sie noch weitere Fragen?', 'id': 'def627f7-e245-41a6-9529-12a32330bde3', 'role': 'assistant'}, {'content': 'Nein, danke. Das war alles. Auf Wiederhören.', 'id': 'lc_run--01a001ce-4102-73c3-89e0-5cadf83ed246-0', 'role': 'user'}, {'content': 'Gerne. Auf Wiederhören!', 'id': '58a3661f-aac9-4632-abdb-84ae0973a155', 'role': 'assistant'}, {'content': '', 'id': 'lc_run--01a001ce-4a09-7a32-8088-525367207d54-0', 'role': 'user'}, {'content': '', 'id': 'fb6e1622-d7fc-4b33-aa33-6ff8b5d722d7', 'role': 'assistant'}]",9.784895,,01a001ce-3208-7c80-bc65-ad61130b6ee3,1.0,0.0,1.0,3,5,1.3978
KN4762,Volker Berger,015789643375,"flexibel, außer montags",Wie hoch ist die Kaution im Verhältnis zur Kaltmiete?,surfersimmobilien+predeploy@outlook.com,"[{'content': 'Hallo! Sie haben die digitale Anruf-Assistentin von Surfers Immobilien erreicht. Was kann ich für Sie tun?', 'role': 'assistant'}, {'content': 'Hallo, ich habe eine Frage: Wie hoch ist die Kaution im Verhältnis zur Kaltmiete? Können Sie mir da weiterhelfen?', 'id': '8bba4871-5959-44d6-833d-7d5599cc0259', 'role': 'user'}, {'content': 'Die Kaution beträgt eine Monatsnutzungsgebühr. Haben Sie noch weitere Fragen?', 'id': 'c04522e0-f3fc-449f-9bf6-b862a6d6914f', 'role': 'assistant'}, {'content': 'Nein, das war alles. Vielen Dank, auf Wiederhören.', 'id': 'lc_run--01a001ce-620a-7f23-9648-4354b8472476-0', 'role': 'user'}, {'content': 'Gerne. Auf Wiederhören!', 'id': '615a9329-f5ea-47de-a03e-08bf2018fcbc', 'role': 'assistant'}, {'content': '', 'id': 'lc_run--01a001ce-6b48-78c2-a98f-04f79f122219-0', 'role': 'user'}, {'content': '', 'id': '6f122e61-191a-4fdb-991b-aeced9668d63', 'role': 'assistant'}]",10.221916,,01a001ce-534d-7471-8ce3-474678e39e15,1.0,0.0,1.0,3,5,1.4603
KN2392,Angelika Köhler,015789643375,den ganzen Freitag,Welche Zahlungsmethoden werden für die Miete akzeptiert?,surfersimmobilien+predeploy@outlook.com,"[{'content': 'Hallo! Sie haben die digitale Anruf-Assistentin von Surfers Immobilien erreicht. Was kann ich für Sie tun?', 'role': 'assistant'}, {'content': 'Hallo, ich habe eine Frage: Welche Zahlungsmethoden werden für die Miete akzeptiert? Können Sie mir da weiterhelfen?', 'id': 'e863823d-5069-4a73-b05f-1501df643863', 'role': 'user'}, {'content': 'Bevorzugt wird die Zahlung per SEPA-Lastschrift, aber Überweisungen sind ebenfalls möglich. Haben Sie noch weitere Fragen?', 'id': '07678f90-b9e2-4267-ac6b-8d2e91d1d9e7', 'role': 'assistant'}, {'content': 'Nein, vielen Dank. Auf Wiederhören.', 'id': 'lc_run--01a001ce-6210-7331-900b-c65161fdd2ea-0', 'role': 'user'}, {'content': 'Gerne. Auf Wiederhören!', 'id': '22f3fb4a-7e28-496c-889c-ea24b0332184', 'role': 'assistant'}, {'content': '', 'id': 'lc_run--01a001ce-6a3a-79b0-9316-1354aa2505b1-0', 'role': 'user'}, {'content': '', 'id': '3389ed36-8637-4860-ac1f-d01bf516483b', 'role': 'assistant'}]",9.023303,,01a001ce-5396-7c12-b37f-e17b95203e37,1.0,0.0,1.0,3,5,1.289
KN2034,Uwe Schwarz,015789643375,den ganzen Donnerstag,Wann wird die gelbe Tonne geleert?,surfersimmobilien+predeploy@outlook.com,"[{'content': 'Hallo! Sie haben die digitale Anruf-Assistentin von Surfers Immobilien erreicht. Was kann ich für Sie tun?', 'role': 'assistant'}, {'content': 'Hallo, ich habe eine Frage: Wann wird die gelbe Tonne geleert? Können Sie mir da weiterhelfen?', 'id': 'c0d5156e-79b3-47a9-8f69-4e39357d415f', 'role': 'user'}, {'content': 'Die gelbe Tonne wird jeden zweiten Mittwoch geleert. Haben Sie noch weitere Fragen?', 'id': 'f4bf620a-d253-43d1-bcb1-03c1e6c87da2', 'role': 'assistant'}, {'content': 'Nein, danke. Das war alles. Auf Wiederhören.', 'id': 'lc_run--01a001ce-620c-7ed1-8aad-dd29e19a0769-0', 'role': 'user'}, {'content': 'Alles klar. Auf Wiederhören!', 'id': '0b93c85b-2801-45a1-b04a-b15e1b03f417', 'role': 'assistant'}, {'content': '', 'id': 'lc_run--01a001ce-6a54-7d63-b0f4-72774ad7d297-0', 'role': 'user'}, {'content': '', 'id': 'e504e9a3-6d0d-4d1f-b750-22853b08601b', 'role': 'assistant'}]",9.757644,,01a001ce-553e-7a90-bcf0-c813535ebf9f,1.0,0.0,1.0,3,5,1.3939
KN2542,Michael Wagner,015789643375,Donnerstag von 8 Uhr bis 11 Uhr,Wie kann ich einen Schaden in meiner Wohnung melden?,surfersimmobilien+predeploy@outlook.com,"[{'content': 'Hallo! Sie haben die digitale Anruf-Assistentin von Surfers Immobilien erreicht. Was kann ich für Sie tun?', 'role': 'assistant'}, {'content': 'Hallo, ich habe eine Frage: Wie kann ich einen Schaden in meiner Wohnung melden? Können Sie mir da weiterhelfen?', 'id': 'a8d705c2-4e00-467b-97ad-49c46425d1dd', 'role': 'user'}, {'content': 'Alles klar. Schäden können Sie jederzeit über das Kundenportal im Formular für Schadensmeldungen oder während der Öffnungszeiten telefonisch über die Hotline melden. Bei akuten Notfällen gibt es zudem eine Notfallhotline.\n\nHaben Sie noch weitere Fragen?', 'id': '1fb70e0c-9a1f-4981-a88d-3b47e3a6ad10', 'role': 'assistant'}, {'content': 'Nein, danke. Das war alles. Auf Wiederhören.', 'id': 'lc_run--01a001ce-6609-7ff3-ae25-265bc0a6330e-0', 'role': 'user'}, {'content': '', 'id': '569b21b3-cb0e-4b7c-a4b7-26ff3d25c8e8', 'role': 'assistant'}, {'content': '', 'id': 'lc_run--01a001ce-70fc-7062-bc68-07da63f071f4-0', 'role': 'user'}, {'content': 'Da Sie keine weitere Frage haben, verabschiede ich mich. Auf Wiederhören!', 'id': 'a5eb3b69-4ee1-4fc3-a20d-d2e82ace035a', 'role': 'assistant'}]",9.670342,,01a001ce-5843-7372-bc21-e1239a1f4ad4,1.0,0.0,1.0,3,5,1.3815
KN7877,Ursula Jäger,015789643375,immer dienstags und donnerstags,Wie melde ich mich für die Stellplatz-Warteliste an?,surfersimmobilien+predeploy@outlook.com,"[{'content': 'Hallo! Sie haben die digitale Anruf-Assistentin von Surfers Immobilien erreicht. Was kann ich für Sie tun?', 'role': 'assistant'}, {'content': 'Hallo, ich habe eine Frage: Wie melde ich mich für die Stellplatz-Warteliste an? Können Sie mir da weiterhelfen?', 'id': '7a8dc903-0784-498c-8a73-b5be818a5a09', 'role': 'user'}, {'content': '}Alles klar. Sie können sich über das Kundenportal für die Stellplatz-Warteliste anmelden. Haben Sie noch weitere Fragen?', 'id': '0d7a8b99-3ec3-4bd6-bfec-b11dbe45d896', 'role': 'assistant'}, {'content': 'Nein, danke. Das war alles. Auf Wiederhören.', 'id': 'lc_run--01a001ce-874d-7ad1-b25c-fa42edc284a3-0', 'role': 'user'}, {'content': '', 'id': 'cd9b9c32-be27-493f-b8fe-3a1e2aa927d3', 'role': 'assistant'}, {'content': '', 'id': 'lc_run--01a001ce-9077-7d33-97bd-79f63babc4ad-0', 'role': 'user'}, {'content': '// Keine Eingabe vom Nutzer erhalten. Ich bleibe im Bereitschaftsmodus.', 'id': '905e6e1d-a872-476c-8112-ef1eba2cc60a', 'role': 'assistant'}]",10.036634,,01a001ce-76d7-79b0-833d-e1edb58e4386,1.0,0.0,1.0,3,5,1.4338
KN1245,Klaus Schröder,015789643375,Mittwoch und Freitag vormittags,Wie viel kostet ein Stellplatz pro Monat?,surfersimmobilien+predeploy@outlook.com,"[{'content': 'Hallo! Sie haben die digitale Anruf-Assistentin von Surfers Immobilien erreicht. Was kann ich für Sie tun?', 'role': 'assistant'}, {'content': 'Hallo, ich habe eine Frage: Wie viel kostet ein Stellplatz pro Monat? Können Sie mir da weiterhelfen?', 'id': '1096533a-0a8b-44ee-b7aa-f5ec54b83100', 'role': 'user'}, {'content': 'Ein Stellplatz kostet monatlich fünfunddreißig Euro. Haben Sie noch weitere Fragen?', 'id': 'bb03fdd0-12ac-431c-a03b-fec6651b3c3b', 'role': 'assistant'}, {'content': 'Nein, danke. Das war alles. Auf Wiederhören.', 'id': 'lc_run--01a001ce-87bf-7df0-bc95-3149d36efc5f-0', 'role': 'user'}, {'content': 'Alles klar. Auf Wiederhören!', 'id': 'c2d98511-0024-47f2-b3d2-3387eeb746c5', 'role': 'assistant'}, {'content': '', 'id': 'lc_run--01a001ce-8f4d-7ab0-9656-6639759dd0a3-0', 'role': 'user'}, {'content': '', 'id': 'bcad6a5a-f471-4b16-865f-47b8af23d363', 'role': 'assistant'}]",8.993257,,01a001ce-7b3c-7a61-8fcd-282d76dfc0cb,1.0,0.0,1.0,3,5,1.2848
KN3145,Paul Schubert,015789643375,immer mittwochs und freitags,Muss ich beim Auszug persönlich bei der Übergabe dabei sein?,surfersimmobilien+predeploy@outlook.com,"[{'content': 'Hallo! Sie haben die digitale Anruf-Assistentin von Surfers Immobilien erreicht. Was kann ich für Sie tun?', 'role': 'assistant'}, {'content': 'Hallo, ich habe eine Frage: Muss ich beim Auszug persönlich bei der Übergabe dabei sein? Können Sie mir da weiterhelfen?', 'id': 'e616d5bb-675f-4ffd-8352-c773b960f3f5', 'role': 'user'}, {'content': 'Leider kann ich Ihnen dazu keine Auskunft geben, da mir die entsprechenden Informationen nicht vorliegen. Haben Sie noch weitere Fragen?', 'id': 'b58fe850-acac-403c-a39b-d62b964bf181', 'role': 'assistant'}, {'content': 'Nein, danke. Auf Wiederhören.', 'id': 'lc_run--01a001ce-8a83-7de2-b73e-af62c7f7409c-0', 'role': 'user'}, {'content': 'Auf Wiederhören! Einen schönen Tag noch.', 'id': '288f7c73-6256-4e2b-904b-8a60fb893774', 'role': 'assistant'}, {'content': '', 'id': 'lc_run--01a001ce-92d7-7641-9219-d3aaf12f262d-0', 'role': 'user'}, {'content': '', 'id': '9a382204-696e-4a36-a1c5-dcbc7817480d', 'role': 'assistant'}]",9.389084,,01a001ce-7b5c-7af2-b31e-e422ee41b237,1.0,0.0,0.0,3,5,1.3413
KN8402,Chris Tersteegen,015789643375,immer dienstags und donnerstags,Bis wann muss die jährliche Nebenkostenabrechnung erstellt werden?,surfersimmobilien+predeploy@outlook.com,"[{'content': 'Hallo! Sie haben die digitale Anruf-Assistentin von Surfers Immobilien erreicht. Was kann ich für Sie tun?', 'role': 'assistant'}, {'content': 'Hallo, ich habe eine Frage: Bis wann muss die jährliche Nebenkostenabrechnung erstellt werden? Können Sie mir da weiterhelfen?', 'id': '1e2900a7-b282-4c03-a067-6dbae7b18b3d', 'role': 'user'}, {'content': 'Die jährliche Nebenkostenabrechnung wird spätestens zum einunddreißigsten Dezember des Folgejahres erstellt. Haben Sie noch weitere Fragen?', 'id': 'bab4de29-8282-406d-8b8c-6dfc06d97862', 'role': 'assistant'}, {'content': 'Nein, danke. Das war alles. Auf Wiederhören.', 'id': 'lc_run--01a001ce-8b98-7320-b434-fda84ffc4a71-0', 'role': 'user'}, {'content': 'Alles klar. Auf Wiederhören!', 'id': '605ef1b9-5057-42d7-94fe-42aeb7413560', 'role': 'assistant'}, {'content': '', 'id': 'lc_run--01a001ce-9470-7733-a8fd-9eddb30e8201-0', 'role': 'user'}, {'content': '', 'id': '22f28832-935a-476f-a15e-496da4b108df', 'role': 'assistant'}]",9.625671,,01a001ce-7e0a-7c13-ab5a-6114a5311f9c,1.0,0.0,1.0,3,5,1.3751
KN8629,Anna Herrmann,015789643375,den ganzen Mittwoch,Welche Kosten sind in der Nebenkostenabrechnung enthalten?,surfersimmobilien+predeploy@outlook.com,"[{'content': 'Hallo! Sie haben die digitale Anruf-Assistentin von Surfers Immobilien erreicht. Was kann ich für Sie tun?', 'role': 'assistant'}, {'content': 'Hallo, ich habe eine Frage: Welche Kosten sind in der Nebenkostenabrechnung enthalten? Können Sie mir da weiterhelfen?', 'id': 'abd785e3-7b5a-4199-af5a-c042a01cfdf8', 'role': 'user'}, {'content': 'In der Nebenkostenabrechnung sind die Wasser- und Abwasserkosten, die Müllabfuhr, die Gartenpflege sowie der Allgemeinstrom für das Treppenhaus und die Außenbeleuchtung enthalten.\n\nHaben Sie noch weitere Fragen?', 'id': '92afce4d-76a1-438c-83cd-435e7f81d586', 'role': 'assistant'}, {'content': 'Nein, danke. Das war alles. Auf Wiederhören.', 'id': 'lc_run--01a001ce-ab80-75a0-b1e4-cd99e0661099-0', 'role': 'user'}, {'content': '', 'id': 'e3886b12-e54e-4cb4-9839-cdeb7acced46', 'role': 'assistant'}, {'content': '', 'id': 'lc_run--01a001ce-ef14-7862-aeda-2503d7339c9e-0', 'role': 'user'}, {'content': '(Die Konversation wurde beendet.)', 'id': 'ccbdfa22-499b-4844-8210-78e9e142fecf', 'role': 'assistant'}]",25.981306,,01a001ce-9e0f-74f3-84fb-21a408bce3df,1.0,0.0,0.0,3,5,3.7116
KN1276,Ute Böhm,015789643375,den ganzen Dienstag,Muss die Kündigung schriftlich erfolgen?,surfersimmobilien+predeploy@outlook.com,"[{'content': 'Hallo! Sie haben die digitale Anruf-Assistentin von Surfers Immobilien erreicht. Was kann ich für Sie tun?', 'role': 'assistant'}, {'content': 'Hallo, ich habe eine Frage: Muss die Kündigung schriftlich erfolgen? Können Sie mir da weiterhelfen?', 'id': '430fdd51-1a7b-4d21-874c-82b19eb9205e', 'role': 'user'}, {'content': 'Ja, die Kündigung muss schriftlich erfolgen. Das kann entweder per Brief oder als eingescanntes, unterschriebenes Dokument geschehen.\n\nHaben Sie noch weitere Fragen?', 'id': '456fe6f7-e730-4318-84ed-ddde34cd0512', 'role': 'assistant'}, {'content': 'Nein, danke. Das war alles. Auf Wiederhören.', 'id': 'lc_run--01a001ce-af3f-7850-b200-bf952eb98df2-0', 'role': 'user'}, {'content': 'Alles klar. Auf Wiederhören!', 'id': '33428fd5-4a9c-436a-b4e1-9a6bcc7f90b5', 'role': 'assistant'}, {'content': '', 'id': 'lc_run--01a001ce-f0af-77a3-b2e6-8d9c81f10f1f-0', 'role': 'user'}, {'content': '', 'id': '0f1d639c-3eec-49db-8d51-22acb86fe146', 'role': 'assistant'}]",24.664616,,01a001ce-9e5e-7db3-8e78-bae05ed7542a,1.0,0.0,1.0,3,5,3.5235
KN8421,Frank Klein,015789643375,abends nach 18 Uhr,Wie viele Haustiere darf ich ohne Genehmigung halten?,surfersimmobilien+predeploy@outlook.com,"[{'content': 'Hallo! Sie haben die digitale Anruf-Assistentin von Surfers Immobilien erreicht. Was kann ich für Sie tun?', 'role': 'assistant'}, {'content': 'Hallo, ich habe eine Frage: Wie viele Haustiere darf ich ohne Genehmigung halten? Können Sie mir da weiterhelfen?', 'id': 'bdd98c94-f343-46a5-a278-16f7269145bc', 'role': 'user'}, {'content': 'Alles klar. Kleintiere wie Katzen, kleine Hunde und Vögel dürfen Sie ohne Genehmigung halten. Wenn es sich jedoch um große Hunde handelt oder Sie mehr als zwei Haustiere gleichzeitig halten möchten, brauchen Sie eine schriftliche Genehmigung der Genossenschaft.\n\nHaben Sie noch weitere Fragen?', 'id': '5ac47b48-e9b2-4bc2-9f71-500672d3eb3e', 'role': 'assistant'}, {'content': 'Nein, danke. Das war alles. Auf Wiederhören.', 'id': 'lc_run--01a001ce-af42-71f3-85ac-acefd1a70774-0', 'role': 'user'}, {'content': 'Gerne. Auf Wiederhören!', 'id': '1e668ebc-7e62-438c-8312-ef57c3c484c9', 'role': 'assistant'}, {'content': '', 'id': 'lc_run--01a001ce-dad8-7873-a1a1-d2350397869f-0', 'role': 'user'}, {'content': '', 'id': '6bdb6e97-861d-4d04-9081-c5f9d67a47b8', 'role': 'assistant'}]",27.340297,,01a001ce-a00b-7032-83b0-d919c0b4d118,1.0,0.0,1.0,3,5,3.9058
KN8492,Ralf Herzog,015789643375,immer montags und mittwochs,Kann ich eine Ratenzahlung für meine Miete vereinbaren?,surfersimmobilien+predeploy@outlook.com,"[{'content': 'Hallo! Sie haben die digitale Anruf-Assistentin von Surfers Immobilien erreicht. Was kann ich für Sie tun?', 'role': 'assistant'}, {'content': 'Hallo, ich habe eine Frage: Kann ich eine Ratenzahlung für meine Miete vereinbaren? Können Sie mir da weiterhelfen?', 'id': 'ab9a2ccf-b03f-4379-b3e1-13a9be0e9973', 'role': 'user'}, {'content': 'Alles klar. Da geht es vermutlich um eine Mietzahlung. Geht es Ihnen dabei um eine einmalige Ratenzahlung oder möchten Sie eine dauerhafte Vereinbarung treffen?', 'id': '9d43fe20-538a-40c0-b9e8-263e7503c434', 'role': 'assistant'}, {'content': 'Es geht um eine einmalige Ratenzahlung.', 'id': 'lc_run--01a001ce-af52-7353-8ad4-717618753f83-0', 'role': 'user'}, {'content': 'Okay. Am besten besprechen wir das in einem kurzen Gespräch. Welchen Terminstyp möchten Sie dafür buchen?', 'id': 'e5e04452-0f7c-4215-a4e4-db30bec67301', 'role': 'assistant'}, {'content': 'Einen Termin zur Klärung einer einmaligen Ratenzahlung für meine Miete, bitte.', 'id': 'lc_run--01a001ce-eef5-7182-9982-8b724836b08c-0', 'role': 'user'}, {'content': '', 'id': 'd038bda4-4ae0-4b4a-ae05-2bdb67590420', 'role': 'assistant'}, {'content': 'Hallo? Sind Sie noch da?', 'id': 'lc_run--01a001ce-fe0a-7341-b1af-bad80200aec0-0', 'role': 'user'}, {'content': 'Hallo? Sind Sie noch da?', 'id': '0e91a7d4-4086-4d3c-a791-e415bb46e49c', 'role': 'assistant'}, {'content': 'Ja, ich bin noch da.', 'id': 'lc_run--01a001cf-2088-7863-af9b-76ee6bc75997-0', 'role': 'user'}, {'content': 'Ja, ich bin noch da.', 'id': 'f91e9275-8cc2-4976-871e-5ba162b8c23b', 'role': 'assistant'}, {'content': 'Alles klar. Ich möchte bitte einen Termin zur einmaligen Ratenzahlung meiner Miete buchen.', 'id': 'lc_run--01a001cf-3a74-7c22-9704-1d21d503ecf8-0', 'role': 'user'}, {'content': 'Alles klar. Ich möchte bitte einen Termin zur einmaligen Ratenzahlung meiner Miete buchen.', 'id': '527e0773-46a3-4870-82bb-352936423dd6', 'role': 'assistant'}, {'content': 'Ja, genau.', 'id': 'lc_run--01a001cf-57a5-75c2-893b-50ab8968ab35-0', 'role': 'user'}, {'content': 'Ja, genau.', 'id': 'fdb88778-d672-49ae-9030-9b4ba8cdac29', 'role': 'assistant'}, {'content': 'Können Sie mir bitte sagen, welche Terminauswahl dafür möglich ist?', 'id': 'lc_run--01a001cf-6de5-70f3-9ff6-6031466ec5ba-0', 'role': 'user'}, {'content': 'Können Sie mir bitte sagen, welche Terminauswahl dafür möglich ist?', 'id': 'c9f45a2f-28c2-4b5f-a9dd-a3129abf6f8d', 'role': 'assistant'}, {'content': 'Das kann ich leider nicht sagen. Ich richte mich nach Ihren verfügbaren Terminen.', 'id': 'lc_run--01a001cf-8ade-7292-817d-5e451276e2c8-0', 'role': 'user'}, {'content': 'Das kann ich leider nicht sagen. Ich richte mich nach Ihren verfügbaren Terminen.', 'id': 'be32fefb-0c0f-41b8-ae04-48adb1bb2b4b', 'role': 'assistant'}, {'content': 'Ich bin montags und mittwochs erreichbar.', 'id': 'lc_run--01a001cf-b13e-73f0-a5ca-3f3877e86e19-0', 'role': 'user'}, {'content': 'Ich bin montags und mittwochs erreichbar.', 'id': 'a3afa317-5095-4c77-9915-e7f3f378a581', 'role': 'assistant'}, {'content': 'Genau, montags und mittwochs bin ich erreichbar.', 'id': 'lc_run--01a001cf-cf48-7941-8489-432834b8f61d-0', 'role': 'user'}, {'content': 'Genau, montags und mittwochs bin ich erreichbar.', 'id': '7684ea74-9921-46e2-a0b0-37ace22ae61a', 'role': 'assistant'}, {'content': 'Ja, bitte buchen Sie einen passenden Termin an einem Montag oder Mittwoch.', 'id': 'lc_run--01a001cf-ec21-70b0-830a-101650000899-0', 'role': 'user'}, {'content': 'Ja, bitte buchen Sie einen passenden Termin an einem Montag oder Mittwoch.', 'id': '8f734313-68c8-4a49-82e6-522cd8bc94af', 'role': 'assistant'}, {'content': 'Danke. Wenn Sie weitere Daten von mir benötigen, gebe ich sie Ihnen gern.', 'id': 'lc_run--01a001d0-05a5-76d0-afa0-d315d4b52cd2-0', 'role': 'user'}, {'content': 'Danke. Wenn Sie weitere Daten von mir benötigen, gebe ich sie Ihnen gern.', 'id': 'a311340d-9262-419f-a6fa-4f657f06f762', 'role': 'assistant'}, {'content': 'Gern. Welche Angaben brauchen Sie von mir?', 'id': 'lc_run--01a001d0-22f2-7fa3-8bcf-40952b1b0853-0', 'role': 'user'}, {'content': 'Gern. Welche Angaben brauchen Sie von mir?', 'id': '2822d14c-acbe-4e32-a7a8-e37da06d7953', 'role': 'assistant'}, {'content': 'Ich kann Ihnen meinen Namen, meine Kundennummer, Telefonnummer oder E-Mail-Adresse nennen, wenn Sie das benötigen.', 'id': 'lc_run--01a001d0-3a73-7cb2-8f10-72161cd83bd8-0', 'role': 'user'}, {'content': 'Ich kann Ihnen meinen Namen, meine Kundennummer, Telefonnummer oder E-Mail-Adresse nennen, wenn Sie das benötigen.', 'id': '99ddf7d3-dd25-490b-830a-b08d49d27bf4', 'role': 'assistant'}, {'content': 'Benötigen Sie diese Angaben zur Terminbuchung?', 'id': 'lc_run--01a001d0-563f-7831-8ebe-a94e506006ae-0', 'role': 'user'}, {'content': 'Benötigen Sie diese Angaben zur Terminbuchung?', 'id': '1d1c0caa-a703-46d5-bb31-5c49aa5abcd7', 'role': 'assistant'}, {'content': 'Wenn Sie die Angaben brauchen, nenne ich sie gern. Welche benötigen Sie?', 'id': 'lc_run--01a001d0-7093-7cc3-8e01-a1dbb6f0eb0e-0', 'role': 'user'}, {'content': 'Wenn Sie die Angaben brauchen, nenne ich sie gern. Welche benötigen Sie?', 'id': '3eb13dfc-b29b-4370-b0f7-df2ff7882c5b', 'role': 'assistant'}, {'content': 'Für die Terminbuchung können Sie meinen Namen und meine Telefonnummer verwenden.', 'id': 'lc_run--01a001d0-8d61-71d3-afc2-6d6e19111d02-0', 'role': 'user'}, {'content': 'Für die Terminbuchung können Sie meinen Namen und meine Telefonnummer verwenden.', 'id': '975be20f-af58-464a-8fe9-3d4406c032cc', 'role': 'assistant'}, {'content': 'Mein Name ist Ralf Herzog und meine Telefonnummer ist 015789643375.', 'id': 'lc_run--01a001d0-aa10-7d80-9f56-b86705b7234a-0', 'role': 'user'}, {'content': 'Mein Name ist Ralf Herzog und meine Telefonnummer ist 015789643375.', 'id': 'b7f2492b-07ea-4419-8ebb-ecfc811d10f7', 'role': 'assistant'}, {'content': 'Ja, das ist korrekt.', 'id': 'lc_run--01a001d0-c65a-7200-b970-9c32b28b1908-0', 'role': 'user'}, {'content': 'Ja, das ist korrekt.', 'id': '47c52cae-c1a7-405a-8d35-4b7cb1e1fd01', 'role': 'assistant'}]",147.251442,,01a001ce-a3a5-7c50-b60c-581e3f196f03,1.0,1.0,0.0,20,39,3.5915
KN4116,Monika Krüger,015789643375,den ganzen Dienstag,Welcher Anbieter stellt den Kabelanschluss in meinem Gebäude bereit?,surfersimmobilien+predeploy@outlook.com,"[{'content': 'Hallo! Sie haben die digitale Anruf-Assistentin von Surfers Immobilien erreicht. Was kann ich für Sie tun?', 'role': 'assistant'}, {'content': 'Hallo, ich habe eine Frage: Welcher Anbieter stellt den Kabelanschluss in meinem Gebäude bereit? Können Sie mir da weiterhelfen?', 'id': '3a2e4154-3dd5-4cb2-bf22-da85895a4adc', 'role': 'user'}, {'content': 'Alles klar. Alle Gebäude von Surfers Immobilien sind mit einem Kabelanschluss von Vodafone ausgestattet. Den Vertrag müssen Sie allerdings direkt mit dem Anbieter abschließen. Haben Sie noch weitere Fragen?', 'id': '64e65cb1-7f5e-4048-b66c-2cfa389ff217', 'role': 'assistant'}, {'content': 'Nein, danke. Das war alles. Auf Wiederhören.', 'id': 'lc_run--01a001cf-1559-7452-bff2-ba8fcf6ce315-0', 'role': 'user'}, {'content': 'Gerne. Auf Wiederhören!', 'id': '21690864-8e09-4667-b6a5-194a95227c5d', 'role': 'assistant'}, {'content': '', 'id': 'lc_run--01a001cf-1d62-77c2-80d2-9c13d96851c4-0', 'role': 'user'}, {'content': '', 'id': '0fe22779-ff76-480a-9da2-3da361419b91', 'role': 'assistant'}]",10.578939,,01a001ce-feb8-7fe0-b6d0-4e2a2b7b6318,1.0,0.0,1.0,3,5,1.5113
KN1179,Hildegard Kaiser,015789643375,jeden Tag außer donnerstags,Welche E-Mail-Adresse nutzt der Kundenservice?,surfersimmobilien+predeploy@outlook.com,"[{'content': 'Hallo! Sie haben die digitale Anruf-Assistentin von Surfers Immobilien erreicht. Was kann ich für Sie tun?', 'role': 'assistant'}, {'content': 'Hallo, ich habe eine Frage: Welche E-Mail-Adresse nutzt der Kundenservice? Können Sie mir da weiterhelfen?', 'id': 'bf838f7f-aadb-4c1b-a435-108549223789', 'role': 'user'}, {'content': 'Tut mir leid, aber die E-Mail-Adresse des Kundenservice ist in meinen Unterlagen nicht hinterlegt. Haben Sie noch weitere Fragen?', 'id': '17f51784-1c41-4c7c-89bd-378e7168cf9f', 'role': 'assistant'}, {'content': 'Nein, danke. Auf Wiederhören.', 'id': 'lc_run--01a001cf-1272-7b62-9ee7-ece2bd5e5f37-0', 'role': 'user'}, {'content': 'Alles klar. Auf Wiederhören!', 'id': '10c3cf38-2fb9-497d-a3f6-347409832567', 'role': 'assistant'}, {'content': '', 'id': 'lc_run--01a001cf-1a6b-7813-ac29-d89c0a09ceb4-0', 'role': 'user'}, {'content': '', 'id': '47112072-3a87-4579-9fba-ea651b40135d', 'role': 'assistant'}]",7.963315,,01a001cf-038d-7da2-b30d-816c5d6798a8,1.0,0.0,0.0,3,5,1.1376
KN9337,Wilhelm Jung,015789643375,Donnerstag von 13 Uhr bis 15 Uhr,Welche Unterlagen finde ich im Kundenportal?,surfersimmobilien+predeploy@outlook.com,"[{'content': 'Hallo! Sie haben die digitale Anruf-Assistentin von Surfers Immobilien erreicht. Was kann ich für Sie tun?', 'role': 'assistant'}, {'content': 'Hallo, ich habe eine Frage: Welche Unterlagen finde ich im Kundenportal? Können Sie mir da weiterhelfen?', 'id': '4049224b-c56b-47bc-a08d-3ede6cb506f3', 'role': 'user'}, {'content': 'Im Kundenportal können Sie Ihre jährliche Nebenkostenabrechnung herunterladen. Außerdem finden Sie dort Ihren Nutzungsvertrag, weitere Vertragsdokumente sowie eine Übersicht über Ihre Genossenschaftsanteile.\n\nHaben Sie noch weitere Fragen?', 'id': 'ee21de56-222e-44cb-a8e9-d996c9f0874e', 'role': 'assistant'}, {'content': 'Nein, vielen Dank. Das war alles. Auf Wiederhören.', 'id': 'lc_run--01a001cf-3470-7732-ad00-c0c10eb5ab09-0', 'role': 'user'}, {'content': '', 'id': '86b80d98-70eb-4e53-9b6d-6cdc3417ff42', 'role': 'assistant'}, {'content': '', 'id': 'lc_run--01a001cf-3eda-7f03-b577-7ac8612c2865-0', 'role': 'user'}, {'content': '(Das Gespräch wurde beendet.)', 'id': '654d38c4-bb8d-4073-acde-e5811eb7244f', 'role': 'assistant'}]",17.457844,,01a001cf-0ad8-7581-9967-f82380437871,1.0,0.0,1.0,3,5,2.494
KN7469,Julius Sauer,015789643375,Freitag den ganzen Tag,Ist die Hausmeisterpauschale Teil der Nebenkosten?,surfersimmobilien+predeploy@outlook.com,"[{'content': 'Hallo! Sie haben die digitale Anruf-Assistentin von Surfers Immobilien erreicht. Was kann ich für Sie tun?', 'role': 'assistant'}, {'content': 'Hallo, ich habe eine Frage: Ist die Hausmeisterpauschale Teil der Nebenkosten? Können Sie mir da weiterhelfen?', 'id': '20658067-656e-4096-9291-d2c3bca1ae10', 'role': 'user'}, {'content': 'Ja, die Hausmeisterpauschale ist in den Nebenkosten enthalten. Haben Sie noch weitere Fragen?', 'id': '20d3dd3d-d6c9-4954-8cbb-df4f6217c09d', 'role': 'assistant'}, {'content': 'Nein, danke. Das war alles. Auf Wiederhören.', 'id': 'lc_run--01a001cf-2d7f-78e2-a351-97e85ac78c3b-0', 'role': 'user'}, {'content': 'Alles klar. Auf Wiederhören!', 'id': 'e70f8004-5cd9-463c-bec1-2fb57cb3c874', 'role': 'assistant'}, {'content': '', 'id': 'lc_run--01a001cf-3609-7761-86d8-6c438ef8acb6-0', 'role': 'user'}, {'content': '', 'id': '5968a2df-e57e-429f-b9e1-884a8b6c07f3', 'role': 'assistant'}]",14.609908,,01a001cf-22aa-73d0-8b78-a7c6517743c7,1.0,0.0,1.0,3,5,2.0871
KN7490,Sandra Richter,015789643375,jeden Tag außer donnerstags,"Brauche ich eine Genehmigung, um einen großen Hund zu halten?",surfersimmobilien+predeploy@outlook.com,"[{'content': 'Hallo! Sie haben die digitale Anruf-Assistentin von Surfers Immobilien erreicht. Was kann ich für Sie tun?', 'role': 'assistant'}, {'content': 'Hallo, ich habe eine Frage: Brauche ich eine Genehmigung, um einen großen Hund zu halten? Können Sie mir da weiterhelfen?', 'id': 'b74578a2-dbca-4b7b-b749-6907c13bd39a', 'role': 'user'}, {'content': 'Ja, für große Hunde ist eine schriftliche Genehmigung der Genossenschaft erforderlich. Haben Sie noch weitere Fragen?', 'id': 'b00dadec-dedf-4552-9519-c654f38ce976', 'role': 'assistant'}, {'content': 'Nein, danke. Das war alles. Auf Wiederhören.', 'id': 'lc_run--01a001cf-32f8-7f22-be71-48bbf2739ea6-0', 'role': 'user'}, {'content': 'Alles klar. Auf Wiederhören!', 'id': '4282ec5f-2500-4b6a-93b4-893e1632a4c8', 'role': 'assistant'}, {'content': '', 'id': 'lc_run--01a001cf-3aec-7a61-b7e0-39eeddf36b4a-0', 'role': 'user'}, {'content': '', 'id': '42c908c7-1a88-4d50-9d78-8d12e1bdbbca', 'role': 'assistant'}]",6.961378,,01a001cf-280c-7651-a559-2183ae15a5b9,1.0,0.0,1.0,3,5,0.9945
KN9656,Birgit Neumann,015789643375,immer freitags,An welchem Tag wird bei mir der Restmüll abgeholt?,surfersimmobilien+predeploy@outlook.com,"[{'content': 'Hallo! Sie haben die digitale Anruf-Assistentin von Surfers Immobilien erreicht. Was kann ich für Sie tun?', 'role': 'assistant'}, {'content': 'Hallo, ich habe eine Frage: An welchem Tag wird bei mir der Restmüll abgeholt? Können Sie mir da weiterhelfen?', 'id': '37550522-433d-4bf3-9c79-9312ee8866ff', 'role': 'user'}, {'content': 'Alles klar, der Restmüll wird jeden Montag geleert. Haben Sie noch weitere Fragen?', 'id': '2e09f7dc-5b47-4918-bc73-3b971288944b', 'role': 'assistant'}, {'content': 'Nein, vielen Dank. Auf Wiederhören.', 'id': 'lc_run--01a001cf-5382-72e3-95db-ffc7d5fc8070-0', 'role': 'user'}, {'content': 'Auf Wiederhören! Einen schönen Tag noch.', 'id': '69cfbfe1-a85a-4449-afcc-c99151f5f462', 'role': 'assistant'}, {'content': '', 'id': 'lc_run--01a001cf-5fa3-7e52-b0ad-9b5f8cd5c369-0', 'role': 'user'}, {'content': '', 'id': 'cb5f021c-e569-43fe-b1fe-e71c29e5b68d', 'role': 'assistant'}]",9.882821,,01a001cf-433f-7db0-af69-dac3155a2f0a,1.0,0.0,1.0,3,5,1.4118
KN2196,Erwin Otto,015789643375,Montag von 9 Uhr bis 12 Uhr,Gibt es eine Warteliste für Stellplätze?,surfersimmobilien+predeploy@outlook.com,"[{'content': 'Hallo! Sie haben die digitale Anruf-Assistentin von Surfers Immobilien erreicht. Was kann ich für Sie tun?', 'role': 'assistant'}, {'content': 'Hallo, ich habe eine Frage: Gibt es eine Warteliste für Stellplätze? Können Sie mir da weiterhelfen?', 'id': '2685843b-e8af-4ab2-b76a-505109d50ede', 'role': 'user'}, {'content': 'Ja, es gibt eine Warteliste. Interessierte Mitglieder können sich dafür einfach über das Kundenportal anmelden. Ein Stellplatz kostet monatlich fünfunddreißig Euro. Haben Sie noch weitere Fragen?', 'id': '72c6f9ab-8af3-4db8-96e5-10c90f2f2f3b', 'role': 'assistant'}, {'content': 'Nein, danke. Das war alles. Auf Wiederhören.', 'id': 'lc_run--01a001cf-5b7f-7962-88d7-7809148773b2-0', 'role': 'user'}, {'content': '', 'id': '1a8f7bd7-41ed-48bd-af20-933d6bffe7c2', 'role': 'assistant'}, {'content': '', 'id': 'lc_run--01a001cf-66d8-76d1-b153-65e1846ab66d-0', 'role': 'user'}, {'content': '(Das Gespräch wurde beendet.)', 'id': '25c68ec2-8f62-4c7f-9e43-d45cc10b617e', 'role': 'assistant'}]",9.192061,,01a001cf-4f0b-7592-a005-da73307b1e52,1.0,0.0,1.0,3,5,1.3132
KN3911,Alfred Scholz,015789643375,immer freitags,Wie beantrage ich eine Ratenzahlung für meine Miete?,surfersimmobilien+predeploy@outlook.com,"[{'content': 'Hallo! Sie haben die digitale Anruf-Assistentin von Surfers Immobilien erreicht. Was kann ich für Sie tun?', 'role': 'assistant'}, {'content': 'Hallo, ich habe eine Frage: Wie beantrage ich eine Ratenzahlung für meine Miete? Können Sie mir da weiterhelfen?', 'id': 'bb48b74c-9b43-4e01-975d-20a319a55f7c', 'role': 'user'}, {'content': 'Alles klar. Bei vorübergehenden finanziellen Engpässen können Sie eine Ratenzahlung einfach telefonisch oder per E-Mail beantragen.\n\nHaben Sie noch weitere Fragen?', 'id': '7c84fc79-41fc-4964-a91b-e4737de69ccc', 'role': 'assistant'}, {'content': 'Nein, danke. Das war alles. Auf Wiederhören.', 'id': 'lc_run--01a001cf-6aaa-7640-a8c7-61082fab8a3a-0', 'role': 'user'}, {'content': 'Gerne. Auf Wiederhören!', 'id': 'b3308456-cc23-43e2-b3cc-d4807df27ab0', 'role': 'assistant'}, {'content': '', 'id': 'lc_run--01a001cf-7478-7b50-b28e-b6753bcb11e1-0', 'role': 'user'}, {'content': '', 'id': '34ee12d1-0637-4b41-b4fc-b3b1ec33a613', 'role': 'assistant'}]",9.909015,,01a001cf-5bbd-7200-9486-37a64dd3d86a,1.0,0.0,1.0,3,5,1.4156
KN7560,Manfred Franke,015789643375,Mittwoch und Freitag vormittags,Ist der Allgemeinstrom in den Nebenkosten enthalten?,surfersimmobilien+predeploy@outlook.com,"[{'content': 'Hallo! Sie haben die digitale Anruf-Assistentin von Surfers Immobilien erreicht. Was kann ich für Sie tun?', 'role': 'assistant'}, {'content': 'Hallo, ich habe eine Frage: Ist der Allgemeinstrom in den Nebenkosten enthalten? Können Sie mir da weiterhelfen?', 'id': '2b2e3d75-1b61-4584-a4a6-736e58ac3683', 'role': 'user'}, {'content': 'Ja, der Allgemeinstrom für das Treppenhaus und die Außenbeleuchtung ist in den Nebenkosten enthalten. Haben Sie noch weitere Fragen?', 'id': '221576b1-e5fd-4aef-8ac2-61bff0fc091a', 'role': 'assistant'}, {'content': 'Nein, danke. Das war alles. Auf Wiederhören.', 'id': 'lc_run--01a001cf-75a5-73f0-8934-f4fd43e479a9-0', 'role': 'user'}, {'content': 'Alles klar. Auf Wiederhören!', 'id': 'e634fc0b-b1ee-46e8-8d86-e1b233083d1c', 'role': 'assistant'}, {'content': '', 'id': 'lc_run--01a001cf-7f26-7992-9fbb-1eee7d864f99-0', 'role': 'user'}, {'content': '', 'id': '534a3a85-32a7-4149-890b-a0b59a168495', 'role': 'assistant'}]",8.755101,,01a001cf-69db-7853-b1eb-479030052ed9,1.0,0.0,1.0,3,5,1.2507
KN7511,Bernhard Stein,015789643375,den ganzen Mittwoch,"Was passiert, wenn ich mehr als zwei Haustiere halten möchte?",surfersimmobilien+predeploy@outlook.com,"[{'content': 'Hallo! Sie haben die digitale Anruf-Assistentin von Surfers Immobilien erreicht. Was kann ich für Sie tun?', 'role': 'assistant'}, {'content': 'Hallo, ich habe eine Frage: Was passiert, wenn ich mehr als zwei Haustiere halten möchte? Können Sie mir da weiterhelfen?', 'id': '0843aa2f-ede0-4f9b-b6fb-bbd2f69b0fa0', 'role': 'user'}, {'content': '}\nWenn Sie mehr als zwei Haustiere gleichzeitig halten möchten, benötigen Sie eine schriftliche Genehmigung der Genossenschaft. Haben Sie noch weitere Fragen?', 'id': 'b300dadd-1a3c-40f7-8537-6ed73f4082e3', 'role': 'assistant'}, {'content': 'Nein, vielen Dank. Auf Wiederhören.', 'id': 'lc_run--01a001cf-7cb7-7ae1-8ce2-b66c6243dbbd-0', 'role': 'user'}, {'content': 'Gerne. Auf Wiederhören!', 'id': '6e95d80e-6a83-471b-bf32-e2a31d970b30', 'role': 'assistant'}, {'content': '', 'id': 'lc_run--01a001cf-8472-74b1-8744-380ff2c64b03-0', 'role': 'user'}, {'content': '', 'id': 'ff1c3cc9-1231-4e42-ab3a-b27038119b6b', 'role': 'assistant'}]",7.85555,,01a001cf-72f4-7623-adf6-ae472fe1f393,1.0,0.0,1.0,3,5,1.1222
KN9505,Holger Meier,015789643375,den ganzen Mittwoch,Wann sind die Nebenstellen erreichbar?,surfersimmobilien+predeploy@outlook.com,"[{'content': 'Hallo! Sie haben die digitale Anruf-Assistentin von Surfers Immobilien erreicht. Was kann ich für Sie tun?', 'role': 'assistant'}, {'content': 'Hallo, ich habe eine Frage: Wann sind die Nebenstellen erreichbar? Können Sie mir da weiterhelfen?', 'id': '98751c07-5ff5-4f5d-b5e3-9402b52ba76b', 'role': 'user'}, {'content': '}Das kann ich Ihnen leider nicht sagen, da mir die genauen Zeiten der Nebenstellen nicht vorliegen. Haben Sie noch weitere Fragen?', 'id': '92fb22b8-88be-42ed-bbdf-a6f928fadd0d', 'role': 'assistant'}, {'content': 'Nein, danke. Auf Wiederhören.', 'id': 'lc_run--01a001cf-8f5a-7643-b324-fade4383b892-0', 'role': 'user'}, {'content': 'Auf Wiederhören! Einen schönen Tag noch.', 'id': '0f192675-7a95-4592-b685-3fc9c2e96331', 'role': 'assistant'}, {'content': '', 'id': 'lc_run--01a001cf-acdd-78d3-ac05-b07b6b6d0f10-0', 'role': 'user'}, {'content': 'Haben Sie noch weitere Fragen?', 'id': '58542b70-df5e-46d6-b694-bde86ce6ac13', 'role': 'assistant'}]",13.926944,,01a001cf-8273-7203-a741-2f17123d15e6,1.0,0.0,0.0,3,5,1.9896
KN2768,Katja Baumann,015789643375,Dienstag den ganzen Tag,Ist die Hausversicherung in den Nebenkosten enthalten?,surfersimmobilien+predeploy@outlook.com,"[{'content': 'Hallo! Sie haben die digitale Anruf-Assistentin von Surfers Immobilien erreicht. Was kann ich für Sie tun?', 'role': 'assistant'}, {'content': 'Hallo, ich habe eine Frage: Ist die Hausversicherung in den Nebenkosten enthalten? Können Sie mir da weiterhelfen?', 'id': 'a5d5c0db-91a2-4343-8f6c-a866b6fc68ba', 'role': 'user'}, {'content': 'Ja, die Gebäudeversicherung ist in den Nebenkosten enthalten. Haben Sie noch weitere Fragen?', 'id': '3a9d80eb-573f-456d-ab1a-321d58e7554d', 'role': 'assistant'}, {'content': 'Nein, danke. Das war alles. Auf Wiederhören.', 'id': 'lc_run--01a001cf-96a8-71a0-9155-a9f4eb70a92f-0', 'role': 'user'}, {'content': 'Alles klar. Auf Wiederhören!', 'id': 'ceecfa7c-1c29-4cbf-bdbd-d5875a95c42d', 'role': 'assistant'}, {'content': '', 'id': 'lc_run--01a001cf-abab-7023-8ddd-a7e69c1ce09d-0', 'role': 'user'}, {'content': '', 'id': '58cbf68c-26ab-40a9-a3cc-4a92b0083e07', 'role': 'assistant'}]",11.087134,,01a001cf-8c11-7e10-aeb5-225520c5dc97,1.0,0.0,1.0,3,5,1.5839
KN6519,Elfriede Seidel,015789643375,den ganzen Freitag,Wie oft wird die Papiertonne geleert?,surfersimmobilien+predeploy@outlook.com,"[{'content': 'Hallo! Sie haben die digitale Anruf-Assistentin von Surfers Immobilien erreicht. Was kann ich für Sie tun?', 'role': 'assistant'}, {'content': 'Hallo, ich habe eine Frage: Wie oft wird die Papiertonne geleert? Können Sie mir da weiterhelfen?', 'id': 'c8eac0fa-a02f-4632-8afd-a61b8df684fa', 'role': 'user'}, {'content': 'Die Papiertonne wird jeden ersten Donnerstag im Monat geleert. Haben Sie noch weitere Fragen?', 'id': 'a36a84f5-007b-4887-b388-919cd7012efc', 'role': 'assistant'}, {'content': 'Nein, danke. Das war alles. Auf Wiederhören.', 'id': 'lc_run--01a001cf-9f54-7531-8315-4f216a985146-0', 'role': 'user'}, {'content': 'Alles klar. Auf Wiederhören!', 'id': '7b593cff-a581-4611-b6c3-ab3b3ddfaff5', 'role': 'assistant'}, {'content': '', 'id': 'lc_run--01a001cf-ac25-78a2-89e1-f7e8365fdb5f-0', 'role': 'user'}, {'content': '', 'id': 'd5ef7f8e-2150-4122-8e13-47318db34276', 'role': 'assistant'}]",8.748625,,01a001cf-91a5-7880-9ae6-2f310981e34c,1.0,0.0,1.0,3,5,1.2498
KN8316,Karin Becker,015789643375,Freitag von 13 Uhr bis 16 Uhr,"Wie lange dauert es normalerweise, bis eine Reparatur erledigt wird?",surfersimmobilien+predeploy@outlook.com,"[{'content': 'Hallo! Sie haben die digitale Anruf-Assistentin von Surfers Immobilien erreicht. Was kann ich für Sie tun?', 'role': 'assistant'}, {'content': 'Hallo, ich habe eine Frage: Wie lange dauert es normalerweise, bis eine Reparatur erledigt wird? Können Sie mir da weiterhelfen?', 'id': 'c39aba4e-e5d1-471d-90fa-a94493c44d51', 'role': 'user'}, {'content': 'Reparaturen werden in der Regel innerhalb von fünf Werktagen bearbeitet. Haben Sie noch weitere Fragen?', 'id': 'ec14e42c-a0b7-4dd3-b727-bff916adee58', 'role': 'assistant'}, {'content': 'Nein, danke. Das war alles. Auf Wiederhören.', 'id': 'lc_run--01a001cf-c140-72a0-865a-81b27b258df9-0', 'role': 'user'}, {'content': 'Alles klar. Auf Wiederhören!', 'id': 'aba03216-89b6-402b-9b5b-3415f19fc4ee', 'role': 'assistant'}, {'content': '', 'id': 'lc_run--01a001cf-c9cc-79b3-ac3d-4bafa259ace8-0', 'role': 'user'}, {'content': '', 'id': '72bf347d-c925-4a75-825d-b6bd55d2391b', 'role': 'assistant'}]",11.547937,,01a001cf-b3d3-7681-a14b-a5a30f9bc2c5,1.0,0.0,1.0,3,5,1.6497
KN6449,Kurt Haas,015789643375,Donnerstag von 8 Uhr bis 11 Uhr,Welcher Kabelnetzbetreiber ist in meinem Gebäude verfügbar?,surfersimmobilien+predeploy@outlook.com,"[{'content': 'Hallo! Sie haben die digitale Anruf-Assistentin von Surfers Immobilien erreicht. Was kann ich für Sie tun?', 'role': 'assistant'}, {'content': 'Hallo, ich habe eine Frage: Welcher Kabelnetzbetreiber ist in meinem Gebäude verfügbar? Können Sie mir da weiterhelfen?', 'id': '4c7c64fb-6df5-48b6-8c3b-e8dabf86539e', 'role': 'user'}, {'content': 'Alle Gebäude von Surfers Immobilien sind mit einem Kabelanschluss von Vodafone ausgestattet. Den Vertrag müssen Sie allerdings eigenständig direkt mit dem Anbieter abschließen.\n\nHaben Sie noch weitere Fragen?', 'id': 'e9d7e6f3-ab3e-48be-86d8-9d1a4754fa75', 'role': 'assistant'}, {'content': 'Nein, danke. Das war alles. Auf Wiederhören.', 'id': 'lc_run--01a001cf-c680-7e13-8831-d388e685a1df-0', 'role': 'user'}, {'content': 'Alles klar. Auf Wiederhören!', 'id': 'e23f2e0e-2b31-4401-a04c-9a4436d9ea2c', 'role': 'assistant'}, {'content': '', 'id': 'lc_run--01a001cf-ced8-7ed3-a90e-965d92f1592b-0', 'role': 'user'}, {'content': '', 'id': '3f036d3f-4168-4d41-b56d-3c0f2a27c67c', 'role': 'assistant'}]",10.658352,,01a001cf-b761-75d0-851e-f98eb1677a06,1.0,0.0,1.0,3,5,1.5226
KN4498,Christine Kraus,015789643375,Montag von 14 Uhr bis 16 Uhr,Wie melde ich einen technischen Defekt über das Portal?,surfersimmobilien+predeploy@outlook.com,"[{'content': 'Hallo! Sie haben die digitale Anruf-Assistentin von Surfers Immobilien erreicht. Was kann ich für Sie tun?', 'role': 'assistant'}, {'content': 'Hallo, ich habe eine Frage: Wie melde ich einen technischen Defekt über das Portal? Können Sie mir da weiterhelfen?', 'id': '3753ccfb-7a3b-4fca-849d-de230fb8fdb6', 'role': 'user'}, {'content': 'Alles klar. Technische Defekte können Sie im Kundenportal über das Formular Schadensmeldung melden. Haben Sie noch weitere Fragen?', 'id': '8deca7fb-0968-43a5-a4b8-f7f94d959126', 'role': 'assistant'}, {'content': 'Nein, danke. Das war alles. Auf Wiederhören.', 'id': 'lc_run--01a001cf-c868-7243-b12d-f28d5f69679f-0', 'role': 'user'}, {'content': 'Gerne. Auf Wiederhören!', 'id': '3da1f0fb-e8d0-492f-b848-a774553b8b85', 'role': 'assistant'}, {'content': '', 'id': 'lc_run--01a001cf-dcd9-77b1-a1dd-ab6a5f79a334-0', 'role': 'user'}, {'content': '', 'id': '0aef7ba4-419a-42cc-94c5-2661bfec7c97', 'role': 'assistant'}]",11.608839,,01a001cf-b8db-7f01-922c-6e63e55ca510,1.0,0.0,1.0,3,5,1.6584
KN1689,Roswitha Marx,015789643375,Donnerstag von 8 Uhr bis 11 Uhr,Wer ist für die jährliche Rauchmelderprüfung zuständig?,surfersimmobilien+predeploy@outlook.com,"[{'content': 'Hallo! Sie haben die digitale Anruf-Assistentin von Surfers Immobilien erreicht. Was kann ich für Sie tun?', 'role': 'assistant'}, {'content': 'Hallo, ich habe eine Frage: Wer ist für die jährliche Rauchmelderprüfung zuständig? Können Sie mir da weiterhelfen?', 'id': '9dbbb969-0abd-4c14-80da-d7efa2add8bd', 'role': 'user'}, {'content': 'Die Rauchmelder werden einmal jährlich im Herbst von einer beauftragten Fachfirma geprüft. Haben Sie noch weitere Fragen?', 'id': '1339ae8d-6368-4446-a1c9-46766e7feedc', 'role': 'assistant'}, {'content': 'Nein, danke. Das war alles. Auf Wiederhören.', 'id': 'lc_run--01a001cf-effd-7812-a67c-3a3cc96d970d-0', 'role': 'user'}, {'content': 'Alles klar. Auf Wiederhören!', 'id': '68b04b05-1167-42a9-8290-c46ba5adfa79', 'role': 'assistant'}, {'content': '', 'id': 'lc_run--01a001cf-f9a5-79d1-9942-0320797066ce-0', 'role': 'user'}, {'content': '', 'id': '5b930978-9fc6-43ca-bc4a-ebe4dc4ba1df', 'role': 'assistant'}]",8.372159,,01a001cf-e0f0-7093-8a0b-6335682861b6,1.0,0.0,1.0,3,5,1.196
KN2363,Silke Keller,015789643375,Freitag von 13 Uhr bis 16 Uhr,Wie logge ich mich in das Kundenportal ein?,surfersimmobilien+predeploy@outlook.com,"[{'content': 'Hallo! Sie haben die digitale Anruf-Assistentin von Surfers Immobilien erreicht. Was kann ich für Sie tun?', 'role': 'assistant'}, {'content': 'Hallo, ich habe eine Frage: Wie logge ich mich in das Kundenportal ein? Können Sie mir da weiterhelfen?', 'id': 'ef946511-113f-4d57-86b1-77cbf35c4f5e', 'role': 'user'}, {'content': 'Das geht ganz einfach. Sie können sich unter portal punkt surfers-immobilien punkt de mit Ihrer Mitglieds- oder Kundennummer und Ihrem selbst gewählten Passwort einloggen.\n\nHaben Sie noch weitere Fragen?', 'id': '0ce05508-d7f6-49b9-a5e0-13179f82cdca', 'role': 'assistant'}, {'content': 'Nein, danke. Das war alles. Auf Wiederhören.', 'id': 'lc_run--01a001cf-f15f-7f90-9dd4-6e18b0b56ce7-0', 'role': 'user'}, {'content': '', 'id': '44016937-c0f9-45f5-ae15-3c2eac938d3b', 'role': 'assistant'}, {'content': '', 'id': 'lc_run--01a001cf-fce3-7cf3-ab28-8b4d5ea3babe-0', 'role': 'user'}, {'content': '(Die Konversation wurde beendet.)', 'id': 'b9f6986a-a260-4310-a83e-a8d6078bc8d8', 'role': 'assistant'}]",9.608123,,01a001cf-e105-7381-81e2-a073e90f3212,1.0,0.0,1.0,3,5,1.3726
KN4111,Sabine Müller,015789643375,Dienstag von 14 Uhr bis 17 Uhr,Wie hoch ist die Kaution für meine Wohnung?,surfersimmobilien+predeploy@outlook.com,"[{'content': 'Hallo! Sie haben die digitale Anruf-Assistentin von Surfers Immobilien erreicht. Was kann ich für Sie tun?', 'role': 'assistant'}, {'content': 'Hallo, ich habe eine Frage: Wie hoch ist die Kaution für meine Wohnung? Können Sie mir da weiterhelfen?', 'id': '92b76db6-13e7-4b70-96d3-0d47aa7f6ec7', 'role': 'user'}, {'content': 'Die Mietkaution beträgt eine Monatsnutzungsgebühr. Haben Sie noch weitere Fragen?', 'id': '795846c1-2fa1-4e54-9b15-1209c1d39c40', 'role': 'assistant'}, {'content': 'Nein, vielen Dank. Auf Wiederhören.', 'id': 'lc_run--01a001cf-f33f-7742-a11e-1ce27dab4a0c-0', 'role': 'user'}, {'content': 'Auf Wiederhören! Einen schönen Tag noch.', 'id': 'ed9605fd-5add-46c3-b8bd-08a93453d605', 'role': 'assistant'}, {'content': '', 'id': 'lc_run--01a001cf-fc32-7ca1-9f00-1a7682a5e75d-0', 'role': 'user'}, {'content': '', 'id': '5a65ccb4-8c65-4eda-8dac-4cc3d1cddd62', 'role': 'assistant'}]",7.969768,,01a001cf-e636-7fb0-b404-412fc99d96c8,1.0,0.0,1.0,3,5,1.1385
KN9825,Claudia Koch,015789643375,"am Wochenende, Samstag oder Sonntag",Wie oft werden die Rauchmelder in meiner Wohnung gewartet?,surfersimmobilien+predeploy@outlook.com,"[{'content': 'Hallo! Sie haben die digitale Anruf-Assistentin von Surfers Immobilien erreicht. Was kann ich für Sie tun?', 'role': 'assistant'}, {'content': 'Hallo, ich habe eine Frage: Wie oft werden die Rauchmelder in meiner Wohnung gewartet? Können Sie mir da weiterhelfen?', 'id': 'ae02fa08-7f00-4a39-aaf7-645314ee58f5', 'role': 'user'}, {'content': 'Die Rauchmelder werden einmal jährlich im Herbst von einer Fachfirma gewartet und geprüft. Haben Sie noch weitere Fragen?', 'id': '9eb2a0ff-5e3d-4263-aacd-ca45f664d127', 'role': 'assistant'}, {'content': 'Nein, danke. Das war alles. Auf Wiederhören.', 'id': 'lc_run--01a001d0-11da-7ca0-be9d-a355ab213720-0', 'role': 'user'}, {'content': 'Alles klar. Auf Wiederhören!', 'id': 'db3492e6-72ba-46b2-b15b-423160db89ef', 'role': 'assistant'}, {'content': '', 'id': 'lc_run--01a001d0-1929-70e2-a1b6-1216d52a22f1-0', 'role': 'user'}, {'content': '', 'id': 'df8219bd-34cc-4dc4-afbe-ca7e0fdebc17', 'role': 'assistant'}]",9.624382,,01a001d0-01a6-7852-bf00-401230db9c5e,1.0,0.0,1.0,3,5,1.3749
KN2485,Wolfgang Schäfer,015789643375,"flexibel, außer montags",Bis zu welchem Betrag muss ich Kleinreparaturen selbst bezahlen?,surfersimmobilien+predeploy@outlook.com,"[{'content': 'Hallo! Sie haben die digitale Anruf-Assistentin von Surfers Immobilien erreicht. Was kann ich für Sie tun?', 'role': 'assistant'}, {'content': 'Hallo, ich habe eine Frage: Bis zu welchem Betrag muss ich Kleinreparaturen selbst bezahlen? Können Sie mir da weiterhelfen?', 'id': '74575a10-d135-45c9-97f2-bde9d81e1116', 'role': 'user'}, {'content': 'Alles klar. Laut der Kleinreparaturklausel übernehmen Sie Kosten für kleinere Reparaturen bis zu einem Betrag von einhundert Euro pro Einzelfall selbst. Alles darüber hinaus trägt die Genossenschaft.\n\nHaben Sie noch weitere Fragen?', 'id': '68aaae54-715b-4b2c-b5e8-d6361ee2b8a0', 'role': 'assistant'}, {'content': 'Nein, danke, das war alles. Auf Wiederhören.', 'id': 'lc_run--01a001d0-1211-71f2-9432-037ffe0efc99-0', 'role': 'user'}, {'content': 'Gerne. Auf Wiederhören!', 'id': '13c842bc-19b2-4f85-9403-890a6fe05b75', 'role': 'assistant'}, {'content': '', 'id': 'lc_run--01a001d0-199b-7530-9229-1921be479289-0', 'role': 'user'}, {'content': '', 'id': 'fc454ceb-c336-49db-a0f8-c429acdd66b9', 'role': 'assistant'}]",8.952608,,01a001d0-0559-7f12-b576-108569915111,1.0,0.0,1.0,3,5,1.2789
KN4050,Nadine Meyer,015789643375,Mittwoch von 10 Uhr bis 13 Uhr,"Brauche ich eine Genehmigung, um meine Wohnung unterzuvermieten?",surfersimmobilien+predeploy@outlook.com,"[{'content': 'Hallo! Sie haben die digitale Anruf-Assistentin von Surfers Immobilien erreicht. Was kann ich für Sie tun?', 'role': 'assistant'}, {'content': 'Hallo, ich habe eine Frage: Brauche ich eine Genehmigung, um meine Wohnung unterzuvermieten? Können Sie mir da weiterhelfen?', 'id': 'ab10e13b-c2ee-494b-9433-909453211313', 'role': 'user'}, {'content': 'Ja, eine Untervermietung ist nur mit einer vorherigen schriftlichen Zustimmung der Genossenschaft erlaubt. Haben Sie noch weitere Fragen?', 'id': 'a023a834-06a1-4010-a1f6-d5b3f76c0507', 'role': 'assistant'}, {'content': 'Nein, danke. Das war alles. Auf Wiederhören.', 'id': 'lc_run--01a001d0-14f3-7ca1-9bfb-8b00d054e0d0-0', 'role': 'user'}, {'content': 'Alles klar. Auf Wiederhören!', 'id': 'b3fb9704-c7b6-4298-af4f-c55ab86bd749', 'role': 'assistant'}, {'content': '', 'id': 'lc_run--01a001d0-1d22-74b1-8265-0b8c8bc888c1-0', 'role': 'user'}, {'content': '', 'id': 'ead229ee-872d-4aa2-a3b5-35dd13668b9f', 'role': 'assistant'}]",10.416829,,01a001d0-068e-7be2-b091-5a63f4892ad2,1.0,0.0,1.0,3,5,1.4881
KN4828,Simone Lehmann,015789643375,immer dienstags und donnerstags,Wie lautet die E-Mail-Adresse des Kundenservice?,surfersimmobilien+predeploy@outlook.com,"[{'content': 'Hallo! Sie haben die digitale Anruf-Assistentin von Surfers Immobilien erreicht. Was kann ich für Sie tun?', 'role': 'assistant'}, {'content': 'Hallo, ich habe eine Frage: Wie lautet die E-Mail-Adresse des Kundenservice? Können Sie mir da weiterhelfen?', 'id': '46bfcc31-2443-4464-a920-aa26f2209089', 'role': 'user'}, {'content': 'Die E-Mail-Adresse des Kundenservice ist service@surfers-immobilien.de. Haben Sie noch weitere Fragen?', 'id': 'db34429a-b703-4f8d-9cad-71af69566ac2', 'role': 'assistant'}, {'content': 'Nein, danke. Das war alles. Auf Wiederhören.', 'id': 'lc_run--01a001d0-340f-7b31-a153-b8211f7170b9-0', 'role': 'user'}, {'content': 'Alles klar. Auf Wiederhören!', 'id': 'ea7f23e9-fb88-458b-8f10-0ac088a9bd84', 'role': 'assistant'}, {'content': '', 'id': 'lc_run--01a001d0-3f72-77a2-9dcd-7db2878789bc-0', 'role': 'user'}, {'content': '', 'id': '9a4c2d7a-551c-4402-a735-c3cac4218670', 'role': 'assistant'}]",9.839578,,01a001d0-273f-7b62-9b50-7db6c5289549,1.0,0.0,1.0,3,5,1.4057
KN5819,Lars Schmid,015789643375,Montag von 9 Uhr bis 12 Uhr,Wie lautet die Telefonnummer der Hotline?,surfersimmobilien+predeploy@outlook.com,"[{'content': 'Hallo! Sie haben die digitale Anruf-Assistentin von Surfers Immobilien erreicht. Was kann ich für Sie tun?', 'role': 'assistant'}, {'content': 'Hallo, ich habe eine Frage: Wie lautet die Telefonnummer der Hotline? Können Sie mir da weiterhelfen?', 'id': '5ba1a688-471d-4029-b7a3-207aaf5911d6', 'role': 'user'}, {'content': 'Die Telefon-Hotline erreichen Sie unter der Nummer null zwei eins eins vier fünf sechs sieben acht neun null. Haben Sie noch weitere Fragen?', 'id': 'd062fa38-9f4e-4eb4-a27f-60e0d52244c3', 'role': 'assistant'}, {'content': 'Nein, danke. Das war alles. Auf Wiederhören.', 'id': 'lc_run--01a001d0-3641-7c83-81df-682c3256ca70-0', 'role': 'user'}, {'content': 'Alles klar. Auf Wiederhören!', 'id': 'ff047da1-848f-45cb-8d23-48fe70e07b01', 'role': 'assistant'}, {'content': '', 'id': 'lc_run--01a001d0-3f2d-7d83-af72-4314c9dc3fd4-0', 'role': 'user'}, {'content': '', 'id': '96bc1bae-e3f3-4f10-9161-ad51f1984dda', 'role': 'assistant'}]",9.554543,,01a001d0-2852-76a3-932c-007dcbe80bfd,1.0,0.0,1.0,3,5,1.3649
KN1686,Jürgen Bauer,015789643375,Montag und Mittwoch von 9 bis 12 Uhr,Darf ich eine Katze in meiner Wohnung halten?,surfersimmobilien+predeploy@outlook.com,"[{'content': 'Hallo! Sie haben die digitale Anruf-Assistentin von Surfers Immobilien erreicht. Was kann ich für Sie tun?', 'role': 'assistant'}, {'content': 'Hallo, ich habe eine Frage: Darf ich eine Katze in meiner Wohnung halten? Können Sie mir da weiterhelfen?', 'id': '8ce6f05e-545e-402d-aa9f-71662ab0dce7', 'role': 'user'}, {'content': '}Ja, Katzen dürfen ohne eine gesonderte Genehmigung gehalten werden. Haben Sie noch weitere Fragen?', 'id': 'a1e8764b-13f0-4020-ab6b-1bc5c82f4a9a', 'role': 'assistant'}, {'content': 'Nein, danke. Das war alles. Auf Wiederhören.', 'id': 'lc_run--01a001d0-3b03-7f81-a8ba-869e4fd332bf-0', 'role': 'user'}, {'content': '', 'id': '15f730c7-d455-44f2-8742-0eb5c27e28d7', 'role': 'assistant'}, {'content': '', 'id': 'lc_run--01a001d0-46fe-7132-a865-a3c245ce46eb-0', 'role': 'user'}, {'content': '// Keine Eingabe vom Nutzer erhalten. Ich bleibe im Bereitschaftsmodus.', 'id': '2d151620-f027-4a36-bfb7-d3e6ab8705b7', 'role': 'assistant'}]",9.220521,,01a001d0-2f40-7ad2-83bf-f0dae35277cf,1.0,0.0,1.0,3,5,1.3172
KN1975,Susanne Zimmermann,015789643375,Dienstag von 9 Uhr bis 11 Uhr,Wann wird die Papiertonne geleert?,surfersimmobilien+predeploy@outlook.com,"[{'content': 'Hallo! Sie haben die digitale Anruf-Assistentin von Surfers Immobilien erreicht. Was kann ich für Sie tun?', 'role': 'assistant'}, {'content': 'Hallo, ich habe eine Frage: Wann wird die Papiertonne geleert? Können Sie mir da weiterhelfen?', 'id': 'da6cf884-f968-4d8b-8d95-4b5476f8314e', 'role': 'user'}, {'content': 'Die Papiertonne wird jeden ersten Donnerstag im Monat geleert. Haben Sie noch weitere Fragen?', 'id': 'db7ba260-7864-4422-9638-5f91e4b9ce87', 'role': 'assistant'}, {'content': 'Nein, danke. Das war alles. Auf Wiederhören.', 'id': 'lc_run--01a001d0-5ce0-76b2-aa7f-df8fb67da6d1-0', 'role': 'user'}, {'content': 'Alles klar. Auf Wiederhören!', 'id': '258f8ee3-65ca-412a-b8f2-0ac34dbcc500', 'role': 'assistant'}, {'content': '', 'id': 'lc_run--01a001d0-64c4-71c2-b1d2-e643e91f59cf-0', 'role': 'user'}, {'content': '', 'id': '3279aedb-b076-4952-b519-d3ce19bd9180', 'role': 'assistant'}]",8.194529,,01a001d0-4da6-7fd2-a00e-7ab4953420b1,1.0,0.0,1.0,3,5,1.1706
KN5766,Reinhard Schuster,015789643375,den ganzen Donnerstag,"Was passiert, wenn ich meiner Nebenkostenabrechnung nicht widerspreche?",surfersimmobilien+predeploy@outlook.com,"[{'content': 'Hallo! Sie haben die digitale Anruf-Assistentin von Surfers Immobilien erreicht. Was kann ich für Sie tun?', 'role': 'assistant'}, {'content': 'Hallo, ich habe eine Frage: Was passiert, wenn ich meiner Nebenkostenabrechnung nicht widerspreche? Können Sie mir da weiterhelfen?', 'id': 'bfa724eb-5adb-4875-86da-b46dbad7b784', 'role': 'user'}, {'content': 'Wenn Sie der Abrechnung nicht innerhalb von zwölf Monaten nach Erhalt widersprechen, gilt diese als anerkannt. Haben Sie noch weitere Fragen?', 'id': 'a9565ec9-da81-4598-b944-ec25ef8e61af', 'role': 'assistant'}, {'content': 'Nein, danke. Das war alles. Auf Wiederhören.', 'id': 'lc_run--01a001d0-5ce3-7851-8611-c098659acda0-0', 'role': 'user'}, {'content': '', 'id': '1a42b9bf-64fe-4730-95b1-ac89da7ad540', 'role': 'assistant'}, {'content': '', 'id': 'lc_run--01a001d0-6da5-7201-85ec-795f61af717d-0', 'role': 'user'}, {'content': '// Keine Eingabe vom Nutzer erhalten. Ich bleibe im Bereitschaftsmodus.', 'id': 'e74ec4e3-2d12-431a-9555-1b52fa41f038', 'role': 'assistant'}]",11.165417,,01a001d0-4db0-7cf0-a89d-1bc2ce8eb149,1.0,0.0,1.0,3,5,1.5951
KN4452,Luise Bergmann,015789643375,den ganzen Montag,Was genau umfasst die Kleinreparaturklausel?,surfersimmobilien+predeploy@outlook.com,"[{'content': 'Hallo! Sie haben die digitale Anruf-Assistentin von Surfers Immobilien erreicht. Was kann ich für Sie tun?', 'role': 'assistant'}, {'content': 'Hallo, ich habe eine Frage: Was genau umfasst die Kleinreparaturklausel? Können Sie mir da weiterhelfen?', 'id': '1dbb90d4-0c1b-484b-8072-69d8b645b054', 'role': 'user'}, {'content': '<|channel>thought\n<channel|>Die Kleinreparaturklausel bedeutet, dass Mitglieder Kosten für kleinere Reparaturen, zum Beispiel an Wasserhähnen, Fenstergriffen oder Lichtschaltern, bis zu einem Betrag von einhundert Euro pro Einzelfall selbst übernehmen. Alles darüber hinaus trägt die Genossenschaft.\n\nHaben Sie noch weitere Fragen?', 'id': '80437f13-a3fb-4f91-bc68-7f07d023b93b', 'role': 'assistant'}, {'content': 'Nein, danke. Das hat mir weitergeholfen. Auf Wiederhören.', 'id': 'lc_run--01a001d0-619f-75a3-814c-1e73e17eb567-0', 'role': 'user'}, {'content': 'Alles klar. Dann wünsche ich Ihnen noch einen schönen Tag. Auf Wiederhören!', 'id': 'e8a171aa-05fb-4a6a-8b64-ebc7452f4e44', 'role': 'assistant'}, {'content': '', 'id': 'lc_run--01a001d0-6bf3-7631-973c-1bec0a7fc2ae-0', 'role': 'user'}, {'content': '', 'id': 'f8d0403b-28f2-4da7-b089-4d299ffd568c', 'role': 'assistant'}]",9.61755,,01a001d0-5347-71c1-ab63-94b2f792de11,1.0,0.0,1.0,3,5,1.3739
KN2655,Walter Kuhn,015789643375,Montag und Mittwoch von 9 bis 12 Uhr,Wann sind die Nebenstellen dienstags geöffnet?,surfersimmobilien+predeploy@outlook.com,"[{'content': 'Hallo! Sie haben die digitale Anruf-Assistentin von Surfers Immobilien erreicht. Was kann ich für Sie tun?', 'role': 'assistant'}, {'content': 'Hallo, ich habe eine Frage: Wann sind die Nebenstellen dienstags geöffnet? Können Sie mir da weiterhelfen?', 'id': '5cdf9cf5-d16b-4caa-a7c8-f5901df8e772', 'role': 'user'}, {'content': 'Alles klar. Die Nebenstellen sind dienstags von zehn bis sechzehn Uhr geöffnet. Haben Sie noch weitere Fragen?', 'id': '8da02a4b-3714-4133-a002-5eefe3c61e50', 'role': 'assistant'}, {'content': 'Nein, danke. Das war alles. Auf Wiederhören.', 'id': 'lc_run--01a001d0-7930-7053-a1c9-e122b0753493-0', 'role': 'user'}, {'content': 'Gerne. Auf Wiederhören!', 'id': '98f87df0-ddd0-4cc8-8fc1-1e5eb3c2f70f', 'role': 'assistant'}, {'content': '', 'id': 'lc_run--01a001d0-8ad9-7ab3-98a9-dfa8c6dff93e-0', 'role': 'user'}, {'content': '', 'id': '36bac9e7-578f-4b48-b492-524df9797ff3', 'role': 'assistant'}]",9.376238,,01a001d0-6da9-7303-ae05-9ffee9c01ea3,1.0,0.0,1.0,3,5,1.3395
KN7718,Rudolf Graf,015789643375,nur vormittags unter der Woche,Über welche Nummer erreiche ich den Hausmeister?,surfersimmobilien+predeploy@outlook.com,"[{'content': 'Hallo! Sie haben die digitale Anruf-Assistentin von Surfers Immobilien erreicht. Was kann ich für Sie tun?', 'role': 'assistant'}, {'content': 'Hallo, ich habe eine Frage: Über welche Nummer erreiche ich den Hausmeister? Können Sie mir da weiterhelfen?', 'id': '8dd92a6f-cd64-473a-b5a5-82b691aaee92', 'role': 'user'}, {'content': 'Alles klar. Den Hausmeister erreichen Sie über die zentrale Hotline von Surfers Immobilien. Eine direkte Nummer gibt es aus Datenschutzgründen nicht. Haben Sie noch weitere Fragen?', 'id': 'b008e8a5-e44a-4114-b142-b8e00960a77d', 'role': 'assistant'}, {'content': 'Nein, danke. Das war alles. Auf Wiederhören.', 'id': 'lc_run--01a001d0-9ed1-7b13-9bc1-0e2ae84ce316-0', 'role': 'user'}, {'content': 'Gerne. Auf Wiederhören!', 'id': '05106079-775b-4893-9dfb-de1b50699dcb', 'role': 'assistant'}, {'content': '', 'id': 'lc_run--01a001d0-a6f4-7fd1-9c5f-7b1e9df37ee4-0', 'role': 'user'}, {'content': '', 'id': '688e96c7-87c4-4843-9c6c-4417d42ad9c7', 'role': 'assistant'}]",14.687257,,01a001d0-78d9-7f62-8735-6e5cb42768bd,1.0,0.0,0.0,3,5,2.0982
KN8601,Werner Lange,015789643375,nur am späten Nachmittag,Wie erreiche ich den Hausmeister?,surfersimmobilien+predeploy@outlook.com,"[{'content': 'Hallo! Sie haben die digitale Anruf-Assistentin von Surfers Immobilien erreicht. Was kann ich für Sie tun?', 'role': 'assistant'}, {'content': 'Hallo, ich habe eine Frage: Wie erreiche ich den Hausmeister? Können Sie mir da weiterhelfen?', 'id': 'cbf4b287-febf-49bd-82c9-ee3ffff80ece', 'role': 'user'}, {'content': 'Alles klar. Um Ihnen den richtigen Kontakt zu nennen, müsste ich wissen, um welches Anliegen es geht. Geht es um eine Reparatur oder eine allgemeine Frage zum Haus?', 'id': '52d38daf-05e2-4c1a-9299-90862345fa82', 'role': 'assistant'}, {'content': 'Es geht um eine allgemeine Frage zum Haus.', 'id': 'lc_run--01a001d0-900c-79f0-860f-db8937aad5cd-0', 'role': 'user'}, {'content': 'Okay. Den Hausmeister erreichen Sie über die zentrale Hotline von Surfers Immobilien. Eine direkte Nummer gibt es aus Datenschutzgründen leider nicht. Haben Sie noch weitere Fragen?', 'id': 'd04b0e26-f028-4da2-8af6-82d1b162aac8', 'role': 'assistant'}, {'content': 'Nein, danke. Auf Wiederhören.', 'id': 'lc_run--01a001d0-9e2e-7543-8879-c513ca72c89a-0', 'role': 'user'}, {'content': 'Gerne. Auf Wiederhören!', 'id': '5acb7dad-98c7-4bd6-9f51-f5fead8b24a3', 'role': 'assistant'}, {'content': '', 'id': 'lc_run--01a001d0-a68b-7820-86ed-7b0e1327764a-0', 'role': 'user'}, {'content': '', 'id': '28bdb5db-19fc-4ccb-8df8-59dbfaf8aad2', 'role': 'assistant'}]",15.572356,,01a001d0-794e-7582-9f29-507f4c9e42b2,1.0,0.0,1.0,4,7,1.7303
KN8617,Karl Peters,015789643375,Dienstag den ganzen Tag,Wann genau muss die Miete jeden Monat eingegangen sein?,surfersimmobilien+predeploy@outlook.com,"[{'content': 'Hallo! Sie haben die digitale Anruf-Assistentin von Surfers Immobilien erreicht. Was kann ich für Sie tun?', 'role': 'assistant'}, {'content': 'Hallo, ich habe eine Frage: Wann genau muss die Miete jeden Monat eingegangen sein? Können Sie mir da weiterhelfen?', 'id': 'baea1630-b8c1-4f82-9578-c96a303116e4', 'role': 'user'}, {'content': 'Die monatliche Nutzungsgebühr muss spätestens am dritten Werktag jedes Monats auf dem Konto von Surfers Immobilien eingegangen sein. Haben Sie noch weitere Fragen?', 'id': '64b25c5b-9b16-4bf1-903a-765f03862e18', 'role': 'assistant'}, {'content': 'Nein, vielen Dank. Das beantwortet meine Frage. Auf Wiederhören.', 'id': 'lc_run--01a001d0-9eb3-7de0-b398-4ec05e29fb6d-0', 'role': 'user'}, {'content': 'Alles klar. Auf Wiederhören!', 'id': '814c38cf-b2c2-408a-a142-55cb297ee5c3', 'role': 'assistant'}, {'content': '', 'id': 'lc_run--01a001d0-a79a-7f21-a2f5-eb9d0d0978b8-0', 'role': 'user'}, {'content': '', 'id': 'e09bdb42-319e-4279-8149-67ec0fe5d09e', 'role': 'assistant'}]",7.922796,,01a001d0-924b-7c03-b588-6f09f5ac2a8e,1.0,0.0,1.0,3,5,1.1318
KN9387,Julia Fischer,015789643375,den ganzen Freitag,Welche Kündigungsfrist gilt für meinen Mietvertrag?,surfersimmobilien+predeploy@outlook.com,"[{'content': 'Hallo! Sie haben die digitale Anruf-Assistentin von Surfers Immobilien erreicht. Was kann ich für Sie tun?', 'role': 'assistant'}, {'content': 'Hallo, ich habe eine Frage: Welche Kündigungsfrist gilt für meinen Mietvertrag? Können Sie mir da weiterhelfen?', 'id': 'c6d5e3a1-2a65-42b4-abf2-116e87af72b2', 'role': 'user'}, {'content': 'Die ordentliche Kündigungsfrist für den Nutzungsvertrag Ihrer Wohnung beträgt drei Monate zum Monatsende. Die Kündigung muss schriftlich erfolgen.\n\nHaben Sie noch weitere Fragen?', 'id': '50ef2f4b-284b-4f8c-bc41-6be3145c48ee', 'role': 'assistant'}, {'content': 'Nein, danke. Das war alles. Auf Wiederhören.', 'id': 'lc_run--01a001d0-bcd9-7500-8d3e-f0ad1943f5db-0', 'role': 'user'}, {'content': 'Alles klar. Auf Wiederhören!', 'id': 'a2be4c6c-d7e4-45bc-af80-8688d383d197', 'role': 'assistant'}, {'content': '', 'id': 'lc_run--01a001d0-c581-7c11-b997-fbff84cd2b00-0', 'role': 'user'}, {'content': '', 'id': 'bc7b0b60-80d8-4746-afaf-ace22aeb046b', 'role': 'assistant'}]",8.290628,,01a001d0-b13f-7871-9ebe-532d338a6efc,1.0,0.0,1.0,3,5,1.1844
KN8217,Torsten Werner,015789643375,Freitag den ganzen Tag,Wo finde ich Informationen zur Barrierefreiheit meines Gebäudes?,surfersimmobilien+predeploy@outlook.com,"[{'content': 'Hallo! Sie haben die digitale Anruf-Assistentin von Surfers Immobilien erreicht. Was kann ich für Sie tun?', 'role': 'assistant'}, {'content': 'Hallo, ich habe eine Frage: Wo finde ich Informationen zur Barrierefreiheit meines Gebäudes? Können Sie mir da weiterhelfen?', 'id': '954970e6-77d7-4708-821a-7bac1813ac1b', 'role': 'user'}, {'content': '}Alles klar. Ob Ihr Gebäude barrierefrei zugänglich ist, können Sie im Kundenportal einsehen. Gehen Sie dazu einfach auf den Punkt Meine Wohnung und schauen Sie im Bereich Gebäudeinformationen nach.\n\nHaben Sie noch weitere Fragen?', 'id': 'e2761ba3-cdf2-43b4-a2f5-cf07065aa991', 'role': 'assistant'}, {'content': 'Nein, danke. Das war alles. Auf Wiederhören.', 'id': 'lc_run--01a001d0-c0fe-7192-b41f-b2aa10ac2251-0', 'role': 'user'}, {'content': 'Gerne. Auf Wiederhören!', 'id': '5702e8d5-10c6-47d2-bb45-a589a7d24ff6', 'role': 'assistant'}, {'content': '', 'id': 'lc_run--01a001d0-c864-7273-bc47-4e65e04053eb-0', 'role': 'user'}, {'content': '', 'id': '59ab6290-379e-4ed4-9356-ca96254d0930', 'role': 'assistant'}]",7.838797,,01a001d0-b239-7a90-a3d7-87697b28a53c,1.0,0.0,1.0,3,5,1.1198
KN3580,Martina Wolf,015789643375,Dienstag den ganzen Tag,Wie kann ich mich für einen Stellplatz anmelden?,surfersimmobilien+predeploy@outlook.com,"[{'content': 'Hallo! Sie haben die digitale Anruf-Assistentin von Surfers Immobilien erreicht. Was kann ich für Sie tun?', 'role': 'assistant'}, {'content': 'Hallo, ich habe eine Frage: Wie kann ich mich für einen Stellplatz anmelden? Können Sie mir da weiterhelfen?', 'id': '58eca5cd-bea2-4481-bd14-1e065137ed08', 'role': 'user'}, {'content': 'Alles klar. Interessierte Mitglieder können sich über das Kundenportal für die Stellplatz-Warteliste anmelden. Haben Sie noch weitere Fragen?', 'id': 'b6eab08b-477e-45fb-b6d4-40a09ec0c072', 'role': 'assistant'}, {'content': 'Nein, danke. Das war alles. Auf Wiederhören.', 'id': 'lc_run--01a001d0-c4d9-70c1-b02d-f9b44cb09f91-0', 'role': 'user'}, {'content': 'Gerne. Auf Wiederhören!', 'id': '34e668e0-799b-44b2-9742-dbe76fdd0736', 'role': 'assistant'}, {'content': '', 'id': 'lc_run--01a001d0-ccad-7222-b9b6-f92a79aefdf2-0', 'role': 'user'}, {'content': '', 'id': 'a095fccc-ff0c-4472-b9e9-9741319287e7', 'role': 'assistant'}]",9.314658,,01a001d0-b623-71e1-b0e5-d7748ed195d2,1.0,0.0,1.0,3,5,1.3307
KN6165,Elke Frank,015789643375,nur nachmittags ab 15 Uhr,Wo finde ich meine Vertragsdokumente online?,surfersimmobilien+predeploy@outlook.com,"[{'content': 'Hallo! Sie haben die digitale Anruf-Assistentin von Surfers Immobilien erreicht. Was kann ich für Sie tun?', 'role': 'assistant'}, {'content': 'Hallo, ich habe eine Frage: Wo finde ich meine Vertragsdokumente online? Können Sie mir da weiterhelfen?', 'id': 'ad793c22-451d-46cc-a8af-cfa7e003a4dc', 'role': 'user'}, {'content': '}Alles klar. Sie finden Ihre Vertragsdokumente im Kundenportal unter portal punkt surfers Bindestrich immobilien punkt de. Dort können Sie sich mit Ihrer Kundennummer und Ihrem Passwort einloggen.\n\nHaben Sie noch weitere Fragen?', 'id': '30d85112-dc59-45da-8bca-fc434027b968', 'role': 'assistant'}, {'content': 'Nein, danke. Das war alles. Auf Wiederhören.', 'id': 'lc_run--01a001d0-f269-7001-874b-334e23bef9d3-0', 'role': 'user'}, {'content': '', 'id': '1b176d90-f1cd-444a-8958-4e509d529732', 'role': 'assistant'}, {'content': '', 'id': 'lc_run--01a001d0-fc75-7c90-9619-2baf3cfe4834-0', 'role': 'user'}, {'content': 'Da ich keine weitere Anfrage von Ihnen erhalten habe, beende ich hiermit das Gespräch. Auf Wiederhören!', 'id': '95ee8c11-e38d-461e-8903-c3606bad4007', 'role': 'assistant'}]",14.451913,,01a001d0-d0d9-7f00-b1e6-3a95b0bcb86e,1.0,0.0,1.0,3,5,2.0646
KN2933,Ilse Schulte,015789643375,nur nachmittags ab 15 Uhr,Verfügen alle Gebäude über einen Aufzug?,surfersimmobilien+predeploy@outlook.com,"[{'content': 'Hallo! Sie haben die digitale Anruf-Assistentin von Surfers Immobilien erreicht. Was kann ich für Sie tun?', 'role': 'assistant'}, {'content': 'Hallo, ich habe eine Frage: Verfügen alle Gebäude über einen Aufzug? Können Sie mir da weiterhelfen?', 'id': '5626b6c4-916a-4d4f-a53d-4b836a191f21', 'role': 'user'}, {'content': 'Nein, nicht alle Gebäude verfügen über einen Aufzug. Haben Sie noch weitere Fragen?', 'id': 'd2bc57a6-0c7f-43dd-8f2a-6a3981db6845', 'role': 'assistant'}, {'content': 'Nein, danke. Das war alles. Auf Wiederhören.', 'id': 'lc_run--01a001d0-edfe-7d40-b9c7-cd3ad035bc9b-0', 'role': 'user'}, {'content': 'Alles klar. Auf Wiederhören!', 'id': '4730a6fe-912e-4f16-a4a8-4db6eeee733d', 'role': 'assistant'}, {'content': '', 'id': 'lc_run--01a001d0-f63e-7460-8471-138dc4be76ac-0', 'role': 'user'}, {'content': '', 'id': '86015966-de4c-4f6b-a7e6-3161daad0613', 'role': 'assistant'}]",13.048646,,01a001d0-d1a3-7371-b4c4-b63fed707160,1.0,0.0,1.0,3,5,1.8641
KN3323,Petra Hoffmann,015789643375,nur nachmittags ab 15 Uhr,"Was mache ich, wenn ich Gasgeruch in meiner Wohnung wahrnehme?",surfersimmobilien+predeploy@outlook.com,"[{'content': 'Hallo! Sie haben die digitale Anruf-Assistentin von Surfers Immobilien erreicht. Was kann ich für Sie tun?', 'role': 'assistant'}, {'content': 'Hallo, ich habe eine Frage: Was mache ich, wenn ich Gasgeruch in meiner Wohnung wahrnehme? Können Sie mir da weiterhelfen?', 'id': '74333000-a488-4b38-a4f3-232c0aee5643', 'role': 'user'}, {'content': 'Alles klar. Bei Gasgeruch müssen Sie sofort die Notfallhotline unter der Nummer null acht hundert vier fünf sechs sieben acht neun eins anrufen. Das gilt unabhängig von den Öffnungszeiten.\n\nHaben Sie noch weitere Fragen?', 'id': 'f04984d1-45b6-4955-b06e-b990c490464a', 'role': 'assistant'}, {'content': 'Nein, danke. Das war alles. Auf Wiederhören.', 'id': 'lc_run--01a001d0-e5e2-74d1-ad45-99f3f15ce0bf-0', 'role': 'user'}, {'content': 'Gerne. Auf Wiederhören!', 'id': 'afebb4a2-f59d-4b02-9d41-653e8521b885', 'role': 'assistant'}, {'content': '', 'id': 'lc_run--01a001d0-f1a8-7a43-86c7-7545850c30e6-0', 'role': 'user'}, {'content': '', 'id': '8400567b-6e75-4dd1-a59b-4f088954c6a6', 'role': 'assistant'}]",8.838701,,01a001d0-da87-7db2-b910-872a85e0f2bb,1.0,0.0,1.0,3,5,1.2627
KN7868,Gertrud Vogler,015789643375,Montag von 14 Uhr bis 16 Uhr,Wie läuft die Rückgabe der Wohnung genau ab?,surfersimmobilien+predeploy@outlook.com,"[{'content': 'Hallo! Sie haben die digitale Anruf-Assistentin von Surfers Immobilien erreicht. Was kann ich für Sie tun?', 'role': 'assistant'}, {'content': 'Hallo, ich habe eine Frage: Wie läuft die Rückgabe der Wohnung genau ab? Können Sie mir da weiterhelfen?', 'id': '17efb536-a91b-4eda-88d1-42265e108269', 'role': 'user'}, {'content': 'Okay. Die Kündigung muss schriftlich erfolgen und hat eine Frist von drei Monaten zum Monatsende. Nach dem Auszug und der Wohnungsübergabe wird die Kaution, abzüglich eventueller Kosten für Instandsetzungen, innerhalb von sechs Monaten zurücküberwiesen.\n\nHaben Sie noch weitere Fragen?', 'id': '95d72f45-2a80-49ad-93ef-d8844a6a9dcb', 'role': 'assistant'}, {'content': 'Nein, danke. Das war alles. Auf Wiederhören.', 'id': 'lc_run--01a001d0-ef34-7be0-b440-d2537e3095e9-0', 'role': 'user'}, {'content': 'Alles klar. Auf Wiederhören!', 'id': 'ed818ce5-4662-4cac-a2a8-270a39e0f890', 'role': 'assistant'}, {'content': '', 'id': 'lc_run--01a001d0-f6db-7932-8bd4-c9ca67488194-0', 'role': 'user'}, {'content': '', 'id': '7cd39b83-2379-42e1-ab6e-8181502d6da5', 'role': 'assistant'}]",9.111781,,01a001d0-e2da-7f73-aa17-e922d5c313c8,0.0,0.0,1.0,3,5,1.3017
KN8976,Margarete Lang,015789643375,Mittwoch und Freitag vormittags,Werden SEPA-Lastschriften bevorzugt?,surfersimmobilien+predeploy@outlook.com,"[{'content': 'Hallo! Sie haben die digitale Anruf-Assistentin von Surfers Immobilien erreicht. Was kann ich für Sie tun?', 'role': 'assistant'}, {'content': 'Hallo, ich habe eine Frage: Werden SEPA-Lastschriften bevorzugt? Können Sie mir da weiterhelfen?', 'id': '5836b9a6-0b7d-4f49-8c10-67eb72a68f9b', 'role': 'user'}, {'content': 'Ja, die Zahlung per SEPA-Lastschrift wird bevorzugt. Überweisungen sind aber ebenfalls möglich. Haben Sie noch weitere Fragen?', 'id': 'ac7700a6-0fb3-4fa4-9728-c59880c9994c', 'role': 'assistant'}, {'content': 'Nein, danke. Das war alles. Auf Wiederhören.', 'id': 'lc_run--01a001d1-08e7-79c1-91ab-dd7f70e93571-0', 'role': 'user'}, {'content': '', 'id': '5008d70c-de59-46d9-a521-db7a988fac59', 'role': 'assistant'}, {'content': '', 'id': 'lc_run--01a001d1-1424-7211-8756-ccc4d8b41298-0', 'role': 'user'}, {'content': '(Die Konversation wurde beendet.)', 'id': '74f1bb1c-b1bf-4b5f-9a69-23f48bef31c6', 'role': 'assistant'}]",8.784099,,01a001d0-fd0f-79a1-87df-6a6d2227acf1,1.0,0.0,1.0,3,5,1.2549
KN6345,Ines Schmitt,015789643375,Mittwoch von 8 Uhr bis 10 Uhr,Hat mein Gebäude einen Aufzug?,surfersimmobilien+predeploy@outlook.com,"[{'content': 'Hallo! Sie haben die digitale Anruf-Assistentin von Surfers Immobilien erreicht. Was kann ich für Sie tun?', 'role': 'assistant'}, {'content': 'Hallo, ich habe eine Frage: Hat mein Gebäude einen Aufzug? Können Sie mir da weiterhelfen?', 'id': 'c289dd3e-bdc3-4e4c-b40a-6fd3f3bcdba2', 'role': 'user'}, {'content': 'Um das prüfen zu können, müsste ich wissen, um welches Gebäude oder welche Adresse es sich handelt. Könnten Sie mir diese Information bitte geben?', 'id': 'c7f2aaca-39c7-4eb6-bd57-04730a1ad4cb', 'role': 'assistant'}, {'content': 'Ja, es geht um mein Gebäude bei Surfers Immobilien. Eine genaue Adresse habe ich gerade nicht zur Hand. Meine Kundennummer ist KN6345, falls das hilft.', 'id': 'lc_run--01a001d1-0dd1-7f92-87a7-ee1ea818bbbf-0', 'role': 'user'}, {'content': 'Leider kann ich anhand Ihrer Kundennummer nicht sehen, ob Ihr Gebäude einen Aufzug hat. Die verfügbaren Informationen dazu sind leider nicht hinterlegt. Haben Sie noch weitere Fragen?', 'id': 'e4b0381d-8c7f-4de6-bf9c-1e41c39d90df', 'role': 'assistant'}, {'content': 'Nein, danke. Das war alles. Auf Wiederhören.', 'id': 'lc_run--01a001d1-1f67-7713-99b2-fac803952c60-0', 'role': 'user'}, {'content': 'Alles klar. Dann wünsche ich Ihnen noch einen schönen Tag. Auf Wiederhören!', 'id': 'c20deac0-a3ce-4125-b565-3b291e5e89d7', 'role': 'assistant'}, {'content': '', 'id': 'lc_run--01a001d1-2776-7562-96c9-608a960e06cf-0', 'role': 'user'}, {'content': '', 'id': '7f9aa943-673b-430f-a83c-a351eee002d6', 'role': 'assistant'}]",13.660572,,01a001d1-049d-7960-9013-652e69184c85,1.0,0.0,0.0,4,7,1.5178
KN2094,Norbert Ludwig,015789643375,Donnerstag von 13 Uhr bis 15 Uhr,Wie kündige ich meinen Mietvertrag korrekt?,surfersimmobilien+predeploy@outlook.com,"[{'content': 'Hallo! Sie haben die digitale Anruf-Assistentin von Surfers Immobilien erreicht. Was kann ich für Sie tun?', 'role': 'assistant'}, {'content': 'Hallo, ich habe eine Frage: Wie kündige ich meinen Mietvertrag korrekt? Können Sie mir da weiterhelfen?', 'id': 'd05257bc-15ed-4b50-bb9a-ffd55f1eb6e3', 'role': 'user'}, {'content': 'Die Kündigung muss schriftlich erfolgen, also per Brief oder als eingescanntes, unterschriebenes Dokument. Die ordentliche Kündigungsfrist beträgt drei Monate zum Monatsende.\n\nBitte beachten Sie, dass die Mitgliedschaft in der Genossenschaft gesondert mit einer Frist von einem Jahr zum Geschäftsjahresende gekündigt werden muss.\n\nHaben Sie noch weitere Fragen?', 'id': 'f10afa9e-61d9-40e9-9a3e-661e31c535bf', 'role': 'assistant'}, {'content': 'Nein, danke, das beantwortet meine Frage. Auf Wiederhören.', 'id': 'lc_run--01a001d1-14a4-7d80-9281-f5cc2bb0e59c-0', 'role': 'user'}, {'content': '', 'id': '50de9ff1-636d-494e-aff4-7777c76e08f0', 'role': 'assistant'}, {'content': '', 'id': 'lc_run--01a001d1-202b-7a20-98bb-6ed8cf593108-0', 'role': 'user'}, {'content': '(Das Gespräch wurde beendet.)', 'id': 'aeec60c3-175f-4260-b10f-8fd336c776e6', 'role': 'assistant'}]",9.200874,,01a001d1-0673-77b1-ba0f-b767ee8427ed,1.0,0.0,1.0,3,5,1.3144
KN2150,Achim Lorenz,015789643375,abends nach 18 Uhr,Ist die Gartenpflege in den Nebenkosten enthalten?,surfersimmobilien+predeploy@outlook.com,"[{'content': 'Hallo! Sie haben die digitale Anruf-Assistentin von Surfers Immobilien erreicht. Was kann ich für Sie tun?', 'role': 'assistant'}, {'content': 'Hallo, ich habe eine Frage: Ist die Gartenpflege in den Nebenkosten enthalten? Können Sie mir da weiterhelfen?', 'id': '7c4d3412-7b1e-4831-94ea-f751a6cb4e59', 'role': 'user'}, {'content': 'Ja, die Gartenpflege ist in den Nebenkosten enthalten. Haben Sie noch weitere Fragen?', 'id': '1c34f0c7-a75d-40e0-a4b1-95bf6a1ccccd', 'role': 'assistant'}, {'content': 'Nein, danke. Das war alles. Auf Wiederhören.', 'id': 'lc_run--01a001d1-15d0-78b0-830c-fe97233f26fc-0', 'role': 'user'}, {'content': 'Alles klar. Auf Wiederhören!', 'id': 'c370b8bb-e508-4d97-96bf-8b05b7787b28', 'role': 'assistant'}, {'content': '', 'id': 'lc_run--01a001d1-1e66-7081-8bd0-018b81b03d0c-0', 'role': 'user'}, {'content': '', 'id': 'ca52bb38-953e-4b2c-92ed-b22c44d075f8', 'role': 'assistant'}]",9.609822,,01a001d1-094e-7fc3-8cc0-42c2fe130a2a,1.0,0.0,1.0,3,5,1.3728
KN1981,Fritz Fuchs,015789643375,abends nach 18 Uhr,Gibt es eine separate Nummer für Notfälle?,surfersimmobilien+predeploy@outlook.com,"[{'content': 'Hallo! Sie haben die digitale Anruf-Assistentin von Surfers Immobilien erreicht. Was kann ich für Sie tun?', 'role': 'assistant'}, {'content': 'Hallo, ich habe eine Frage: Gibt es eine separate Nummer für Notfälle? Können Sie mir da weiterhelfen?', 'id': '10f22368-fdf9-49a0-b494-b53d1b080924', 'role': 'user'}, {'content': 'Ja, für akute Notfälle wie Wasserrohrbrüche, Gasgeruch oder einen kompletten Stromausfall gibt es eine Notfallhotline. Sie erreichen diese unter der Nummer null acht null null vier fünf sechs sieben acht neun eins. Diese ist unabhängig von den Öffnungszeiten erreichbar.\n\nHaben Sie noch weitere Fragen?', 'id': '7a083419-48f2-4a12-9948-5ab268a5cdf5', 'role': 'assistant'}, {'content': 'Nein, danke. Das war alles. Auf Wiederhören.', 'id': 'lc_run--01a001d1-2d3a-76b2-8a40-823f776bd04a-0', 'role': 'user'}, {'content': '', 'id': '88dcf577-2457-4047-a1c0-17c038a72ee9', 'role': 'assistant'}, {'content': '', 'id': 'lc_run--01a001d1-3aaa-7671-8e3c-263c39c0a72e-0', 'role': 'user'}, {'content': '(Das Gespräch wurde beendet.)', 'id': '533f0f51-b670-4b20-b135-b52d5854b8bf', 'role': 'assistant'}]",9.869748,,01a001d1-1f60-7852-8edf-2c42c335e0dd,1.0,0.0,1.0,3,5,1.41
KN4086,Frieda Möller,015789643375,den ganzen Donnerstag,Wie kann ich meinen Zählerstand im Portal eintragen?,surfersimmobilien+predeploy@outlook.com,"[{'content': 'Hallo! Sie haben die digitale Anruf-Assistentin von Surfers Immobilien erreicht. Was kann ich für Sie tun?', 'role': 'assistant'}, {'content': 'Hallo, ich habe eine Frage: Wie kann ich meinen Zählerstand im Portal eintragen? Können Sie mir da weiterhelfen?', 'id': 'aac44534-f607-47ef-9da0-16ac05ee8ab0', 'role': 'user'}, {'content': 'Das geht ganz einfach über das Kundenportal unter portal punkt surfers-immobilien punkt de. Dort loggen Sie sich mit Ihrer Kundennummer und Ihrem Passwort ein. In dem Portal gibt es dann die Funktion zum Melden der Zählerstände für Wasser, Strom und Heizung.\n\nHaben Sie noch weitere Fragen?', 'id': '7420a386-6583-4236-94b7-7e6b15508bb9', 'role': 'assistant'}, {'content': 'Nein, danke. Das war alles. Auf Wiederhören.', 'id': 'lc_run--01a001d1-3b5c-7080-9d4e-4bf2cf56e94c-0', 'role': 'user'}, {'content': '', 'id': '71751f6d-626f-436a-bc7c-33ad189b656e', 'role': 'assistant'}, {'content': '', 'id': 'lc_run--01a001d1-4704-7080-ba41-de2a15610768-0', 'role': 'user'}, {'content': '(Die Konversation wurde beendet.)', 'id': '9afb6575-a22b-490e-bca9-86989452dac8', 'role': 'assistant'}]",9.945932,,01a001d1-2a65-7d33-8341-f82122044c7d,1.0,0.0,1.0,3,5,1.4208
KN4200,Gabriele Krause,015789643375,Montag von 10 Uhr bis 13 Uhr,Wann ist die Zentrale von Surfers Immobilien geöffnet?,surfersimmobilien+predeploy@outlook.com,"[{'content': 'Hallo! Sie haben die digitale Anruf-Assistentin von Surfers Immobilien erreicht. Was kann ich für Sie tun?', 'role': 'assistant'}, {'content': 'Hallo, ich habe eine Frage: Wann ist die Zentrale von Surfers Immobilien geöffnet? Können Sie mir da weiterhelfen?', 'id': '5071e68c-d102-417e-81a5-c727de5ad40b', 'role': 'user'}, {'content': '<|channel>thought\n<channel|>Die Zentrale ist von Montag bis Mittwoch zwischen neun und fünfzehn Uhr geöffnet. Am Freitag ist sie von vierzehn bis siebzehn Uhr besetzt. Am Donnerstag bleibt die Zentrale geschlossen. Haben Sie noch weitere Fragen?', 'id': '5e3e2a02-ca6b-45d9-93fb-af55b6295adf', 'role': 'assistant'}, {'content': 'Nein, danke. Das war alles. Auf Wiederhören.', 'id': 'lc_run--01a001d1-3e3d-72e0-b67c-30e975b0bf95-0', 'role': 'user'}, {'content': 'Alles klar. Auf Wiederhören!', 'id': '0140cf9b-0b74-4b82-af6a-ccd7f38e35ee', 'role': 'assistant'}, {'content': '', 'id': 'lc_run--01a001d1-476a-7d63-8197-c86f37fb1729-0', 'role': 'user'}, {'content': '', 'id': '3cc156c1-21b1-4f59-b08b-b198f0ddc752', 'role': 'assistant'}]",9.480897,,01a001d1-2ed9-7a11-965a-d27d9c3577dd,1.0,0.0,1.0,3,5,1.3544
KN1007,August Busch,015789643375,immer dienstags und donnerstags,Brauche ich für eine Untervermietung die Zustimmung der Verwaltung?,surfersimmobilien+predeploy@outlook.com,"[{'content': 'Hallo! Sie haben die digitale Anruf-Assistentin von Surfers Immobilien erreicht. Was kann ich für Sie tun?', 'role': 'assistant'}, {'content': 'Hallo, ich habe eine Frage: Brauche ich für eine Untervermietung die Zustimmung der Verwaltung? Können Sie mir da weiterhelfen?', 'id': '09b7b5dd-2c1a-4a4b-a197-3f3605b61cbe', 'role': 'user'}, {'content': 'Ja, eine Untervermietung ist nur mit der vorherigen schriftlichen Zustimmung der Genossenschaft erlaubt.\n\nHaben Sie noch weitere Fragen?', 'id': '4d46e48f-0263-403d-a3c4-b18b383c5a7e', 'role': 'assistant'}, {'content': 'Nein, danke. Das war alles. Auf Wiederhören.', 'id': 'lc_run--01a001d1-45f0-7d61-bfba-7bbcb20d3206-0', 'role': 'user'}, {'content': 'Alles klar. Auf Wiederhören!', 'id': '706358aa-8115-4217-a243-ee883e737e75', 'role': 'assistant'}, {'content': '', 'id': 'lc_run--01a001d1-4f41-71c1-a42f-4c3ee5baaef2-0', 'role': 'user'}, {'content': '', 'id': '4f6e5142-54bc-4b04-a9c1-4338f171c2db', 'role': 'assistant'}]",9.154144,,01a001d1-39fa-7d92-8ac4-3bb3d459ecb0,1.0,0.0,1.0,3,5,1.3077
KN5161,Matthias Günther,015789643375,nur vormittags unter der Woche,"Was brauche ich, um mich im Kundenportal anzumelden?",surfersimmobilien+predeploy@outlook.com,"[{'content': 'Hallo! Sie haben die digitale Anruf-Assistentin von Surfers Immobilien erreicht. Was kann ich für Sie tun?', 'role': 'assistant'}, {'content': 'Hallo, ich habe eine Frage: Was brauche ich, um mich im Kundenportal anzumelden? Können Sie mir da weiterhelfen?', 'id': 'e40423db-52bd-4543-9c3a-0d664898b2c2', 'role': 'user'}, {'content': 'Für die Anmeldung im Kundenportal benötigen Sie Ihre Mitglieds- oder Kundennummer sowie ein selbst gewähltes Passwort. Haben Sie noch weitere Fragen?', 'id': '3a6ff476-6669-428e-87d5-eb935cf9f404', 'role': 'assistant'}, {'content': 'Nein, danke. Das war alles. Auf Wiederhören.', 'id': 'lc_run--01a001d1-5151-7072-801d-b6153059b5eb-0', 'role': 'user'}, {'content': 'Alles klar. Auf Wiederhören!', 'id': '3c7471fb-f2d6-4e69-b4b3-f2ef35167b18', 'role': 'assistant'}, {'content': '', 'id': 'lc_run--01a001d1-5e06-7090-b26b-e104963f9d10-0', 'role': 'user'}, {'content': '', 'id': '823fbc1c-69fd-44ec-91e4-a3189c47e718', 'role': 'assistant'}]",9.855392,,01a001d1-45f2-7f53-a1af-a61eb6de23d3,1.0,0.0,1.0,3,5,1.4079
KN1492,Heike Hartmann,015789643375,Montag von 14 Uhr bis 16 Uhr,Zu welchen Zeiten ist der Hausmeister vor Ort?,surfersimmobilien+predeploy@outlook.com,"[{'content': 'Hallo! Sie haben die digitale Anruf-Assistentin von Surfers Immobilien erreicht. Was kann ich für Sie tun?', 'role': 'assistant'}, {'content': 'Hallo, ich habe eine Frage: Zu welchen Zeiten ist der Hausmeister vor Ort? Können Sie mir da weiterhelfen?', 'id': 'b372066f-403e-4baf-87f0-3dcc6484885e', 'role': 'user'}, {'content': 'Alles klar. Der Hausmeister ist von Montag bis Freitag zwischen acht Uhr und sechzehn Uhr vor Ort. Haben Sie noch weitere Fragen?', 'id': '2beb9828-5a83-40cb-b9b5-0810e172d70f', 'role': 'assistant'}, {'content': 'Nein, danke. Das war alles. Auf Wiederhören.', 'id': 'lc_run--01a001d1-60d5-7f43-a846-be220f6c1876-0', 'role': 'user'}, {'content': 'Gerne. Auf Wiederhören!', 'id': '129b3ebd-2c2b-454c-89f9-dec4a3373d61', 'role': 'assistant'}, {'content': '', 'id': 'lc_run--01a001d1-69e3-7392-bf75-0cccbee1feca-0', 'role': 'user'}, {'content': '', 'id': '98ac9ff1-4870-40f9-8c86-7eb015e23d35', 'role': 'assistant'}]",10.474742,,01a001d1-5140-75d3-8e08-aac66811ca34,1.0,0.0,1.0,3,5,1.4964
KN1321,Gustav Voigt,015789643375,Dienstag von 14 Uhr bis 17 Uhr,Muss meine Kündigung per Post oder reicht eine E-Mail?,surfersimmobilien+predeploy@outlook.com,"[{'content': 'Hallo! Sie haben die digitale Anruf-Assistentin von Surfers Immobilien erreicht. Was kann ich für Sie tun?', 'role': 'assistant'}, {'content': 'Hallo, ich habe eine Frage: Muss meine Kündigung per Post oder reicht eine E-Mail? Können Sie mir da weiterhelfen?', 'id': '5b4f0dd6-29ad-43fb-8698-2d1424cb842e', 'role': 'user'}, {'content': 'Die Kündigung muss schriftlich erfolgen. Das heißt, entweder per Brief oder als eingescanntes, unterschriebenes Dokument per E-Mail. Eine einfache E-Mail ohne Unterschrift reicht leider nicht aus.\n\nHaben Sie noch weitere Fragen?', 'id': 'c0b42285-1d50-4bc5-9717-0127d4444480', 'role': 'assistant'}, {'content': 'Nein, danke. Das war alles. Auf Wiederhören.', 'id': 'lc_run--01a001d1-64de-7563-83ba-6424aeec8a98-0', 'role': 'user'}, {'content': '', 'id': 'd8423c5e-ee15-4842-a075-70b90b6c5c7d', 'role': 'assistant'}, {'content': '', 'id': 'lc_run--01a001d1-703c-74e0-8390-7ee2ce3b3423-0', 'role': 'user'}, {'content': '(Die Konversation wurde beendet.)', 'id': 'ed88d09b-db4c-4719-9b9b-61561a6297f3', 'role': 'assistant'}]",9.938708,,01a001d1-53e3-75b2-992b-e89c184afe7d,1.0,0.0,1.0,3,5,1.4198
KN4436,Dietmar Martin,015789643375,nur am späten Nachmittag,"Was zählt als Notfall, bei dem ich sofort anrufen sollte?",surfersimmobilien+predeploy@outlook.com,"[{'content': 'Hallo! Sie haben die digitale Anruf-Assistentin von Surfers Immobilien erreicht. Was kann ich für Sie tun?', 'role': 'assistant'}, {'content': 'Hallo, ich habe eine Frage: Was zählt als Notfall, bei dem ich sofort anrufen sollte? Können Sie mir da weiterhelfen?', 'id': '60157bbe-92ff-4014-a17a-3eddd69e213a', 'role': 'user'}, {'content': 'Als Notfälle zählen zum Beispiel ein Wasserrohrbruch, Gasgeruch oder ein kompletter Stromausfall im Gebäude. In solchen Fällen sollten Sie sofort die Notfallhotline kontaktieren.\n\nHaben Sie noch weitere Fragen?', 'id': '69ae3c09-390f-4527-9fb5-6d6309096000', 'role': 'assistant'}, {'content': 'Nein, danke. Das hat mir weitergeholfen. Auf Wiederhören.', 'id': 'lc_run--01a001d1-6ad0-7a80-81c4-dd6cb51aa795-0', 'role': 'user'}, {'content': 'Alles klar. Auf Wiederhören!', 'id': 'f3b85379-e3ba-4be4-894a-5606b24788d5', 'role': 'assistant'}, {'content': '', 'id': 'lc_run--01a001d1-754c-7472-a6b3-afa8c9234fa4-0', 'role': 'user'}, {'content': '', 'id': '0eb50e55-ba6f-47fb-8f99-16511f1e2bd7', 'role': 'assistant'}]",10.24305,,01a001d1-5dbe-7ed0-b254-ef426baf1dca,1.0,0.0,1.0,3,5,1.4633
KN1584,Dieter Braun,015789643375,Donnerstag von 13 Uhr bis 15 Uhr,Wie kann ich Sperrmüll anmelden?,surfersimmobilien+predeploy@outlook.com,"[{'content': 'Hallo! Sie haben die digitale Anruf-Assistentin von Surfers Immobilien erreicht. Was kann ich für Sie tun?', 'role': 'assistant'}, {'content': 'Hallo, ich habe eine Frage: Wie kann ich Sperrmüll anmelden? Können Sie mir da weiterhelfen?', 'id': 'e02f9d65-6738-400c-b741-b299a0a6216f', 'role': 'user'}, {'content': '}Alles klar. Sperrmüll können Sie direkt über das städtische Entsorgungsunternehmen anmelden. Bitte beachten Sie, dass dabei eventuell Kosten anfallen, die Sie selbst tragen müssen.\n\nHaben Sie noch weitere Fragen?', 'id': '5c6998f5-ea7a-4b83-9adb-86236c9dbb05', 'role': 'assistant'}, {'content': 'Nein, danke. Das war alles. Auf Wiederhören.', 'id': 'lc_run--01a001d1-794b-71a1-862d-52d0c1e4694a-0', 'role': 'user'}, {'content': 'Gerne. Auf Wiederhören!', 'id': 'e65814bf-dfca-4493-94e0-0bbe9e80e8e4', 'role': 'assistant'}, {'content': '', 'id': 'lc_run--01a001d1-840d-7452-98f0-b67a7c3611c9-0', 'role': 'user'}, {'content': '', 'id': '1fa9b104-39af-4cff-8154-fb3d504e5c9e', 'role': 'assistant'}]",8.077491,,01a001d1-6c73-7d13-8a1f-7dbdcf7581bd,1.0,0.0,1.0,3,5,1.1539
KN5557,Cornelia Vogel,015789643375,Mittwoch von 10 Uhr bis 13 Uhr,Wie melde ich meinen aktuellen Zählerstand?,surfersimmobilien+predeploy@outlook.com,"[{'content': 'Hallo! Sie haben die digitale Anruf-Assistentin von Surfers Immobilien erreicht. Was kann ich für Sie tun?', 'role': 'assistant'}, {'content': 'Hallo, ich habe eine Frage: Wie melde ich meinen aktuellen Zählerstand? Können Sie mir da weiterhelfen?', 'id': '68ca9355-1c2c-4e07-9173-3ad6a2a938b0', 'role': 'user'}, {'content': 'Das können Sie ganz einfach über das Kundenportal erledigen. Loggen Sie sich dort mit Ihrer Kundennummer und Ihrem Passwort ein. Dort gibt es eine Funktion, um die Zählerstände für Wasser, Strom und Heizung zu melden.\n\nHaben Sie noch weitere Fragen?', 'id': '16c83d51-61da-45ba-9132-b3b139ef63d3', 'role': 'assistant'}, {'content': 'Nein, danke. Das war alles. Auf Wiederhören.', 'id': 'lc_run--01a001d1-87eb-7c12-9633-6686aceb05ba-0', 'role': 'user'}, {'content': '', 'id': '20e3d035-d84a-4eec-9eed-5fdc5546d980', 'role': 'assistant'}, {'content': '', 'id': 'lc_run--01a001d1-96f2-7552-921c-40e08c94a0f8-0', 'role': 'user'}, {'content': '(Die Konversation wurde beendet.)', 'id': 'dd2c36ba-7066-4c1f-9825-21131e98a20f', 'role': 'assistant'}]",10.113837,,01a001d1-7a2c-7c82-8842-5372a45da855,1.0,0.0,1.0,3,5,1.4448
KN4025,Thomas Schneider,015789643375,den ganzen Montag,Wann bekomme ich meine Kaution nach dem Auszug zurück?,surfersimmobilien+predeploy@outlook.com,"[{'content': 'Hallo! Sie haben die digitale Anruf-Assistentin von Surfers Immobilien erreicht. Was kann ich für Sie tun?', 'role': 'assistant'}, {'content': 'Hallo, ich habe eine Frage: Wann bekomme ich meine Kaution nach dem Auszug zurück? Können Sie mir da weiterhelfen?', 'id': '187a0e71-eedf-4a16-a5ab-4d6ad6ee7b29', 'role': 'user'}, {'content': 'Alles klar. Nach dem Auszug und der Wohnungsübergabe wird die Kaution innerhalb von sechs Monaten zurücküberwiesen. Eventuelle Kosten für Instandsetzungen werden dabei abgezogen.\n\nHaben Sie noch weitere Fragen?', 'id': 'e503e7ae-ebee-429f-91d0-d887d5ebf766', 'role': 'assistant'}, {'content': 'Nein, danke. Das war alles. Auf Wiederhören.', 'id': 'lc_run--01a001d1-8885-7852-80b0-4d1924f2fc94-0', 'role': 'user'}, {'content': '', 'id': '693b28c5-0ad9-4aec-a78f-42a9d6b48c10', 'role': 'assistant'}, {'content': '', 'id': 'lc_run--01a001d1-9454-7f32-99c1-f9cdf6b47acd-0', 'role': 'user'}, {'content': 'Da Sie keine weitere Frage haben, verabschiede ich mich. Auf Wiederhören!', 'id': 'a4929daa-a9a6-48b2-9b9d-6c0f0724e694', 'role': 'assistant'}]",9.230553,,01a001d1-7ab7-7911-8dd2-d292cbdd1085,1.0,0.0,1.0,3,5,1.3187
KN4124,Anneliese Hahn,015789643375,den ganzen Dienstag,Wie hoch ist die Kaution genau in Monatsmieten?,surfersimmobilien+predeploy@outlook.com,"[{'content': 'Hallo! Sie haben die digitale Anruf-Assistentin von Surfers Immobilien erreicht. Was kann ich für Sie tun?', 'role': 'assistant'}, {'content': 'Hallo, ich habe eine Frage: Wie hoch ist die Kaution genau in Monatsmieten? Können Sie mir da weiterhelfen?', 'id': '742fadca-9388-4b72-9794-981a02cafaf4', 'role': 'user'}, {'content': 'Die Kaution beträgt eine Monatsnutzungsgebühr. Haben Sie noch weitere Fragen?', 'id': 'dd9feb72-783c-4e22-a24d-b338ca065a52', 'role': 'assistant'}, {'content': 'Nein, vielen Dank. Auf Wiederhören.', 'id': 'lc_run--01a001d1-908a-7023-82df-aea74316c8c4-0', 'role': 'user'}, {'content': 'Gerne. Auf Wiederhören!', 'id': '61b9f44f-befc-4d6f-b5e9-f3ec07a3ab96', 'role': 'assistant'}, {'content': '', 'id': 'lc_run--01a001d1-9818-70b1-aa37-26f9c7e2f0dd-0', 'role': 'user'}, {'content': '', 'id': '91d8bdfd-b20a-49c1-9e70-eae13dcdeede', 'role': 'assistant'}]",8.135988,,01a001d1-85c2-7a52-a2bd-1a616648ccaf,1.0,0.0,1.0,3,5,1.1623
KN1075,Bernd Maier,015789643375,den ganzen Montag,Bis wann muss ich meine Miete überweisen?,surfersimmobilien+predeploy@outlook.com,"[{'content': 'Hallo! Sie haben die digitale Anruf-Assistentin von Surfers Immobilien erreicht. Was kann ich für Sie tun?', 'role': 'assistant'}, {'content': 'Hallo, ich habe eine Frage: Bis wann muss ich meine Miete überweisen? Können Sie mir da weiterhelfen?', 'id': '0cf7818a-f0c7-4f04-8361-8645b5dada92', 'role': 'user'}, {'content': 'Alles klar. Die Miete muss spätestens am dritten Werktag jedes Monats auf dem Konto von Surfers Immobilien eingegangen sein. Haben Sie noch weitere Fragen?', 'id': '0612db05-f425-448c-b2fd-6152512d57ef', 'role': 'assistant'}, {'content': 'Nein, danke. Das war alles. Auf Wiederhören.', 'id': 'lc_run--01a001d1-987a-7711-b59b-49071b2f19f0-0', 'role': 'user'}, {'content': 'Gerne. Auf Wiederhören!', 'id': 'ce76725f-0126-4c80-bac5-0d9075b5de27', 'role': 'assistant'}, {'content': '', 'id': 'lc_run--01a001d1-a1c8-7ff2-9586-7b6ed7a224d7-0', 'role': 'user'}, {'content': '', 'id': '1af7b4d7-53cb-42da-84ae-cbd3c2a9ffbe', 'role': 'assistant'}]",9.124438,,01a001d1-8c01-70b2-b870-002ebc0c8553,1.0,0.0,1.0,3,5,1.3035
KN4252,Brigitte Sommer,015789643375,Dienstag von 14 Uhr bis 17 Uhr,An welchem Wochentag wird der Restmüll bei mir abgeholt?,surfersimmobilien+predeploy@outlook.com,"[{'content': 'Hallo! Sie haben die digitale Anruf-Assistentin von Surfers Immobilien erreicht. Was kann ich für Sie tun?', 'role': 'assistant'}, {'content': 'Hallo, ich habe eine Frage: An welchem Wochentag wird der Restmüll bei mir abgeholt? Können Sie mir da weiterhelfen?', 'id': 'b7d753c0-b6d9-4ae5-9dcd-7cdc073af806', 'role': 'user'}, {'content': 'Alles klar. Der Restmüll wird jeden Montag geleert. Haben Sie noch weitere Fragen?', 'id': 'cc1310d3-2042-4744-8dde-62f8515a8f75', 'role': 'assistant'}, {'content': 'Nein, vielen Dank. Auf Wiederhören.', 'id': 'lc_run--01a001d1-ab59-7cf3-af4f-3b31892f5b95-0', 'role': 'user'}, {'content': 'Gerne. Auf Wiederhören!', 'id': '71d8349b-247f-486a-8a95-2814401658d2', 'role': 'assistant'}, {'content': '', 'id': 'lc_run--01a001d1-b415-7272-9404-9f2eea8a689e-0', 'role': 'user'}, {'content': '', 'id': 'f5bb1e16-4eec-4ffb-a727-934e2a7af4f3', 'role': 'assistant'}]",8.94585,,01a001d1-9ec6-7551-bd2d-5118532c0b1e,1.0,0.0,1.0,3,5,1.278
KN8700,Horst Kramer,015789643375,Freitag den ganzen Tag,Wer prüft die Rauchmelder in meiner Wohnung?,surfersimmobilien+predeploy@outlook.com,"[{'content': 'Hallo! Sie haben die digitale Anruf-Assistentin von Surfers Immobilien erreicht. Was kann ich für Sie tun?', 'role': 'assistant'}, {'content': 'Hallo, ich habe eine Frage: Wer prüft die Rauchmelder in meiner Wohnung? Können Sie mir da weiterhelfen?', 'id': 'd1fee045-b4ea-450e-80f5-e5d86d7b7047', 'role': 'user'}, {'content': 'Die Rauchmelder werden einmal jährlich im Herbst von einer beauftragten Fachfirma geprüft. Der Termin wird Ihnen mindestens zwei Wochen im Voraus schriftlich mitgeteilt. Haben Sie noch weitere Fragen?', 'id': '7fe742a1-4e5b-4b8a-9bab-9e81467749b5', 'role': 'assistant'}, {'content': 'Nein, danke. Das war alles. Auf Wiederhören.', 'id': 'lc_run--01a001d1-afc8-7e81-9ad3-365eb9607317-0', 'role': 'user'}, {'content': 'Alles klar. Auf Wiederhören!', 'id': 'aff227de-354c-4c28-8c36-930d093d5562', 'role': 'assistant'}, {'content': '', 'id': 'lc_run--01a001d1-bc0c-74b0-a9b1-c8af097a93dc-0', 'role': 'user'}, {'content': '', 'id': 'd9e14f5e-c20e-488f-bd7a-ee92b7db1e57', 'role': 'assistant'}]",10.024592,,01a001d1-a1ae-74f2-8cf7-08575f1c9f48,1.0,0.0,1.0,3,5,1.4321
KN5036,Edith Ziegler,015789643375,"am Wochenende, Samstag oder Sonntag",Wie sind die Öffnungszeiten der Zentrale an Freitagen?,surfersimmobilien+predeploy@outlook.com,"[{'content': 'Hallo! Sie haben die digitale Anruf-Assistentin von Surfers Immobilien erreicht. Was kann ich für Sie tun?', 'role': 'assistant'}, {'content': 'Hallo, ich habe eine Frage: Wie sind die Öffnungszeiten der Zentrale an Freitagen? Können Sie mir da weiterhelfen?', 'id': '8d1eea18-4c45-4dcb-82fa-57948d5f5185', 'role': 'user'}, {'content': 'Alles klar. Am Freitag ist die Zentrale von vierzehn Uhr bis siebzehn Uhr geöffnet. Haben Sie noch weitere Fragen?', 'id': 'a7fac2ef-e320-48e2-a526-24a4c6b7147a', 'role': 'assistant'}, {'content': 'Nein, danke. Das war alles. Auf Wiederhören.', 'id': 'lc_run--01a001d1-b412-7733-a764-956c9b330cb6-0', 'role': 'user'}, {'content': 'Gerne. Auf Wiederhören!', 'id': '003fbda5-792b-4b1c-a54a-4a16eb286373', 'role': 'assistant'}, {'content': '', 'id': 'lc_run--01a001d1-c0d9-7610-a71d-2f2b52c15800-0', 'role': 'user'}, {'content': '', 'id': '363b22b9-9267-4e66-a112-a29234d82da8', 'role': 'assistant'}]",10.205099,,01a001d1-a58e-7ba3-b267-c4e28eda0fa7,1.0,0.0,1.0,3,5,1.4579
KN8794,Stefan Weber,015789643375,immer montags und mittwochs,"Verlängert sich mein Mietvertrag automatisch, wenn ich nicht kündige?",surfersimmobilien+predeploy@outlook.com,"[{'content': 'Hallo! Sie haben die digitale Anruf-Assistentin von Surfers Immobilien erreicht. Was kann ich für Sie tun?', 'role': 'assistant'}, {'content': 'Hallo, ich habe eine Frage: Verlängert sich mein Mietvertrag automatisch, wenn ich nicht kündige? Können Sie mir da weiterhelfen?', 'id': 'e592ad92-a079-4795-87ae-e803c83ec1d7', 'role': 'user'}, {'content': 'Ja, der Nutzungsvertrag ist unbefristet. Er bleibt also automatisch bestehen, bis er form- und fristgerecht gekündigt wird. Haben Sie noch weitere Fragen?', 'id': '10094f60-d19a-452e-b3b4-4a37f7dd8bb3', 'role': 'assistant'}, {'content': 'Nein, danke. Das war alles. Auf Wiederhören.', 'id': 'lc_run--01a001d1-bf01-7f72-a417-56f4f4f9436e-0', 'role': 'user'}, {'content': '', 'id': 'f4d1cfd9-2594-4ecd-be86-2948ff9bc809', 'role': 'assistant'}, {'content': '', 'id': 'lc_run--01a001d1-cada-7ad2-873a-589eb7b3aa33-0', 'role': 'user'}, {'content': '// Keine Eingabe vom Nutzer erhalten. Ich bleibe im Bereitschaftsmodus.', 'id': '15d9498f-cb02-49a9-8c6c-4b139a882c7f', 'role': 'assistant'}]",10.364116,,01a001d1-afa7-7482-a79e-3f7fdb3b9f75,1.0,0.0,1.0,3,5,1.4806
KN4068,Benno Sander,015789643375,den ganzen Freitag,Wie melde ich einen Schaden über die Hotline statt über das Portal?,surfersimmobilien+predeploy@outlook.com,"[{'content': 'Hallo! Sie haben die digitale Anruf-Assistentin von Surfers Immobilien erreicht. Was kann ich für Sie tun?', 'role': 'assistant'}, {'content': 'Hallo, ich habe eine Frage: Wie melde ich einen Schaden über die Hotline statt über das Portal? Können Sie mir da weiterhelfen?', 'id': '4d4a347c-d6fc-4cbe-b441-ae050102e7ed', 'role': 'user'}, {'content': '}Alles klar. Wasserschäden können Sie während der Geschäftszeiten einfach über die Hotline melden. Bei akuten Notfällen, wie einem Wasserrohrbruch, rufen Sie bitte direkt die Notfallhotline an.\n\nHaben Sie noch weitere Fragen?', 'id': 'ac0a912b-a323-4a79-a60d-f5ed44c3f2f2', 'role': 'assistant'}, {'content': 'Nein, danke. Das war alles. Auf Wiederhören.', 'id': 'lc_run--01a001d1-ce68-75a3-afe5-ece04181b7d1-0', 'role': 'user'}, {'content': '', 'id': '7fa7aff7-9840-438a-a76f-1cd4a5265180', 'role': 'assistant'}, {'content': '', 'id': 'lc_run--01a001d1-dc0e-7682-8c23-40752d2d43e4-0', 'role': 'user'}, {'content': 'Da Sie keine weitere Frage haben, verabschiede ich mich. Auf Wiederhören!', 'id': '7d2f24de-50b7-4b72-9834-6f5643699410', 'role': 'assistant'}]",10.203528,,01a001d1-c1ba-7620-bba2-7fa5958fa308,1.0,0.0,0.0,3,5,1.4576
KN5735,Gerd Roth,015789643375,Montag und Mittwoch von 9 bis 12 Uhr,Wie läuft die Wohnungsübergabe beim Auszug ab?,surfersimmobilien+predeploy@outlook.com,"[{'content': 'Hallo! Sie haben die digitale Anruf-Assistentin von Surfers Immobilien erreicht. Was kann ich für Sie tun?', 'role': 'assistant'}, {'content': 'Hallo, ich habe eine Frage: Wie läuft die Wohnungsübergabe beim Auszug ab? Können Sie mir da weiterhelfen?', 'id': '0ab95381-7399-43fc-9032-cd5c754195bd', 'role': 'user'}, {'content': 'Die vorliegenden Unterlagen enthalten leider keine detaillierten Informationen zum genauen Ablauf der Wohnungsübergabe beim Auszug. Ich kann Ihnen dazu aktuell keine Auskunft geben.\n\nHaben Sie noch weitere Fragen?', 'id': '3dfc0693-f7b9-4414-8dc9-a473bfea9410', 'role': 'assistant'}, {'content': 'Nein, danke. Auf Wiederhören.', 'id': 'lc_run--01a001d1-d7a6-7723-9421-af3c1ef26196-0', 'role': 'user'}, {'content': 'Auf Wiederhören! Einen schönen Tag noch.', 'id': '8c7efe97-df20-4077-9953-4382403e3b09', 'role': 'assistant'}, {'content': '', 'id': 'lc_run--01a001d1-dfd7-7173-84a1-a4f4d4e1d041-0', 'role': 'user'}, {'content': '', 'id': '3ec085bb-be81-4e3f-b225-df47adadb6fc', 'role': 'assistant'}]",10.034557,,01a001d1-c8d8-7110-b0b6-2a36f8c4674c,1.0,0.0,0.0,3,5,1.4335
KN1857,Marion Schumacher,015789643375,Mittwoch von 8 Uhr bis 10 Uhr,Wie oft wird meine Wohnung auf Rauchmelder überprüft?,surfersimmobilien+predeploy@outlook.com,"[{'content': 'Hallo! Sie haben die digitale Anruf-Assistentin von Surfers Immobilien erreicht. Was kann ich für Sie tun?', 'role': 'assistant'}, {'content': 'Hallo, ich habe eine Frage: Wie oft wird meine Wohnung auf Rauchmelder überprüft? Können Sie mir da weiterhelfen?', 'id': 'b60bb79f-cc33-41b0-b0d4-c1daf3c7f544', 'role': 'user'}, {'content': 'Die Rauchmelder werden einmal jährlich im Herbst von einer Fachfirma gewartet und geprüft. Haben Sie noch weitere Fragen?', 'id': '4fa5b975-5ecf-466f-9ad6-1c12689cd126', 'role': 'assistant'}, {'content': 'Nein, danke. Das war alles. Auf Wiederhören.', 'id': 'lc_run--01a001d1-da78-7c60-8e5e-f85fc72bcf2a-0', 'role': 'user'}, {'content': 'Alles klar. Auf Wiederhören!', 'id': '6607a0cb-c191-49d0-992f-320866ca3aa6', 'role': 'assistant'}, {'content': '', 'id': 'lc_run--01a001d1-e2b6-7f20-aafe-c2742f81f02b-0', 'role': 'user'}, {'content': '', 'id': 'f2cab5dc-cfb7-44bc-8bad-2046888f7b99', 'role': 'assistant'}]",9.171562,,01a001d1-cd6c-7203-88c2-ec6259429db9,1.0,0.0,1.0,3,5,1.3102
KN9403,Nicole Winkler,015789643375,"am Wochenende, Samstag oder Sonntag",Muss ich bei der Wohnungsübergabe persönlich anwesend sein?,surfersimmobilien+predeploy@outlook.com,"[{'content': 'Hallo! Sie haben die digitale Anruf-Assistentin von Surfers Immobilien erreicht. Was kann ich für Sie tun?', 'role': 'assistant'}, {'content': 'Hallo, ich habe eine Frage: Muss ich bei der Wohnungsübergabe persönlich anwesend sein? Können Sie mir da weiterhelfen?', 'id': '0b1ff58e-775d-4ed4-b7e4-d9d1c8a3fcd8', 'role': 'user'}, {'content': 'Dazu liegen mir leider keine Informationen vor. Haben Sie noch weitere Fragen?', 'id': '20f559d4-4fd3-49dc-8db6-92948d698867', 'role': 'assistant'}, {'content': 'Nein, danke. Auf Wiederhören.', 'id': 'lc_run--01a001d1-e45a-7e62-9493-9944507091c3-0', 'role': 'user'}, {'content': 'Auf Wiederhören! Einen schönen Tag noch.', 'id': '6cb104ef-883a-454a-ba42-1d92ece6b61a', 'role': 'assistant'}, {'content': '', 'id': 'lc_run--01a001d1-ebdc-7e53-aebc-7dec6c8605df-0', 'role': 'user'}, {'content': '', 'id': 'b0902c7e-aeb8-4f12-b2d5-482567ed047f', 'role': 'assistant'}]",9.022462,,01a001d1-d824-70d3-ad12-463253c78bf1,1.0,0.0,0.0,3,5,1.2889
KN1248,Gisela Schreiber,015789643375,Freitag von 13 Uhr bis 16 Uhr,Wann ist der Hausmeister erreichbar?,surfersimmobilien+predeploy@outlook.com,"[{'content': 'Hallo! Sie haben die digitale Anruf-Assistentin von Surfers Immobilien erreicht. Was kann ich für Sie tun?', 'role': 'assistant'}, {'content': 'Hallo, ich habe eine Frage: Wann ist der Hausmeister erreichbar? Können Sie mir da weiterhelfen?', 'id': '0593f194-db31-4234-8038-f1ccd6f0e42e', 'role': 'user'}, {'content': 'Um Ihnen die richtige Auskunft zu geben, müsste ich wissen, um welches Objekt oder welche Adresse es geht. Können Sie mir das bitte sagen?', 'id': '06ba7d6c-3255-4c62-841f-20fbc8a0318b', 'role': 'assistant'}, {'content': 'Eine Adresse habe ich gerade nicht zur Hand. Hilft Ihnen meine Kundennummer weiter?', 'id': 'lc_run--01a001d1-f428-7bd1-af49-837aac2ed84f-0', 'role': 'user'}, {'content': 'Ja, Ihre Kundennummer hilft mir weiter. Bitte nennen Sie mir diese.', 'id': 'd965dc5f-0b63-4de1-ba8e-658542fa2b9d', 'role': 'assistant'}, {'content': 'Meine Kundennummer ist KN1248.', 'id': 'lc_run--01a001d2-03a6-7623-8463-fadb1cedb968-0', 'role': 'user'}, {'content': 'Der Hausmeister ist von Montag bis Freitag zwischen acht Uhr und sechzehn Uhr vor Ort. Sie erreichen ihn über die zentrale Hotline.\n\nHaben Sie noch weitere Fragen?', 'id': '1dc44105-5e67-47b7-9adc-35537318599b', 'role': 'assistant'}, {'content': 'Nein, danke. Das war alles. Auf Wiederhören.', 'id': 'lc_run--01a001d2-0f72-7640-92b6-bd43b8bd4f20-0', 'role': 'user'}, {'content': 'Alles klar. Auf Wiederhören!', 'id': 'f4bcb442-622e-44f7-aa0c-d0d14f30b5d0', 'role': 'assistant'}, {'content': '', 'id': 'lc_run--01a001d2-1956-71a1-a669-c2cb58e66094-0', 'role': 'user'}, {'content': '', 'id': '68af6833-c17a-4662-8180-68da9af5c2ce', 'role': 'assistant'}]",15.197251,,01a001d1-e997-70a1-85ac-59a5b9372f22,1.0,0.0,1.0,5,9,1.3816
KN2766,Bettina Albrecht,015789643375,immer freitags,Kann ich meine Nebenkostenabrechnung auch schriftlich per Post erhalten?,surfersimmobilien+predeploy@outlook.com,"[{'content': 'Hallo! Sie haben die digitale Anruf-Assistentin von Surfers Immobilien erreicht. Was kann ich für Sie tun?', 'role': 'assistant'}, {'content': 'Hallo, ich habe eine Frage: Kann ich meine Nebenkostenabrechnung auch schriftlich per Post erhalten? Können Sie mir da weiterhelfen?', 'id': 'd5848d2b-1b35-461a-bb3a-70da699bcca3', 'role': 'user'}, {'content': 'Ja, das ist möglich. Die Abrechnung wird sowohl per Post verschickt als auch im Kundenportal bereitgestellt. Haben Sie noch weitere Fragen?', 'id': '580beb59-0ea2-4ef9-b354-41b7eb11f5d9', 'role': 'assistant'}, {'content': 'Nein, danke. Das war alles. Auf Wiederhören.', 'id': 'lc_run--01a001d1-ff41-7fe3-b7e5-cc9363336b2c-0', 'role': 'user'}, {'content': 'Alles klar. Auf Wiederhören!', 'id': '125814aa-ad05-4a4c-b92e-402f41e522c4', 'role': 'assistant'}, {'content': '', 'id': 'lc_run--01a001d2-079e-7330-857d-e624c0f9590d-0', 'role': 'user'}, {'content': '', 'id': '6e2ec963-718b-43ef-82ee-b8796dc1a3d9', 'role': 'assistant'}]",9.123388,,01a001d1-f00c-7d71-9a08-10a4fb85878a,1.0,0.0,1.0,3,5,1.3033
KN1487,Yvonne Beck,015789643375,jeden Tag außer donnerstags,Wer übernimmt die Gartenpflege in meiner Wohnanlage?,surfersimmobilien+predeploy@outlook.com,"[{'content': 'Hallo! Sie haben die digitale Anruf-Assistentin von Surfers Immobilien erreicht. Was kann ich für Sie tun?', 'role': 'assistant'}, {'content': 'Hallo, ich habe eine Frage: Wer übernimmt die Gartenpflege in meiner Wohnanlage? Können Sie mir da weiterhelfen?', 'id': 'e404f28f-1fff-4de8-833f-39ad3a443aa5', 'role': 'user'}, {'content': 'Die Gartenpflege ist in den Nebenkosten enthalten. Wer genau die Arbeiten ausführt, geht aus den Unterlagen leider nicht hervor. Haben Sie noch weitere Fragen?', 'id': 'ed6fbeaa-1a0d-40a0-ace9-a92ae38ad6ba', 'role': 'assistant'}, {'content': 'Nein, danke. Das war alles. Auf Wiederhören.', 'id': 'lc_run--01a001d1-ff5d-7ed2-8f19-f65617874c03-0', 'role': 'user'}, {'content': 'Alles klar. Auf Wiederhören!', 'id': '5e26ea45-0d41-4f3e-8bb7-023c64ba3e53', 'role': 'assistant'}, {'content': '', 'id': 'lc_run--01a001d2-0ed9-7e72-885d-494bd2124b43-0', 'role': 'user'}, {'content': '', 'id': 'f97ca0ef-a7f6-4d80-ac6c-f0d977c55376', 'role': 'assistant'}]",11.570705,,01a001d1-f140-78c2-ba8e-d2a3aca16a92,1.0,0.0,1.0,3,5,1.653
KN6098,Erika Brandt,015789643375,Mittwoch von 10 Uhr bis 13 Uhr,Muss ich mich selbst um den Internetanbieter kümmern?,surfersimmobilien+predeploy@outlook.com,"[{'content': 'Hallo! Sie haben die digitale Anruf-Assistentin von Surfers Immobilien erreicht. Was kann ich für Sie tun?', 'role': 'assistant'}, {'content': 'Hallo, ich habe eine Frage: Muss ich mich selbst um den Internetanbieter kümmern? Können Sie mir da weiterhelfen?', 'id': '82c9028e-123e-4238-8fa4-b6becf39bd7a', 'role': 'user'}, {'content': 'Ja, darum müssen Sie sich selbst kümmern. Die Gebäude sind zwar mit einem Kabelanschluss von Vodafone ausgestattet, aber den Vertrag für Internet und Fernsehen müssen Sie eigenständig direkt mit dem Anbieter abschließen.\n\nHaben Sie noch weitere Fragen?', 'id': '2b531ee1-e492-4cde-b02e-cfd2a7a5ced3', 'role': 'assistant'}, {'content': 'Nein, danke, das war alles. Auf Wiederhören.', 'id': 'lc_run--01a001d2-05f1-7ab3-8440-60f71e541275-0', 'role': 'user'}, {'content': '', 'id': '6591ab18-29ee-459d-9658-ea94b9a05d2f', 'role': 'assistant'}, {'content': '', 'id': 'lc_run--01a001d2-1051-7503-9f59-fb881daf8336-0', 'role': 'user'}, {'content': '(Das Gespräch wurde beendet.)', 'id': '68d15d37-9f9c-43ea-a742-e102f7dc3480', 'role': 'assistant'}]",8.055149,,01a001d1-fb64-7982-8ccd-3255071c00f6,1.0,0.0,1.0,3,5,1.1507
