input.Name,input.Telefon,input.availability,input.call_intent,input.email,outputs.trajectory,execution_time,error,id,feedback.all_info_appointment_telemail,feedback.call_reason_identified,feedback.danke_avg,feedback.danke_score,feedback.hallucinate_appointment,feedback.info_duplicate,feedback.no_cal_disclosure,feedback.offer_callback_appointment,assistant_turns,total_turns,avg_turn_duration
Karl Peters,015789643375,Dienstag den ganzen Tag,eine Reparatur des Hoftors,surfersimmobilien+predeploy@outlook.com,"[{'content': 'Hallo! Sie haben die digitale Anruf-Assistentin von Surfers Immobilien erreicht. Was kann ich für Sie tun?', 'role': 'assistant'}, {'content': 'Hallo, mein Name ist Karl Peters und ich würde gerne einen Termin für eine Reparatur des Hoftors vereinbaren.', 'id': '672c9c40-2c43-4efe-bc64-5267e1b902ae', 'role': 'user'}, {'content': 'Alles klar. Leider kann ich keine Termine vereinbaren. Da kann ich Ihnen nicht weiterhelfen. Haben Sie noch weitere Fragen?', 'id': '955a13d7-6c90-4598-a17c-ffca274572d3', 'role': 'assistant'}, {'content': 'Könnte mich dann bitte ein Mitarbeitender zurückrufen, um das Anliegen zu klären oder einen Termin zu vereinbaren?', 'id': 'lc_run--01a00171-ef20-7ac3-965a-96f90b9e3316-0', 'role': 'user'}, {'content': 'Das kann ich leider nicht anbieten. Ich habe keinen Zugriff auf die Terminplanung oder die Möglichkeit, Rückrufe zu organisieren. Haben Sie noch weitere Fragen?', 'id': '5e0cf933-5acb-4800-af79-ba8d61dc1c45', 'role': 'assistant'}, {'content': 'Nein, danke. Dann versuche ich es auf einem anderen Weg. Auf Wiederhören.', 'id': 'lc_run--01a00171-fa43-7b81-bdb5-07e38fae37c4-0', 'role': 'user'}, {'content': 'Alles klar. Auf Wiederhören!', 'id': '6cf54545-5c7e-404f-8d5a-84341fde8bc9', 'role': 'assistant'}, {'content': '', 'id': 'lc_run--01a00172-01c7-76c2-8794-c7474c8f52c6-0', 'role': 'user'}, {'content': '', 'id': 'da45a327-e1fb-40e9-ba2d-8e24ef29ce8c', 'role': 'assistant'}]",10.357557,,01a00171-e44d-7cd1-ba48-04ac2c125bb8,0.0,1.0,0.0,0.0111,0.0,0.0,1.0,0.0,4,7,1.1508
Kerstin Schulze,015789643375,Dienstag von 14 Uhr bis 17 Uhr,eine Reparatur des Garagentors,surfersimmobilien+predeploy@outlook.com,"[{'content': 'Hallo! Sie haben die digitale Anruf-Assistentin von Surfers Immobilien erreicht. Was kann ich für Sie tun?', 'role': 'assistant'}, {'content': 'Hallo, mein Name ist Kerstin Schulze und ich würde gerne einen Termin für eine Reparatur des Garagentors vereinbaren.', 'id': 'b2b3fac7-8ea0-44c4-8acc-4ff079f9c016', 'role': 'user'}, {'content': 'Das kann ich leider nicht übernehmen. Ich bin nicht dazu berechtigt, Termine zu vereinbaren. Haben Sie noch weitere Fragen?', 'id': 'dfbf4111-6563-4554-9420-b5ed3306d5ac', 'role': 'assistant'}, {'content': 'Ja, bitte lassen Sie mich von einem Mitarbeitenden zurückrufen, damit wir die Reparatur des Garagentors und einen Termin klären können.', 'id': 'lc_run--01a00171-eefe-7d11-bc4f-e3b55e0d57c3-0', 'role': 'user'}, {'content': 'Das kann ich leider nicht machen. Ich habe keinen Zugriff auf externe Systeme, um Rückrufe zu organisieren. Haben Sie noch weitere Fragen?', 'id': '676ebd22-4f08-4aba-88ef-b83feec1b1ee', 'role': 'assistant'}, {'content': 'Nein, dann habe ich keine weiteren Fragen. Vielen Dank. Auf Wiederhören.', 'id': 'lc_run--01a00171-fd62-7650-ba8d-8756fd3bc563-0', 'role': 'user'}, {'content': 'Alles klar. Auf Wiederhören!', 'id': '6eb604bf-024d-41a9-a113-6d7a0e12e967', 'role': 'assistant'}, {'content': '', 'id': 'lc_run--01a00172-05c4-7130-b035-da7734b979f2-0', 'role': 'user'}, {'content': '', 'id': 'c2c86384-8945-43a6-ae9a-77f330a7d3cf', 'role': 'assistant'}]",13.779165,,01a00171-e450-7783-ae28-496371338036,0.0,1.0,0.0,0.0111,0.0,0.0,1.0,0.0,4,7,1.531
Theodor Engel,015789643375,den ganzen Mittwoch,eine Reparatur eines defekten Rauchmelders,surfersimmobilien+predeploy@outlook.com,"[{'content': 'Hallo! Sie haben die digitale Anruf-Assistentin von Surfers Immobilien erreicht. Was kann ich für Sie tun?', 'role': 'assistant'}, {'content': 'Hallo, mein Name ist Theodor Engel und ich würde gerne einen Termin für eine Reparatur eines defekten Rauchmelders vereinbaren.', 'id': 'a36293a3-f708-4c1b-8d97-839f559c2266', 'role': 'user'}, {'content': 'Das kann ich leider nicht übernehmen. Ich bin nicht dazu berechtigt, Termine zu vereinbaren. Haben Sie noch weitere Fragen?', 'id': 'f3fc6fa9-fdec-4fec-a203-bb04dd1c266d', 'role': 'assistant'}, {'content': 'Ja, dann würde ich bitte um einen Rückruf von einem Mitarbeitenden bitten, um den Termin persönlich zu vereinbaren.', 'id': 'lc_run--01a00171-ef04-7d40-ba05-9d6ffab38ce0-0', 'role': 'user'}, {'content': 'Das kann ich leider nicht anbieten. Ich habe keine Möglichkeit, Rückrufe zu organisieren oder zu vermitteln. Haben Sie noch weitere Fragen?', 'id': 'b802a146-a6f5-4540-9061-fdc4584423fb', 'role': 'assistant'}, {'content': 'Nein, danke. Dann wende ich mich anderweitig an die Verwaltung. Auf Wiederhören.', 'id': 'lc_run--01a00171-fc3a-7a30-9e95-9faf2a06ecde-0', 'role': 'user'}, {'content': 'Alles klar. Auf Wiederhören!', 'id': '74e4f824-a51b-467a-9ece-c257540b0a72', 'role': 'assistant'}, {'content': '', 'id': 'lc_run--01a00172-048d-73e3-85cf-9f0e267b8d47-0', 'role': 'user'}, {'content': '', 'id': 'ca1d6e41-902e-4762-9175-8af579f22f87', 'role': 'assistant'}]",11.905056,,01a00171-e454-72c3-a246-6efaf5cdb84e,0.0,0.0,0.0,0.0111,0.0,0.0,1.0,0.0,4,7,1.3228
Petra Hoffmann,015789643375,nur nachmittags ab 15 Uhr,eine Besprechung zur Vertragsverlängerung,surfersimmobilien+predeploy@outlook.com,"[{'content': 'Hallo! Sie haben die digitale Anruf-Assistentin von Surfers Immobilien erreicht. Was kann ich für Sie tun?', 'role': 'assistant'}, {'content': 'Hallo, mein Name ist Petra Hoffmann und ich würde gerne einen Termin für eine Besprechung zur Vertragsverlängerung vereinbaren.', 'id': '79c2f604-5cb3-4228-9242-67bc979b38e7', 'role': 'user'}, {'content': 'Alles klar. Termine kann ich leider nicht direkt vereinbaren. Haben Sie dazu vielleicht noch weitere Fragen?', 'id': 'f73b0fd9-05da-4667-a935-beb746dc0c98', 'role': 'assistant'}, {'content': 'Ja, könnten Sie bitte einen Rückruf durch eine Mitarbeiterin oder einen Mitarbeiter veranlassen, damit ich die Vertragsverlängerung besprechen und einen Termin vereinbaren kann?', 'id': 'lc_run--01a00171-ef36-71e2-b068-7bebb593549d-0', 'role': 'user'}, {'content': 'Das kann ich leider nicht übernehmen. Haben Sie noch weitere Fragen?', 'id': '84948ccb-31dc-42c5-9bd8-390941d3e4b5', 'role': 'assistant'}, {'content': 'Nein, danke. Dann werde ich mich auf anderem Weg melden. Auf Wiederhören.', 'id': 'lc_run--01a00171-fb99-7392-b5b6-1da6900edf3e-0', 'role': 'user'}, {'content': 'Auf Wiederhören! Einen schönen Tag noch.', 'id': '78c31d38-dce3-49ee-aec9-775ba89181bf', 'role': 'assistant'}, {'content': '', 'id': 'lc_run--01a00172-03e3-71b0-84a3-1a8d2de41b2a-0', 'role': 'user'}, {'content': '', 'id': '7cec9fc6-ad23-4591-9892-3ee32eb4bac8', 'role': 'assistant'}]",11.049632,,01a00171-e456-7371-9bde-9abe7c004ee3,0.0,1.0,0.0,0.0111,0.0,0.0,1.0,0.0,4,7,1.2277
Doris Simon,015789643375,Dienstag von 9 Uhr bis 11 Uhr,eine Besprechung zur Übernahme der Wohnung durch einen Nachmieter,surfersimmobilien+predeploy@outlook.com,"[{'content': 'Hallo! Sie haben die digitale Anruf-Assistentin von Surfers Immobilien erreicht. Was kann ich für Sie tun?', 'role': 'assistant'}, {'content': 'Hallo, mein Name ist Doris Simon und ich würde gerne einen Termin für eine Besprechung zur Übernahme der Wohnung durch einen Nachmieter vereinbaren.', 'id': '3d1d9261-6682-4b7f-941f-4d87fd8eda8a', 'role': 'user'}, {'content': 'Das kann ich leider nicht übernehmen. Ich bin nicht dazu berechtigt, Termine zu vereinbaren. Haben Sie noch weitere Fragen?', 'id': '48865f11-bf40-4ff1-b9f8-63074bf18c1b', 'role': 'assistant'}, {'content': 'Dann bitte ich um einen Rückruf durch eine Mitarbeiterin oder einen Mitarbeiter, um mein Anliegen zu klären. Ist das möglich?', 'id': 'lc_run--01a00172-175f-78b2-9c26-d27d5b950b9b-0', 'role': 'user'}, {'content': 'Das kann ich leider nicht anbieten. Ich habe keine Möglichkeit, Rückrufe zu organisieren oder externe Systeme zu kontaktieren. Haben Sie noch weitere Fragen?', 'id': '691a9cd8-e52d-48b7-b496-1a2a6626e957', 'role': 'assistant'}, {'content': 'Nein, danke. Dann versuche ich es auf anderem Weg. Auf Wiederhören.', 'id': 'lc_run--01a00172-2879-7773-922f-c62d59cb7d45-0', 'role': 'user'}, {'content': 'Alles klar. Auf Wiederhören!', 'id': '373a1656-5cd0-494e-a7f7-9c6699861715', 'role': 'assistant'}, {'content': '', 'id': 'lc_run--01a00172-32fb-7872-9dff-7f65151d2ba5-0', 'role': 'user'}, {'content': '', 'id': '781e162c-1b38-492c-bb01-91053e3d15e6', 'role': 'assistant'}]",16.74629,,01a00172-0cc4-7121-85a9-69cbb8881016,0.0,1.0,0.0,0.0111,0.0,0.0,1.0,0.0,4,7,1.8607
Gisela Schreiber,015789643375,Freitag von 13 Uhr bis 16 Uhr,eine Reparatur des Treppenhauslichts,surfersimmobilien+predeploy@outlook.com,"[{'content': 'Hallo! Sie haben die digitale Anruf-Assistentin von Surfers Immobilien erreicht. Was kann ich für Sie tun?', 'role': 'assistant'}, {'content': 'Hallo, mein Name ist Gisela Schreiber und ich würde gerne einen Termin für eine Reparatur des Treppenhauslichts vereinbaren.', 'id': '102f1b30-d9e2-4e58-8295-b9151e1ee024', 'role': 'user'}, {'content': 'Das kann ich leider nicht übernehmen. Ich bin nicht dazu berechtigt, Termine zu vereinbaren. Haben Sie noch weitere Fragen?', 'id': '01217e7e-05ca-4015-9c36-49cde40a48b0', 'role': 'assistant'}, {'content': 'Ja, dann würde ich gerne um einen Rückruf von einem Mitarbeitenden bitten, um das Anliegen zu klären und einen Termin zu vereinbaren.', 'id': 'lc_run--01a00172-19c3-7883-bd10-e1564aebcd54-0', 'role': 'user'}, {'content': 'Das kann ich leider nicht anbieten. Ich habe keine Möglichkeit, Rückrufe zu organisieren oder Termine zu koordinieren. Haben Sie noch weitere Fragen?', 'id': '62151757-e83c-43d0-addb-1fc7168ff4ef', 'role': 'assistant'}, {'content': 'Nein, danke. Dann versuche ich es auf anderem Weg. Auf Wiederhören.', 'id': 'lc_run--01a00172-25cf-7dc3-8a5d-8009e7d5cc6d-0', 'role': 'user'}, {'content': 'Alles klar. Auf Wiederhören!', 'id': '64fd0a91-67a7-417e-92f9-76a098f907ea', 'role': 'assistant'}, {'content': '', 'id': 'lc_run--01a00172-31e4-7e51-ba96-7701e074947a-0', 'role': 'user'}, {'content': '', 'id': '40a86ae7-35c5-43ba-a833-84b46c65edc3', 'role': 'assistant'}]",13.168195,,01a00172-0f81-7a23-96b9-e633b4f4990d,0.0,1.0,0.0,0.0111,0.0,0.0,1.0,0.0,4,7,1.4631
Werner Lange,015789643375,nur am späten Nachmittag,eine Kontrolle der Rauchmelder,surfersimmobilien+predeploy@outlook.com,"[{'content': 'Hallo! Sie haben die digitale Anruf-Assistentin von Surfers Immobilien erreicht. Was kann ich für Sie tun?', 'role': 'assistant'}, {'content': 'Hallo, mein Name ist Werner Lange und ich würde gerne einen Termin für eine Kontrolle der Rauchmelder vereinbaren.', 'id': '65d2a60f-d93d-4549-a988-50a606f96956', 'role': 'user'}, {'content': 'Das kann ich leider nicht übernehmen. Ich bin nicht dazu berechtigt, Termine zu vereinbaren. Haben Sie noch weitere Fragen?', 'id': '726a018b-7c84-41c2-b88f-fa52e6d1d88c', 'role': 'assistant'}, {'content': 'Ja, dann würde ich gerne um einen Rückruf durch einen Mitarbeitenden bitten, um den Termin persönlich zu vereinbaren.', 'id': 'lc_run--01a00172-1e92-7252-b667-3f21b5f5d5ff-0', 'role': 'user'}, {'content': 'Das kann ich leider nicht machen. Ich habe keine Möglichkeit, Rückrufe zu organisieren oder zu vermitteln. Haben Sie noch weitere Fragen?', 'id': 'b23941e1-61b2-4702-9278-6dc8f733ec77', 'role': 'assistant'}, {'content': 'Nein, danke. Dann werde ich mich anderweitig melden. Auf Wiederhören.', 'id': 'lc_run--01a00172-3180-7ce2-a408-51b836d31ec0-0', 'role': 'user'}, {'content': 'Alles klar. Auf Wiederhören!', 'id': 'df40d330-d342-40f2-ac77-88f941dff244', 'role': 'assistant'}, {'content': '', 'id': 'lc_run--01a00172-3a49-75b2-82bd-f5bb7f8d30e0-0', 'role': 'user'}, {'content': '', 'id': '09d2601b-1d6c-4aa3-a2cc-028ad887ab44', 'role': 'assistant'}]",11.785878,,01a00172-12d7-72e2-9cd9-783983b8d4c3,0.0,1.0,0.0,0.0111,0.0,0.0,1.0,0.0,4,7,1.3095
Herbert Dietrich,015789643375,"flexibel, außer montags",eine Reparatur der Gegensprechanlage im Erdgeschoss,surfersimmobilien+predeploy@outlook.com,"[{'content': 'Hallo! Sie haben die digitale Anruf-Assistentin von Surfers Immobilien erreicht. Was kann ich für Sie tun?', 'role': 'assistant'}, {'content': 'Hallo, mein Name ist Herbert Dietrich und ich würde gerne einen Termin für eine Reparatur der Gegensprechanlage im Erdgeschoss vereinbaren.', 'id': '175a10fa-ee82-4ef7-af77-9dad773c8e20', 'role': 'user'}, {'content': 'Das kann ich leider nicht übernehmen. Ich bin nicht dazu berechtigt, Termine zu vereinbaren. Haben Sie noch weitere Fragen?', 'id': '004a180b-2511-4c7d-b7e4-6d8c77d43d5f', 'role': 'assistant'}, {'content': 'Ja, dann hätte ich gerne einen Rückruf von einem Mitarbeitenden, um das Anliegen zu klären und einen Termin zu vereinbaren.', 'id': 'lc_run--01a00172-2314-7010-b327-ab32ee693694-0', 'role': 'user'}, {'content': 'Das kann ich leider nicht anbieten. Ich habe keine Möglichkeit, Rückrufe zu organisieren oder Termine zu koordinieren. Haben Sie noch weitere Fragen?', 'id': '4d901818-4e2e-4984-8d00-08090fcb4dec', 'role': 'assistant'}, {'content': 'Nein, danke. Dann versuche ich es auf anderem Weg. Auf Wiederhören.', 'id': 'lc_run--01a00172-3333-7843-bb5b-972387e36a2d-0', 'role': 'user'}, {'content': 'Alles klar. Auf Wiederhören!', 'id': '92337b6e-815b-401c-a56a-9c15d861d428', 'role': 'assistant'}, {'content': '', 'id': 'lc_run--01a00172-3b31-7bb1-97e4-0bcd82a3e31a-0', 'role': 'user'}, {'content': '', 'id': '9cb738c7-ffc4-4975-bf97-1cd34bfb2fe6', 'role': 'assistant'}]",11.656067,,01a00172-1a25-7691-af91-0256631f8563,0.0,1.0,0.0,0.0111,0.0,0.0,1.0,0.0,4,7,1.2951
Erwin Otto,015789643375,Montag von 9 Uhr bis 12 Uhr,eine Reparatur der Klimaanlage,surfersimmobilien+predeploy@outlook.com,"[{'content': 'Hallo! Sie haben die digitale Anruf-Assistentin von Surfers Immobilien erreicht. Was kann ich für Sie tun?', 'role': 'assistant'}, {'content': 'Hallo, mein Name ist Erwin Otto und ich würde gerne einen Termin für eine Reparatur der Klimaanlage vereinbaren.', 'id': '1a0e6f89-9728-489e-81ae-38564dbbb5e6', 'role': 'user'}, {'content': 'Das kann ich leider nicht übernehmen. Ich bin nicht dazu berechtigt, Termine zu vereinbaren. Haben Sie noch weitere Fragen?', 'id': '560b2369-796f-4feb-84e5-b9da760ecca1', 'role': 'assistant'}, {'content': 'Dann hätte ich gerne einen Rückruf von einem Mitarbeitenden, um das Anliegen zu klären und einen Termin zu vereinbaren.', 'id': 'lc_run--01a00172-4865-7ac0-861a-a2f4ba75d9df-0', 'role': 'user'}, {'content': 'Das kann ich leider nicht anbieten. Ich habe keine Möglichkeit, Rückrufe zu organisieren oder Termine zu koordinieren. Haben Sie noch weitere Fragen?', 'id': '94578751-ded0-4a46-baee-8ac4ec620031', 'role': 'assistant'}, {'content': 'Nein, danke. Auf Wiederhören.', 'id': 'lc_run--01a00172-540b-7630-8474-20459b93ae73-0', 'role': 'user'}, {'content': 'Auf Wiederhören! Einen schönen Tag noch.', 'id': 'd7b1d962-e6a7-4b44-a3c9-564f493b8819', 'role': 'assistant'}, {'content': '', 'id': 'lc_run--01a00172-5b48-78d2-987f-349d271b422b-0', 'role': 'user'}, {'content': '', 'id': '3b8e21f4-713e-4ee0-932b-d1c6108d9125', 'role': 'assistant'}]",10.467158,,01a00172-40e2-7ab2-b0c4-d873696c8acb,0.0,1.0,0.0,0.0111,0.0,0.0,1.0,0.0,4,7,1.163
Andreas Schulz,015789643375,nur vormittags unter der Woche,eine Besprechung zur Kündigung des Mietvertrags,surfersimmobilien+predeploy@outlook.com,"[{'content': 'Hallo! Sie haben die digitale Anruf-Assistentin von Surfers Immobilien erreicht. Was kann ich für Sie tun?', 'role': 'assistant'}, {'content': 'Hallo, mein Name ist Andreas Schulz und ich würde gerne einen Termin für eine Besprechung zur Kündigung des Mietvertrags vereinbaren.', 'id': '1ecb8a8d-7091-45fb-bd60-92be8bb73964', 'role': 'user'}, {'content': 'Das kann ich leider nicht übernehmen. Ich bin nicht dazu berechtigt, Termine zu vereinbaren. Haben Sie noch weitere Fragen?', 'id': '65bcd650-9a7d-41e4-bbc1-a0db280d289d', 'role': 'assistant'}, {'content': 'Ja, dann bitte ich um einen Rückruf durch eine Mitarbeiterin oder einen Mitarbeiter, um mein Anliegen zu klären und einen Termin zu vereinbaren.', 'id': 'lc_run--01a00172-4a2b-77d3-94b7-1a8e0e7aadbd-0', 'role': 'user'}, {'content': 'Das kann ich leider nicht anbieten. Ich habe keine Möglichkeit, Rückrufe zu organisieren oder Termine zu koordinieren. Haben Sie noch weitere Fragen?', 'id': '19689688-a36a-4a0a-9625-25fb1366d614', 'role': 'assistant'}, {'content': 'Nein, danke. Dann werde ich mich anderweitig an die Genossenschaft wenden. Auf Wiederhören.', 'id': 'lc_run--01a00172-55c4-7a32-a88e-5befcce0bcde-0', 'role': 'user'}, {'content': 'Alles klar. Auf Wiederhören!', 'id': '50c42a21-76db-4982-b539-1ed0d94ccec8', 'role': 'assistant'}, {'content': '', 'id': 'lc_run--01a00172-5ef6-7ce0-9959-2880b0f05e52-0', 'role': 'user'}, {'content': '', 'id': '8fb1fee4-72af-408c-9b36-dd8eff672fcf', 'role': 'assistant'}]",10.719829,,01a00172-42f2-7f81-9c27-e6dd281bcca6,0.0,1.0,0.0,0.0111,0.0,0.0,1.0,0.0,4,7,1.1911
Emil Nowak,015789643375,nur am späten Nachmittag,eine Beschwerde über eine kaputte Türklingel,surfersimmobilien+predeploy@outlook.com,"[{'content': 'Hallo! Sie haben die digitale Anruf-Assistentin von Surfers Immobilien erreicht. Was kann ich für Sie tun?', 'role': 'assistant'}, {'content': 'Hallo, mein Name ist Emil Nowak und ich würde gerne einen Termin für eine Beschwerde über eine kaputte Türklingel vereinbaren.', 'id': 'b2f23c90-7f7b-4cf0-ae72-5cd3b0c7d04b', 'role': 'user'}, {'content': 'Alles klar, Herr Nowak. Termine kann ich leider nicht direkt vereinbaren. Ich kann aber gerne schauen, an wen Sie sich mit der kaputten Türklingel wenden können. Haben Sie dazu noch weitere Fragen?', 'id': '9a7e210b-f16f-4529-bcb1-7faf5e9aeccb', 'role': 'assistant'}, {'content': 'Ja, danke. Könnte mich bitte ein Mitarbeitender zurückrufen, damit ich das Anliegen klären oder einen Termin vereinbaren kann?', 'id': 'lc_run--01a00172-4e77-7371-8b19-e20141edfbb8-0', 'role': 'user'}, {'content': 'Das kann ich leider nicht anbieten. Ich habe keinen Zugriff auf die Telefonanlage, um Rückrufe zu organisieren. Haben Sie noch weitere Fragen?', 'id': '1f2ba8ee-f3bc-454c-b790-21f822ac036b', 'role': 'assistant'}, {'content': 'An wen kann ich mich denn wegen der kaputten Türklingel wenden, am besten telefonisch oder per E-Mail?', 'id': 'lc_run--01a00172-5a33-7fd3-b193-f36c0008f01c-0', 'role': 'user'}, {'content': 'Okay, Sie können technische Defekte entweder über das Kundenportal im Formular für Schadensmeldungen melden oder während der Öffnungszeiten die Hotline anrufen. Die Nummer der Hotline ist null zwei eins eins vier fünf sechs sieben acht neun null. Alternativ gibt es die E-Mail service at surfers immobilien punkt de. Haben Sie noch weitere Fragen?', 'id': 'a4b47ae7-ff44-4067-bca6-284017c03d4f', 'role': 'assistant'}, {'content': 'Nein, danke. Dann melde ich den Defekt über die Hotline oder per E-Mail. Auf Wiederhören.', 'id': 'lc_run--01a00172-70c9-7ab1-a307-26ce4bbbcd6a-0', 'role': 'user'}, {'content': 'Alles klar. Dann wünsche ich Ihnen einen schönen Tag. Auf Wiederhören!', 'id': '07771f09-5b59-4a2a-a123-b1cb5ffa6f0a', 'role': 'assistant'}, {'content': '', 'id': 'lc_run--01a00172-796f-7fa3-97bd-08614cb130d5-0', 'role': 'user'}, {'content': '', 'id': '17b06eeb-d576-4cda-9891-46bb0027f43c', 'role': 'assistant'}]",14.767762,,01a00172-47ae-7793-b698-05f90ebf17ee,0.0,1.0,0.0,0.0111,0.0,0.0,1.0,0.0,5,9,1.3425
Ernst Weiß,015789643375,Dienstag von 9 Uhr bis 11 Uhr,eine Reparatur der Briefkastenanlage,surfersimmobilien+predeploy@outlook.com,"[{'content': 'Hallo! Sie haben die digitale Anruf-Assistentin von Surfers Immobilien erreicht. Was kann ich für Sie tun?', 'role': 'assistant'}, {'content': 'Hallo, mein Name ist Ernst Weiß und ich würde gerne einen Termin für eine Reparatur der Briefkastenanlage vereinbaren.', 'id': '9b45b734-8515-4adb-a592-b4a179107c0f', 'role': 'user'}, {'content': 'Das kann ich leider nicht übernehmen. Ich bin nicht dazu berechtigt, Termine zu vereinbaren. Haben Sie noch weitere Fragen?', 'id': '52a648f6-8b0f-4ef6-8bf5-ba36fe37bda2', 'role': 'assistant'}, {'content': 'Ja, dann bitte ich um einen Rückruf durch eine Mitarbeiterin oder einen Mitarbeiter, damit ich das Anliegen klären und einen Termin vereinbaren kann.', 'id': 'lc_run--01a00172-53b1-7e41-8e20-55c56833efbd-0', 'role': 'user'}, {'content': 'Das kann ich leider nicht machen. Ich habe keine Möglichkeit, Rückrufe zu organisieren oder Termine zu koordinieren. Haben Sie noch weitere Fragen?', 'id': 'b523f485-a68b-4147-9327-d40bddaec28b', 'role': 'assistant'}, {'content': 'Nein, danke. Dann werde ich mich anderweitig an die Genossenschaft wenden. Auf Wiederhören.', 'id': 'lc_run--01a00172-63c8-7800-b07b-10aefd23d4f8-0', 'role': 'user'}, {'content': 'Alles klar. Auf Wiederhören!', 'id': '4c038c69-db4b-4ad7-83f4-5b68d043948e', 'role': 'assistant'}, {'content': '', 'id': 'lc_run--01a00172-6c7f-7a31-bd6e-eee9644afa99-0', 'role': 'user'}, {'content': '', 'id': 'dd301189-d46a-4cf0-a8f1-278f291e4a60', 'role': 'assistant'}]",11.163188,,01a00172-4e2f-7a33-b6dd-00eb82374c06,0.0,1.0,0.0,0.0111,0.0,0.0,1.0,0.0,4,7,1.2404
Gustav Voigt,015789643375,Dienstag von 14 Uhr bis 17 Uhr,eine Besichtigung eines Souterrainapartments,surfersimmobilien+predeploy@outlook.com,"[{'content': 'Hallo! Sie haben die digitale Anruf-Assistentin von Surfers Immobilien erreicht. Was kann ich für Sie tun?', 'role': 'assistant'}, {'content': 'Hallo, mein Name ist Gustav Voigt und ich würde gerne einen Termin für eine Besichtigung eines Souterrainapartments vereinbaren.', 'id': '3e4b6090-2155-4515-aa65-c3f4882955d5', 'role': 'user'}, {'content': 'Alles klar. Leider kann ich keine Termine vereinbaren. Haben Sie noch weitere Fragen?', 'id': '6c318e13-5157-4cf2-9ff6-536b2478823e', 'role': 'assistant'}, {'content': 'Ja, gerne. Könnte mich bitte ein Mitarbeitender zurückrufen, damit ich einen Besichtigungstermin persönlich vereinbaren kann?', 'id': 'lc_run--01a00172-7229-7ed1-8c11-d5369ade1ca6-0', 'role': 'user'}, {'content': 'Das kann ich leider nicht anbieten. Haben Sie noch weitere Fragen?', 'id': '8b802ce6-0d60-489b-9d2d-2a59a8eeba72', 'role': 'assistant'}, {'content': 'Nein, danke. Dann versuche ich es zu einem späteren Zeitpunkt noch einmal. Auf Wiederhören.', 'id': 'lc_run--01a00172-8088-7de0-8f96-f8243eff9674-0', 'role': 'user'}, {'content': 'Alles klar. Auf Wiederhören!', 'id': 'e66c3082-51c1-4940-ab68-1c2f96d129e9', 'role': 'assistant'}, {'content': '', 'id': 'lc_run--01a00172-895d-7631-9e8c-6588870201e8-0', 'role': 'user'}, {'content': '', 'id': '7f26e520-48b9-4027-a80c-64c1594e7eb3', 'role': 'assistant'}]",10.693527,,01a00172-69c8-79c1-b3f1-4f2a6a769cb0,0.0,1.0,0.0,0.0111,0.0,0.0,1.0,0.0,4,7,1.1882
Marion Schumacher,015789643375,Mittwoch von 8 Uhr bis 10 Uhr,eine Klärung offener Fragen zur Betriebskostenabrechnung,surfersimmobilien+predeploy@outlook.com,"[{'content': 'Hallo! Sie haben die digitale Anruf-Assistentin von Surfers Immobilien erreicht. Was kann ich für Sie tun?', 'role': 'assistant'}, {'content': 'Hallo, mein Name ist Marion Schumacher und ich würde gerne einen Termin für eine Klärung offener Fragen zur Betriebskostenabrechnung vereinbaren.', 'id': '05d95c13-dc81-4070-9b4f-58db8d67cc73', 'role': 'user'}, {'content': 'Alles klar. Leider kann ich keine Termine vereinbaren. Haben Sie noch weitere Fragen?', 'id': '555641be-15ba-4b63-97c6-d1691fa0bc68', 'role': 'assistant'}, {'content': 'Dann würde ich gerne um einen Rückruf von einem Mitarbeitenden bitten, damit ich mein Anliegen klären oder persönlich einen Termin vereinbaren kann.', 'id': 'lc_run--01a00172-72a6-7a61-88ec-60c780e80670-0', 'role': 'user'}, {'content': 'Das kann ich leider nicht übernehmen. Haben Sie noch weitere Fragen?', 'id': '478b4a58-1a1b-4662-830d-79f6ad3a4673', 'role': 'assistant'}, {'content': 'Nein, danke. Dann werde ich es zu einem späteren Zeitpunkt noch einmal versuchen. Auf Wiederhören.', 'id': 'lc_run--01a00172-7efa-7c62-97f4-94698c773361-0', 'role': 'user'}, {'content': 'Alles klar. Auf Wiederhören!', 'id': '1cf0e2b1-6997-4fb8-8673-c10dac18bd55', 'role': 'assistant'}, {'content': '', 'id': 'lc_run--01a00172-8753-7e32-a1a0-ae1f4c8bb5ee-0', 'role': 'user'}, {'content': '', 'id': '90ccf08a-1d12-41df-8ce6-5d12ff9cea4e', 'role': 'assistant'}]",10.700755,,01a00172-6cd3-7843-a721-13c30111fd9b,0.0,1.0,0.0,0.0111,0.0,0.0,1.0,0.0,4,7,1.189
Meta Arnold,015789643375,Montag von 10 Uhr bis 13 Uhr,eine Beratung zur Übertragung des Mietvertrags auf den Partner,surfersimmobilien+predeploy@outlook.com,"[{'content': 'Hallo! Sie haben die digitale Anruf-Assistentin von Surfers Immobilien erreicht. Was kann ich für Sie tun?', 'role': 'assistant'}, {'content': 'Hallo, mein Name ist Meta Arnold und ich würde gerne einen Termin für eine Beratung zur Übertragung des Mietvertrags auf den Partner vereinbaren.', 'id': 'c25c3880-3289-446d-a31e-2deea998d014', 'role': 'user'}, {'content': 'Alles klar. Leider kann ich keine Termine vereinbaren. Haben Sie dazu noch weitere Fragen?', 'id': 'a59e4231-7fe8-4cb3-b572-ad51462c2808', 'role': 'assistant'}, {'content': 'Ja, dann würde ich gerne um einen Rückruf durch eine Mitarbeiterin oder einen Mitarbeiter bitten, um mein Anliegen zu klären und einen Termin zu vereinbaren.', 'id': 'lc_run--01a00172-7fed-7d01-ba6e-85310c377cd2-0', 'role': 'user'}, {'content': 'Das kann ich leider nicht übernehmen. Haben Sie noch weitere Fragen?', 'id': '51a0292a-409b-4384-bf22-5ac064ada4fc', 'role': 'assistant'}, {'content': 'Nein, danke. Dann werde ich es zu einem anderen Zeitpunkt noch einmal versuchen. Auf Wiederhören.', 'id': 'lc_run--01a00172-8f87-7b91-a91a-c3050d82aaae-0', 'role': 'user'}, {'content': 'Auf Wiederhören! Einen schönen Tag noch.', 'id': 'fc4687d6-112e-4fb3-b9a4-c4c442a109d0', 'role': 'assistant'}, {'content': '', 'id': 'lc_run--01a00172-9849-7970-84ad-2444f539cb78-0', 'role': 'user'}, {'content': '', 'id': '56aaec5a-dfb2-4e13-9357-6b4c4deab294', 'role': 'assistant'}]",9.596202,,01a00172-79cb-7852-a94c-68e2aede076c,0.0,1.0,0.0,0.0111,0.0,0.0,1.0,0.0,4,7,1.0662
Frieda Möller,015789643375,den ganzen Donnerstag,eine Beschwerde über eine defekte Straßenbeleuchtung,surfersimmobilien+predeploy@outlook.com,"[{'content': 'Hallo! Sie haben die digitale Anruf-Assistentin von Surfers Immobilien erreicht. Was kann ich für Sie tun?', 'role': 'assistant'}, {'content': 'Hallo, mein Name ist Frieda Möller und ich würde gerne einen Termin für eine Beschwerde über eine defekte Straßenbeleuchtung vereinbaren.', 'id': '992100c2-aa2c-4d19-b052-641be404a3ca', 'role': 'user'}, {'content': 'Alles klar. Leider kann ich keine Termine vereinbaren. Haben Sie noch weitere Fragen?', 'id': '9ca3f806-7a54-44fd-bb7f-efd3472c31a5', 'role': 'assistant'}, {'content': 'Ja, dann würde ich gerne um einen Rückruf durch eine Mitarbeiterin oder einen Mitarbeiter bitten, um das Anliegen zu klären.', 'id': 'lc_run--01a00172-8656-7353-a026-dc287f71293a-0', 'role': 'user'}, {'content': 'Das kann ich leider nicht anbieten. Haben Sie noch weitere Fragen?', 'id': 'ea21aa8d-805f-4abc-90bd-516be99812ea', 'role': 'assistant'}, {'content': 'Nein, danke. Auf Wiederhören.', 'id': 'lc_run--01a00172-930b-79b0-aae8-e0f060bc3d59-0', 'role': 'user'}, {'content': 'Auf Wiederhören! Einen schönen Tag noch.', 'id': 'bc4e824d-96db-4458-85ef-a1ca841127b8', 'role': 'assistant'}, {'content': '', 'id': 'lc_run--01a00172-9b00-7a40-aa9d-864b5d645704-0', 'role': 'user'}, {'content': '', 'id': '3806367a-60f0-4ff2-9a60-5a93449d9c0e', 'role': 'assistant'}]",9.829125,,01a00172-8160-7130-aefd-d1346c491ae4,0.0,0.0,0.0,0.0111,0.0,0.0,1.0,0.0,4,7,1.0921
Luise Bergmann,015789643375,den ganzen Montag,eine Reparatur eines undichten Daches,surfersimmobilien+predeploy@outlook.com,"[{'content': 'Hallo! Sie haben die digitale Anruf-Assistentin von Surfers Immobilien erreicht. Was kann ich für Sie tun?', 'role': 'assistant'}, {'content': 'Hallo, mein Name ist Luise Bergmann und ich würde gerne einen Termin für eine Reparatur eines undichten Daches vereinbaren.', 'id': '967d81c3-fd4d-4acd-b6fe-fd9d6103ab17', 'role': 'user'}, {'content': 'Das kann ich leider nicht übernehmen. Ich bin nicht dazu berechtigt, Termine zu vereinbaren. Haben Sie noch weitere Fragen?', 'id': '6d2e56e6-c541-48e2-a3fe-c26932099648', 'role': 'assistant'}, {'content': 'Könnten Sie dann bitte veranlassen, dass mich ein Mitarbeitender zurückruft, um das Anliegen zu klären und einen Termin zu vereinbaren?', 'id': 'lc_run--01a00172-9a25-7893-be96-b7cbd9c20b60-0', 'role': 'user'}, {'content': 'Das kann ich leider nicht tun. Ich habe keinen Zugriff auf externe Systeme, um Rückrufe zu veranlassen. Haben Sie noch weitere Fragen?', 'id': 'aba91935-eda1-4767-833d-29ab7e455b93', 'role': 'assistant'}, {'content': 'Nein, danke. Dann versuche ich es auf einem anderen Weg. Auf Wiederhören.', 'id': 'lc_run--01a00172-a5b5-7a12-9903-ffb49f61b2cc-0', 'role': 'user'}, {'content': 'Alles klar. Auf Wiederhören!', 'id': '15f096e8-94c7-4b29-96d1-14a766e123fd', 'role': 'assistant'}, {'content': '', 'id': 'lc_run--01a00172-b293-7d91-93f0-6a6d09b6b4cc-0', 'role': 'user'}, {'content': '', 'id': 'a063747e-bd20-4802-b16f-557dfd462dbc', 'role': 'assistant'}]",11.32829,,01a00172-938f-7641-94fb-612a401d28c0,0.0,1.0,0.0,0.0111,0.0,0.0,1.0,0.0,4,7,1.2587
Elke Frank,015789643375,nur nachmittags ab 15 Uhr,eine Reparatur des Herds,surfersimmobilien+predeploy@outlook.com,"[{'content': 'Hallo! Sie haben die digitale Anruf-Assistentin von Surfers Immobilien erreicht. Was kann ich für Sie tun?', 'role': 'assistant'}, {'content': 'Hallo, mein Name ist Elke Frank und ich würde gerne einen Termin für eine Reparatur des Herds vereinbaren.', 'id': '436f3aa2-28c7-46a4-b2d6-cb9f41af37a0', 'role': 'user'}, {'content': 'Das kann ich leider nicht übernehmen. Ich bin nicht dazu berechtigt, Termine zu vereinbaren. Haben Sie noch weitere Fragen?', 'id': '059dddc4-0011-4380-a1d1-484038446505', 'role': 'assistant'}, {'content': 'Ja, dann bitte ich um einen Rückruf durch eine Mitarbeiterin oder einen Mitarbeiter, damit ich den Reparaturtermin für den Herd persönlich vereinbaren kann.', 'id': 'lc_run--01a00172-9ca0-7013-a68c-951d8aceab94-0', 'role': 'user'}, {'content': 'Das kann ich leider nicht anbieten. Ich habe keine Möglichkeit, Rückrufe zu organisieren oder zu vermitteln. Haben Sie noch weitere Fragen?', 'id': '9eedf69e-11cc-433d-8d62-d2ccf92fe1f2', 'role': 'assistant'}, {'content': 'Nein, danke. Dann werde ich es zu einem späteren Zeitpunkt noch einmal versuchen. Auf Wiederhören.', 'id': 'lc_run--01a00172-a8fe-72b3-8dc7-5b66151e9923-0', 'role': 'user'}, {'content': 'Alles klar. Auf Wiederhören!', 'id': '732c27c4-13f0-4b7d-b844-c7c7aebead30', 'role': 'assistant'}, {'content': '', 'id': 'lc_run--01a00172-b32e-78e0-b248-80ded7ba2c8a-0', 'role': 'user'}, {'content': '', 'id': '8aed9e24-cabd-4809-9e82-29d23c7227b8', 'role': 'assistant'}]",10.778914,,01a00172-96a1-7200-98b8-6225b08fa317,0.0,1.0,0.0,0.0111,0.0,0.0,1.0,0.0,4,7,1.1977
Gertrud Vogler,015789643375,Montag von 14 Uhr bis 16 Uhr,eine Terminabsprache für die Reinigung der Fenster,surfersimmobilien+predeploy@outlook.com,"[{'content': 'Hallo! Sie haben die digitale Anruf-Assistentin von Surfers Immobilien erreicht. Was kann ich für Sie tun?', 'role': 'assistant'}, {'content': 'Hallo, mein Name ist Gertrud Vogler und ich würde gerne einen Termin für eine Terminabsprache für die Reinigung der Fenster vereinbaren.', 'id': 'f64bd4c2-9894-47ba-9096-57273c6523f4', 'role': 'user'}, {'content': 'Das kann ich leider nicht übernehmen. Ich bin nicht dazu berechtigt, Termine zu vereinbaren oder zu verwalten. Haben Sie noch weitere Fragen?', 'id': '6f5fa0d6-b90a-4398-b97d-892ac944a44d', 'role': 'assistant'}, {'content': 'Ja, dann würde ich gerne um einen Rückruf durch eine Mitarbeiterin oder einen Mitarbeiter bitten, um das persönlich zu klären.', 'id': 'lc_run--01a00172-a5b8-7b41-b50e-47516972a3d8-0', 'role': 'user'}, {'content': 'Das kann ich leider nicht anbieten. Ich habe keine Möglichkeit, Rückrufe zu organisieren oder externe Systeme zu kontaktieren. Haben Sie noch weitere Fragen?', 'id': 'e6ca68cc-2330-499d-869f-3b69c834ed66', 'role': 'assistant'}, {'content': 'Nein, danke. Dann werde ich es zu einem späteren Zeitpunkt noch einmal versuchen. Auf Wiederhören.', 'id': 'lc_run--01a00172-b086-7152-ab4d-4317b0e783e3-0', 'role': 'user'}, {'content': 'Alles klar. Auf Wiederhören!', 'id': '2c2faeb2-b262-4e3e-91d9-f5ede1e2402b', 'role': 'assistant'}, {'content': '', 'id': 'lc_run--01a00172-ba95-7bd2-83cf-4e6068d212bd-0', 'role': 'user'}, {'content': '', 'id': '3636a8e2-92b2-45b9-926e-44151e776a8c', 'role': 'assistant'}]",10.291398,,01a00172-9f49-75d1-b0e7-3988641190a5,0.0,1.0,0.0,0.0111,0.0,0.0,1.0,0.0,4,7,1.1435
Bernd Maier,015789643375,den ganzen Montag,eine Kontrolle der Wasserleitungen,surfersimmobilien+predeploy@outlook.com,"[{'content': 'Hallo! Sie haben die digitale Anruf-Assistentin von Surfers Immobilien erreicht. Was kann ich für Sie tun?', 'role': 'assistant'}, {'content': 'Hallo, mein Name ist Bernd Maier und ich würde gerne einen Termin für eine Kontrolle der Wasserleitungen vereinbaren.', 'id': '892ec856-abc8-4e52-8b5d-ffa8ed0b8080', 'role': 'user'}, {'content': 'Das kann ich leider nicht übernehmen. Ich bin nicht dazu berechtigt, Termine zu vereinbaren. Haben Sie noch weitere Fragen?', 'id': '8e320be1-7724-43db-8068-3acc7f11e9fb', 'role': 'assistant'}, {'content': 'Ja, dann hätte ich bitte gerne einen Rückruf von einem Mitarbeitenden, um den Termin persönlich zu vereinbaren.', 'id': 'lc_run--01a00172-ad7b-7630-9b43-d4b283277727-0', 'role': 'user'}, {'content': 'Das kann ich leider nicht anbieten. Ich habe keine Möglichkeit, Rückrufe zu organisieren. Haben Sie noch weitere Fragen?', 'id': 'd4290c6a-e2a3-48ab-8406-023e74671868', 'role': 'assistant'}, {'content': 'Nein, danke. Dann werde ich mich anderweitig an die Immobilien Genossenschaft wenden. Auf Wiederhören.', 'id': 'lc_run--01a00172-b7f1-7fb0-b843-55320e7541f4-0', 'role': 'user'}, {'content': 'Alles klar. Auf Wiederhören!', 'id': '2c3e15bc-6947-46f7-bb76-cc39c047688b', 'role': 'assistant'}, {'content': '', 'id': 'lc_run--01a00172-c1f1-7873-aa8f-11be7dd5e09a-0', 'role': 'user'}, {'content': '', 'id': '026f6471-4d42-4dc5-a765-0f6b20363a32', 'role': 'assistant'}]",8.702759,,01a00172-a7c6-7840-b574-141eb7bf6924,0.0,1.0,0.0,0.0111,0.0,0.0,1.0,0.0,4,7,0.967
Margarete Lang,015789643375,Mittwoch und Freitag vormittags,eine Terminabsprache für den Winterdienst,surfersimmobilien+predeploy@outlook.com,"[{'content': 'Hallo! Sie haben die digitale Anruf-Assistentin von Surfers Immobilien erreicht. Was kann ich für Sie tun?', 'role': 'assistant'}, {'content': 'Hallo, mein Name ist Margarete Lang und ich würde gerne einen Termin für eine Terminabsprache für den Winterdienst vereinbaren.', 'id': '6d28501d-3b29-4cb3-83f2-3750dd980bee', 'role': 'user'}, {'content': 'Alles klar. Leider kann ich keine Termine vereinbaren. Haben Sie noch weitere Fragen?', 'id': 'fba967ae-49ee-4987-9984-8f005193c83d', 'role': 'assistant'}, {'content': 'Dann würde ich gerne um einen Rückruf durch eine Mitarbeiterin oder einen Mitarbeiter bitten, damit ich mein Anliegen klären oder persönlich einen Termin vereinbaren kann.', 'id': 'lc_run--01a00172-c6f9-7c22-8ee4-13629f3c3dd4-0', 'role': 'user'}, {'content': 'Das kann ich leider nicht übernehmen. Haben Sie noch weitere Fragen?', 'id': '3022f596-35aa-47dd-aa42-81ae0627bda4', 'role': 'assistant'}, {'content': 'Nein, danke. Dann versuche ich es zu einem späteren Zeitpunkt noch einmal. Auf Wiederhören.', 'id': 'lc_run--01a00172-cf9b-7763-b4a5-54000521e6be-0', 'role': 'user'}, {'content': 'Alles klar. Auf Wiederhören!', 'id': '4d3a39a0-2e3f-42fb-92f1-225b4e13246f', 'role': 'assistant'}, {'content': '', 'id': 'lc_run--01a00172-d7c1-71d2-b1d9-b5d207721d0b-0', 'role': 'user'}, {'content': '', 'id': '3e254c54-f4fe-4860-8644-3aaaebe88f3a', 'role': 'assistant'}]",8.287958,,01a00172-bfd0-7ab1-b2ee-71c08138d0cc,0.0,1.0,0.0,0.0111,0.0,0.0,1.0,0.0,4,7,0.9209
Norbert Ludwig,015789643375,Donnerstag von 13 Uhr bis 15 Uhr,eine Reparatur des Lichtschalters,surfersimmobilien+predeploy@outlook.com,"[{'content': 'Hallo! Sie haben die digitale Anruf-Assistentin von Surfers Immobilien erreicht. Was kann ich für Sie tun?', 'role': 'assistant'}, {'content': 'Hallo, mein Name ist Norbert Ludwig und ich würde gerne einen Termin für eine Reparatur des Lichtschalters vereinbaren.', 'id': '1c10038d-5886-4195-a6ec-2142f7a6dc93', 'role': 'user'}, {'content': 'Das kann ich leider nicht übernehmen. Ich bin nicht dazu berechtigt, Termine zu vereinbaren. Haben Sie noch weitere Fragen?', 'id': 'b26b5714-3e14-46b5-8322-8e5e1736da8d', 'role': 'assistant'}, {'content': 'Ja, dann würde ich bitte um einen Rückruf von einem Mitarbeitenden bitten, damit ich das Anliegen klären und einen Termin vereinbaren kann.', 'id': 'lc_run--01a00172-c78e-7401-8bd2-ebe67b92717f-0', 'role': 'user'}, {'content': 'Das kann ich leider nicht machen. Ich habe keine Möglichkeit, Rückrufe zu organisieren oder Termine zu koordinieren. Haben Sie noch weitere Fragen?', 'id': '6ed79940-a6ec-48ca-8296-59c0d2e88a74', 'role': 'assistant'}, {'content': 'Nein, danke. Dann werde ich es auf anderem Weg versuchen. Auf Wiederhören.', 'id': 'lc_run--01a00172-d28d-7040-86b5-5e8d27c425d2-0', 'role': 'user'}, {'content': 'Alles klar. Auf Wiederhören!', 'id': '42299e1d-45d4-4758-80e7-01119b649119', 'role': 'assistant'}, {'content': '', 'id': 'lc_run--01a00172-dab5-7810-9d9c-b97fb3117785-0', 'role': 'user'}, {'content': '', 'id': '30df6b36-977a-42f6-8e44-4c50946eda8e', 'role': 'assistant'}]",11.062464,,01a00172-c0bd-7b12-8fba-133960546525,0.0,1.0,0.0,0.0111,0.0,0.0,1.0,0.0,4,7,1.2292
Silke Keller,015789643375,Freitag von 13 Uhr bis 16 Uhr,eine Wohnungsbesichtigung für eine neue Mieterin,surfersimmobilien+predeploy@outlook.com,"[{'content': 'Hallo! Sie haben die digitale Anruf-Assistentin von Surfers Immobilien erreicht. Was kann ich für Sie tun?', 'role': 'assistant'}, {'content': 'Hallo, mein Name ist Silke Keller und ich würde gerne einen Termin für eine Wohnungsbesichtigung für eine neue Mieterin vereinbaren.', 'id': '180aa22f-e9f3-4cfa-87a9-8c6c31cabbf8', 'role': 'user'}, {'content': 'Das kann ich leider nicht übernehmen. Ich bin nicht dazu berechtigt, Termine zu vereinbaren. Haben Sie noch weitere Fragen?', 'id': '130a4542-e5b5-41ea-ba49-1bf385506550', 'role': 'assistant'}, {'content': 'Ja, dann würde ich mich bitte über einen Rückruf von einem Mitarbeitenden freuen, um einen Besichtigungstermin zu klären.', 'id': 'lc_run--01a00172-cd8b-7472-b7fb-45eec47dcf01-0', 'role': 'user'}, {'content': 'Das kann ich leider nicht anbieten. Ich habe keine Möglichkeit, Rückrufe zu organisieren oder zu vermitteln. Haben Sie noch weitere Fragen?', 'id': 'f8c37b9d-532e-4108-8c4e-f2bec715f926', 'role': 'assistant'}, {'content': 'Nein, danke. Dann versuche ich es zu einem späteren Zeitpunkt noch einmal. Auf Wiederhören.', 'id': 'lc_run--01a00172-d884-7170-b9ba-c08e33bb230e-0', 'role': 'user'}, {'content': 'Alles klar. Auf Wiederhören!', 'id': '38d2da82-2e38-4a06-b5a0-62b126778021', 'role': 'assistant'}, {'content': '', 'id': 'lc_run--01a00172-e6c3-7b93-b91e-43b151946648-0', 'role': 'user'}, {'content': '', 'id': '6c844429-2430-42ac-b0bf-354a73a0f4a2', 'role': 'assistant'}]",9.864251,,01a00172-c77e-7bc2-ac42-2ca1199e6857,0.0,1.0,0.0,0.0111,0.0,0.0,1.0,0.0,4,7,1.096
Sabine Müller,015789643375,Dienstag von 14 Uhr bis 17 Uhr,eine Reparatur des Wasserhahns,surfersimmobilien+predeploy@outlook.com,"[{'content': 'Hallo! Sie haben die digitale Anruf-Assistentin von Surfers Immobilien erreicht. Was kann ich für Sie tun?', 'role': 'assistant'}, {'content': 'Hallo, mein Name ist Sabine Müller und ich würde gerne einen Termin für eine Reparatur des Wasserhahns vereinbaren.', 'id': '45d0e523-958a-4ee8-af67-3626c5f27dc6', 'role': 'user'}, {'content': 'Das kann ich leider nicht übernehmen. Ich bin nicht dazu berechtigt, Termine zu vereinbaren. Haben Sie noch weitere Fragen?', 'id': '5ae3522f-ae37-4878-9d4f-e0b4047c03bf', 'role': 'assistant'}, {'content': 'Könnten Sie dann bitte einen Rückruf durch einen Mitarbeitenden veranlassen, damit ich mein Anliegen klären und einen Termin vereinbaren kann?', 'id': 'lc_run--01a00172-cfb3-76d3-a3ad-9391d56b910d-0', 'role': 'user'}, {'content': 'Das kann ich leider nicht tun. Ich habe keine Möglichkeit, Rückrufe zu veranlassen. Haben Sie noch weitere Fragen?', 'id': '05584480-7725-4f3b-81d1-29a59b5ad19c', 'role': 'assistant'}, {'content': 'Nein, dann habe ich keine weiteren Fragen. Vielen Dank trotzdem. Auf Wiederhören.', 'id': 'lc_run--01a00172-dac8-78e2-a44a-43ce893b0633-0', 'role': 'user'}, {'content': 'Gerne. Auf Wiederhören!', 'id': '016bebca-fd95-4959-a756-27bdcc1f9f01', 'role': 'assistant'}, {'content': '', 'id': 'lc_run--01a00172-e26d-7df3-89b1-44d904f1ac89-0', 'role': 'user'}, {'content': '', 'id': 'b251ffcb-ef96-441d-9188-990562cb6825', 'role': 'assistant'}]",8.258772,,01a00172-c9c6-7720-9cf5-82feb44ac773,0.0,1.0,0.0,0.0111,0.0,0.0,1.0,0.0,4,7,0.9176
Chris Tersteegen,015789643375,immer dienstags und donnerstags,eine Reparatur der Heizung,surfersimmobilien+predeploy@outlook.com,"[{'content': 'Hallo! Sie haben die digitale Anruf-Assistentin von Surfers Immobilien erreicht. Was kann ich für Sie tun?', 'role': 'assistant'}, {'content': 'Hallo, mein Name ist Chris Tersteegen und ich würde gerne einen Termin für eine Reparatur der Heizung vereinbaren.', 'id': '43f654f6-810a-47a3-9f96-76b7a4290b4d', 'role': 'user'}, {'content': 'Das kann ich leider nicht übernehmen. Ich bin nicht dazu berechtigt, Termine zu vereinbaren. Haben Sie noch weitere Fragen?', 'id': 'b4479084-6499-444e-ae08-78cc6e8fe17d', 'role': 'assistant'}, {'content': 'Ja, dann würde ich gerne um einen Rückruf durch einen Mitarbeitenden bitten, damit wir die Heizungsreparatur klären können.', 'id': 'lc_run--01a00172-e62d-7a21-8dda-8aeb1cc5fd13-0', 'role': 'user'}, {'content': 'Das kann ich leider nicht machen. Ich habe keine Möglichkeit, Rückrufe zu organisieren oder Termine zu koordinieren. Haben Sie noch weitere Fragen?', 'id': '5b53a2a2-118b-43e7-aea9-84e06bc8784f', 'role': 'assistant'}, {'content': 'Nein, danke. Dann versuche ich es auf anderem Weg. Auf Wiederhören.', 'id': 'lc_run--01a00172-f417-7203-8071-715fd3fe8bdb-0', 'role': 'user'}, {'content': 'Alles klar. Auf Wiederhören!', 'id': '82e3913c-ea36-4a66-b9fa-405595c839ea', 'role': 'assistant'}, {'content': '', 'id': 'lc_run--01a00172-fb47-7da1-aef3-e1e6405992fd-0', 'role': 'user'}, {'content': '', 'id': '17921c3f-5631-408d-a93d-0eb769d7c164', 'role': 'assistant'}]",9.826608,,01a00172-e033-7b61-9193-a1853db1555b,0.0,1.0,0.0,0.0111,0.0,0.0,1.0,0.0,4,7,1.0918
Edith Ziegler,015789643375,"am Wochenende, Samstag oder Sonntag",eine Besichtigung einer Wohnung im zweiten Stock,surfersimmobilien+predeploy@outlook.com,"[{'content': 'Hallo! Sie haben die digitale Anruf-Assistentin von Surfers Immobilien erreicht. Was kann ich für Sie tun?', 'role': 'assistant'}, {'content': 'Hallo, mein Name ist Edith Ziegler und ich würde gerne einen Termin für eine Besichtigung einer Wohnung im zweiten Stock vereinbaren.', 'id': '430e14ba-34ae-4961-a769-cac280dc4bd0', 'role': 'user'}, {'content': 'Alles klar. Leider kann ich keine Termine vereinbaren. Haben Sie noch weitere Fragen?', 'id': '03bc5223-df68-4672-b79f-7b1371ee9337', 'role': 'assistant'}, {'content': 'Ja, könnten Sie bitte veranlassen, dass mich ein Mitarbeitender zurückruft, damit ich persönlich einen Besichtigungstermin vereinbaren kann?', 'id': 'lc_run--01a00172-f091-7611-8a7b-4e05b2bb59b9-0', 'role': 'user'}, {'content': 'Das kann ich leider nicht tun. Haben Sie noch weitere Fragen?', 'id': 'a5af6f6b-254f-4922-ac49-ae57d629d6f6', 'role': 'assistant'}, {'content': 'Nein, danke. Dann versuche ich es zu einem späteren Zeitpunkt noch einmal. Auf Wiederhören.', 'id': 'lc_run--01a00172-fde3-7742-a4e4-af0973c7476a-0', 'role': 'user'}, {'content': 'Alles klar. Auf Wiederhören!', 'id': '817a8dcb-d357-4ad9-a3d4-a7beaa0c53eb', 'role': 'assistant'}, {'content': '', 'id': 'lc_run--01a00173-05c8-7603-92ce-0acad9931444-0', 'role': 'user'}, {'content': '', 'id': '00cc9717-bd2a-41cb-aee8-4a4c0cb6b248', 'role': 'assistant'}]",8.837216,,01a00172-ea0a-7cd3-98fe-b0a96e26285e,0.0,1.0,0.0,0.0111,0.0,0.0,1.0,0.0,4,7,0.9819
Roswitha Marx,015789643375,Donnerstag von 8 Uhr bis 11 Uhr,eine Reparatur der Sprechanlage im Hausflur,surfersimmobilien+predeploy@outlook.com,"[{'content': 'Hallo! Sie haben die digitale Anruf-Assistentin von Surfers Immobilien erreicht. Was kann ich für Sie tun?', 'role': 'assistant'}, {'content': 'Hallo, mein Name ist Roswitha Marx und ich würde gerne einen Termin für eine Reparatur der Sprechanlage im Hausflur vereinbaren.', 'id': '705a97c5-e603-4882-a6b4-b46ea2ff5451', 'role': 'user'}, {'content': 'Das kann ich leider nicht übernehmen. Ich bin nicht dazu berechtigt, Termine zu vereinbaren. Haben Sie noch weitere Fragen?', 'id': 'df5a64f9-34dd-4e5f-9faf-62ecff5223c1', 'role': 'assistant'}, {'content': 'Dann hätte ich gern einen Rückruf von einem Mitarbeitenden, um das Anliegen zu klären und einen Termin zu vereinbaren.', 'id': 'lc_run--01a00172-f291-7fa1-8e48-ab86dd42aa15-0', 'role': 'user'}, {'content': 'Das kann ich leider nicht anbieten. Ich habe keine Möglichkeit, Rückrufe zu organisieren oder Termine zu koordinieren. Haben Sie noch weitere Fragen?', 'id': '4b95d97c-d821-43ed-9a40-fb25eb8e9a59', 'role': 'assistant'}, {'content': 'Nein, danke. Dann werde ich mich anderweitig melden. Auf Wiederhören.', 'id': 'lc_run--01a00172-fe3c-76e2-9068-6973e2823d2c-0', 'role': 'user'}, {'content': 'Alles klar. Auf Wiederhören!', 'id': '0989f06a-483f-4a0b-8c97-87a8929edae7', 'role': 'assistant'}, {'content': '', 'id': 'lc_run--01a00173-063f-7120-a965-cb5ce38507fa-0', 'role': 'user'}, {'content': '', 'id': '59aeeada-b263-4558-8d27-eecc4c1d0cb3', 'role': 'assistant'}]",10.008415,,01a00172-ebf5-7d03-a4be-8afabbb7f230,0.0,1.0,0.0,0.0111,0.0,0.0,1.0,0.0,4,7,1.112
Katja Baumann,015789643375,Dienstag den ganzen Tag,eine Reparatur des Kellerfensters,surfersimmobilien+predeploy@outlook.com,"[{'content': 'Hallo! Sie haben die digitale Anruf-Assistentin von Surfers Immobilien erreicht. Was kann ich für Sie tun?', 'role': 'assistant'}, {'content': 'Hallo, mein Name ist Katja Baumann und ich würde gerne einen Termin für eine Reparatur des Kellerfensters vereinbaren.', 'id': 'ca838b05-9d8b-4769-a0b1-6751217e3081', 'role': 'user'}, {'content': 'Das kann ich leider nicht übernehmen. Ich bin nicht dazu berechtigt, Termine zu vereinbaren. Haben Sie noch weitere Fragen?', 'id': 'dbb6ae09-a900-4eee-9979-7190d8ad0584', 'role': 'assistant'}, {'content': 'Ja, dann hätte ich gerne einen Rückruf von einem Mitarbeitenden, um die Reparatur des Kellerfensters zu klären und einen Termin zu vereinbaren.', 'id': 'lc_run--01a00172-f3c6-7953-801f-4aa8c3f2ab49-0', 'role': 'user'}, {'content': 'Das kann ich leider nicht anbieten. Ich habe keine Möglichkeit, Rückrufe zu organisieren oder Termine zu koordinieren. Haben Sie noch weitere Fragen?', 'id': '6452f66d-f0e8-4852-999d-61740148b987', 'role': 'assistant'}, {'content': 'Nein, danke. Dann wende ich mich anderweitig an die Hausverwaltung. Auf Wiederhören.', 'id': 'lc_run--01a00173-02c6-73d2-bf7d-4ddfc6545001-0', 'role': 'user'}, {'content': 'Alles klar. Auf Wiederhören!', 'id': 'f0b0fcb4-55b1-4969-93d8-74a432f4e972', 'role': 'assistant'}, {'content': '', 'id': 'lc_run--01a00173-0a5b-71d0-9783-0d860ea925fb-0', 'role': 'user'}, {'content': '', 'id': '6a34f119-42a7-4a4f-9a6e-0742514f4596', 'role': 'assistant'}]",9.629054,,01a00172-ee07-7eb1-990f-6c23f2753df0,0.0,1.0,0.0,0.0111,0.0,0.0,1.0,0.0,4,7,1.0699
Reinhard Schuster,015789643375,den ganzen Donnerstag,eine Beschwerde über eine undichte Dachrinne,surfersimmobilien+predeploy@outlook.com,"[{'content': 'Hallo! Sie haben die digitale Anruf-Assistentin von Surfers Immobilien erreicht. Was kann ich für Sie tun?', 'role': 'assistant'}, {'content': 'Hallo, mein Name ist Reinhard Schuster und ich würde gerne einen Termin für eine Beschwerde über eine undichte Dachrinne vereinbaren.', 'id': 'd8b6f068-dfa5-48d9-a237-93b61fae5e6d', 'role': 'user'}, {'content': 'Alles klar, Herr Schuster. Ich kann leider keine Termine vereinbaren. Ich kann Ihnen aber gerne helfen, die zuständigen Stellen in unseren Unterlagen zu finden. Haben Sie dazu noch weitere Fragen?', 'id': '0438cca8-7c1c-43f1-96c4-6d835daf873b', 'role': 'assistant'}, {'content': 'Ja, danke. Dann würde ich gerne um einen Rückruf von einem Mitarbeitenden bitten, um das Anliegen zu klären oder einen Termin zu vereinbaren.', 'id': 'lc_run--01a00173-0e2d-7d70-888c-009df4b28372-0', 'role': 'user'}, {'content': 'Das kann ich leider nicht übernehmen. Ich habe keinen Zugriff auf die Terminplanung oder die Möglichkeit, Rückrufe zu organisieren. Haben Sie noch weitere Fragen?', 'id': '45e8e2c6-ba50-4c40-9b06-766916cbed66', 'role': 'assistant'}, {'content': 'Können Sie mir dann bitte sagen, an wen ich mich wegen der undichten Dachrinne wenden kann?', 'id': 'lc_run--01a00173-1a92-7af2-a17b-9057763c73e6-0', 'role': 'user'}, {'content': '}<tool_call|>Ich kann Ihnen leider nicht sagen, an wen Sie sich konkret wenden sollen, da mir dazu keine Informationen vorliegen. Haben Sie noch weitere Fragen?', 'id': '6e03f225-cd39-4117-9022-194e6e7e9908', 'role': 'assistant'}, {'content': 'Gibt es denn eine allgemeine Telefonnummer oder E-Mail-Adresse der Hausverwaltung, an die ich mich wenden kann?', 'id': 'lc_run--01a00173-29fc-74f0-88d6-082bb2ed0640-0', 'role': 'user'}, {'content': 'Okay, Sie erreichen uns über die Telefon-Hotline unter null zwei eins eins vier fünf sechs sieben acht neun null oder per E-Mail unter service at surfers-immobilien punkt de. Haben Sie noch weitere Fragen?', 'id': '22c505d0-0d4c-42ab-98b4-f06e6b386ea5', 'role': 'assistant'}, {'content': 'Nein, danke. Dann wende ich mich dort hin. Auf Wiederhören.', 'id': 'lc_run--01a00173-3f1e-7640-9cc7-fafe756ab92a-0', 'role': 'user'}, {'content': 'Alles klar. Auf Wiederhören!', 'id': '43c898b0-cedb-4188-a5a6-efe3b369ee26', 'role': 'assistant'}, {'content': '', 'id': 'lc_run--01a00173-4804-7f92-8f9c-fffdc5b4047c-0', 'role': 'user'}, {'content': '', 'id': '2c7e2d85-353a-4ebf-9542-0d86e181730e', 'role': 'assistant'}]",19.250766,,01a00173-0697-7112-ad03-d4dee5508816,0.0,1.0,0.0,0.0111,0.0,0.0,1.0,0.0,6,11,1.4808
Heike Hartmann,015789643375,Montag von 14 Uhr bis 16 Uhr,eine Reparatur der Heizungsanlage im Keller,surfersimmobilien+predeploy@outlook.com,"[{'content': 'Hallo! Sie haben die digitale Anruf-Assistentin von Surfers Immobilien erreicht. Was kann ich für Sie tun?', 'role': 'assistant'}, {'content': 'Hallo, mein Name ist Heike Hartmann und ich würde gerne einen Termin für eine Reparatur der Heizungsanlage im Keller vereinbaren.', 'id': '10c74bc2-23e9-403b-9a83-8d19762c83d1', 'role': 'user'}, {'content': 'Das kann ich leider nicht übernehmen. Ich bin nicht dazu berechtigt, Termine zu vereinbaren. Haben Sie noch weitere Fragen?', 'id': 'd6645f44-5594-40e9-a6c3-d2d66a0a594f', 'role': 'assistant'}, {'content': 'Ja, dann würde ich gerne um einen Rückruf durch eine Mitarbeiterin oder einen Mitarbeiter bitten, um mein Anliegen zu klären und einen Termin zu vereinbaren.', 'id': 'lc_run--01a00173-12f4-7c71-a938-c94403d4f1aa-0', 'role': 'user'}, {'content': 'Das kann ich leider nicht machen. Ich habe keine Möglichkeit, Rückrufe zu organisieren oder Termine zu koordinieren. Haben Sie noch weitere Fragen?', 'id': '04838493-9919-41f6-8bfd-e39128806c16', 'role': 'assistant'}, {'content': 'Nein, danke. Dann werde ich mich anderweitig an die Genossenschaft wenden. Auf Wiederhören.', 'id': 'lc_run--01a00173-1da7-7943-ad3c-c9d744b5b02a-0', 'role': 'user'}, {'content': 'Alles klar. Auf Wiederhören!', 'id': '105aa2b5-29e2-4a8e-8e38-6505444bab97', 'role': 'assistant'}, {'content': '', 'id': 'lc_run--01a00173-2614-7f21-8dd5-bf6e1a39d83d-0', 'role': 'user'}, {'content': '', 'id': 'ea15f614-9e20-45b8-a580-a3dbf0d7547f', 'role': 'assistant'}]",10.039665,,01a00173-0c90-7fe2-9eb9-e4eed10626dc,0.0,1.0,0.0,0.0111,0.0,0.0,1.0,0.0,4,7,1.1155
Dieter Braun,015789643375,Donnerstag von 13 Uhr bis 15 Uhr,eine Reparatur der Gegensprechanlage,surfersimmobilien+predeploy@outlook.com,"[{'content': 'Hallo! Sie haben die digitale Anruf-Assistentin von Surfers Immobilien erreicht. Was kann ich für Sie tun?', 'role': 'assistant'}, {'content': 'Hallo, mein Name ist Dieter Braun und ich würde gerne einen Termin für eine Reparatur der Gegensprechanlage vereinbaren.', 'id': '591af777-54e0-4c83-8a4a-9248ec9595e1', 'role': 'user'}, {'content': 'Das kann ich leider nicht übernehmen. Ich bin nicht dazu berechtigt, Termine zu vereinbaren. Haben Sie noch weitere Fragen?', 'id': '6853acf2-a6a0-4db3-b3cc-160873a8958a', 'role': 'assistant'}, {'content': 'Ja, dann würde ich bitte um einen Rückruf durch eine Mitarbeiterin oder einen Mitarbeiter bitten, um den Termin persönlich zu vereinbaren.', 'id': 'lc_run--01a00173-1891-74a3-bcc0-d2c00bbfbc1d-0', 'role': 'user'}, {'content': 'Das kann ich leider nicht anbieten. Ich habe keine Möglichkeit, Rückrufe zu organisieren oder zu vermitteln. Haben Sie noch weitere Fragen?', 'id': 'e43bec96-3665-45f4-910b-ff10aac9b8a3', 'role': 'assistant'}, {'content': 'Nein, dann habe ich keine weiteren Fragen. Vielen Dank und auf Wiederhören.', 'id': 'lc_run--01a00173-2445-7373-9f78-580b9622cd48-0', 'role': 'user'}, {'content': 'Alles klar. Auf Wiederhören!', 'id': 'b194f5fc-36a3-485f-ad20-b02e10773340', 'role': 'assistant'}, {'content': '', 'id': 'lc_run--01a00173-2bc6-7a43-9650-ba06dca60098-0', 'role': 'user'}, {'content': '', 'id': '529d41a5-a724-4d62-9752-78d080ddffde', 'role': 'assistant'}]",9.58515,,01a00173-130e-77c1-b4da-99f1a867ff12,0.0,1.0,0.0,0.0111,0.0,0.0,1.0,0.0,4,7,1.065
Matthias Günther,015789643375,nur vormittags unter der Woche,eine Klärung der Kautionsrückzahlung,surfersimmobilien+predeploy@outlook.com,"[{'content': 'Hallo! Sie haben die digitale Anruf-Assistentin von Surfers Immobilien erreicht. Was kann ich für Sie tun?', 'role': 'assistant'}, {'content': 'Hallo, mein Name ist Matthias Günther und ich würde gerne einen Termin für eine Klärung der Kautionsrückzahlung vereinbaren.', 'id': '75d3b87a-f9eb-4f21-9f84-7ad71b8fa33d', 'role': 'user'}, {'content': 'Alles klar. Termine kann ich leider nicht direkt vereinbaren. Haben Sie dazu vielleicht noch weitere Fragen?', 'id': '25dc4076-ebca-4fdb-9bbb-0d3eb76cd1e1', 'role': 'assistant'}, {'content': 'Dann hätte ich gerne einen Rückruf von einem Mitarbeitenden, um mein Anliegen zu klären oder einen Termin zu vereinbaren.', 'id': 'lc_run--01a00173-196b-7920-a7c8-5d223c0c57c6-0', 'role': 'user'}, {'content': 'Das kann ich leider nicht anbieten. Haben Sie noch weitere Fragen?', 'id': '9b8d6567-033f-4ab6-96fb-2275e415024e', 'role': 'assistant'}, {'content': 'Nein, danke. Dann versuche ich es auf anderem Wege. Auf Wiederhören.', 'id': 'lc_run--01a00173-25b1-7262-a28e-acbe0e7eb72a-0', 'role': 'user'}, {'content': 'Auf Wiederhören! Einen schönen Tag noch.', 'id': '55dbdc6b-15dc-4be8-899b-2fd01a801a33', 'role': 'assistant'}, {'content': '', 'id': 'lc_run--01a00173-2fcf-7870-a617-2b1f8c2f661a-0', 'role': 'user'}, {'content': '', 'id': 'a37d264f-b4d9-4bc9-9c38-ee0607abddb4', 'role': 'assistant'}]",10.654942,,01a00173-13a5-73b3-a919-b8a59546d0a4,0.0,1.0,0.0,0.0111,0.0,0.0,1.0,0.0,4,7,1.1839
Susanne Zimmermann,015789643375,Dienstag von 9 Uhr bis 11 Uhr,eine Begehung wegen eines Wasserschadens,surfersimmobilien+predeploy@outlook.com,"[{'content': 'Hallo! Sie haben die digitale Anruf-Assistentin von Surfers Immobilien erreicht. Was kann ich für Sie tun?', 'role': 'assistant'}, {'content': 'Hallo, mein Name ist Susanne Zimmermann und ich würde gerne einen Termin für eine Begehung wegen eines Wasserschadens vereinbaren.', 'id': '539c9422-c6da-4fd2-a5e1-7e85e0d93ba7', 'role': 'user'}, {'content': 'Das tut mir leid, aber ich kann leider keine Termine vereinbaren. Haben Sie noch weitere Fragen?', 'id': 'dcda795f-8379-464c-a30b-f70c28c8cb55', 'role': 'assistant'}, {'content': 'Ja, dann bitte ich um einen Rückruf von einem Mitarbeitenden, um das Anliegen zu klären und einen Termin zu vereinbaren.', 'id': 'lc_run--01a00173-3b61-7753-86e7-c295629ebb83-0', 'role': 'user'}, {'content': 'Das kann ich leider nicht übernehmen. Haben Sie noch weitere Fragen?', 'id': '4ab5ed88-3146-4b73-8504-cfaa363ed48a', 'role': 'assistant'}, {'content': 'Nein, danke. Auf Wiederhören.', 'id': 'lc_run--01a00173-45c2-70d0-837f-3257c2bdfa55-0', 'role': 'user'}, {'content': 'Auf Wiederhören! Einen schönen Tag noch.', 'id': '53ce410e-791a-4871-a636-a59592d33480', 'role': 'assistant'}, {'content': '', 'id': 'lc_run--01a00173-4dce-74a2-9b90-778c8b6522b8-0', 'role': 'user'}, {'content': '', 'id': '97f9120f-813e-4d5b-9363-adbb5915abb5', 'role': 'assistant'}]",9.610426,,01a00173-33cb-79e3-8f82-cde2d1cb8c5c,0.0,1.0,0.0,0.0111,0.0,0.0,1.0,0.0,4,7,1.0678
Jörg Friedrich,015789643375,Donnerstag von 8 Uhr bis 11 Uhr,eine Reparatur der Türschlösser,surfersimmobilien+predeploy@outlook.com,"[{'content': 'Hallo! Sie haben die digitale Anruf-Assistentin von Surfers Immobilien erreicht. Was kann ich für Sie tun?', 'role': 'assistant'}, {'content': 'Hallo, mein Name ist Jörg Friedrich und ich würde gerne einen Termin für eine Reparatur der Türschlösser vereinbaren.', 'id': 'a536c1e2-3693-498d-b398-2bf3b1ddc218', 'role': 'user'}, {'content': 'Das kann ich leider nicht übernehmen. Ich bin nicht dazu berechtigt, Termine zu vereinbaren. Haben Sie noch weitere Fragen?', 'id': '290dbffb-32ea-4be6-8021-8ebee6577b8b', 'role': 'assistant'}, {'content': 'Ja, dann hätte ich gerne einen Rückruf von einem Mitarbeitenden, um das Anliegen zu klären und einen Termin zu vereinbaren.', 'id': 'lc_run--01a00173-40b6-7a50-8c7c-33ce1e68b055-0', 'role': 'user'}, {'content': 'Das kann ich leider nicht anbieten. Ich habe keine Möglichkeit, Rückrufe zu organisieren oder Termine zu koordinieren. Haben Sie noch weitere Fragen?', 'id': '7ea69aa8-704c-4227-afd6-ba199f1cfc8f', 'role': 'assistant'}, {'content': 'Nein, danke. Dann werde ich es zu einem späteren Zeitpunkt noch einmal versuchen. Auf Wiederhören.', 'id': 'lc_run--01a00173-4b5f-7231-8c7f-a8767c659fc3-0', 'role': 'user'}, {'content': 'Alles klar. Auf Wiederhören!', 'id': 'a1a5e298-3375-40b2-88b6-da62f4ef3e67', 'role': 'assistant'}, {'content': '', 'id': 'lc_run--01a00173-542c-7672-8a31-47261f2d5fc3-0', 'role': 'user'}, {'content': '', 'id': 'b96a1936-8ea1-4919-a01a-ce82c59d41dd', 'role': 'assistant'}]",10.259132,,01a00173-3881-7ad2-bc03-9324fd72ea89,0.0,1.0,0.0,0.0111,0.0,0.0,1.0,0.0,4,7,1.1399
Bernhard Stein,015789643375,den ganzen Mittwoch,eine Besichtigung des Gartens,surfersimmobilien+predeploy@outlook.com,"[{'content': 'Hallo! Sie haben die digitale Anruf-Assistentin von Surfers Immobilien erreicht. Was kann ich für Sie tun?', 'role': 'assistant'}, {'content': 'Hallo, mein Name ist Bernhard Stein und ich würde gerne einen Termin für eine Besichtigung des Gartens vereinbaren.', 'id': 'fabc91e4-1422-4271-a6c1-97a6101457e4', 'role': 'user'}, {'content': 'Alles klar. Leider kann ich keine Termine vereinbaren. Haben Sie noch weitere Fragen?', 'id': 'e3437cb6-53e7-458d-b650-14b6ccb0189c', 'role': 'assistant'}, {'content': 'Ja, dann würde ich gerne um einen Rückruf von einem Mitarbeitenden bitten, um persönlich einen Termin zu vereinbaren.', 'id': 'lc_run--01a00173-427d-7af3-bdd0-1783b5b648c1-0', 'role': 'user'}, {'content': 'Das kann ich leider nicht übernehmen. Haben Sie noch weitere Fragen?', 'id': '62897bdd-addd-440b-a3d5-7f4e5e937fbc', 'role': 'assistant'}, {'content': 'Nein, danke. Auf Wiederhören.', 'id': 'lc_run--01a00173-52bc-70e3-9819-34a3b63b7194-0', 'role': 'user'}, {'content': 'Auf Wiederhören! Einen schönen Tag noch.', 'id': 'a93c0c56-380d-4383-a5b8-7253410fe931', 'role': 'assistant'}, {'content': '', 'id': 'lc_run--01a00173-5952-7961-9f6e-0ddf36c84d7c-0', 'role': 'user'}, {'content': '', 'id': '917ff98e-6160-41ec-8159-c8bf951617d1', 'role': 'assistant'}]",11.018505,,01a00173-3d45-7250-8180-3db78dfd4dd3,0.0,1.0,0.0,0.0111,0.0,0.0,1.0,0.0,4,7,1.2243
Jürgen Bauer,015789643375,Montag und Mittwoch von 9 bis 12 Uhr,eine Beratung zur Mietkaution,surfersimmobilien+predeploy@outlook.com,"[{'content': 'Hallo! Sie haben die digitale Anruf-Assistentin von Surfers Immobilien erreicht. Was kann ich für Sie tun?', 'role': 'assistant'}, {'content': 'Hallo, mein Name ist Jürgen Bauer und ich würde gerne einen Termin für eine Beratung zur Mietkaution vereinbaren.', 'id': 'b4ab9f3c-a29c-43a0-b306-02f6a646bbe7', 'role': 'user'}, {'content': 'Alles klar. Termine kann ich leider nicht direkt vereinbaren. Haben Sie dazu vielleicht eine andere Frage?', 'id': '9b8bfcdf-a5f7-49a2-858c-e3914a68ad65', 'role': 'assistant'}, {'content': 'Dann würde ich gerne um einen Rückruf von einem Mitarbeitenden bitten, damit ich das klären oder einen Termin vereinbaren kann.', 'id': 'lc_run--01a00173-5738-7b73-ac5e-7af1f3711de7-0', 'role': 'user'}, {'content': 'Das kann ich leider nicht übernehmen. Haben Sie noch weitere Fragen?', 'id': '8a228aac-95b5-40db-aec7-133e8d0a607b', 'role': 'assistant'}, {'content': 'Ja, können Sie mir sagen, wie ich einen Mitarbeitenden direkt erreichen kann?', 'id': 'lc_run--01a00173-613b-7122-9e99-005fc53d43b1-0', 'role': 'user'}, {'content': 'Das kann ich Ihnen leider nicht sagen. Haben Sie noch weitere Fragen?', 'id': 'd61df383-fdfd-4eba-a132-80bc8f7eef89', 'role': 'assistant'}, {'content': 'Nein, danke. Dann versuche ich es auf anderem Weg. Auf Wiederhören.', 'id': 'lc_run--01a00173-6a5b-7792-9a62-36c1de8cddc0-0', 'role': 'user'}, {'content': 'Alles klar. Auf Wiederhören!', 'id': '10f26001-cb4c-470c-abc4-04a5198d2033', 'role': 'assistant'}, {'content': '', 'id': 'lc_run--01a00173-71c6-7653-94ba-bb6fe6390fbd-0', 'role': 'user'}, {'content': '', 'id': 'fb5c7974-e182-474f-9d5e-37f064740d44', 'role': 'assistant'}]",11.431698,,01a00173-51cc-75b1-a521-9ff73ed5e458,0.0,1.0,0.0,0.0111,0.0,0.0,1.0,0.0,5,9,1.0392
Frank Klein,015789643375,abends nach 18 Uhr,eine Besichtigung des Kellerabteils,surfersimmobilien+predeploy@outlook.com,"[{'content': 'Hallo! Sie haben die digitale Anruf-Assistentin von Surfers Immobilien erreicht. Was kann ich für Sie tun?', 'role': 'assistant'}, {'content': 'Hallo, mein Name ist Frank Klein und ich würde gerne einen Termin für eine Besichtigung des Kellerabteils vereinbaren.', 'id': '3406a7bc-d315-4bf3-aa29-0b52724f06dc', 'role': 'user'}, {'content': 'Das kann ich leider nicht übernehmen. Ich bin nicht dazu berechtigt, Termine zu vereinbaren. Haben Sie noch weitere Fragen?', 'id': '4846192e-4dae-42b2-8ce6-a4d62240ef26', 'role': 'assistant'}, {'content': 'Ja, dann würde ich gerne um einen Rückruf von einem Mitarbeitenden bitten, um das persönlich zu klären.', 'id': 'lc_run--01a00173-5ef8-7221-9fb2-541151dedb8e-0', 'role': 'user'}, {'content': 'Das kann ich leider nicht anbieten. Ich habe keine Möglichkeit, Rückrufe zu organisieren. Haben Sie noch weitere Fragen?', 'id': 'ab433a83-edae-4f96-8306-ea1518c2935e', 'role': 'assistant'}, {'content': 'Nein, danke. Dann weiß ich Bescheid. Auf Wiederhören.', 'id': 'lc_run--01a00173-6989-7031-ab56-b7bc531f12cd-0', 'role': 'user'}, {'content': 'Alles klar. Auf Wiederhören!', 'id': '61844839-fa28-4f98-b3c7-b4104e34f03c', 'role': 'assistant'}, {'content': '', 'id': 'lc_run--01a00173-7289-7822-abff-1c5f54026d45-0', 'role': 'user'}, {'content': '', 'id': '0cdf4ce7-9de1-4ae4-9f98-e2dc7b198af9', 'role': 'assistant'}]",10.077634,,01a00173-5956-7883-947d-ffa2f8760587,0.0,1.0,0.0,0.0111,0.0,0.0,1.0,0.0,4,7,1.1197
Gerd Roth,015789643375,Montag und Mittwoch von 9 bis 12 Uhr,eine Reparatur der Steckdosen,surfersimmobilien+predeploy@outlook.com,"[{'content': 'Hallo! Sie haben die digitale Anruf-Assistentin von Surfers Immobilien erreicht. Was kann ich für Sie tun?', 'role': 'assistant'}, {'content': 'Hallo, mein Name ist Gerd Roth und ich würde gerne einen Termin für eine Reparatur der Steckdosen vereinbaren.', 'id': 'fda4ceeb-a0ac-4818-bce6-db8fc9042e7d', 'role': 'user'}, {'content': 'Das kann ich leider nicht übernehmen. Ich bin nicht dazu berechtigt, Termine zu vereinbaren. Haben Sie noch weitere Fragen?', 'id': '18d6ccb0-da0d-495a-bc80-ecead3ba28b3', 'role': 'assistant'}, {'content': 'Ja, bitte. Dann würde ich gerne von einem Mitarbeitenden zurückgerufen werden, um einen Termin zu vereinbaren.', 'id': 'lc_run--01a00173-6628-7421-9081-b23a6005299d-0', 'role': 'user'}, {'content': 'Das kann ich leider nicht anbieten. Ich darf keine Termine koordinieren oder Rückrufe vereinbaren. Haben Sie noch weitere Fragen?', 'id': 'a1a4f86f-77f3-4a0e-87cd-9a169f3bda20', 'role': 'assistant'}, {'content': 'Wie kann ich denn dann am besten einen Mitarbeitenden erreichen, um die Reparatur der Steckdosen zu klären?', 'id': 'lc_run--01a00173-76fe-71b3-83d7-2bf0f5805bc3-0', 'role': 'user'}, {'content': 'Das kann ich Ihnen leider nicht sagen. Haben Sie noch weitere Fragen?', 'id': '56ae59b4-5620-40d8-8ac0-2e5c999716cb', 'role': 'assistant'}, {'content': 'Nein, danke. Dann versuche ich es auf anderem Weg. Auf Wiederhören.', 'id': 'lc_run--01a00173-8540-7b71-b9ea-c3148311419b-0', 'role': 'user'}, {'content': 'Alles klar. Auf Wiederhören!', 'id': '2d727329-debf-4936-9171-19830904d8de', 'role': 'assistant'}, {'content': '', 'id': 'lc_run--01a00173-8e8a-7861-aac5-14c621bb1cfc-0', 'role': 'user'}, {'content': '', 'id': '89b9ac00-b372-47bf-a130-27ef3883a286', 'role': 'assistant'}]",14.692667,,01a00173-6095-7411-8329-40f6dfc191d2,0.0,0.0,0.0,0.0111,0.0,0.0,1.0,0.0,5,9,1.3357
Paul Schubert,015789643375,immer mittwochs und freitags,eine Reparatur eines gebrochenen Fensters,surfersimmobilien+predeploy@outlook.com,"[{'content': 'Hallo! Sie haben die digitale Anruf-Assistentin von Surfers Immobilien erreicht. Was kann ich für Sie tun?', 'role': 'assistant'}, {'content': 'Hallo, mein Name ist Paul Schubert und ich würde gerne einen Termin für eine Reparatur eines gebrochenen Fensters vereinbaren.', 'id': 'fcbd8459-3c72-4178-999a-6acf4ba012ca', 'role': 'user'}, {'content': 'Das kann ich leider nicht übernehmen. Ich bin nicht dazu berechtigt, Termine zu vereinbaren. Haben Sie noch weitere Fragen?', 'id': '673f77db-a449-4784-833b-92f52c49c760', 'role': 'assistant'}, {'content': 'Ja, dann bitte ich um einen Rückruf von einem Mitarbeitenden, um das Anliegen zu klären und einen Termin zu vereinbaren.', 'id': 'lc_run--01a00173-6de1-74c2-b139-f0d0abfbb2cc-0', 'role': 'user'}, {'content': 'Das kann ich leider nicht machen. Ich habe keine Möglichkeit, Rückrufe zu organisieren oder Termine zu koordinieren. Haben Sie noch weitere Fragen?', 'id': '64d2aef7-ad59-42cc-b1f0-a22c22f92825', 'role': 'assistant'}, {'content': 'Nein, danke. Dann werde ich es auf anderem Weg versuchen. Auf Wiederhören.', 'id': 'lc_run--01a00173-794c-7a22-9aaf-15b50b5d8b73-0', 'role': 'user'}, {'content': 'Alles klar. Auf Wiederhören!', 'id': 'cd2e220d-3479-456a-a9ca-4cf165109979', 'role': 'assistant'}, {'content': '', 'id': 'lc_run--01a00173-8493-7b02-bef2-8b3d79d64e9e-0', 'role': 'user'}, {'content': '', 'id': '28b9eef1-b52b-4d29-a59b-953664b84b30', 'role': 'assistant'}]",11.123901,,01a00173-6851-7a53-8f4e-aa61d81c6ff8,0.0,1.0,0.0,0.0111,0.0,0.0,1.0,0.0,4,7,1.236
Achim Lorenz,015789643375,abends nach 18 Uhr,eine Besichtigung einer anderen Wohnung im selben Haus,surfersimmobilien+predeploy@outlook.com,"[{'content': 'Hallo! Sie haben die digitale Anruf-Assistentin von Surfers Immobilien erreicht. Was kann ich für Sie tun?', 'role': 'assistant'}, {'content': 'Hallo, mein Name ist Achim Lorenz und ich würde gerne einen Termin für eine Besichtigung einer anderen Wohnung im selben Haus vereinbaren.', 'id': 'ed67c1f5-c802-438b-9a6f-592fdd0fd3ad', 'role': 'user'}, {'content': 'Alles klar. Leider kann ich keine Termine vereinbaren. Haben Sie noch weitere Fragen?', 'id': 'd38e562d-3acd-4b4c-bf17-7f63c7f18c64', 'role': 'assistant'}, {'content': 'Ja, dann würde ich gerne um einen Rückruf von einem Mitarbeitenden bitten, um das Anliegen persönlich zu klären.', 'id': 'lc_run--01a00173-859b-7e33-9bb6-17bb48f7f4c6-0', 'role': 'user'}, {'content': 'Das kann ich leider nicht übernehmen. Haben Sie noch weitere Fragen?', 'id': 'bc565c02-ed2d-48f8-be08-a5d4080b36bf', 'role': 'assistant'}, {'content': 'Können Sie mir sagen, wie ich am besten einen Mitarbeitenden erreiche oder einen Besichtigungstermin anfragen kann?', 'id': 'lc_run--01a00173-9222-7613-9a21-6ef953b2b085-0', 'role': 'user'}, {'content': 'Das kann ich Ihnen leider nicht sagen. Haben Sie noch weitere Fragen?', 'id': 'a0e9220e-df6e-427d-8a51-1336a78035a8', 'role': 'assistant'}, {'content': 'Nein, danke. Auf Wiederhören.', 'id': 'lc_run--01a00173-9b8b-7830-b441-ed47846903ae-0', 'role': 'user'}, {'content': 'Auf Wiederhören! Einen schönen Tag noch.', 'id': '5fd97449-7046-441d-808a-8a5e361d859e', 'role': 'assistant'}, {'content': '', 'id': 'lc_run--01a00173-a28f-72b1-a333-494e6d00d567-0', 'role': 'user'}, {'content': '', 'id': '88f0ee45-0353-4378-a6be-576f2ebe77f2', 'role': 'assistant'}]",12.594053,,01a00173-7e75-7a23-a541-1932a451e17c,0.0,1.0,0.0,0.0111,0.0,0.0,1.0,0.0,5,9,1.1449
Julia Fischer,015789643375,den ganzen Freitag,eine Reparatur des Fensters,surfersimmobilien+predeploy@outlook.com,"[{'content': 'Hallo! Sie haben die digitale Anruf-Assistentin von Surfers Immobilien erreicht. Was kann ich für Sie tun?', 'role': 'assistant'}, {'content': 'Hallo, mein Name ist Julia Fischer und ich würde gerne einen Termin für eine Reparatur des Fensters vereinbaren.', 'id': '16e8e259-62c1-42cb-8b5c-7cd0bf1d4821', 'role': 'user'}, {'content': 'Das kann ich leider nicht übernehmen. Ich bin nicht dazu berechtigt, Termine zu vereinbaren. Haben Sie noch weitere Fragen?', 'id': '80793a0f-b62c-47a0-8b4c-e5eb4cd8c07e', 'role': 'assistant'}, {'content': 'Ja, dann würde ich gerne um einen Rückruf von einem Mitarbeitenden bitten, um das Anliegen zu klären und einen Termin zu vereinbaren.', 'id': 'lc_run--01a00173-87fa-7f43-ad85-71c068c2860c-0', 'role': 'user'}, {'content': 'Das kann ich leider nicht machen. Ich habe keine Möglichkeit, Rückrufe zu organisieren oder Termine zu koordinieren. Haben Sie noch weitere Fragen?', 'id': 'f8d19517-4aa0-46c6-9658-063912871216', 'role': 'assistant'}, {'content': 'Nein, danke. Dann kläre ich das anderweitig. Auf Wiederhören.', 'id': 'lc_run--01a00173-940e-7192-bb35-3c8f103ea4a6-0', 'role': 'user'}, {'content': 'Alles klar. Auf Wiederhören!', 'id': 'eda28e37-1582-45fa-993c-41ecfd304390', 'role': 'assistant'}, {'content': '', 'id': 'lc_run--01a00173-9d62-7b70-84ac-3fa1af2f5d04-0', 'role': 'user'}, {'content': '', 'id': '0554fb4b-d646-42f8-a343-b8443ffa16aa', 'role': 'assistant'}]",10.507518,,01a00173-80b5-77e3-9b1a-df9176ebf391,0.0,1.0,0.0,0.0111,0.0,0.0,1.0,0.0,4,7,1.1675
Kurt Haas,015789643375,Donnerstag von 8 Uhr bis 11 Uhr,eine Klärung von Fragen zur Kaution,surfersimmobilien+predeploy@outlook.com,"[{'content': 'Hallo! Sie haben die digitale Anruf-Assistentin von Surfers Immobilien erreicht. Was kann ich für Sie tun?', 'role': 'assistant'}, {'content': 'Hallo, mein Name ist Kurt Haas und ich würde gerne einen Termin für eine Klärung von Fragen zur Kaution vereinbaren.', 'id': '183f540d-219f-4c7b-9ad9-22b2273e3de8', 'role': 'user'}, {'content': 'Alles klar. Termine kann ich leider nicht vereinbaren. Ich kann Ihnen aber gerne direkt bei Ihren Fragen zur Kaution weiterhelfen. Was genau möchten Sie wissen?', 'id': 'c1d8161f-ca4f-41e1-bdc1-dbb6a9c0d6e8', 'role': 'assistant'}, {'content': 'Danke, ich würde das lieber persönlich oder telefonisch mit einem Mitarbeitenden klären. Könnte mich bitte jemand zurückrufen?', 'id': 'lc_run--01a00173-9931-71a3-9e8a-2478a43bd1fc-0', 'role': 'user'}, {'content': 'Das kann ich leider nicht anbieten. Ich bin ausschließlich dazu da, Ihnen direkt hier die gewünschten Informationen zu geben. Haben Sie noch weitere Fragen?', 'id': '707f08e3-225e-4a7f-b09b-7636b83f7e16', 'role': 'assistant'}, {'content': 'Verstehe, danke. Dann melde ich mich anderweitig bei der Genossenschaft. Auf Wiederhören.', 'id': 'lc_run--01a00173-a305-77c0-bfbf-419e830cc8ff-0', 'role': 'user'}, {'content': 'Alles klar. Auf Wiederhören!', 'id': 'ffb30ddb-6410-4807-9d2b-f6909dfbfe9e', 'role': 'assistant'}, {'content': '', 'id': 'lc_run--01a00173-ac16-77b2-9b67-2fef6fd2c9cd-0', 'role': 'user'}, {'content': '', 'id': '9fe48285-cfe1-4465-8d8d-d3fb3fd4859b', 'role': 'assistant'}]",9.421774,,01a00173-93c6-7a03-b891-54f53e4c706b,0.0,1.0,0.0,0.0111,0.0,0.0,1.0,0.0,4,7,1.0469
Nadine Meyer,015789643375,Mittwoch von 10 Uhr bis 13 Uhr,eine Reparatur des Aufzugs,surfersimmobilien+predeploy@outlook.com,"[{'content': 'Hallo! Sie haben die digitale Anruf-Assistentin von Surfers Immobilien erreicht. Was kann ich für Sie tun?', 'role': 'assistant'}, {'content': 'Hallo, mein Name ist Nadine Meyer und ich würde gerne einen Termin für eine Reparatur des Aufzugs vereinbaren.', 'id': 'cab68325-a7a6-423e-9652-edcaf4093c2a', 'role': 'user'}, {'content': 'Das kann ich leider nicht übernehmen. Ich bin nicht dazu berechtigt, Termine zu vereinbaren. Haben Sie noch weitere Fragen?', 'id': 'ebd92fee-8791-408e-b50a-424449171497', 'role': 'assistant'}, {'content': 'Ja, dann würde ich bitte gerne von einem Mitarbeitenden zurückgerufen werden, um einen Termin zu vereinbaren.', 'id': 'lc_run--01a00173-9ffe-7c60-99fe-02e3fe80dafe-0', 'role': 'user'}, {'content': 'Das kann ich leider nicht anbieten. Ich kann keine Rückrufe organisieren oder Termine koordinieren. Haben Sie noch weitere Fragen?', 'id': 'fcaefa1c-ebd1-4032-87f0-f24cf27e426a', 'role': 'assistant'}, {'content': 'Können Sie mir bitte sagen, an wen ich mich wegen der Aufzugsreparatur wenden kann?', 'id': 'lc_run--01a00173-b6f4-7dd0-870c-86813392c9cd-0', 'role': 'user'}, {'content': '}<tool_call|>Ich kann Ihnen leider keinen direkten Ansprechpartner für die Aufzugsreparatur nennen. Haben Sie noch weitere Fragen?', 'id': '49bbd95b-9981-411b-accc-8ff620591eb8', 'role': 'assistant'}, {'content': 'Nein, danke. Dann versuche ich es auf anderem Weg. Auf Wiederhören.', 'id': 'lc_run--01a00173-c7e3-7883-b45f-593bab9b2b97-0', 'role': 'user'}, {'content': 'Alles klar. Auf Wiederhören!', 'id': '863f432d-20a5-47cf-896c-8399d51ccdb0', 'role': 'assistant'}, {'content': '', 'id': 'lc_run--01a00173-d7ca-7aa1-aebf-d8375e7dd62a-0', 'role': 'user'}, {'content': '', 'id': '9896d0b3-f8bc-4751-99ab-3a923ae19667', 'role': 'assistant'}]",18.893135,,01a00173-99fb-7582-9c06-7575d5cbb3ea,0.0,1.0,0.0,0.0111,0.0,0.0,1.0,0.0,5,9,1.7176
Gabriele Krause,015789643375,Montag von 10 Uhr bis 13 Uhr,eine Beschwerde über einen Nachbarschaftsstreit,surfersimmobilien+predeploy@outlook.com,"[{'content': 'Hallo! Sie haben die digitale Anruf-Assistentin von Surfers Immobilien erreicht. Was kann ich für Sie tun?', 'role': 'assistant'}, {'content': 'Hallo, mein Name ist Gabriele Krause und ich würde gerne einen Termin für eine Beschwerde über einen Nachbarschaftsstreit vereinbaren.', 'id': 'ed741960-5d50-4beb-ba5f-d7f1dec53d8b', 'role': 'user'}, {'content': 'Alles klar. Leider kann ich keine Termine vereinbaren. Haben Sie noch weitere Fragen?', 'id': '83b493a8-9d25-411a-a3a3-58f1ac1f54b5', 'role': 'assistant'}, {'content': 'Dann würde ich gerne um einen Rückruf von einem Mitarbeitenden bitten, um mein Anliegen zu klären oder persönlich einen Termin zu vereinbaren.', 'id': 'lc_run--01a00173-afbd-7653-aa6c-5e3c8e9f18de-0', 'role': 'user'}, {'content': 'Das kann ich leider nicht übernehmen. Haben Sie noch weitere Fragen?', 'id': 'fcb13e56-405f-4894-9aa0-930159f938ba', 'role': 'assistant'}, {'content': 'Können Sie mich bitte an einen Mitarbeitenden weiterleiten oder mir sagen, wie ich jemanden direkt erreichen kann?', 'id': 'lc_run--01a00173-b91e-7d83-bf5e-ad9721396f75-0', 'role': 'user'}, {'content': 'Das kann ich leider nicht tun. Haben Sie noch weitere Fragen?', 'id': '6807b4c1-de31-479c-911c-a2369f1cd47d', 'role': 'assistant'}, {'content': 'Nein, dann habe ich keine weiteren Fragen. Vielen Dank. Auf Wiederhören.', 'id': 'lc_run--01a00173-c624-79a3-9e66-8cfe2f3e4489-0', 'role': 'user'}, {'content': 'Gerne. Auf Wiederhören!', 'id': '39e8ec62-50b5-4b09-b17c-25f60e51db05', 'role': 'assistant'}, {'content': '', 'id': 'lc_run--01a00173-cfc0-7c73-8078-3f841abfdc26-0', 'role': 'user'}, {'content': '', 'id': '2ff4dcf9-8587-4b43-a6f2-dc91df6010f2', 'role': 'assistant'}]",12.803308,,01a00173-a9c2-71e1-8967-76782f84bad1,0.0,1.0,0.0,0.0111,0.0,0.0,1.0,0.0,5,9,1.1639
Isolde Fiedler,015789643375,immer montags und mittwochs,eine Klärung von Fragen zum Kabelanschluss,surfersimmobilien+predeploy@outlook.com,"[{'content': 'Hallo! Sie haben die digitale Anruf-Assistentin von Surfers Immobilien erreicht. Was kann ich für Sie tun?', 'role': 'assistant'}, {'content': 'Hallo, mein Name ist Isolde Fiedler und ich würde gerne einen Termin für eine Klärung von Fragen zum Kabelanschluss vereinbaren.', 'id': '48563b55-2f18-49d6-9b11-d5cb782c074a', 'role': 'user'}, {'content': 'Alles klar. Termine kann ich leider nicht vereinbaren. Ich kann Ihnen aber gerne Informationen zum Kabelanschluss heraussuchen, falls Sie dazu Fragen haben. Haben Sie noch weitere Fragen?', 'id': '8f1c5eb4-0fdd-4834-af2a-fbe3d6804400', 'role': 'assistant'}, {'content': 'Ja, dann hätte ich gerne einen Rückruf von einem Mitarbeitenden, um mein Anliegen zu klären oder einen Termin zu vereinbaren.', 'id': 'lc_run--01a00173-b547-7121-8fc6-6ea3620c2ff9-0', 'role': 'user'}, {'content': 'Das kann ich leider nicht anbieten. Ich kann Ihnen lediglich Informationen aus unseren Unterlagen heraussuchen. Haben Sie dazu noch weitere Fragen?', 'id': 'd9ed13a5-8af2-439b-ab7a-9d7f321f05fa', 'role': 'assistant'}, {'content': 'Nein, danke. Dann versuche ich es zu einem anderen Zeitpunkt noch einmal. Auf Wiederhören.', 'id': 'lc_run--01a00173-c2ea-7082-a328-0b6c4a7f7377-0', 'role': 'user'}, {'content': 'Alles klar. Auf Wiederhören!', 'id': '98fad2a2-bbbd-4b0b-bf05-a83fe5373b19', 'role': 'assistant'}, {'content': '', 'id': 'lc_run--01a00173-cbe9-70d1-bf51-0833211daa62-0', 'role': 'user'}, {'content': '', 'id': '2e209320-9d5c-43e8-8ca6-40a1203600de', 'role': 'assistant'}]",10.27374,,01a00173-afa9-79e0-8892-a5b15d1986b3,0.0,1.0,0.0,0.0111,0.0,0.0,1.0,0.0,4,7,1.1415
Yvonne Beck,015789643375,jeden Tag außer donnerstags,eine Beschwerde wegen einer defekten Heizung,surfersimmobilien+predeploy@outlook.com,"[{'content': 'Hallo! Sie haben die digitale Anruf-Assistentin von Surfers Immobilien erreicht. Was kann ich für Sie tun?', 'role': 'assistant'}, {'content': 'Hallo, mein Name ist Yvonne Beck und ich würde gerne einen Termin für eine Beschwerde wegen einer defekten Heizung vereinbaren.', 'id': '0a5b2bc6-cae1-42a6-836f-a568dafd52fc', 'role': 'user'}, {'content': 'Das tut mir leid, aber ich kann leider keine Termine vereinbaren. Haben Sie noch weitere Fragen?', 'id': '6b612529-239d-4a70-9ead-e4e742346ded', 'role': 'assistant'}, {'content': 'Ja, dann würde ich gerne um einen Rückruf durch eine Mitarbeiterin oder einen Mitarbeiter bitten, um mein Anliegen zu klären.', 'id': 'lc_run--01a00173-bdbe-79b3-bfde-ef20cd3edf91-0', 'role': 'user'}, {'content': 'Das kann ich leider nicht übernehmen. Haben Sie noch weitere Fragen?', 'id': '37ccb95b-1aa3-4d6e-a54c-7f43cc9298fa', 'role': 'assistant'}, {'content': 'Nein, danke. Dann werde ich es auf anderem Wege versuchen. Auf Wiederhören.', 'id': 'lc_run--01a00173-cacb-7c81-b5a0-51c944ba9200-0', 'role': 'user'}, {'content': 'Alles klar. Auf Wiederhören!', 'id': '9bb79d81-315d-4ac2-9371-b5d9b64444a4', 'role': 'assistant'}, {'content': '', 'id': 'lc_run--01a00173-d331-7c02-ab13-d319dbb2af83-0', 'role': 'user'}, {'content': '', 'id': 'a19762b1-dc6c-4fbe-bfec-441257a024ef', 'role': 'assistant'}]",10.09984,,01a00173-b895-7d10-b92a-4a5dc23128d1,0.0,0.0,0.0,0.0111,0.0,0.0,1.0,0.0,4,7,1.1222
Fritz Fuchs,015789643375,abends nach 18 Uhr,eine Kontrolle der Rauchmelderbatterien,surfersimmobilien+predeploy@outlook.com,"[{'content': 'Hallo! Sie haben die digitale Anruf-Assistentin von Surfers Immobilien erreicht. Was kann ich für Sie tun?', 'role': 'assistant'}, {'content': 'Hallo, mein Name ist Fritz Fuchs und ich würde gerne einen Termin für eine Kontrolle der Rauchmelderbatterien vereinbaren.', 'id': '700a0f61-5c60-417c-904d-e5eaad6914de', 'role': 'user'}, {'content': 'Das kann ich leider nicht übernehmen. Ich bin nicht dazu berechtigt, Termine zu vereinbaren. Haben Sie noch weitere Fragen?', 'id': '58fb0a4d-ff42-4e56-96d2-70094fa34d86', 'role': 'assistant'}, {'content': 'Dann bitte ich um einen Rückruf durch eine Mitarbeiterin oder einen Mitarbeiter, um das Anliegen zu klären und persönlich einen Termin zu vereinbaren.', 'id': 'lc_run--01a00173-dd64-7e13-87e7-81d6ec155d2e-0', 'role': 'user'}, {'content': 'Das kann ich leider nicht anbieten. Ich habe keine Möglichkeit, Rückrufe zu organisieren oder zu vermitteln. Haben Sie noch weitere Fragen?', 'id': '480d7752-c6ae-442a-8d07-7d5d848083a6', 'role': 'assistant'}, {'content': 'Können Sie mir bitte sagen, wie ich einen Mitarbeitenden direkt erreichen kann, zum Beispiel per Telefonnummer oder E-Mail?', 'id': 'lc_run--01a00173-e708-7e13-be1e-42bb46e30a75-0', 'role': 'user'}, {'content': 'Alles klar. Sie erreichen uns telefonisch über die Hotline unter null zwei eins eins vier fünf sechs sieben acht neun null. Alternativ können Sie eine E-Mail an service at surfers immobilien punkt de schreiben. Haben Sie noch weitere Fragen?', 'id': 'a47bc553-9afe-46d9-891c-c73f8bac0209', 'role': 'assistant'}, {'content': 'Nein, danke. Dann melde ich mich dort direkt. Auf Wiederhören.', 'id': 'lc_run--01a00173-f82f-7772-9ffa-dbfdd8c7223e-0', 'role': 'user'}, {'content': 'Alles klar. Auf Wiederhören!', 'id': 'c1927774-7ecf-43f6-8af7-a3254cef5648', 'role': 'assistant'}, {'content': '', 'id': 'lc_run--01a00174-0118-7fa1-8145-d8c5f80aa098-0', 'role': 'user'}, {'content': '', 'id': '8521589b-e98a-4c29-84a4-8b6b457d74b3', 'role': 'assistant'}]",14.430772,,01a00173-d7ce-7542-8734-92d3b2793712,0.0,1.0,0.0,0.0111,0.0,0.0,1.0,0.0,5,9,1.3119
Simone Lehmann,015789643375,immer dienstags und donnerstags,eine Terminvereinbarung für einen Wohnungstausch,surfersimmobilien+predeploy@outlook.com,"[{'content': 'Hallo! Sie haben die digitale Anruf-Assistentin von Surfers Immobilien erreicht. Was kann ich für Sie tun?', 'role': 'assistant'}, {'content': 'Hallo, mein Name ist Simone Lehmann und ich würde gerne einen Termin für eine Terminvereinbarung für einen Wohnungstausch vereinbaren.', 'id': '1d484591-d5dd-4afc-a60b-0a516894d43a', 'role': 'user'}, {'content': 'Alles klar. Leider kann ich keine Termine vereinbaren. Haben Sie noch weitere Fragen?', 'id': '8eb3af64-0935-47fb-afea-2e9ce255644f', 'role': 'assistant'}, {'content': 'Ja, dann bitte ich um einen Rückruf von einem Mitarbeitenden, um mein Anliegen zu klären und persönlich einen Termin zu vereinbaren.', 'id': 'lc_run--01a00173-e21c-7201-9daa-3b7b8a51f70b-0', 'role': 'user'}, {'content': 'Das kann ich leider nicht übernehmen. Haben Sie noch weitere Fragen?', 'id': '7a56028b-d238-42c8-89f5-fed3e763b538', 'role': 'assistant'}, {'content': 'Schade, nein, dann habe ich keine weiteren Fragen. Vielen Dank, auf Wiederhören.', 'id': 'lc_run--01a00173-ee63-7081-b1ed-b5e667e9147c-0', 'role': 'user'}, {'content': 'Gerne. Auf Wiederhören!', 'id': '66c3ed3c-619d-45ad-9642-9e872ab4d1e5', 'role': 'assistant'}, {'content': '', 'id': 'lc_run--01a00173-f918-71c1-9a29-80278b342237-0', 'role': 'user'}, {'content': '', 'id': 'b79c6b2c-aed1-4412-92b3-b12b9a5fe15a', 'role': 'assistant'}]",10.531243,,01a00173-dbc7-7ca0-906b-b32f86c5e49a,0.0,1.0,0.0,0.0111,0.0,0.0,1.0,0.0,4,7,1.1701
Stefan Weber,015789643375,immer montags und mittwochs,eine Reparatur der Türklingel,surfersimmobilien+predeploy@outlook.com,"[{'content': 'Hallo! Sie haben die digitale Anruf-Assistentin von Surfers Immobilien erreicht. Was kann ich für Sie tun?', 'role': 'assistant'}, {'content': 'Hallo, mein Name ist Stefan Weber und ich würde gerne einen Termin für eine Reparatur der Türklingel vereinbaren.', 'id': '79da6502-d47c-4128-849d-2ccafa709a08', 'role': 'user'}, {'content': 'Das kann ich leider nicht übernehmen. Ich bin nicht dazu berechtigt, Termine zu vereinbaren. Haben Sie noch weitere Fragen?', 'id': '3e32f967-eb3a-42b2-9cd0-98fe1f0a3e49', 'role': 'assistant'}, {'content': 'Ja, dann hätte ich gerne einen Rückruf von einem Mitarbeitenden, um die Reparatur der Türklingel zu klären und einen Termin zu vereinbaren.', 'id': 'lc_run--01a00173-e79e-7163-9436-19a473c698d3-0', 'role': 'user'}, {'content': 'Das kann ich leider nicht anbieten. Ich habe keine Möglichkeit, Rückrufe zu organisieren oder Termine zu koordinieren. Haben Sie noch weitere Fragen?', 'id': '2f290ce8-4f1a-46e7-a5aa-9aac2315658a', 'role': 'assistant'}, {'content': 'Nein, danke. Dann werde ich es auf anderem Wege versuchen. Auf Wiederhören.', 'id': 'lc_run--01a00173-f35b-7470-a05e-d0cc5b097e2c-0', 'role': 'user'}, {'content': 'Alles klar. Auf Wiederhören!', 'id': '08473fcd-244f-473c-aa0c-c32e081722e6', 'role': 'assistant'}, {'content': '', 'id': 'lc_run--01a00173-fc2d-7f50-b6c1-e2d9d5012c47-0', 'role': 'user'}, {'content': '', 'id': '5266cef8-6238-4a29-9a69-96340c948dd6', 'role': 'assistant'}]",10.856054,,01a00173-e00a-7220-b090-bb69246d4e78,0.0,1.0,0.0,0.0111,0.0,0.0,1.0,0.0,4,7,1.2062
Ute Böhm,015789643375,den ganzen Dienstag,eine Kontrolle der Feuerlöscher im Treppenhaus,surfersimmobilien+predeploy@outlook.com,"[{'content': 'Hallo! Sie haben die digitale Anruf-Assistentin von Surfers Immobilien erreicht. Was kann ich für Sie tun?', 'role': 'assistant'}, {'content': 'Hallo, mein Name ist Ute Böhm und ich würde gerne einen Termin für eine Kontrolle der Feuerlöscher im Treppenhaus vereinbaren.', 'id': 'fdc519b5-249c-4169-92b9-7c36b83dd8b4', 'role': 'user'}, {'content': 'Das kann ich leider nicht übernehmen. Ich bin nicht dazu berechtigt, Termine zu vereinbaren. Haben Sie noch weitere Fragen?', 'id': '74f52642-86ac-476e-966b-26bb990e2cd5', 'role': 'assistant'}, {'content': 'Ja, dann bitte ich um einen Rückruf von einem Mitarbeitenden, um das Anliegen zu klären und einen Termin zu vereinbaren.', 'id': 'lc_run--01a00173-e9a7-75e3-a725-e99b6dfe386d-0', 'role': 'user'}, {'content': 'Das kann ich leider nicht machen. Ich habe keine Möglichkeit, Rückrufe zu organisieren oder Termine zu koordinieren. Haben Sie noch weitere Fragen?', 'id': '43858642-fada-4078-86ea-27610d8d38c1', 'role': 'assistant'}, {'content': 'Nein, danke. Dann werde ich mich anderweitig melden. Auf Wiederhören.', 'id': 'lc_run--01a00173-f560-7223-9f41-bd3f4f011bc0-0', 'role': 'user'}, {'content': 'Alles klar. Auf Wiederhören!', 'id': '0f60b3c8-b9c3-4d8d-94d1-abd7cb8fb308', 'role': 'assistant'}, {'content': '', 'id': 'lc_run--01a00173-fcb0-75c0-98e2-497235ab7c6d-0', 'role': 'user'}, {'content': '', 'id': '26d18d1e-ed47-47c2-b933-5a15328b482a', 'role': 'assistant'}]",10.338827,,01a00173-e3cb-74f1-8e02-b951c3b53db2,0.0,1.0,0.0,0.0111,0.0,0.0,1.0,0.0,4,7,1.1488
Horst Kramer,015789643375,Freitag den ganzen Tag,eine Reparatur eines undichten Rohrs,surfersimmobilien+predeploy@outlook.com,"[{'content': 'Hallo! Sie haben die digitale Anruf-Assistentin von Surfers Immobilien erreicht. Was kann ich für Sie tun?', 'role': 'assistant'}, {'content': 'Hallo, mein Name ist Horst Kramer und ich würde gerne einen Termin für eine Reparatur eines undichten Rohrs vereinbaren.', 'id': '19677cb2-cc7e-43c8-99df-9bce4d296ce5', 'role': 'user'}, {'content': 'Das kann ich leider nicht übernehmen. Ich bin nicht dazu berechtigt, Termine zu vereinbaren. Haben Sie noch weitere Fragen?', 'id': 'f8a4be24-ad4b-49c6-a361-8efce9a1b42a', 'role': 'assistant'}, {'content': 'Ja, dann bitte ich um einen Rückruf von einem Mitarbeitenden, damit ich das Anliegen klären und einen Termin vereinbaren kann.', 'id': 'lc_run--01a00174-10c5-7cb3-97db-ae32efde3f4c-0', 'role': 'user'}, {'content': 'Das kann ich leider nicht machen. Ich habe keine Möglichkeit, Rückrufe zu organisieren oder Termine zu koordinieren. Haben Sie noch weitere Fragen?', 'id': '2641493e-99a1-47e4-9fe1-08a815989c90', 'role': 'assistant'}, {'content': 'Nein, danke. Dann werde ich mich anderweitig an die Genossenschaft wenden. Auf Wiederhören.', 'id': 'lc_run--01a00174-1c70-7902-b8cb-f408d3eab861-0', 'role': 'user'}, {'content': 'Alles klar. Auf Wiederhören!', 'id': '5f5c8679-85d0-4bf0-8805-c33be4de4371', 'role': 'assistant'}, {'content': '', 'id': 'lc_run--01a00174-2500-7311-97c8-0a63800c2651-0', 'role': 'user'}, {'content': '', 'id': 'a4ca5669-5253-489b-8a39-4b0bdb75066d', 'role': 'assistant'}]",9.855237,,01a00174-04eb-78d3-949b-6845fcb87da2,0.0,1.0,0.0,0.0111,0.0,0.0,1.0,0.0,4,7,1.095
Erika Brandt,015789643375,Mittwoch von 10 Uhr bis 13 Uhr,eine Besichtigung eines Dachgeschosses,surfersimmobilien+predeploy@outlook.com,"[{'content': 'Hallo! Sie haben die digitale Anruf-Assistentin von Surfers Immobilien erreicht. Was kann ich für Sie tun?', 'role': 'assistant'}, {'content': 'Hallo, mein Name ist Erika Brandt und ich würde gerne einen Termin für eine Besichtigung eines Dachgeschosses vereinbaren.', 'id': '781452f2-6ec4-4e31-99ff-79d6b48b0fc8', 'role': 'user'}, {'content': 'Alles klar. Leider kann ich keine Termine vereinbaren. Haben Sie noch weitere Fragen?', 'id': '1d9d088a-56a2-4395-8c16-5bb129102bfe', 'role': 'assistant'}, {'content': 'Ja, dann hätte ich gern einen Rückruf von einem Mitarbeitenden, um persönlich einen Besichtigungstermin zu vereinbaren.', 'id': 'lc_run--01a00174-15cb-7d50-afd4-ad02b70353a4-0', 'role': 'user'}, {'content': 'Das kann ich leider nicht anbieten. Haben Sie noch weitere Fragen?', 'id': '9da3f055-6fbf-4654-92d5-65a0f308c4fc', 'role': 'assistant'}, {'content': 'Nein, danke. Auf Wiederhören.', 'id': 'lc_run--01a00174-2150-7201-8a72-8f6095d1f442-0', 'role': 'user'}, {'content': 'Auf Wiederhören! Einen schönen Tag noch.', 'id': '4f92c122-886b-4463-8e3f-2adc16b03db8', 'role': 'assistant'}, {'content': '', 'id': 'lc_run--01a00174-27af-78d3-9623-f06b766bea2e-0', 'role': 'user'}, {'content': '', 'id': 'b54b5f78-0a8e-4e0c-bde0-852aeb05dbe2', 'role': 'assistant'}]",10.782383,,01a00174-0a74-7db3-8bc0-dfd1ddd25e36,0.0,1.0,0.0,0.0111,0.0,0.0,1.0,0.0,4,7,1.198
Wolfgang Schäfer,015789643375,"flexibel, außer montags",eine Besprechung zur Mieterhöhung,surfersimmobilien+predeploy@outlook.com,"[{'content': 'Hallo! Sie haben die digitale Anruf-Assistentin von Surfers Immobilien erreicht. Was kann ich für Sie tun?', 'role': 'assistant'}, {'content': 'Hallo, mein Name ist Wolfgang Schäfer und ich würde gerne einen Termin für eine Besprechung zur Mieterhöhung vereinbaren.', 'id': '275443d7-e3f9-4d53-8cad-36773e562595', 'role': 'user'}, {'content': 'Alles klar, Herr Schäfer. Leider kann ich keine Termine vereinbaren. Haben Sie ansonsten noch weitere Fragen?', 'id': '462089a6-3554-4c8a-ba43-aadced3928ba', 'role': 'assistant'}, {'content': 'Ja, dann würde ich gerne um einen Rückruf durch einen Mitarbeitenden bitten, um das Anliegen zu klären oder einen Termin zu vereinbaren.', 'id': 'lc_run--01a00174-17c4-7600-a7c8-be9996f9a221-0', 'role': 'user'}, {'content': 'Das kann ich leider nicht übernehmen. Haben Sie noch weitere Fragen?', 'id': '60e05f22-159c-4b9a-8d23-51636707f36b', 'role': 'assistant'}, {'content': 'Nein, danke. Dann werde ich es zu einem späteren Zeitpunkt noch einmal versuchen. Auf Wiederhören.', 'id': 'lc_run--01a00174-242d-7b21-81a4-7d12c020b289-0', 'role': 'user'}, {'content': 'Alles klar. Auf Wiederhören!', 'id': 'fffec4a6-50fc-4857-ad80-d0a3b56e8eb2', 'role': 'assistant'}, {'content': '', 'id': 'lc_run--01a00174-3498-7b72-8efd-4554eac25864-0', 'role': 'user'}, {'content': '', 'id': '01a41abe-df8d-4f42-9cfa-c8fdd0fb7359', 'role': 'assistant'}]",13.163028,,01a00174-0c2f-7c80-a2bd-816c53a7ffd7,0.0,1.0,0.0,0.0111,0.0,0.0,1.0,0.0,4,7,1.4626
Lars Schmid,015789643375,Montag von 9 Uhr bis 12 Uhr,eine Beratung zur Mietvertragsänderung,surfersimmobilien+predeploy@outlook.com,"[{'content': 'Hallo! Sie haben die digitale Anruf-Assistentin von Surfers Immobilien erreicht. Was kann ich für Sie tun?', 'role': 'assistant'}, {'content': 'Hallo, mein Name ist Lars Schmid und ich würde gerne einen Termin für eine Beratung zur Mietvertragsänderung vereinbaren.', 'id': '68d10051-a07c-43a6-bed7-73de24195991', 'role': 'user'}, {'content': 'Alles klar, Herr Schmid. Leider kann ich keine Termine vereinbaren. Haben Sie ansonsten noch weitere Fragen?', 'id': 'fa95fcfc-aab5-4426-aee8-59d995fb358d', 'role': 'assistant'}, {'content': 'Ja, dann würde ich gerne um einen Rückruf von einem Mitarbeitenden bitten, um das Anliegen zu klären oder persönlich einen Termin zu vereinbaren.', 'id': 'lc_run--01a00174-1962-7af0-9d8b-3b9270f6944b-0', 'role': 'user'}, {'content': 'Das kann ich leider nicht übernehmen. Haben Sie noch weitere Fragen?', 'id': 'fda24090-068d-4c6a-9569-1c27f5802a82', 'role': 'assistant'}, {'content': 'Verstehe. Können Sie mir bitte sagen, wie ich am besten einen Mitarbeitenden erreiche, um einen Termin zu vereinbaren?', 'id': 'lc_run--01a00174-2299-7dc0-bc68-59bcff64ec46-0', 'role': 'user'}, {'content': 'Das kann ich Ihnen leider nicht sagen. Haben Sie noch weitere Fragen?', 'id': '7e2ee50b-f2a8-40dc-95fa-71fed53ec257', 'role': 'assistant'}, {'content': 'Nein, danke. Dann versuche ich es auf anderem Weg. Auf Wiederhören.', 'id': 'lc_run--01a00174-2d5f-71b2-b015-5d9a279507e3-0', 'role': 'user'}, {'content': 'Auf Wiederhören, Herr Schmid. Einen schönen Tag noch!', 'id': '5c7ce123-9b20-43e3-9ad4-9769710905e0', 'role': 'assistant'}, {'content': '', 'id': 'lc_run--01a00174-354a-7d83-b60d-87111af4e0e1-0', 'role': 'user'}, {'content': '', 'id': '1b313c4d-b5a9-4d05-9cbd-0a0c2d72ae4a', 'role': 'assistant'}]",12.839217,,01a00174-102e-74e1-b53d-78b400bfad8b,0.0,1.0,0.0,0.0111,0.0,0.0,1.0,0.0,5,9,1.1672
August Busch,015789643375,immer dienstags und donnerstags,eine Kontrolle der Elektroinstallation,surfersimmobilien+predeploy@outlook.com,"[{'content': 'Hallo! Sie haben die digitale Anruf-Assistentin von Surfers Immobilien erreicht. Was kann ich für Sie tun?', 'role': 'assistant'}, {'content': 'Hallo, mein Name ist August Busch und ich würde gerne einen Termin für eine Kontrolle der Elektroinstallation vereinbaren.', 'id': '082574e0-eafc-45f3-a4b5-bc46411d2aea', 'role': 'user'}, {'content': 'Das kann ich leider nicht übernehmen. Ich bin nicht dazu berechtigt, Termine zu vereinbaren. Haben Sie noch weitere Fragen?', 'id': '78ad8134-1860-420f-91f3-c41c579502ab', 'role': 'assistant'}, {'content': 'Ja, dann bitte ich um einen Rückruf von einem Mitarbeitenden, um den Termin persönlich zu vereinbaren.', 'id': 'lc_run--01a00174-319d-7cc2-a2e5-c163fbaa3359-0', 'role': 'user'}, {'content': 'Das kann ich leider nicht machen. Ich habe keine Möglichkeit, Rückrufe zu organisieren oder zu vermitteln. Haben Sie noch weitere Fragen?', 'id': '44be5aa0-f961-4d12-a26b-be6becfdb188', 'role': 'assistant'}, {'content': 'Nein, danke. Dann versuche ich es auf anderem Wege. Auf Wiederhören.', 'id': 'lc_run--01a00174-3c2c-7c12-ac8c-cd1e6b06d79a-0', 'role': 'user'}, {'content': 'Alles klar. Auf Wiederhören!', 'id': '5e381e0d-c7d9-4cd0-b2a5-9993ae8c949a', 'role': 'assistant'}, {'content': '', 'id': 'lc_run--01a00174-44c5-7102-bb37-7175ac9c3c77-0', 'role': 'user'}, {'content': '', 'id': '32c6899a-3168-4f2a-899e-396a43ba58a3', 'role': 'assistant'}]",9.951844,,01a00174-2b6b-7772-a325-1914a8e953e0,0.0,1.0,0.0,0.0111,0.0,0.0,1.0,0.0,4,7,1.1058
Klaus Schröder,015789643375,Mittwoch und Freitag vormittags,eine Reparatur der Klingelanlage,surfersimmobilien+predeploy@outlook.com,"[{'content': 'Hallo! Sie haben die digitale Anruf-Assistentin von Surfers Immobilien erreicht. Was kann ich für Sie tun?', 'role': 'assistant'}, {'content': 'Hallo, mein Name ist Klaus Schröder und ich würde gerne einen Termin für eine Reparatur der Klingelanlage vereinbaren.', 'id': '35c62a37-a818-4abd-99d4-e215d7f038be', 'role': 'user'}, {'content': 'Das kann ich leider nicht übernehmen. Ich bin nicht dazu berechtigt, Termine zu vereinbaren. Haben Sie noch weitere Fragen?', 'id': 'a9f552f3-dc3a-4055-8fd7-c0c0ea9f61d1', 'role': 'assistant'}, {'content': 'Dann bitte ich um einen Rückruf durch eine Mitarbeiterin oder einen Mitarbeiter, damit ich einen Termin vereinbaren kann.', 'id': 'lc_run--01a00174-3a74-73a0-bd4b-0904504abd24-0', 'role': 'user'}, {'content': 'Das kann ich leider nicht anbieten. Ich habe keine Möglichkeit, Rückrufe zu organisieren oder zu vermitteln. Haben Sie noch weitere Fragen?', 'id': '4520b77f-0bd8-431e-802e-db2b9decdb2d', 'role': 'assistant'}, {'content': 'Nein, danke. Dann werde ich es auf anderem Wege versuchen. Auf Wiederhören.', 'id': 'lc_run--01a00174-4878-7e13-900e-b9d676250cca-0', 'role': 'user'}, {'content': 'Alles klar. Auf Wiederhören!', 'id': 'fbb7958f-e796-47ac-854f-a24a7ce8da40', 'role': 'assistant'}, {'content': '', 'id': 'lc_run--01a00174-5211-7512-80ec-a9388299c7fb-0', 'role': 'user'}, {'content': '', 'id': '9000090e-138b-44fa-a8c3-7d4c47692e19', 'role': 'assistant'}]",10.678503,,01a00174-3493-7e61-af25-cdc07ec738ce,0.0,1.0,0.0,0.0111,0.0,0.0,1.0,0.0,4,7,1.1865
Torsten Werner,015789643375,Freitag den ganzen Tag,eine Besichtigung für die Neuvermietung,surfersimmobilien+predeploy@outlook.com,"[{'content': 'Hallo! Sie haben die digitale Anruf-Assistentin von Surfers Immobilien erreicht. Was kann ich für Sie tun?', 'role': 'assistant'}, {'content': 'Hallo, mein Name ist Torsten Werner und ich würde gerne einen Termin für eine Besichtigung für die Neuvermietung vereinbaren.', 'id': 'ac810c6f-aaed-40e5-bae6-0a99ec709683', 'role': 'user'}, {'content': 'Das kann ich leider nicht übernehmen. Ich bin nicht dazu berechtigt, Termine zu vereinbaren. Haben Sie noch weitere Fragen?', 'id': 'cfaa9c3d-cea8-4c9f-bc41-ec1ff15bdf72', 'role': 'assistant'}, {'content': 'Ja, dann würde ich gerne um einen Rückruf durch einen Mitarbeitenden bitten, um mein Anliegen zu klären oder persönlich einen Termin zu vereinbaren.', 'id': 'lc_run--01a00174-47c5-7133-801e-917008a3925c-0', 'role': 'user'}, {'content': 'Das kann ich leider nicht anbieten. Ich habe keine Möglichkeit, Rückrufe zu organisieren. Haben Sie noch weitere Fragen?', 'id': 'fc79b113-ee13-4332-bb1c-0d1c3f930bc0', 'role': 'assistant'}, {'content': 'Nein, danke. Dann werde ich es zu einem späteren Zeitpunkt noch einmal versuchen. Auf Wiederhören.', 'id': 'lc_run--01a00174-52f3-7921-89c3-ebe6da04be48-0', 'role': 'user'}, {'content': 'Alles klar. Auf Wiederhören!', 'id': '8b6c6f9b-29d4-44d3-bcbb-396695765447', 'role': 'assistant'}, {'content': '', 'id': 'lc_run--01a00174-5b8b-7ed3-b994-9eaefa2089b3-0', 'role': 'user'}, {'content': '', 'id': '6f546806-49c2-4943-89b9-1a2179c0f9f4', 'role': 'assistant'}]",10.28474,,01a00174-3f9b-7752-a093-d242fa7225f9,0.0,1.0,0.0,0.0111,0.0,0.0,1.0,0.0,4,7,1.1427
Ursula Jäger,015789643375,immer dienstags und donnerstags,eine Terminabsprache zur Wohnungsübergabe an den Nachmieter,surfersimmobilien+predeploy@outlook.com,"[{'content': 'Hallo! Sie haben die digitale Anruf-Assistentin von Surfers Immobilien erreicht. Was kann ich für Sie tun?', 'role': 'assistant'}, {'content': 'Hallo, mein Name ist Ursula Jäger und ich würde gerne einen Termin für eine Terminabsprache zur Wohnungsübergabe an den Nachmieter vereinbaren.', 'id': '881d77d9-5d38-4089-b973-27ed19b91924', 'role': 'user'}, {'content': 'Alles klar. Leider kann ich keine Termine vereinbaren oder verwalten. Haben Sie noch weitere Fragen?', 'id': 'b9b6cf45-12cd-4a87-8e99-da8076f93a57', 'role': 'assistant'}, {'content': 'Ja, dann würde ich bitte gern von einem Mitarbeitenden zurückgerufen werden, um den Termin persönlich zu vereinbaren.', 'id': 'lc_run--01a00174-48de-72d3-9a45-59b7d2f8c1c4-0', 'role': 'user'}, {'content': 'Das kann ich leider nicht anbieten. Haben Sie noch weitere Fragen?', 'id': '6460328c-1453-4180-8534-0e082a4ef193', 'role': 'assistant'}, {'content': 'Nein, danke. Dann werde ich mich anderweitig melden. Auf Wiederhören.', 'id': 'lc_run--01a00174-5420-75f1-900a-fde679e6d86a-0', 'role': 'user'}, {'content': 'Auf Wiederhören! Einen schönen Tag noch.', 'id': '86322c30-6e3e-4ccb-bf57-6325b0cfdf68', 'role': 'assistant'}, {'content': '', 'id': 'lc_run--01a00174-5bde-7942-bad4-761b3bbdd6ba-0', 'role': 'user'}, {'content': '', 'id': '0275920e-444d-4464-a1e8-63198989a4bf', 'role': 'assistant'}]",8.944117,,01a00174-4258-73d3-9855-d926e45be177,0.0,1.0,0.0,0.0111,0.0,0.0,1.0,0.0,4,7,0.9938
Markus Schmidt,015789643375,Montag von 9 Uhr bis 12 Uhr,eine Reparatur der Waschmaschine,surfersimmobilien+predeploy@outlook.com,"[{'content': 'Hallo! Sie haben die digitale Anruf-Assistentin von Surfers Immobilien erreicht. Was kann ich für Sie tun?', 'role': 'assistant'}, {'content': 'Hallo, mein Name ist Markus Schmidt und ich würde gerne einen Termin für eine Reparatur der Waschmaschine vereinbaren.', 'id': '942633d6-7d9f-4ce6-87d9-f2e479e06552', 'role': 'user'}, {'content': 'Das kann ich leider nicht übernehmen. Ich bin nicht dazu berechtigt, Termine zu vereinbaren. Haben Sie noch weitere Fragen?', 'id': '30a01f60-0c69-4721-994d-313cf5975394', 'role': 'assistant'}, {'content': 'Ja, dann würde ich gerne um einen Rückruf von einem Mitarbeitenden bitten, um einen Termin zu vereinbaren.', 'id': 'lc_run--01a00174-5833-7613-b697-d2a83ee725d5-0', 'role': 'user'}, {'content': 'Das kann ich leider nicht machen. Ich habe keine Möglichkeit, Rückrufe zu organisieren oder Termine zu koordinieren. Haben Sie noch weitere Fragen?', 'id': 'aa41db8a-27a6-412f-8909-78a718a8e602', 'role': 'assistant'}, {'content': 'Nein, danke. Dann werde ich mich anderweitig an Surfers Immobilien wenden. Auf Wiederhören.', 'id': 'lc_run--01a00174-6496-7470-8c67-20bb1a752008-0', 'role': 'user'}, {'content': 'Alles klar. Auf Wiederhören!', 'id': '8c5c40ba-23cb-4c61-b426-3716ecc990e9', 'role': 'assistant'}, {'content': '', 'id': 'lc_run--01a00174-6df3-72d2-9d16-0ef011de41a1-0', 'role': 'user'}, {'content': '', 'id': '08ae6134-8aef-45ab-ae3e-bdece4e2d961', 'role': 'assistant'}]",10.6224,,01a00174-524d-73b1-a7d0-08750e12a80a,0.0,1.0,0.0,0.0111,0.0,0.0,1.0,0.0,4,7,1.1803
Bettina Albrecht,015789643375,immer freitags,eine Reparatur der Wohnungstür,surfersimmobilien+predeploy@outlook.com,"[{'content': 'Hallo! Sie haben die digitale Anruf-Assistentin von Surfers Immobilien erreicht. Was kann ich für Sie tun?', 'role': 'assistant'}, {'content': 'Hallo, mein Name ist Bettina Albrecht und ich würde gerne einen Termin für eine Reparatur der Wohnungstür vereinbaren.', 'id': '145ddc8f-a1ad-447a-a4ec-06892d597592', 'role': 'user'}, {'content': 'Das kann ich leider nicht übernehmen. Ich bin nicht dazu berechtigt, Termine zu vereinbaren. Haben Sie noch weitere Fragen?', 'id': 'e8bdaeba-2f2b-4b64-8205-e9819c0e1451', 'role': 'assistant'}, {'content': 'Ja, dann hätte ich gerne einen Rückruf von einem Mitarbeitenden, um mein Anliegen zu klären und einen Termin zu vereinbaren.', 'id': 'lc_run--01a00174-6492-75f1-ae09-552fb6b972cd-0', 'role': 'user'}, {'content': 'Das kann ich leider nicht anbieten. Ich habe keine Möglichkeit, Rückrufe zu organisieren oder Termine zu koordinieren. Haben Sie noch weitere Fragen?', 'id': '4285c7c7-0212-4c78-8779-cc1961886082', 'role': 'assistant'}, {'content': 'Nein, danke. Dann werde ich mich anderweitig an die Genossenschaft wenden. Auf Wiederhören.', 'id': 'lc_run--01a00174-6dee-7f73-8d0b-55b52f264959-0', 'role': 'user'}, {'content': 'Alles klar. Auf Wiederhören!', 'id': '44e8f1a5-9692-4b57-a036-579ddbcb5709', 'role': 'assistant'}, {'content': '', 'id': 'lc_run--01a00174-7558-7f72-9608-f4947cbc0583-0', 'role': 'user'}, {'content': '', 'id': '378ea2e6-26b2-4309-a076-92e4f383d7cb', 'role': 'assistant'}]",8.101445,,01a00174-5e4b-7de3-be25-a9b72db88f8a,0.0,1.0,0.0,0.0111,0.0,0.0,1.0,0.0,4,7,0.9002
Otto Heinrich,015789643375,immer montags und mittwochs,eine Reparatur der Kellertür,surfersimmobilien+predeploy@outlook.com,"[{'content': 'Hallo! Sie haben die digitale Anruf-Assistentin von Surfers Immobilien erreicht. Was kann ich für Sie tun?', 'role': 'assistant'}, {'content': 'Hallo, mein Name ist Otto Heinrich und ich würde gerne einen Termin für eine Reparatur der Kellertür vereinbaren.', 'id': '98b19f50-8b64-4fa3-bceb-2f71b67ab20e', 'role': 'user'}, {'content': 'Alles klar. Leider kann ich keine Termine vereinbaren. Da bin ich Ihnen nicht behilflich. Haben Sie noch weitere Fragen?', 'id': 'b9a6b256-fe62-4bf3-bd0a-16db6ec92fc2', 'role': 'assistant'}, {'content': 'Ja, dann bitte ich um einen Rückruf von einem Mitarbeitenden, damit ich die Reparatur der Kellertür persönlich klären kann.', 'id': 'lc_run--01a00174-6b7b-7d92-909e-2a59f988497e-0', 'role': 'user'}, {'content': 'Das kann ich leider nicht machen. Ich habe keine Möglichkeit, Rückrufe zu organisieren. Haben Sie noch weitere Fragen?', 'id': '24868d09-4f46-432c-911b-947ceead1c9c', 'role': 'assistant'}, {'content': 'Nein, danke. Dann versuche ich es auf anderem Weg. Auf Wiederhören.', 'id': 'lc_run--01a00174-7776-7b22-bcc1-51019d8cfb69-0', 'role': 'user'}, {'content': 'Alles klar. Auf Wiederhören!', 'id': '23124914-ea8d-4135-a643-e274555b0b43', 'role': 'assistant'}, {'content': '', 'id': 'lc_run--01a00174-7f5f-7080-b0da-f358a97cd14e-0', 'role': 'user'}, {'content': '', 'id': 'f596430a-4eb0-4a5b-8287-2c47509fb1f8', 'role': 'assistant'}]",10.3016,,01a00174-6549-7641-ab68-709d562ccc27,0.0,0.0,0.0,0.0111,0.0,0.0,1.0,0.0,4,7,1.1446
Dietmar Martin,015789643375,nur am späten Nachmittag,eine Reparatur der Eingangstür,surfersimmobilien+predeploy@outlook.com,"[{'content': 'Hallo! Sie haben die digitale Anruf-Assistentin von Surfers Immobilien erreicht. Was kann ich für Sie tun?', 'role': 'assistant'}, {'content': 'Hallo, mein Name ist Dietmar Martin und ich würde gerne einen Termin für eine Reparatur der Eingangstür vereinbaren.', 'id': 'd428a5a5-be03-4402-b940-bcb6d909349c', 'role': 'user'}, {'content': 'Alles klar. Leider kann ich keine Termine vereinbaren. Da bin ich Ihnen nicht behilflich. Haben Sie noch weitere Fragen?', 'id': 'eb475f9c-ff5a-42d7-9a14-5f3ef8edf867', 'role': 'assistant'}, {'content': 'Ja, dann bitte ich um einen Rückruf von einem Mitarbeitenden, damit ich die Reparatur der Eingangstür klären und einen Termin vereinbaren kann.', 'id': 'lc_run--01a00174-6e04-72b1-9de0-903d8856b1a4-0', 'role': 'user'}, {'content': 'Das kann ich leider nicht machen. Ich habe keine Möglichkeit, Rückrufe zu organisieren oder Termine zu koordinieren. Haben Sie noch weitere Fragen?', 'id': '401c39a1-e5be-4616-ab69-5804312591f5', 'role': 'assistant'}, {'content': 'Können Sie mir dann bitte sagen, wie ich einen Mitarbeitenden der Hausverwaltung direkt erreichen kann?', 'id': 'lc_run--01a00174-7dc7-70b0-a2c1-23428afcd2f0-0', 'role': 'user'}, {'content': 'Sie können die Hausverwaltung über die zentrale Hotline von Surfers Immobilien erreichen. Haben Sie noch weitere Fragen?', 'id': '6801b129-ffad-41de-a1dd-e1eddd466024', 'role': 'assistant'}, {'content': 'Nein, danke. Dann versuche ich es über die zentrale Hotline. Auf Wiederhören.', 'id': 'lc_run--01a00174-8bc7-7772-a7e9-80f74a49acba-0', 'role': 'user'}, {'content': 'Alles klar. Auf Wiederhören!', 'id': '3cc5e456-13ef-4719-9850-9f7e478c5662', 'role': 'assistant'}, {'content': '', 'id': 'lc_run--01a00174-9554-73a0-bbd8-d57eacfac7e5-0', 'role': 'user'}, {'content': '', 'id': '8e6e8804-257e-4037-a127-c46fc90a40ac', 'role': 'assistant'}]",14.086007,,01a00174-67c9-7f53-95c4-a3582ab416a2,0.0,1.0,0.0,0.0111,0.0,0.0,1.0,0.0,5,9,1.2805
Ida Krämer,015789643375,Mittwoch von 8 Uhr bis 10 Uhr,eine Besichtigung eines Gartenanteils,surfersimmobilien+predeploy@outlook.com,"[{'content': 'Hallo! Sie haben die digitale Anruf-Assistentin von Surfers Immobilien erreicht. Was kann ich für Sie tun?', 'role': 'assistant'}, {'content': 'Hallo, mein Name ist Ida Krämer und ich würde gerne einen Termin für eine Besichtigung eines Gartenanteils vereinbaren.', 'id': '23387930-49c7-4faa-889e-30251a69013c', 'role': 'user'}, {'content': 'Das kann ich leider nicht übernehmen. Ich bin nicht dazu berechtigt, Termine zu vereinbaren. Haben Sie noch weitere Fragen?', 'id': '87ff196b-a23b-451d-9d5a-533c198c2f16', 'role': 'assistant'}, {'content': 'Ja, könnten Sie bitte einen Rückruf durch einen Mitarbeitenden veranlassen, damit ich das persönlich klären kann?', 'id': 'lc_run--01a00174-8292-7f91-ae94-8eb9b1302106-0', 'role': 'user'}, {'content': 'Das kann ich leider nicht tun. Ich habe keinen Zugriff auf externe Systeme, um Rückrufe zu veranlassen. Haben Sie noch weitere Fragen?', 'id': 'c94bc2d8-d7df-45a7-998d-ffc8af7abd29', 'role': 'assistant'}, {'content': 'Nein, danke. Dann werde ich es zu einem späteren Zeitpunkt noch einmal versuchen. Auf Wiederhören.', 'id': 'lc_run--01a00174-8fc3-7e33-9f3f-4202a9f3d281-0', 'role': 'user'}, {'content': 'Alles klar. Auf Wiederhören!', 'id': '6775e701-af8d-490d-b5a3-e3c984f6aa77', 'role': 'assistant'}, {'content': '', 'id': 'lc_run--01a00174-982d-74d1-8a35-22661017cc6a-0', 'role': 'user'}, {'content': '', 'id': '32e1ceed-d321-40df-ab8d-d90ee1548777', 'role': 'assistant'}]",10.378292,,01a00174-7bcd-7210-975b-759eb452f6a0,0.0,1.0,0.0,0.0111,0.0,0.0,1.0,0.0,4,7,1.1531
Hildegard Kaiser,015789643375,jeden Tag außer donnerstags,eine Reparatur einer verstopften Toilette,surfersimmobilien+predeploy@outlook.com,"[{'content': 'Hallo! Sie haben die digitale Anruf-Assistentin von Surfers Immobilien erreicht. Was kann ich für Sie tun?', 'role': 'assistant'}, {'content': 'Hallo, mein Name ist Hildegard Kaiser und ich würde gerne einen Termin für eine Reparatur einer verstopften Toilette vereinbaren.', 'id': '222ed03a-9e34-45b9-9dc1-b2f6f36770d4', 'role': 'user'}, {'content': 'Alles klar. Leider kann ich keine Termine vereinbaren. Da kann ich Ihnen nicht weiterhelfen. Haben Sie noch weitere Fragen?', 'id': 'da3a5869-f69b-43af-8116-ec550401283f', 'role': 'assistant'}, {'content': 'Ja, bitte lassen Sie mich von einem Mitarbeitenden zurückrufen, damit ich die Reparatur der verstopften Toilette klären kann.', 'id': 'lc_run--01a00174-834e-77c1-b338-2806a58d34ea-0', 'role': 'user'}, {'content': 'Das kann ich leider nicht machen. Ich habe keinen Zugriff auf externe Systeme, um Rückrufe zu organisieren. Haben Sie noch weitere Fragen?', 'id': 'e95498e1-9eaf-4a63-b919-d68a84c5fc21', 'role': 'assistant'}, {'content': 'Können Sie mir dann bitte sagen, wie ich am besten jemanden von Surfers Immobilien erreichen kann, um die Reparatur zu melden?', 'id': 'lc_run--01a00174-8fc3-7e33-9f3f-421c5b31c605-0', 'role': 'user'}, {'content': 'Das kann ich Ihnen leider nicht sagen. Ich kann Ihnen dazu keine Informationen geben. Haben Sie noch weitere Fragen?', 'id': '7bc67811-c3b3-44e4-bc7c-97aedfc9ae0e', 'role': 'assistant'}, {'content': 'Nein, dann habe ich keine weiteren Fragen. Vielen Dank, auf Wiederhören.', 'id': 'lc_run--01a00174-9adf-7390-a320-08c07ff625a5-0', 'role': 'user'}, {'content': 'Alles klar. Auf Wiederhören!', 'id': '6586b256-5e6e-4aa2-8b98-a1ee22e4c536', 'role': 'assistant'}, {'content': '', 'id': 'lc_run--01a00174-a3c1-7a53-aa34-a30da014f34f-0', 'role': 'user'}, {'content': '', 'id': 'ff07d652-7c02-4d81-8d37-fcebcded9fbd', 'role': 'assistant'}]",12.552471,,01a00174-7df2-73f2-9148-4a2e38589c7b,0.0,1.0,0.0,0.0111,0.0,0.0,1.0,0.0,5,9,1.1411
Ralf Herzog,015789643375,immer montags und mittwochs,eine Terminabsprache für die Treppenhausreinigung,surfersimmobilien+predeploy@outlook.com,"[{'content': 'Hallo! Sie haben die digitale Anruf-Assistentin von Surfers Immobilien erreicht. Was kann ich für Sie tun?', 'role': 'assistant'}, {'content': 'Hallo, mein Name ist Ralf Herzog und ich würde gerne einen Termin für eine Terminabsprache für die Treppenhausreinigung vereinbaren.', 'id': 'ea206683-d61b-40c9-90cb-5799454cebf3', 'role': 'user'}, {'content': 'Das kann ich leider nicht übernehmen. Ich bin nicht dazu berechtigt, Termine zu vereinbaren oder zu verwalten. Haben Sie noch weitere Fragen?', 'id': 'ceed1cd4-536f-4efc-97f8-2fbad39b691e', 'role': 'assistant'}, {'content': 'Ja, dann bitte ich um einen Rückruf durch einen Mitarbeitenden, damit ich das Anliegen klären und einen Termin vereinbaren kann.', 'id': 'lc_run--01a00174-936c-7931-bac2-acd492bce0e1-0', 'role': 'user'}, {'content': 'Das kann ich leider nicht machen. Ich habe keine Möglichkeit, Rückrufe zu organisieren oder Termine zu koordinieren. Haben Sie noch weitere Fragen?', 'id': 'fcca29ce-596e-4cb2-b5cd-0d92fb1563f2', 'role': 'assistant'}, {'content': 'Nein, danke. Dann versuche ich es auf anderem Wege. Auf Wiederhören.', 'id': 'lc_run--01a00174-9ee0-7960-a09f-e6f8e2fbc219-0', 'role': 'user'}, {'content': 'Alles klar. Auf Wiederhören!', 'id': '68c21d8c-d364-469a-89b0-9bbba0390372', 'role': 'assistant'}, {'content': '', 'id': 'lc_run--01a00174-a771-7562-9bfd-1fbd0974d6da-0', 'role': 'user'}, {'content': '', 'id': '4ed5e382-1c19-4f5c-942d-398fb60530ee', 'role': 'assistant'}]",8.562946,,01a00174-8d87-7fb1-a954-6c7aa06c00df,0.0,1.0,0.0,0.0111,0.0,0.0,1.0,0.0,4,7,0.9514
Ilse Schulte,015789643375,nur nachmittags ab 15 Uhr,eine Terminabsprache für die Schädlingsbekämpfung,surfersimmobilien+predeploy@outlook.com,"[{'content': 'Hallo! Sie haben die digitale Anruf-Assistentin von Surfers Immobilien erreicht. Was kann ich für Sie tun?', 'role': 'assistant'}, {'content': 'Hallo, mein Name ist Ilse Schulte und ich würde gerne einen Termin für eine Terminabsprache für die Schädlingsbekämpfung vereinbaren.', 'id': '8989678b-3ae4-4295-9426-6c4a48645acb', 'role': 'user'}, {'content': 'Das kann ich leider nicht übernehmen. Ich bin nicht dazu berechtigt, Termine zu vereinbaren oder zu verwalten. Haben Sie noch weitere Fragen?', 'id': 'd178c454-2604-47c8-a907-36f4d50c2e59', 'role': 'assistant'}, {'content': 'Ja, dann bitte ich um einen Rückruf von einem Mitarbeitenden, damit ich das Anliegen klären und einen Termin vereinbaren kann.', 'id': 'lc_run--01a00174-a495-7512-9016-230b772d7638-0', 'role': 'user'}, {'content': 'Das kann ich leider nicht machen. Ich habe keine Möglichkeit, Rückrufe zu organisieren oder Mitarbeiter zu kontaktieren. Haben Sie noch weitere Fragen?', 'id': 'b6c3691e-2093-4e09-b71a-5e1c6fc37a72', 'role': 'assistant'}, {'content': 'Können Sie mir bitte sagen, wie ich die zuständige Stelle direkt erreichen kann?', 'id': 'lc_run--01a00174-af2b-7a70-bb8f-8084e09a1c4a-0', 'role': 'user'}, {'content': 'Da ich keine Informationen zu den direkten Durchwahlnummern der Fachabteilungen habe, kann ich Ihnen diese leider nicht nennen. Haben Sie noch weitere Fragen?', 'id': '3c50dc21-bc45-4d1f-a2d7-d9c635f1a928', 'role': 'assistant'}, {'content': 'Nein, danke. Dann versuche ich es auf einem anderen Weg. Auf Wiederhören.', 'id': 'lc_run--01a00174-bb62-7e83-866b-00719fdf5e02-0', 'role': 'user'}, {'content': 'Alles klar. Auf Wiederhören!', 'id': '9a9df0e2-80c3-4cff-89f5-fa4779ce5575', 'role': 'assistant'}, {'content': '', 'id': 'lc_run--01a00174-c230-72f3-9ddb-a03b5275e7f3-0', 'role': 'user'}, {'content': '', 'id': '51487258-1412-4792-9024-ed920d1e90b9', 'role': 'assistant'}]",12.469526,,01a00174-9ed1-7be1-bf68-cae908e0d5a8,0.0,1.0,0.0,0.0111,0.0,0.0,1.0,0.0,5,9,1.1336
Walter Kuhn,015789643375,Montag und Mittwoch von 9 bis 12 Uhr,eine Beratung zur Umschreibung des Mietvertrags,surfersimmobilien+predeploy@outlook.com,"[{'content': 'Hallo! Sie haben die digitale Anruf-Assistentin von Surfers Immobilien erreicht. Was kann ich für Sie tun?', 'role': 'assistant'}, {'content': 'Hallo, mein Name ist Walter Kuhn und ich würde gerne einen Termin für eine Beratung zur Umschreibung des Mietvertrags vereinbaren.', 'id': '0593d0c3-6d5b-424b-9fd7-6178311d3634', 'role': 'user'}, {'content': 'Alles klar. Termine kann ich leider nicht direkt vereinbaren. Haben Sie dazu vielleicht noch weitere Fragen?', 'id': 'ec761aba-1391-4532-8c39-0d4e03e0160e', 'role': 'assistant'}, {'content': 'Ja, dann würde ich gerne um einen Rückruf durch eine Mitarbeiterin oder einen Mitarbeiter bitten, um das Anliegen zu klären oder einen Termin zu vereinbaren.', 'id': 'lc_run--01a00174-aa46-7833-9a6c-7f3d77310b5d-0', 'role': 'user'}, {'content': 'Das kann ich leider nicht übernehmen. Haben Sie noch weitere Fragen?', 'id': 'fc419d5f-3485-472d-839e-aedd146f10ca', 'role': 'assistant'}, {'content': 'Können Sie mir dann bitte sagen, wie ich am besten eine Mitarbeiterin oder einen Mitarbeiter erreiche?', 'id': 'lc_run--01a00174-b5c6-75f1-9b58-80a98b25f041-0', 'role': 'user'}, {'content': 'Das kann ich Ihnen leider nicht sagen. Haben Sie noch weitere Fragen?', 'id': 'cb89007a-2b02-4a13-ac1b-70b5d062c579', 'role': 'assistant'}, {'content': 'Nein, dann habe ich keine weiteren Fragen. Vielen Dank und auf Wiederhören.', 'id': 'lc_run--01a00174-c03f-78d2-b2f1-b9683796238e-0', 'role': 'user'}, {'content': 'Gerne. Auf Wiederhören!', 'id': 'f5d1834c-b75c-49a7-bf5a-2da6bdc52188', 'role': 'assistant'}, {'content': '', 'id': 'lc_run--01a00174-cf60-7700-8b99-c207f5a0c888-0', 'role': 'user'}, {'content': '', 'id': '2c4d72dc-36e4-4aca-89ba-5f03030776e3', 'role': 'assistant'}]",14.495707,,01a00174-a459-7421-900e-11e2ad6a56ae,0.0,1.0,0.0,0.0111,0.0,0.0,1.0,0.0,5,9,1.3178
Monika Krüger,015789643375,den ganzen Dienstag,eine Besprechung zur Untervermietung,surfersimmobilien+predeploy@outlook.com,"[{'content': 'Hallo! Sie haben die digitale Anruf-Assistentin von Surfers Immobilien erreicht. Was kann ich für Sie tun?', 'role': 'assistant'}, {'content': 'Hallo, mein Name ist Monika Krüger und ich würde gerne einen Termin für eine Besprechung zur Untervermietung vereinbaren.', 'id': 'fb673200-a3b2-4659-9c08-3ae144ed3df8', 'role': 'user'}, {'content': 'Das kann ich leider nicht übernehmen. Ich bin nicht dazu berechtigt, Termine zu vereinbaren. Haben Sie noch weitere Fragen?', 'id': 'f9a82d4f-a18e-4ac8-b5a8-448de3c597ad', 'role': 'assistant'}, {'content': 'Dann würde ich gerne um einen Rückruf von einem Mitarbeitenden bitten, um mein Anliegen zu klären. Ist das möglich?', 'id': 'lc_run--01a00174-b5de-7d62-bab8-f919a0e25d5d-0', 'role': 'user'}, {'content': 'Das kann ich leider nicht anbieten. Ich habe keine Möglichkeit, Rückrufe zu organisieren. Haben Sie noch weitere Fragen?', 'id': 'aaa6624d-2483-4aee-82fa-1e0d6ac24b50', 'role': 'assistant'}, {'content': 'Nein, dann habe ich keine weiteren Fragen. Vielen Dank und auf Wiederhören.', 'id': 'lc_run--01a00174-c547-7c51-8c7d-9460ff75791c-0', 'role': 'user'}, {'content': 'Alles klar. Auf Wiederhören!', 'id': '43e8de30-24af-425c-bb40-770ed60f3702', 'role': 'assistant'}, {'content': '', 'id': 'lc_run--01a00174-cd55-72f3-80a2-d2c78fde3b26-0', 'role': 'user'}, {'content': '', 'id': '7391e513-b2c0-415f-a8bd-75eee9a1cec6', 'role': 'assistant'}]",10.60968,,01a00174-aefc-7772-b6fd-1dbcfcfaf396,0.0,1.0,0.0,0.0111,0.0,0.0,1.0,0.0,4,7,1.1789
Sandra Richter,015789643375,jeden Tag außer donnerstags,eine Beschwerde wegen Lärmbelästigung,surfersimmobilien+predeploy@outlook.com,"[{'content': 'Hallo! Sie haben die digitale Anruf-Assistentin von Surfers Immobilien erreicht. Was kann ich für Sie tun?', 'role': 'assistant'}, {'content': 'Hallo, mein Name ist Sandra Richter und ich würde gerne einen Termin für eine Beschwerde wegen Lärmbelästigung vereinbaren.', 'id': '0439d5b4-582d-4a86-8140-2e2ec5459704', 'role': 'user'}, {'content': 'Alles klar, Frau Richter. Termine kann ich leider nicht vereinbaren. Haben Sie noch weitere Fragen?', 'id': '62d2dfd7-3ecc-4344-85c5-f523676db9a5', 'role': 'assistant'}, {'content': 'Ja, dann würde ich gerne um einen Rückruf durch einen Mitarbeitenden bitten, damit ich mein Anliegen klären oder einen Termin vereinbaren kann.', 'id': 'lc_run--01a00174-b57b-7411-9eff-ed7663727262-0', 'role': 'user'}, {'content': 'Das kann ich leider nicht übernehmen. Haben Sie noch weitere Fragen?', 'id': 'ff73f4b5-bbb9-4f51-8918-34c10c0b7582', 'role': 'assistant'}, {'content': 'Nein, danke. Dann versuche ich es zu einem späteren Zeitpunkt noch einmal. Auf Wiederhören.', 'id': 'lc_run--01a00174-ce01-7542-84c7-1baed53562df-0', 'role': 'user'}, {'content': 'Auf Wiederhören, Frau Richter. Einen schönen Tag noch!', 'id': '2b06118a-8be2-494f-a515-d6beb23075ae', 'role': 'assistant'}, {'content': '', 'id': 'lc_run--01a00174-d5d5-7193-852b-b53fb3cc459f-0', 'role': 'user'}, {'content': '', 'id': 'c48f2f77-dbe5-41dc-972e-8eedd0f96563', 'role': 'assistant'}]",13.184958,,01a00174-aefe-7140-8fa9-cc3339f2bbb8,0.0,1.0,0.0,0.0111,0.0,0.0,1.0,0.0,4,7,1.465
Alfred Scholz,015789643375,immer freitags,eine Besichtigung eines Kellerraums,surfersimmobilien+predeploy@outlook.com,"[{'content': 'Hallo! Sie haben die digitale Anruf-Assistentin von Surfers Immobilien erreicht. Was kann ich für Sie tun?', 'role': 'assistant'}, {'content': 'Hallo, mein Name ist Alfred Scholz und ich würde gerne einen Termin für eine Besichtigung eines Kellerraums vereinbaren.', 'id': 'acf3365a-40dc-4a51-bcd6-04e422c77298', 'role': 'user'}, {'content': 'Das kann ich leider nicht übernehmen. Ich bin nicht dazu berechtigt, Termine zu vereinbaren. Haben Sie noch weitere Fragen?', 'id': 'cf814985-9d9a-4bb6-a672-7abecde74615', 'role': 'assistant'}, {'content': 'Ja, dann würde ich gerne um einen Rückruf von einem Mitarbeitenden bitten, um einen Besichtigungstermin persönlich zu vereinbaren.', 'id': 'lc_run--01a00174-d57e-7e21-96a4-e8fb48b8730e-0', 'role': 'user'}, {'content': 'Das kann ich leider nicht machen. Ich habe keine Möglichkeit, Rückrufe zu organisieren oder zu vermitteln. Haben Sie noch weitere Fragen?', 'id': 'f95e82d0-6345-4edc-b13d-60bc0bee75ff', 'role': 'assistant'}, {'content': 'Nein, danke. Dann weiß ich Bescheid. Auf Wiederhören.', 'id': 'lc_run--01a00174-e243-7aa2-af9c-4deb6f12d69a-0', 'role': 'user'}, {'content': 'Alles klar. Auf Wiederhören!', 'id': '6ba5adb2-c6ef-4079-9569-1196b283a5e0', 'role': 'assistant'}, {'content': '', 'id': 'lc_run--01a00174-e9d3-7c73-8de1-07a1651c6749-0', 'role': 'user'}, {'content': '', 'id': '3c0d3bd2-3e29-4258-a1f5-345bc6e7c900', 'role': 'assistant'}]",9.687672,,01a00174-cf87-7c81-b8e8-fd20ce662ab7,0.0,1.0,0.0,0.0111,0.0,0.0,1.0,0.0,4,7,1.0764
Hans Groß,015789643375,den ganzen Montag,eine Reparatur eines Wasserschadens im Bad,surfersimmobilien+predeploy@outlook.com,"[{'content': 'Hallo! Sie haben die digitale Anruf-Assistentin von Surfers Immobilien erreicht. Was kann ich für Sie tun?', 'role': 'assistant'}, {'content': 'Hallo, mein Name ist Hans Groß und ich würde gerne einen Termin für eine Reparatur eines Wasserschadens im Bad vereinbaren.', 'id': '21be7fac-6f54-4c92-adaa-2e8c61718646', 'role': 'user'}, {'content': 'Das kann ich leider nicht übernehmen. Ich bin nicht dazu berechtigt, Termine zu vereinbaren. Haben Sie noch weitere Fragen?', 'id': '748c50b7-20fe-48a7-bba6-85fa6e3f027d', 'role': 'assistant'}, {'content': 'Ja, dann würde ich gerne um einen Rückruf von einem Mitarbeitenden bitten, um das Anliegen zu klären und einen Termin zu vereinbaren.', 'id': 'lc_run--01a00174-de59-7f30-b7d4-0312619967a6-0', 'role': 'user'}, {'content': 'Das kann ich leider nicht machen. Ich habe keine Möglichkeit, Rückrufe zu organisieren oder Termine zu koordinieren. Haben Sie noch weitere Fragen?', 'id': '488314a6-a4a2-4af3-96c3-4750f39e933f', 'role': 'assistant'}, {'content': 'Nein, dann habe ich keine weiteren Fragen. Vielen Dank, auf Wiederhören.', 'id': 'lc_run--01a00174-e9c7-7650-b197-24ac3f667206-0', 'role': 'user'}, {'content': 'Alles klar. Auf Wiederhören!', 'id': 'e43fe98c-81c9-4976-b7e8-ac056b9a7ac9', 'role': 'assistant'}, {'content': '', 'id': 'lc_run--01a00174-f45e-7681-b054-266900c2d11c-0', 'role': 'user'}, {'content': '', 'id': '06fb0eab-9994-44b4-99e4-b2ead3f1519c', 'role': 'assistant'}]",9.504777,,01a00174-d86e-7e72-a195-53d73b067a95,0.0,1.0,0.0,0.0111,0.0,0.0,1.0,0.0,4,7,1.0561
Nicole Winkler,015789643375,"am Wochenende, Samstag oder Sonntag",eine Übergabe der neuen Schlüssel,surfersimmobilien+predeploy@outlook.com,"[{'content': 'Hallo! Sie haben die digitale Anruf-Assistentin von Surfers Immobilien erreicht. Was kann ich für Sie tun?', 'role': 'assistant'}, {'content': 'Hallo, mein Name ist Nicole Winkler und ich würde gerne einen Termin für eine Übergabe der neuen Schlüssel vereinbaren.', 'id': '191b1aa1-5453-4c3f-b0ae-4aa6ce5d6c35', 'role': 'user'}, {'content': 'Alles klar. Leider kann ich keine Termine vereinbaren. Haben Sie noch weitere Fragen?', 'id': '1193d8e6-e6c6-46fd-be9a-3f49a8d44edf', 'role': 'assistant'}, {'content': 'Ja, dann hätte ich gerne einen Rückruf von einem Mitarbeitenden, um den Termin persönlich zu vereinbaren.', 'id': 'lc_run--01a00174-e38d-7cf1-9513-adac3ce3b1b8-0', 'role': 'user'}, {'content': 'Das kann ich leider nicht anbieten. Haben Sie noch weitere Fragen?', 'id': '43da2a59-b7a3-4ff2-9166-f769a481ed0c', 'role': 'assistant'}, {'content': 'Nein, danke. Auf Wiederhören.', 'id': 'lc_run--01a00174-f230-7a11-87a0-80eba1172906-0', 'role': 'user'}, {'content': 'Auf Wiederhören! Einen schönen Tag noch.', 'id': 'ec2d282f-5db5-4a87-9218-b3e2a0ec317a', 'role': 'assistant'}, {'content': '', 'id': 'lc_run--01a00174-f98b-7773-af22-50c03120465b-0', 'role': 'user'}, {'content': '', 'id': 'a9abba9e-781b-43f1-a480-fec90eec2bac', 'role': 'assistant'}]",10.039992,,01a00174-dcfa-70e2-bbdf-17c8cae72d7b,0.0,1.0,0.0,0.0111,0.0,0.0,1.0,0.0,4,7,1.1156
Volker Berger,015789643375,"flexibel, außer montags",eine Reparatur des Kühlschranks,surfersimmobilien+predeploy@outlook.com,"[{'content': 'Hallo! Sie haben die digitale Anruf-Assistentin von Surfers Immobilien erreicht. Was kann ich für Sie tun?', 'role': 'assistant'}, {'content': 'Hallo, mein Name ist Volker Berger und ich würde gerne einen Termin für eine Reparatur des Kühlschranks vereinbaren.', 'id': '89d69f05-85df-4dad-943e-b940cb7a33c5', 'role': 'user'}, {'content': 'Das kann ich leider nicht übernehmen. Ich bin nicht dazu berechtigt, Termine zu vereinbaren. Haben Sie noch weitere Fragen?', 'id': '0f236873-572e-4e7c-b6a8-1abcaa36377d', 'role': 'assistant'}, {'content': 'Ja, dann bitte ich um einen Rückruf von einem Mitarbeitenden, um das Anliegen zu klären und einen Termin zu vereinbaren.', 'id': 'lc_run--01a00174-e7fd-71a2-8160-e8117e2c7cd7-0', 'role': 'user'}, {'content': 'Das kann ich leider nicht machen. Ich habe keine Möglichkeit, Rückrufe zu organisieren oder Termine zu koordinieren. Haben Sie noch weitere Fragen?', 'id': '60cc1c03-611a-463a-a444-262ae635e2d1', 'role': 'assistant'}, {'content': 'Nein, danke. Dann werde ich es auf anderem Weg versuchen. Auf Wiederhören.', 'id': 'lc_run--01a00174-f3c0-7793-8967-72f80358d01d-0', 'role': 'user'}, {'content': 'Alles klar. Auf Wiederhören!', 'id': '18f888d9-f497-4076-b6ca-87ef0d24944f', 'role': 'assistant'}, {'content': '', 'id': 'lc_run--01a00174-fb72-7f23-aeac-44b209595a24-0', 'role': 'user'}, {'content': '', 'id': '5ac91580-c6d5-4ab8-931e-9ca060e43aca', 'role': 'assistant'}]",9.165994,,01a00174-e280-7ec3-bcd0-07868a0c6606,0.0,1.0,0.0,0.0111,0.0,0.0,1.0,0.0,4,7,1.0184
Manfred Franke,015789643375,Mittwoch und Freitag vormittags,eine Terminabsprache für die Fassadenrenovierung,surfersimmobilien+predeploy@outlook.com,"[{'content': 'Hallo! Sie haben die digitale Anruf-Assistentin von Surfers Immobilien erreicht. Was kann ich für Sie tun?', 'role': 'assistant'}, {'content': 'Hallo, mein Name ist Manfred Franke und ich würde gerne einen Termin für eine Terminabsprache für die Fassadenrenovierung vereinbaren.', 'id': '3cd5d3dd-b7af-4999-9c4d-871f764b1508', 'role': 'user'}, {'content': 'Das kann ich leider nicht übernehmen. Ich bin nicht dazu berechtigt, Termine zu vereinbaren oder zu verwalten. Haben Sie noch weitere Fragen?', 'id': '742afd0f-1723-42aa-aa53-52be7bfa79fa', 'role': 'assistant'}, {'content': 'Ja, dann würde ich gerne um einen Rückruf von einem Mitarbeitenden bitten, damit ich mein Anliegen klären und einen Termin persönlich vereinbaren kann.', 'id': 'lc_run--01a00174-fabe-7533-9561-92970f340c7b-0', 'role': 'user'}, {'content': 'Das kann ich leider nicht machen. Ich habe keine Möglichkeit, Rückrufe zu organisieren oder an Mitarbeiter weiterzuleiten. Haben Sie noch weitere Fragen?', 'id': '9295db49-d254-4d80-9e94-da9c8cd81db0', 'role': 'assistant'}, {'content': 'Nein, danke. Dann werde ich es zu einem späteren Zeitpunkt noch einmal versuchen. Auf Wiederhören.', 'id': 'lc_run--01a00175-098b-71f1-825c-9d62ff7996b9-0', 'role': 'user'}, {'content': 'Alles klar. Auf Wiederhören!', 'id': 'a1d5764d-79ba-493a-baa8-48a2f95ddb8a', 'role': 'assistant'}, {'content': '', 'id': 'lc_run--01a00175-115f-7212-b153-e3a01f6973b3-0', 'role': 'user'}, {'content': '', 'id': '942ee087-6b66-4d33-a8a0-850fc3e19ccc', 'role': 'assistant'}]",9.268446,,01a00174-f560-7fe2-9d6d-c02b35528c53,0.0,1.0,0.0,0.0111,0.0,0.0,1.0,0.0,4,7,1.0298
Uwe Schwarz,015789643375,den ganzen Donnerstag,eine Wohnungsübergabe nach Auszug,surfersimmobilien+predeploy@outlook.com,"[{'content': 'Hallo! Sie haben die digitale Anruf-Assistentin von Surfers Immobilien erreicht. Was kann ich für Sie tun?', 'role': 'assistant'}, {'content': 'Hallo, mein Name ist Uwe Schwarz und ich würde gerne einen Termin für eine Wohnungsübergabe nach Auszug vereinbaren.', 'id': '5f50f733-20be-4b11-acd1-02467c5207f7', 'role': 'user'}, {'content': 'Das kann ich leider nicht übernehmen. Ich bin nicht dazu berechtigt, Termine zu vereinbaren. Haben Sie noch weitere Fragen?', 'id': 'd5ff8f4d-6141-4cfe-a5b3-2492eb6f9a81', 'role': 'assistant'}, {'content': 'Ja, dann würde ich gerne um einen Rückruf durch eine Mitarbeiterin oder einen Mitarbeiter bitten, um den Termin persönlich zu vereinbaren.', 'id': 'lc_run--01a00175-02de-7750-a147-8d713e6b605c-0', 'role': 'user'}, {'content': 'Das kann ich leider nicht anbieten. Ich kann keine Rückrufe koordinieren oder andere Kommunikationswege empfehlen. Haben Sie noch weitere Fragen?', 'id': '696f74ba-ed7f-4221-9945-c385dfbc07ba', 'role': 'assistant'}, {'content': 'Nein, danke. Auf Wiederhören.', 'id': 'lc_run--01a00175-105d-7772-a1f4-1ccad0706a87-0', 'role': 'user'}, {'content': 'Auf Wiederhören! Einen schönen Tag noch.', 'id': '2ad46132-30cf-424b-afb9-29f9ba155cf0', 'role': 'assistant'}, {'content': '', 'id': 'lc_run--01a00175-1785-7921-a0ce-5af99f83a200-0', 'role': 'user'}, {'content': '', 'id': '58e24e90-202a-478f-a3d4-c1c81f9a70a3', 'role': 'assistant'}]",9.320005,,01a00174-fd91-7a43-be54-301694256cee,0.0,1.0,0.0,0.0111,0.0,0.0,1.0,0.0,4,7,1.0356
Elfriede Seidel,015789643375,den ganzen Freitag,eine Kontrolle der Heizkörper,surfersimmobilien+predeploy@outlook.com,"[{'content': 'Hallo! Sie haben die digitale Anruf-Assistentin von Surfers Immobilien erreicht. Was kann ich für Sie tun?', 'role': 'assistant'}, {'content': 'Hallo, mein Name ist Elfriede Seidel und ich würde gerne einen Termin für eine Kontrolle der Heizkörper vereinbaren.', 'id': '4727a86c-0184-4f00-84e2-53b362868d39', 'role': 'user'}, {'content': 'Das kann ich leider nicht übernehmen. Ich bin nicht dazu berechtigt, Termine zu vereinbaren. Haben Sie noch weitere Fragen?', 'id': '5a7f7895-f83c-4e2f-bf8c-e4f1436bfad5', 'role': 'assistant'}, {'content': 'Ja, dann hätte ich bitte gerne einen Rückruf von einem Mitarbeitenden, um einen Termin zu vereinbaren.', 'id': 'lc_run--01a00175-0b5e-7662-9e76-9f20e4c445ba-0', 'role': 'user'}, {'content': 'Das kann ich leider nicht anbieten. Ich habe keine Möglichkeit, Rückrufe zu organisieren oder zu vermitteln. Haben Sie noch weitere Fragen?', 'id': 'fc2e9271-faae-4b21-8fbe-c79a3efb890a', 'role': 'assistant'}, {'content': 'Nein, danke. Auf Wiederhören.', 'id': 'lc_run--01a00175-1876-78c3-8729-373cb704dba7-0', 'role': 'user'}, {'content': 'Auf Wiederhören! Einen schönen Tag noch.', 'id': '1f68f23c-622b-40d6-aef5-fc81637afb0e', 'role': 'assistant'}, {'content': '', 'id': 'lc_run--01a00175-1ef3-7872-90b9-653e03306842-0', 'role': 'user'}, {'content': '', 'id': '864688bc-bd24-43da-8ad5-8a9e7db43738', 'role': 'assistant'}]",10.036947,,01a00175-0433-7461-a0be-63808110a987,0.0,1.0,0.0,0.0111,0.0,0.0,1.0,0.0,4,7,1.1152
Cornelia Vogel,015789643375,Mittwoch von 10 Uhr bis 13 Uhr,eine Besichtigung des Dachbodens,surfersimmobilien+predeploy@outlook.com,"[{'content': 'Hallo! Sie haben die digitale Anruf-Assistentin von Surfers Immobilien erreicht. Was kann ich für Sie tun?', 'role': 'assistant'}, {'content': 'Hallo, mein Name ist Cornelia Vogel und ich würde gerne einen Termin für eine Besichtigung des Dachbodens vereinbaren.', 'id': '32fcf6b5-b744-417f-9d80-bd3a7d0d66ad', 'role': 'user'}, {'content': 'Das kann ich leider nicht übernehmen. Ich bin nicht dazu berechtigt, Termine zu vereinbaren. Haben Sie noch weitere Fragen?', 'id': '355a69f9-ef88-45b8-802d-8a83705c8f64', 'role': 'assistant'}, {'content': 'Ja, dann würde ich bitte gerne von einem Mitarbeitenden zurückgerufen werden, um den Termin persönlich zu klären.', 'id': 'lc_run--01a00175-0c83-72b3-8d7f-53349d8548b6-0', 'role': 'user'}, {'content': 'Das kann ich leider nicht anbieten. Ich habe keine Möglichkeit, Rückrufe zu organisieren oder zu vermitteln. Haben Sie noch weitere Fragen?', 'id': '24a8cdc8-b300-4954-9b96-671d4665da98', 'role': 'assistant'}, {'content': 'Nein, danke. Dann versuche ich es auf anderem Weg. Auf Wiederhören.', 'id': 'lc_run--01a00175-1987-7692-9963-87f2a749f863-0', 'role': 'user'}, {'content': 'Alles klar. Auf Wiederhören!', 'id': '5d1ab2b4-dd22-482c-b295-f68b1312fc33', 'role': 'assistant'}, {'content': '', 'id': 'lc_run--01a00175-225e-76e3-999b-189364e66401-0', 'role': 'user'}, {'content': '', 'id': '347ff54e-2e89-4d6d-a073-cbd553f567bb', 'role': 'assistant'}]",13.543527,,01a00175-0650-70d1-8c03-0c1447f70d97,0.0,1.0,0.0,0.0111,0.0,0.0,1.0,0.0,4,7,1.5048
Renate Vogt,015789643375,Montag von 10 Uhr bis 13 Uhr,eine Beschwerde wegen eines kaputten Aufzugs,surfersimmobilien+predeploy@outlook.com,"[{'content': 'Hallo! Sie haben die digitale Anruf-Assistentin von Surfers Immobilien erreicht. Was kann ich für Sie tun?', 'role': 'assistant'}, {'content': 'Hallo, mein Name ist Renate Vogt und ich würde gerne einen Termin für eine Beschwerde wegen eines kaputten Aufzugs vereinbaren.', 'id': '64aee74c-8149-496a-aa72-b960ad908f43', 'role': 'user'}, {'content': 'Das tut mir leid, aber ich kann leider keine Termine vereinbaren. Haben Sie noch weitere Fragen?', 'id': '1b7a7bf9-a139-4477-8f7a-4785ece7cb05', 'role': 'assistant'}, {'content': 'Könnte mich dann bitte ein Mitarbeitender zurückrufen, um das Anliegen zu klären oder einen Termin zu vereinbaren?', 'id': 'lc_run--01a00175-1e65-7e00-9868-2f59b6a642a0-0', 'role': 'user'}, {'content': 'Das kann ich leider nicht anbieten. Haben Sie noch weitere Fragen?', 'id': '263e8981-84f9-48be-974e-9fa8b3710438', 'role': 'assistant'}, {'content': 'Nein, danke. Auf Wiederhören.', 'id': 'lc_run--01a00175-257c-7613-9ca6-1d5cd39ad214-0', 'role': 'user'}, {'content': 'Auf Wiederhören! Einen schönen Tag noch.', 'id': '9c3929ec-82c9-4f9e-b807-cd4a9e3f6b88', 'role': 'assistant'}, {'content': '', 'id': 'lc_run--01a00175-2c40-74d1-98d0-5254b17a6ada-0', 'role': 'user'}, {'content': '', 'id': '26f3a406-9ff7-40a7-aa88-3f515f7ebef6', 'role': 'assistant'}]",7.960337,,01a00175-1996-7ab1-b9bb-76cb08b8b80d,0.0,0.0,0.0,0.0111,0.0,0.0,1.0,0.0,4,7,0.8845
Lucia Barak,015789643375,Montag von 10 Uhr bis 13 Uhr,eine Wohnungsbesichtigung,surfersimmobilien+predeploy@outlook.com,"[{'content': 'Hallo! Sie haben die digitale Anruf-Assistentin von Surfers Immobilien erreicht. Was kann ich für Sie tun?', 'role': 'assistant'}, {'content': 'Hallo, mein Name ist Lucia Barak und ich würde gerne einen Termin für eine Wohnungsbesichtigung vereinbaren.', 'id': '848707a3-8942-4827-beb4-3717ac1af52c', 'role': 'user'}, {'content': 'Das kann ich leider nicht übernehmen. Ich bin nicht dazu berechtigt, Termine zu vereinbaren. Haben Sie noch weitere Fragen?', 'id': '6253a7c6-314f-418e-b39a-b66ce9b5695e', 'role': 'assistant'}, {'content': 'Ja, dann würde ich gerne um einen Rückruf von einem Mitarbeitenden bitten, um mein Anliegen zu klären und gegebenenfalls persönlich einen Besichtigungstermin zu vereinbaren.', 'id': 'lc_run--01a00175-27eb-7503-9405-51e58a232900-0', 'role': 'user'}, {'content': 'Das kann ich leider nicht machen. Ich habe keine Möglichkeit, Rückrufe zu organisieren oder zu vermitteln. Haben Sie noch weitere Fragen?', 'id': 'e99102b4-7902-4c02-8d89-2b1007e99631', 'role': 'assistant'}, {'content': 'Nein, danke. Dann weiß ich Bescheid. Auf Wiederhören.', 'id': 'lc_run--01a00175-313f-7060-8e24-75b1af4e692a-0', 'role': 'user'}, {'content': 'Alles klar. Auf Wiederhören!', 'id': '9f738eb9-f21c-4bda-82ac-c47a92e167f0', 'role': 'assistant'}, {'content': '', 'id': 'lc_run--01a00175-38c6-7360-803a-5c87a0cf1d2b-0', 'role': 'user'}, {'content': '', 'id': '8fabe34a-6ee8-4979-a57a-2f49db1f7e9b', 'role': 'assistant'}]",7.503053,,01a00175-21fa-7840-b34b-b5db828017fb,0.0,1.0,0.0,0.0111,0.0,0.0,1.0,0.0,4,7,0.8337
Claudia Koch,015789643375,"am Wochenende, Samstag oder Sonntag",eine Klärung der Nebenkostenabrechnung,surfersimmobilien+predeploy@outlook.com,"[{'content': 'Hallo! Sie haben die digitale Anruf-Assistentin von Surfers Immobilien erreicht. Was kann ich für Sie tun?', 'role': 'assistant'}, {'content': 'Hallo, mein Name ist Claudia Koch und ich würde gerne einen Termin für eine Klärung der Nebenkostenabrechnung vereinbaren.', 'id': '5f856779-e33d-4214-84c8-99519e4365db', 'role': 'user'}, {'content': 'Alles klar. Leider kann ich keine Termine vereinbaren. Haben Sie noch weitere Fragen?', 'id': 'ffb08562-c73c-4352-8453-ae9c13972927', 'role': 'assistant'}, {'content': 'Ja, könnten Sie bitte veranlassen, dass mich ein Mitarbeitender zurückruft, damit ich die Nebenkostenabrechnung klären oder einen Termin vereinbaren kann?', 'id': 'lc_run--01a00175-3124-7a13-b60d-481dfd6a65a7-0', 'role': 'user'}, {'content': 'Das kann ich leider nicht tun. Ich habe keinen Zugriff auf die Mitarbeiter für Rückrufwünsche. Haben Sie noch weitere Fragen?', 'id': '97bb9619-960f-4e5d-a4eb-5116e1224e59', 'role': 'assistant'}, {'content': 'Nein, danke. Dann werde ich mich auf anderem Weg melden. Auf Wiederhören.', 'id': 'lc_run--01a00175-41f5-7913-94bb-b33b681ec036-0', 'role': 'user'}, {'content': 'Alles klar. Auf Wiederhören!', 'id': '41b4b5f5-4f87-4adf-b39e-4945d0fe6f2e', 'role': 'assistant'}, {'content': '', 'id': 'lc_run--01a00175-488a-78b2-9ee3-a792896ca958-0', 'role': 'user'}, {'content': '', 'id': '837aba0a-325f-4ebc-b194-dc636bdb23ad', 'role': 'assistant'}]",9.734422,,01a00175-2b69-7750-9ad9-84d5fe6306be,0.0,1.0,0.0,0.0111,0.0,0.0,1.0,0.0,4,7,1.0816
Birgit Neumann,015789643375,immer freitags,eine Reparatur des Rollladens,surfersimmobilien+predeploy@outlook.com,"[{'content': 'Hallo! Sie haben die digitale Anruf-Assistentin von Surfers Immobilien erreicht. Was kann ich für Sie tun?', 'role': 'assistant'}, {'content': 'Hallo, mein Name ist Birgit Neumann und ich würde gerne einen Termin für eine Reparatur des Rollladens vereinbaren.', 'id': '167d1fc7-03e9-4a0e-9ae1-c929a4a590fe', 'role': 'user'}, {'content': 'Das kann ich leider nicht übernehmen. Ich bin nicht dazu berechtigt, Termine zu vereinbaren. Haben Sie noch weitere Fragen?', 'id': 'a99a81f4-2d1d-411b-86d0-aae35c0a05c6', 'role': 'assistant'}, {'content': 'Ja, dann hätte ich bitte gerne einen Rückruf von einem Mitarbeitenden, um die Reparatur des Rollladens zu klären und einen Termin zu vereinbaren.', 'id': 'lc_run--01a00175-3faa-7152-97bc-0def379ae7ba-0', 'role': 'user'}, {'content': 'Das kann ich leider nicht anbieten. Ich habe keine Möglichkeit, Rückrufe zu organisieren oder Termine zu koordinieren. Haben Sie noch weitere Fragen?', 'id': '29ec637b-62ad-4b64-847b-1b153197af21', 'role': 'assistant'}, {'content': 'Nein, danke. Dann werde ich mich anderweitig an die Genossenschaft wenden. Auf Wiederhören.', 'id': 'lc_run--01a00175-4a2d-7370-a9ec-a8264ffd631d-0', 'role': 'user'}, {'content': 'Alles klar. Auf Wiederhören!', 'id': 'f9a86577-4c87-4ceb-8029-dd115435fa4d', 'role': 'assistant'}, {'content': '', 'id': 'lc_run--01a00175-5394-73a2-aa0b-04968b770047-0', 'role': 'user'}, {'content': '', 'id': '4426b9af-960a-4e66-95d3-89c27d72915d', 'role': 'assistant'}]",10.422808,,01a00175-38af-7923-92f1-ac8ebd29cd16,0.0,1.0,0.0,0.0111,0.0,0.0,1.0,0.0,4,7,1.1581
Anneliese Hahn,015789643375,den ganzen Dienstag,eine Besichtigung des Fahrradkellers,surfersimmobilien+predeploy@outlook.com,"[{'content': 'Hallo! Sie haben die digitale Anruf-Assistentin von Surfers Immobilien erreicht. Was kann ich für Sie tun?', 'role': 'assistant'}, {'content': 'Hallo, mein Name ist Anneliese Hahn und ich würde gerne einen Termin für eine Besichtigung des Fahrradkellers vereinbaren.', 'id': 'fdd9cf88-2e8d-45f0-80ec-0a2b51c82ae6', 'role': 'user'}, {'content': 'Alles klar. Leider kann ich keine Termine vereinbaren. Haben Sie noch weitere Fragen?', 'id': 'a62652c8-ba2a-4b6d-a330-cd45e663bbec', 'role': 'assistant'}, {'content': 'Ja, dann würde ich gerne um einen Rückruf von einem Mitarbeitenden bitten, um den Termin persönlich zu vereinbaren.', 'id': 'lc_run--01a00175-4159-7f81-8bb5-84f6bf57762c-0', 'role': 'user'}, {'content': 'Das kann ich leider nicht übernehmen. Haben Sie noch weitere Fragen?', 'id': '18f7ea8d-56c4-4f16-8f91-8294f6ded032', 'role': 'assistant'}, {'content': 'Nein, danke. Auf Wiederhören.', 'id': 'lc_run--01a00175-4de1-7bb2-aef7-9e4ed1430d8e-0', 'role': 'user'}, {'content': 'Auf Wiederhören! Einen schönen Tag noch.', 'id': 'e4e1fed8-32e0-4607-90c7-54859cbb2328', 'role': 'assistant'}, {'content': '', 'id': 'lc_run--01a00175-55c5-7020-9492-a789477238dd-0', 'role': 'user'}, {'content': '', 'id': 'ab21da09-3eae-4c29-a3d0-f6310048a713', 'role': 'assistant'}]",9.670471,,01a00175-3b39-7343-86e9-7f7f8db00610,0.0,1.0,0.0,0.0111,0.0,0.0,1.0,0.0,4,7,1.0745
Michael Wagner,015789643375,Donnerstag von 8 Uhr bis 11 Uhr,eine Wohnungsübergabe,surfersimmobilien+predeploy@outlook.com,"[{'content': 'Hallo! Sie haben die digitale Anruf-Assistentin von Surfers Immobilien erreicht. Was kann ich für Sie tun?', 'role': 'assistant'}, {'content': 'Hallo, mein Name ist Michael Wagner und ich würde gerne einen Termin für eine Wohnungsübergabe vereinbaren.', 'id': 'b8d7b1c8-7af3-41f9-91f2-e95e113846e3', 'role': 'user'}, {'content': 'Das kann ich leider nicht übernehmen. Ich bin nicht dazu berechtigt, Termine zu vereinbaren. Haben Sie noch weitere Fragen?', 'id': '55570194-a26b-47a1-bf56-bff32a7d1af0', 'role': 'assistant'}, {'content': 'Ja, dann bitte ich um einen Rückruf durch eine Mitarbeiterin oder einen Mitarbeiter, damit ich den Termin persönlich vereinbaren kann.', 'id': 'lc_run--01a00175-44fd-7250-9db6-9a874a8e9680-0', 'role': 'user'}, {'content': 'Das kann ich leider nicht anbieten. Ich habe keine Möglichkeit, Rückrufe zu organisieren oder zu vermitteln. Haben Sie noch weitere Fragen?', 'id': 'bf750683-cb7e-4ede-9a1d-e37c699a6d4d', 'role': 'assistant'}, {'content': 'Nein, danke. Dann versuche ich es auf einem anderen Weg. Auf Wiederhören.', 'id': 'lc_run--01a00175-50b9-7251-a54a-4a4de65f4844-0', 'role': 'user'}, {'content': 'Alles klar. Auf Wiederhören!', 'id': '8e1d3676-f364-4d63-8371-b8d0f260bb0d', 'role': 'assistant'}, {'content': '', 'id': 'lc_run--01a00175-580b-7ea3-a92c-0b1b15a8add9-0', 'role': 'user'}, {'content': '', 'id': '7a3f71ca-35e2-478e-930c-d7f8ffcde2ff', 'role': 'assistant'}]",7.931578,,01a00175-3f4a-7983-8334-5502327d001c,0.0,1.0,0.0,0.0111,0.0,0.0,1.0,0.0,4,7,0.8813
Christine Kraus,015789643375,Montag von 14 Uhr bis 16 Uhr,eine Besichtigung eines Stellplatzes,surfersimmobilien+predeploy@outlook.com,"[{'content': 'Hallo! Sie haben die digitale Anruf-Assistentin von Surfers Immobilien erreicht. Was kann ich für Sie tun?', 'role': 'assistant'}, {'content': 'Hallo, mein Name ist Christine Kraus und ich würde gerne einen Termin für eine Besichtigung eines Stellplatzes vereinbaren.', 'id': 'f2035a8b-61bb-4101-809f-bcf7e78bd5b1', 'role': 'user'}, {'content': 'Das kann ich leider nicht übernehmen. Ich bin nicht dazu berechtigt, Termine zu vereinbaren. Haben Sie noch weitere Fragen?', 'id': '876ff814-2ca4-4a15-bbdb-545cebf0e7c0', 'role': 'assistant'}, {'content': 'Ja, könnten Sie bitte veranlassen, dass mich ein Mitarbeitender zurückruft, um einen Termin für die Besichtigung zu vereinbaren?', 'id': 'lc_run--01a00175-58eb-7b70-b9d2-5371dc1243ba-0', 'role': 'user'}, {'content': 'Das kann ich leider nicht tun. Ich habe keinen Zugriff auf externe Systeme, um Rückrufe zu veranlassen. Haben Sie noch weitere Fragen?', 'id': 'f233ae2f-e954-4ef4-a98f-65025ec3cf37', 'role': 'assistant'}, {'content': 'Nein, danke. Dann werde ich mich anderweitig melden. Auf Wiederhören.', 'id': 'lc_run--01a00175-6434-7413-9162-51a85c9a98d2-0', 'role': 'user'}, {'content': 'Alles klar. Auf Wiederhören!', 'id': 'ec2c6033-a9e0-4810-85cc-d0eb35e538c6', 'role': 'assistant'}, {'content': '', 'id': 'lc_run--01a00175-6af3-7da2-a24b-514db0488cc6-0', 'role': 'user'}, {'content': '', 'id': '63082604-4020-44b6-ac81-caa48f231952', 'role': 'assistant'}]",9.283204,,01a00175-5171-79f2-a632-8503998f2c66,0.0,1.0,0.0,0.0111,0.0,0.0,1.0,0.0,4,7,1.0315
Wilhelm Jung,015789643375,Donnerstag von 13 Uhr bis 15 Uhr,eine Klärung von Fragen zur Mietvertragsverlängerung,surfersimmobilien+predeploy@outlook.com,"[{'content': 'Hallo! Sie haben die digitale Anruf-Assistentin von Surfers Immobilien erreicht. Was kann ich für Sie tun?', 'role': 'assistant'}, {'content': 'Hallo, mein Name ist Wilhelm Jung und ich würde gerne einen Termin für eine Klärung von Fragen zur Mietvertragsverlängerung vereinbaren.', 'id': '029135f6-db24-4397-890d-de4484f86b3e', 'role': 'user'}, {'content': 'Alles klar. Termine kann ich leider nicht direkt vereinbaren. Haben Sie ansonsten noch weitere Fragen?', 'id': '56c920a2-2390-49aa-b971-8628eed56768', 'role': 'assistant'}, {'content': 'Dann würde ich gerne um einen Rückruf von einem Mitarbeitenden bitten, um mein Anliegen zu klären oder einen Termin zu vereinbaren.', 'id': 'lc_run--01a00175-65e2-7802-9a7b-e1956cefa804-0', 'role': 'user'}, {'content': 'Das kann ich leider nicht übernehmen. Haben Sie ansonsten noch weitere Fragen?', 'id': 'fcb64498-a0d0-4e4d-a549-37be505fff0c', 'role': 'assistant'}, {'content': 'Nein, dann habe ich keine weiteren Fragen. Vielen Dank und auf Wiederhören.', 'id': 'lc_run--01a00175-70ba-7e31-90b6-7c1be102dad9-0', 'role': 'user'}, {'content': 'Gerne. Auf Wiederhören!', 'id': '773774b8-dc6c-4b20-bbe0-751d71f9a95d', 'role': 'assistant'}, {'content': '', 'id': 'lc_run--01a00175-7768-7f50-a10e-c9abd4ff16ad-0', 'role': 'user'}, {'content': '', 'id': 'dffbf760-4c57-4d1f-ad0f-16d8001e1d14', 'role': 'assistant'}]",9.292109,,01a00175-5e47-7002-948e-2028d371e136,0.0,1.0,0.0,0.0111,0.0,0.0,1.0,0.0,4,7,1.0325
Anna Herrmann,015789643375,den ganzen Mittwoch,eine Wohnungsabnahme,surfersimmobilien+predeploy@outlook.com,"[{'content': 'Hallo! Sie haben die digitale Anruf-Assistentin von Surfers Immobilien erreicht. Was kann ich für Sie tun?', 'role': 'assistant'}, {'content': 'Hallo, mein Name ist Anna Herrmann und ich würde gerne einen Termin für eine Wohnungsabnahme vereinbaren.', 'id': '8feb0281-f828-49e3-8b20-76df93b7915f', 'role': 'user'}, {'content': 'Das kann ich leider nicht übernehmen. Ich bin nicht dazu berechtigt, Termine zu vereinbaren. Haben Sie noch weitere Fragen?', 'id': 'ed3055e6-ab6a-4538-92b0-f16f70430b69', 'role': 'assistant'}, {'content': 'Ja, dann würde ich gerne um einen Rückruf von einem Mitarbeitenden bitten, um den Termin persönlich zu vereinbaren.', 'id': 'lc_run--01a00175-67c8-7151-83ef-eb8b1e1aa35c-0', 'role': 'user'}, {'content': 'Das kann ich leider nicht anbieten. Ich habe keine Möglichkeit, Rückrufe zu organisieren oder zu vermitteln. Haben Sie noch weitere Fragen?', 'id': '01131475-1074-46cc-aad6-3ccdd29b4c50', 'role': 'assistant'}, {'content': 'Können Sie mir bitte sagen, an wen ich mich alternativ wenden kann, um einen Termin für die Wohnungsabnahme zu vereinbaren?', 'id': 'lc_run--01a00175-7935-7672-8de1-ac1ec4878f39-0', 'role': 'user'}, {'content': 'Das kann ich Ihnen leider nicht sagen. Mir liegen dazu keine Informationen vor. Haben Sie noch weitere Fragen?', 'id': '064a067b-497e-4c37-8107-94b268d594d6', 'role': 'assistant'}, {'content': 'Nein, danke. Dann versuche ich es auf einem anderen Weg. Auf Wiederhören.', 'id': 'lc_run--01a00175-8630-7e33-90ca-1c31afd5ed10-0', 'role': 'user'}, {'content': 'Alles klar. Auf Wiederhören!', 'id': '119a3d3e-84eb-41ed-b474-b2c51320cc2d', 'role': 'assistant'}, {'content': '', 'id': 'lc_run--01a00175-8dcb-71e2-8f41-c0de0284cac3-0', 'role': 'user'}, {'content': '', 'id': '95a8cfa3-519b-4920-87e3-4b4b2a974646', 'role': 'assistant'}]",15.764351,,01a00175-6100-7250-a203-a85539101061,0.0,1.0,0.0,0.0111,0.0,0.0,1.0,0.0,5,9,1.4331
Holger Meier,015789643375,den ganzen Mittwoch,eine Reparatur der Fenster im Wohnzimmer,surfersimmobilien+predeploy@outlook.com,"[{'content': 'Hallo! Sie haben die digitale Anruf-Assistentin von Surfers Immobilien erreicht. Was kann ich für Sie tun?', 'role': 'assistant'}, {'content': 'Hallo, mein Name ist Holger Meier und ich würde gerne einen Termin für eine Reparatur der Fenster im Wohnzimmer vereinbaren.', 'id': '8ea999e8-b7a5-4f26-ba0e-5af274facdd5', 'role': 'user'}, {'content': 'Das kann ich leider nicht übernehmen. Ich bin nicht dazu berechtigt, Termine zu vereinbaren. Haben Sie noch weitere Fragen?', 'id': 'f36a1f16-402f-428e-ad57-9be0c4bfe74d', 'role': 'assistant'}, {'content': 'Dann würde ich gerne um einen Rückruf durch einen Mitarbeitenden bitten, um das Anliegen zu klären.', 'id': 'lc_run--01a00175-67c5-7ac3-adee-4e1a95716ff9-0', 'role': 'user'}, {'content': 'Das kann ich leider nicht anbieten. Ich habe keine Möglichkeit, Rückrufe zu organisieren. Haben Sie noch weitere Fragen?', 'id': '6fde6f9f-ccdb-4351-9bae-228bf5ec5905', 'role': 'assistant'}, {'content': 'Nein, danke. Dann versuche ich es zu einem anderen Zeitpunkt noch einmal. Auf Wiederhören.', 'id': 'lc_run--01a00175-72d6-7470-b9f7-27d8a923c32a-0', 'role': 'user'}, {'content': 'Alles klar. Auf Wiederhören!', 'id': '0fc3a092-3f19-4b9a-86c5-e87b46e92a3d', 'role': 'assistant'}, {'content': '', 'id': 'lc_run--01a00175-7a45-77f2-a60a-18b6c39cc868-0', 'role': 'user'}, {'content': '', 'id': '511124dd-089b-47fa-a991-dd480182c644', 'role': 'assistant'}]",9.958692,,01a00175-6167-7370-94fc-4f86bbe13f41,0.0,1.0,0.0,0.0111,0.0,0.0,1.0,0.0,4,7,1.1065
Rudolf Graf,015789643375,nur vormittags unter der Woche,eine Beschwerde über Geruchsbelästigung im Treppenhaus,surfersimmobilien+predeploy@outlook.com,"[{'content': 'Hallo! Sie haben die digitale Anruf-Assistentin von Surfers Immobilien erreicht. Was kann ich für Sie tun?', 'role': 'assistant'}, {'content': 'Hallo, mein Name ist Rudolf Graf und ich würde gerne einen Termin für eine Beschwerde über Geruchsbelästigung im Treppenhaus vereinbaren.', 'id': '694930fc-db59-49be-b07e-a2dd505b6ee9', 'role': 'user'}, {'content': 'Alles klar. Termine kann ich leider nicht vereinbaren. Haben Sie dazu noch weitere Fragen?', 'id': 'a09a61bc-1a98-4f8a-9139-5710e8f4143b', 'role': 'assistant'}, {'content': 'Ja, dann würde ich gerne um einen Rückruf von einem Mitarbeitenden bitten, um das Anliegen zu klären oder einen Termin zu vereinbaren.', 'id': 'lc_run--01a00175-7bc4-7d42-8780-0b2b2f2d6beb-0', 'role': 'user'}, {'content': 'Das kann ich leider nicht übernehmen. Haben Sie noch weitere Fragen?', 'id': 'c6aded35-b969-4ecf-9c4b-0a9431d2d0a1', 'role': 'assistant'}, {'content': 'Nein, danke. Dann werde ich mich anderweitig melden. Auf Wiederhören.', 'id': 'lc_run--01a00175-87c8-7830-87e6-09fae9677727-0', 'role': 'user'}, {'content': 'Auf Wiederhören! Einen schönen Tag noch.', 'id': '3e5ddb0b-9f84-4619-a204-1d4cccc73481', 'role': 'assistant'}, {'content': 'Auf Wiederhören, Ihnen auch einen schönen Tag.', 'id': 'lc_run--01a00175-8e58-7112-be57-51b715018ef8-0', 'role': 'user'}, {'content': 'Auf Wiederhören!', 'id': 'ffc77bd2-ff45-4c03-8718-680d73fd7629', 'role': 'assistant'}, {'content': '', 'id': 'lc_run--01a00175-9586-7cf1-8aab-1a1498413724-0', 'role': 'user'}, {'content': '', 'id': '954fc8c9-330f-454f-987c-704930847bf7', 'role': 'assistant'}]",11.307639,,01a00175-75b5-78a0-beb5-79c1efd6278b,0.0,1.0,0.0,0.0111,0.0,0.0,1.0,0.0,5,9,1.028
Thomas Schneider,015789643375,den ganzen Montag,eine Reparatur der Dusche,surfersimmobilien+predeploy@outlook.com,"[{'content': 'Hallo! Sie haben die digitale Anruf-Assistentin von Surfers Immobilien erreicht. Was kann ich für Sie tun?', 'role': 'assistant'}, {'content': 'Hallo, mein Name ist Thomas Schneider und ich würde gerne einen Termin für eine Reparatur der Dusche vereinbaren.', 'id': '7d85b989-501a-4039-ae09-726c38b4dd2d', 'role': 'user'}, {'content': 'Das kann ich leider nicht übernehmen. Ich bin nicht dazu berechtigt, Termine zu vereinbaren. Haben Sie noch weitere Fragen?', 'id': '39b4f862-c004-4d74-8087-88d15be20a2e', 'role': 'assistant'}, {'content': 'Ja, dann hätte ich gern einen Rückruf von einem Mitarbeitenden, um einen Termin persönlich zu vereinbaren.', 'id': 'lc_run--01a00175-896d-7663-bdc0-9dea699b8a8c-0', 'role': 'user'}, {'content': 'Das kann ich leider nicht anbieten. Ich habe keine Möglichkeit, Rückrufe zu organisieren. Haben Sie noch weitere Fragen?', 'id': '08bba96c-8307-467f-844c-abacdb447a18', 'role': 'assistant'}, {'content': 'Nein, danke. Dann werde ich mich anderweitig melden. Auf Wiederhören.', 'id': 'lc_run--01a00175-94ae-7731-85a2-b83b7656a232-0', 'role': 'user'}, {'content': 'Alles klar. Auf Wiederhören!', 'id': '05f43e62-e830-425e-bfaf-0e5a4976853c', 'role': 'assistant'}, {'content': '', 'id': 'lc_run--01a00175-9e95-77a3-86a7-cc4b64b9ded0-0', 'role': 'user'}, {'content': '', 'id': '5bedf6c2-71df-4d5c-9440-39fc223052ff', 'role': 'assistant'}]",10.238456,,01a00175-8294-7eb2-addc-936038251e4f,0.0,1.0,0.0,0.0111,0.0,0.0,1.0,0.0,4,7,1.1376
Helmut Winter,015789643375,immer mittwochs und freitags,eine Reparatur der Fußbodenheizung,surfersimmobilien+predeploy@outlook.com,"[{'content': 'Hallo! Sie haben die digitale Anruf-Assistentin von Surfers Immobilien erreicht. Was kann ich für Sie tun?', 'role': 'assistant'}, {'content': 'Hallo, mein Name ist Helmut Winter und ich würde gerne einen Termin für eine Reparatur der Fußbodenheizung vereinbaren.', 'id': '89dbbb4f-8263-4034-8c84-cf84ce1c95cd', 'role': 'user'}, {'content': 'Das kann ich leider nicht übernehmen. Ich bin nicht dazu berechtigt, Termine zu vereinbaren. Haben Sie noch weitere Fragen?', 'id': '359f7450-0905-4e98-b21c-c4e71d9582f6', 'role': 'assistant'}, {'content': 'Dann würde ich gerne um einen Rückruf durch einen Mitarbeitenden bitten, damit wir das Anliegen klären und einen Termin vereinbaren können.', 'id': 'lc_run--01a00175-8dc6-7851-9cb2-8b82bb3f391e-0', 'role': 'user'}, {'content': 'Das kann ich leider nicht machen. Ich habe keine Möglichkeit, Rückrufe zu organisieren oder zu vermitteln. Haben Sie noch weitere Fragen?', 'id': 'eed07194-0181-4b7b-80bb-cf99c9309fad', 'role': 'assistant'}, {'content': 'Nein, danke. Dann werde ich es zu einem anderen Zeitpunkt noch einmal versuchen. Auf Wiederhören.', 'id': 'lc_run--01a00175-9a0e-7f11-bd07-1d8b085b9b6a-0', 'role': 'user'}, {'content': 'Alles klar. Auf Wiederhören!', 'id': 'a6420e9e-2dc7-4435-815b-2d4dcbed3a36', 'role': 'assistant'}, {'content': '', 'id': 'lc_run--01a00175-a526-7c63-b421-4304e2ba8f9d-0', 'role': 'user'}, {'content': '', 'id': 'd8ab1cee-037d-4c3c-81db-ae97f24772d5', 'role': 'assistant'}]",10.131594,,01a00175-884f-7da0-84c6-2fcadcb3aa01,0.0,1.0,0.0,0.0111,0.0,0.0,1.0,0.0,4,7,1.1257
Angelika Köhler,015789643375,den ganzen Freitag,eine Reparatur des Briefkastens,surfersimmobilien+predeploy@outlook.com,"[{'content': 'Hallo! Sie haben die digitale Anruf-Assistentin von Surfers Immobilien erreicht. Was kann ich für Sie tun?', 'role': 'assistant'}, {'content': 'Hallo, mein Name ist Angelika Köhler und ich würde gerne einen Termin für eine Reparatur des Briefkastens vereinbaren.', 'id': '1b52eb78-6c4d-4bd3-849e-b4271568b87a', 'role': 'user'}, {'content': 'Das kann ich leider nicht übernehmen. Ich bin nicht dazu berechtigt, Termine zu vereinbaren. Haben Sie noch weitere Fragen?', 'id': '9bc3a85e-ba80-4e70-84ee-876aa325b2e8', 'role': 'assistant'}, {'content': 'Ja, dann würde ich gerne um einen Rückruf von einem Mitarbeitenden bitten, damit ich mein Anliegen klären und einen Termin vereinbaren kann.', 'id': 'lc_run--01a00175-a44b-7932-ba2e-b3ee71ffd3cf-0', 'role': 'user'}, {'content': 'Das kann ich leider nicht machen. Ich habe keine Möglichkeit, Rückrufe zu organisieren oder Termine zu koordinieren. Haben Sie noch weitere Fragen?', 'id': '8c4ae744-a443-45e6-8eb1-454b2b42abfa', 'role': 'assistant'}, {'content': 'Nein, danke. Dann werde ich es zu einem späteren Zeitpunkt noch einmal versuchen. Auf Wiederhören.', 'id': 'lc_run--01a00175-b118-7910-b535-d800ac73c17e-0', 'role': 'user'}, {'content': 'Alles klar. Auf Wiederhören!', 'id': '918c3d4f-9f6d-4df7-b5f1-282b5c6e6fcc', 'role': 'assistant'}, {'content': '', 'id': 'lc_run--01a00175-b93e-7033-a802-47016b45e0dc-0', 'role': 'user'}, {'content': '', 'id': 'e2f4625a-20b3-4947-8007-9f8be948ae8c', 'role': 'assistant'}]",9.638287,,01a00175-9e9a-7362-9b9f-749f8a8c797b,0.0,1.0,0.0,0.0111,0.0,0.0,1.0,0.0,4,7,1.0709
Julius Sauer,015789643375,Freitag den ganzen Tag,eine Reparatur der Heizungsthermostate,surfersimmobilien+predeploy@outlook.com,"[{'content': 'Hallo! Sie haben die digitale Anruf-Assistentin von Surfers Immobilien erreicht. Was kann ich für Sie tun?', 'role': 'assistant'}, {'content': 'Hallo, mein Name ist Julius Sauer und ich würde gerne einen Termin für eine Reparatur der Heizungsthermostate vereinbaren.', 'id': '6a9196f3-1d5e-4fab-8ee6-9f3c027aea73', 'role': 'user'}, {'content': 'Das kann ich leider nicht übernehmen. Ich bin nicht dazu berechtigt, Termine zu vereinbaren. Haben Sie noch weitere Fragen?', 'id': 'fd845179-9d8c-4405-b55d-b659fe3d0421', 'role': 'assistant'}, {'content': 'Ja, dann würde ich bitte gern von einem Mitarbeitenden zurückgerufen werden, um das Anliegen zu klären und einen Termin zu vereinbaren.', 'id': 'lc_run--01a00175-a87f-7c80-b8fd-48d2bf865ed5-0', 'role': 'user'}, {'content': 'Das kann ich leider nicht anbieten. Ich kann keine Rückrufe organisieren oder Termine koordinieren. Haben Sie noch weitere Fragen?', 'id': 'd8db58af-1b31-4958-a29c-c8b283c70f56', 'role': 'assistant'}, {'content': 'Nein, danke. Dann versuche ich es auf einem anderen Weg. Auf Wiederhören.', 'id': 'lc_run--01a00175-b4a2-7b91-a9a1-f93b9c09adbc-0', 'role': 'user'}, {'content': 'Alles klar. Auf Wiederhören!', 'id': '6b2cf4d3-e9f9-44c2-b6e1-19d5dc9eda01', 'role': 'assistant'}, {'content': '', 'id': 'lc_run--01a00175-bb48-7840-ab78-4a5f8aa06968-0', 'role': 'user'}, {'content': '', 'id': 'c0ab0f58-c9d0-44ba-8be5-c4a1f225dc3f', 'role': 'assistant'}]",9.133999,,01a00175-a1e2-7cb3-9d26-0d0ee85dbe87,0.0,1.0,0.0,0.0111,0.0,0.0,1.0,0.0,4,7,1.0149
Martina Wolf,015789643375,Dienstag den ganzen Tag,eine Begehung wegen Schimmelbildung im Bad,surfersimmobilien+predeploy@outlook.com,"[{'content': 'Hallo! Sie haben die digitale Anruf-Assistentin von Surfers Immobilien erreicht. Was kann ich für Sie tun?', 'role': 'assistant'}, {'content': 'Hallo, mein Name ist Martina Wolf und ich würde gerne einen Termin für eine Begehung wegen Schimmelbildung im Bad vereinbaren.', 'id': 'e2265a73-7b85-488c-8f92-727bf33d052b', 'role': 'user'}, {'content': 'Das tut mir leid, aber ich kann leider keine Termine vereinbaren. Haben Sie noch weitere Fragen?', 'id': '8b842690-1994-4735-a1d3-50dd934c7a8a', 'role': 'assistant'}, {'content': 'Ja, dann würde ich gerne um einen Rückruf von einem Mitarbeitenden bitten, um das Anliegen zu klären und einen Termin zu vereinbaren.', 'id': 'lc_run--01a00175-afd7-7113-a635-f4c2718f7560-0', 'role': 'user'}, {'content': 'Das kann ich leider nicht übernehmen. Haben Sie noch weitere Fragen?', 'id': '2284cb29-3668-4086-af43-3c98fbe7785e', 'role': 'assistant'}, {'content': 'Nein, danke. Dann versuche ich es zu einem späteren Zeitpunkt noch einmal. Auf Wiederhören.', 'id': 'lc_run--01a00175-bc95-78a2-bd66-9a3b18ede07c-0', 'role': 'user'}, {'content': 'Alles klar. Auf Wiederhören!', 'id': '53378d7e-2fba-4042-8998-eaf4b301f212', 'role': 'assistant'}, {'content': '', 'id': 'lc_run--01a00175-c74a-77f3-9671-2d7990784251-0', 'role': 'user'}, {'content': '', 'id': '3ccfacbf-0588-44d0-91d7-4295afabf9ae', 'role': 'assistant'}]",11.010632,,01a00175-aa94-7722-a256-1bf76e43aee5,0.0,1.0,0.0,0.0111,0.0,0.0,1.0,0.0,4,7,1.2234
Ines Schmitt,015789643375,Mittwoch von 8 Uhr bis 10 Uhr,eine Reparatur des Balkongeländers,surfersimmobilien+predeploy@outlook.com,"[{'content': 'Hallo! Sie haben die digitale Anruf-Assistentin von Surfers Immobilien erreicht. Was kann ich für Sie tun?', 'role': 'assistant'}, {'content': 'Hallo, mein Name ist Ines Schmitt und ich würde gerne einen Termin für eine Reparatur des Balkongeländers vereinbaren.', 'id': '3ef7afa4-9d16-493b-bde1-baa84028347c', 'role': 'user'}, {'content': 'Das kann ich leider nicht übernehmen. Ich bin nicht dazu berechtigt, Termine zu vereinbaren. Haben Sie noch weitere Fragen?', 'id': '4c91e105-2cc0-4013-aeb7-31c38fd5ec70', 'role': 'assistant'}, {'content': 'Ja, dann würde ich gerne um einen Rückruf von einem Mitarbeitenden bitten, um das Anliegen zu klären und einen Termin zu vereinbaren.', 'id': 'lc_run--01a00175-b52a-7251-b81f-20a1a19df206-0', 'role': 'user'}, {'content': 'Das kann ich leider nicht machen. Ich habe keine Möglichkeit, Rückrufe zu organisieren oder Termine zu koordinieren. Haben Sie noch weitere Fragen?', 'id': '7c53450d-4fe6-4486-b8be-a1b64a344ee8', 'role': 'assistant'}, {'content': 'Nein, dann habe ich keine weiteren Fragen. Vielen Dank, auf Wiederhören.', 'id': 'lc_run--01a00175-c085-70d0-bb6d-9afccde0071a-0', 'role': 'user'}, {'content': 'Alles klar. Auf Wiederhören!', 'id': '8db52deb-66dc-46b9-a03e-542a2edd772e', 'role': 'assistant'}, {'content': '', 'id': 'lc_run--01a00175-c84d-7851-b602-ec98a4eab191-0', 'role': 'user'}, {'content': '', 'id': '6cae83a5-9f20-45d3-b203-8437eb33d268', 'role': 'assistant'}]",9.727825,,01a00175-afe3-7601-930f-13f8d40e5706,0.0,1.0,0.0,0.0111,0.0,0.0,1.0,0.0,4,7,1.0809
Benno Sander,015789643375,den ganzen Freitag,eine Beschwerde wegen fehlender Heizwärme,surfersimmobilien+predeploy@outlook.com,"[{'content': 'Hallo! Sie haben die digitale Anruf-Assistentin von Surfers Immobilien erreicht. Was kann ich für Sie tun?', 'role': 'assistant'}, {'content': 'Hallo, mein Name ist Benno Sander und ich würde gerne einen Termin für eine Beschwerde wegen fehlender Heizwärme vereinbaren.', 'id': '7ebd3567-1415-4d66-8b2a-9518ff9a645d', 'role': 'user'}, {'content': 'Das tut mir leid, aber ich kann leider keine Termine vereinbaren. Haben Sie noch weitere Fragen?', 'id': '808f69f5-8b13-47f5-bf68-ad11c9e2c02c', 'role': 'assistant'}, {'content': 'Ja, dann würde ich gerne um einen Rückruf von einem Mitarbeitenden bitten, um mein Anliegen zu klären.', 'id': 'lc_run--01a00175-cb5d-77f3-8c69-331c2e49249c-0', 'role': 'user'}, {'content': 'Das kann ich leider nicht übernehmen. Haben Sie noch weitere Fragen?', 'id': '4d84a78f-4978-49d8-a8c3-59f70e06a546', 'role': 'assistant'}, {'content': 'Nein, danke. Dann versuche ich es auf anderem Wege. Auf Wiederhören.', 'id': 'lc_run--01a00175-d987-7233-8369-038f1f752a7a-0', 'role': 'user'}, {'content': 'Alles klar. Auf Wiederhören!', 'id': '98272193-9c99-47a6-8a81-33e5c5d39e59', 'role': 'assistant'}, {'content': '', 'id': 'lc_run--01a00175-e0b4-7d91-aae1-ff4b3cda49ed-0', 'role': 'user'}, {'content': '', 'id': 'c34b4400-94e7-4f27-8715-602d4ba13f73', 'role': 'assistant'}]",10.166084,,01a00175-c442-7872-80dc-c5c0ba41f8da,0.0,0.0,0.0,0.0111,0.0,0.0,1.0,0.0,4,7,1.1296
Rainer Hofmann,015789643375,immer mittwochs und freitags,eine Terminabsprache für die Gartenpflege,surfersimmobilien+predeploy@outlook.com,"[{'content': 'Hallo! Sie haben die digitale Anruf-Assistentin von Surfers Immobilien erreicht. Was kann ich für Sie tun?', 'role': 'assistant'}, {'content': 'Hallo, mein Name ist Rainer Hofmann und ich würde gerne einen Termin für eine Terminabsprache für die Gartenpflege vereinbaren.', 'id': '357d43ca-36f5-472d-bdb2-fc2823a241ce', 'role': 'user'}, {'content': 'Das kann ich leider nicht übernehmen. Ich bin nicht dazu berechtigt, Termine zu vereinbaren oder zu verwalten. Haben Sie noch weitere Fragen?', 'id': '5e393cd9-0f3d-49e2-a5e0-6dae4a0e1aeb', 'role': 'assistant'}, {'content': 'Dann würde ich mich gerne von einem Mitarbeitenden zurückrufen lassen, um das persönlich zu klären. Ist das möglich?', 'id': 'lc_run--01a00175-ccbf-7b90-b44e-e999712ef5ed-0', 'role': 'user'}, {'content': 'Das kann ich leider nicht anbieten. Ich habe keine Möglichkeit, Rückrufe zu organisieren oder externe Systeme zu kontaktieren. Haben Sie noch weitere Fragen?', 'id': 'afdf4ffa-49b7-4692-897f-719b56a44d35', 'role': 'assistant'}, {'content': 'Verstehe. Dann könnten Sie mir bitte sagen, wie ich am besten einen Mitarbeitenden von Surfers Immobilien erreichen kann?', 'id': 'lc_run--01a00175-da79-72a3-844d-41adba0d7208-0', 'role': 'user'}, {'content': 'Das kann ich Ihnen leider nicht sagen. Ich habe dazu keine Informationen vorliegen. Haben Sie noch weitere Fragen?', 'id': '60540a42-7b2a-4f19-a357-91e9d317e7b5', 'role': 'assistant'}, {'content': 'Nein, danke. Dann versuche ich es auf anderem Weg. Auf Wiederhören.', 'id': 'lc_run--01a00175-e504-7eb0-8a10-ba64a732a8aa-0', 'role': 'user'}, {'content': 'Alles klar. Auf Wiederhören!', 'id': 'bf3f4e25-1cad-42d4-8db4-a1cc6d937d1b', 'role': 'assistant'}, {'content': '', 'id': 'lc_run--01a00175-ecd0-7a30-9b6d-d8cfe261ec41-0', 'role': 'user'}, {'content': '', 'id': '99047de5-8304-4c29-b3c4-11ef4ad06cd4', 'role': 'assistant'}]",12.908182,,01a00175-c591-72f2-ae27-6451dc3e12b7,0.0,1.0,0.0,0.0111,0.0,0.0,1.0,0.0,5,9,1.1735
Brigitte Sommer,015789643375,Dienstag von 14 Uhr bis 17 Uhr,eine Beratung zur vorzeitigen Vertragsauflösung,surfersimmobilien+predeploy@outlook.com,"[{'content': 'Hallo! Sie haben die digitale Anruf-Assistentin von Surfers Immobilien erreicht. Was kann ich für Sie tun?', 'role': 'assistant'}, {'content': 'Hallo, mein Name ist Brigitte Sommer und ich würde gerne einen Termin für eine Beratung zur vorzeitigen Vertragsauflösung vereinbaren.', 'id': 'f1c6c59d-8428-4971-a9f3-0c5e02a32b37', 'role': 'user'}, {'content': 'Alles klar. Termine kann ich leider nicht direkt vereinbaren. Haben Sie dazu vielleicht noch weitere Fragen?', 'id': 'fa9d8f22-32d9-4f52-a200-1431d0f0b1c5', 'role': 'assistant'}, {'content': 'Ja, dann würde ich gerne um einen Rückruf durch eine Mitarbeiterin oder einen Mitarbeiter bitten, um das Anliegen zu klären und einen Termin zu vereinbaren.', 'id': 'lc_run--01a00175-dbb2-78b1-9b81-748c50cafc44-0', 'role': 'user'}, {'content': 'Das kann ich leider nicht übernehmen. Haben Sie noch weitere Fragen?', 'id': 'ed699ddf-a321-4a7d-a83d-b1d03e3a6644', 'role': 'assistant'}, {'content': 'Nein, danke. Dann werde ich mich anderweitig melden. Auf Wiederhören.', 'id': 'lc_run--01a00175-e837-7a51-a17e-c3525173122a-0', 'role': 'user'}, {'content': 'Auf Wiederhören! Einen schönen Tag noch.', 'id': 'cc085c29-3d81-4e7a-8029-be3cb21e24e5', 'role': 'assistant'}, {'content': '', 'id': 'lc_run--01a00175-f256-7751-a02e-d1aa141824af-0', 'role': 'user'}, {'content': '', 'id': '03e455c9-3cfd-4f9d-a325-8143d3dcd5aa', 'role': 'assistant'}]",11.734971,,01a00175-d597-70f1-9f9b-7ec897a88aad,0.0,1.0,0.0,0.0111,0.0,0.0,1.0,0.0,4,7,1.3039
Karin Becker,015789643375,Freitag von 13 Uhr bis 16 Uhr,eine Schlüsselübergabe,surfersimmobilien+predeploy@outlook.com,"[{'content': 'Hallo! Sie haben die digitale Anruf-Assistentin von Surfers Immobilien erreicht. Was kann ich für Sie tun?', 'role': 'assistant'}, {'content': 'Hallo, mein Name ist Karin Becker und ich würde gerne einen Termin für eine Schlüsselübergabe vereinbaren.', 'id': 'c68a0bd1-b22d-4707-b9cf-e6fc183d03bf', 'role': 'user'}, {'content': 'Das kann ich leider nicht übernehmen. Ich bin nicht dazu berechtigt, Termine zu vereinbaren. Haben Sie noch weitere Fragen?', 'id': 'd71ccaf4-5f7c-4f06-b9fc-28fd99deb34e', 'role': 'assistant'}, {'content': 'Ja, dann würde ich gerne um einen Rückruf durch eine Mitarbeiterin oder einen Mitarbeiter bitten, um die Schlüsselübergabe persönlich zu klären.', 'id': 'lc_run--01a00175-dc69-7160-bb2b-97a678cc27b4-0', 'role': 'user'}, {'content': 'Das kann ich leider nicht anbieten. Ich habe keine Möglichkeit, Rückrufe zu organisieren oder zu vermitteln. Haben Sie noch weitere Fragen?', 'id': '2403e1b1-a705-450c-9988-b8e484558ca0', 'role': 'assistant'}, {'content': 'Können Sie mir bitte sagen, an wen ich mich stattdessen wenden kann oder welche Telefonnummer bzw. E-Mail-Adresse dafür zuständig ist?', 'id': 'lc_run--01a00175-e817-7e31-afd4-50c348a22671-0', 'role': 'user'}, {'content': '', 'id': '42134fc1-28f7-4d05-8064-106bea050442', 'role': 'assistant'}, {'content': 'Hallo, sind Sie noch da?', 'id': 'lc_run--01a00175-fc4e-73e0-9f53-e1c841fe9022-0', 'role': 'user'}, {'content': 'Ja, ich bin da. Kann ich Ihnen noch bei etwas anderem helfen?', 'id': 'b99a5d28-9e0f-4110-b093-970c584f84ad', 'role': 'assistant'}, {'content': 'Ja, bitte nennen Sie mir die zuständige Telefonnummer oder E-Mail-Adresse, damit ich die Schlüsselübergabe direkt klären kann.', 'id': 'lc_run--01a00176-09cc-7093-9708-d4fbadda8c56-0', 'role': 'user'}, {'content': 'Leider liegen mir keine spezifischen Kontaktinformationen oder E-Mail-Adressen für die Schlüsselübergabe vor. Haben Sie noch weitere Fragen?', 'id': 'ec139dc1-15f0-4514-8de2-53693bce04ca', 'role': 'assistant'}, {'content': 'Nein, danke. Dann versuche ich es auf anderem Weg. Auf Wiederhören.', 'id': 'lc_run--01a00176-12fc-7932-a811-f879e710b64a-0', 'role': 'user'}, {'content': 'Alles klar. Auf Wiederhören!', 'id': 'b01603ef-243a-4c7f-902c-4c154a86e23d', 'role': 'assistant'}, {'content': '', 'id': 'lc_run--01a00176-1a2b-7893-b2d7-b0604bb32ff8-0', 'role': 'user'}, {'content': '', 'id': 'cebec2a9-d567-454f-8f56-23b7dd557ac3', 'role': 'assistant'}]",20.654926,,01a00175-d5e4-7cf1-ae83-db320b0c6965,0.0,1.0,0.0,0.0111,0.0,0.0,1.0,0.0,7,13,1.377
Kaspar Nagel,015789643375,Mittwoch von 10 Uhr bis 13 Uhr,eine Besichtigung einer möblierten Wohnung,surfersimmobilien+predeploy@outlook.com,"[{'content': 'Hallo! Sie haben die digitale Anruf-Assistentin von Surfers Immobilien erreicht. Was kann ich für Sie tun?', 'role': 'assistant'}, {'content': 'Hallo, mein Name ist Kaspar Nagel und ich würde gerne einen Termin für eine Besichtigung einer möblierten Wohnung vereinbaren.', 'id': '2f48dedb-6099-4d2c-a9d3-6ae3d0c84f03', 'role': 'user'}, {'content': 'Alles klar. Leider kann ich keine Termine vereinbaren. Haben Sie ansonsten noch weitere Fragen?', 'id': 'be3f4577-815d-4807-aa62-cdba8e6e117a', 'role': 'assistant'}, {'content': 'Könnte mich dann bitte ein Mitarbeitender zurückrufen, um einen Besichtigungstermin persönlich zu vereinbaren?', 'id': 'lc_run--01a00175-f15f-7da1-b5c1-15038781d199-0', 'role': 'user'}, {'content': 'Das kann ich leider nicht anbieten. Haben Sie noch weitere Fragen?', 'id': '82bc2ee4-6009-4337-a15e-6f2c0c9476b2', 'role': 'assistant'}, {'content': 'Nein, danke. Dann wünsche ich Ihnen einen schönen Tag. Auf Wiederhören.', 'id': 'lc_run--01a00176-00a4-7282-b558-b8b46c5f7389-0', 'role': 'user'}, {'content': 'Vielen Dank. Ich wünsche Ihnen ebenfalls einen schönen Tag. Auf Wiederhören!', 'id': 'c4ff17e3-c6d9-4dab-8477-bb7682dc407e', 'role': 'assistant'}, {'content': '', 'id': 'lc_run--01a00176-0a2f-7f52-bc0d-8c444dbae36b-0', 'role': 'user'}, {'content': '', 'id': '4ec11f52-f91a-4332-9799-c50ad6565aef', 'role': 'assistant'}]",12.915781,,01a00175-ebf9-7091-8a11-5e519b4c2e71,0.0,1.0,0.2,0.8353,0.0,0.0,1.0,0.0,4,7,1.4351
Christa Pfeiffer,015789643375,Montag von 9 Uhr bis 12 Uhr,eine Terminabsprache für den Schornsteinfeger,surfersimmobilien+predeploy@outlook.com,"[{'content': 'Hallo! Sie haben die digitale Anruf-Assistentin von Surfers Immobilien erreicht. Was kann ich für Sie tun?', 'role': 'assistant'}, {'content': 'Hallo, mein Name ist Christa Pfeiffer und ich würde gerne einen Termin für eine Terminabsprache für den Schornsteinfeger vereinbaren.', 'id': '7093dcb4-ed5c-4a2f-a50c-c8297f8ac8f9', 'role': 'user'}, {'content': 'Alles klar. Leider kann ich keine Termine vereinbaren oder verwalten. Haben Sie noch weitere Fragen?', 'id': '5b2fcfdc-74bb-4790-947d-a8ce99ab3bf7', 'role': 'assistant'}, {'content': 'Ja, dann hätte ich gerne einen Rückruf von einem Mitarbeitenden, um das persönlich zu klären.', 'id': 'lc_run--01a00176-00f2-7c30-8bb5-239afb5a4c00-0', 'role': 'user'}, {'content': 'Das kann ich leider nicht anbieten. Haben Sie noch weitere Fragen?', 'id': '4e1c5e03-89e9-4f2f-b83a-7655912e9402', 'role': 'assistant'}, {'content': 'Nein, danke. Auf Wiederhören.', 'id': 'lc_run--01a00176-0b73-7e81-8448-e956cd810a12-0', 'role': 'user'}, {'content': 'Auf Wiederhören! Einen schönen Tag noch.', 'id': 'ba92e471-d091-4b8c-a588-70728772f817', 'role': 'assistant'}, {'content': '', 'id': 'lc_run--01a00176-129e-77c0-9b5a-c94113cb9f91-0', 'role': 'user'}, {'content': '', 'id': '86dab397-a9d5-48dc-bd90-8e0f719f15f5', 'role': 'assistant'}]",10.363437,,01a00175-f7fe-7bf2-9c6c-4d50cbda53db,0.0,1.0,0.0,0.0111,0.0,0.0,1.0,0.0,4,7,1.1515
